city_slug,source_id,name,category_slug,category_source,address,postal_code,latitude,longitude,phone,website,social_url,website_status,source_timestamp,duplicate_status,duplicate_reason,review_reason,raw_tags
anderlecht,osm:node/335698178,Colruyt Professionals,,shop=wholesale,,,50.847451,4.3080306,+32 2 616 70 01,,,NO_WEBSITE,2026-08-15T10:02:32.711791+00:00,clean,,no confident canonical category mapping,"{""contact:phone"": ""+32 2 616 70 01"", ""name"": ""Colruyt Professionals"", ""shop"": ""wholesale""}"
anderlecht,osm:node/346270002,Arche de la gloire de l'Éternel,,amenity=place_of_worship,,,50.8416926,4.3181802,,,,NO_WEBSITE,2026-08-15T10:02:32.711791+00:00,clean,,no confident canonical category mapping,"{""amenity"": ""place_of_worship"", ""name"": ""Arche de la gloire de l'Éternel""}"
anderlecht,osm:node/346652120,Masjid Assounnah,,amenity=place_of_worship,,,50.8425249,4.3334977,,,,NO_WEBSITE,2026-08-15T10:02:32.711791+00:00,clean,,no confident canonical category mapping,"{""amenity"": ""place_of_worship"", ""name"": ""Masjid Assounnah""}"
anderlecht,osm:node/348128584,Selfpharma,pharmacy,amenity=pharmacy,,,50.8392112,4.3356163,+32 2 520 66 55,,,NO_WEBSITE,2026-08-15T10:02:32.711791+00:00,clean,,,"{""amenity"": ""pharmacy"", ""contact:phone"": ""+32 2 520 66 55"", ""healthcare"": ""pharmacy"", ""name"": ""Selfpharma""}"
anderlecht,osm:node/364842363,Maison Médicale Saint-Guidon,,amenity=clinic;healthcare=clinic,,,50.8351469,4.3079854,,,,NO_WEBSITE,2026-08-15T10:02:32.711791+00:00,clean,,no confident canonical category mapping,"{""amenity"": ""clinic"", ""healthcare"": ""clinic"", ""name"": ""Maison Médicale Saint-Guidon""}"
anderlecht,osm:node/364842364,Beobank,,amenity=bank,,,50.8350845,4.3088998,+32 2 521 94 04,https://www.beobank.be/fr/particulier/pos/beobank-anderlecht,,WEBSITE_PRESENT,2026-08-15T10:02:32.711791+00:00,clean,,no confident canonical category mapping,"{""amenity"": ""bank"", ""brand"": ""Beobank"", ""contact:phone"": ""+32 2 521 94 04"", ""contact:website"": ""https://www.beobank.be/fr/particulier/pos/beobank-anderlecht"", ""name"": ""Beobank""}"
anderlecht,osm:node/364842367,Benoît Bodson,,office=notary,,,50.8350047,4.3065607,+32 2 521 50 32,https://www.notaire.be/Notaire/benoit-bodson,,WEBSITE_PRESENT,2026-08-15T10:02:32.711791+00:00,clean,,no confident canonical category mapping,"{""contact:phone"": ""+32 2 521 50 32"", ""contact:website"": ""https://www.notaire.be/Notaire/benoit-bodson"", ""name"": ""Benoît Bodson"", ""office"": ""notary""}"
anderlecht,osm:node/364842368,Belfius,,amenity=bank,,,50.8351273,4.3064752,,,,NO_WEBSITE,2026-08-15T10:02:32.711791+00:00,clean,,no confident canonical category mapping,"{""amenity"": ""bank"", ""brand"": ""Belfius"", ""name"": ""Belfius""}"
anderlecht,osm:node/417830048,Minhaj-ul-Quran International Belgium (Brussels),,amenity=place_of_worship,,,50.836631,4.3317382,,,,NO_WEBSITE,2026-08-15T10:02:32.711791+00:00,clean,,no confident canonical category mapping,"{""amenity"": ""place_of_worship"", ""name"": ""Minhaj-ul-Quran International Belgium (Brussels)""}"
anderlecht,osm:node/417836059,ASBL Maison des Jeunes BIF Anderlecht Gençilik Subesi,,amenity=community_centre,,,50.8379227,4.3289722,,https://fibif.be/,,WEBSITE_PRESENT,2026-08-15T10:02:32.711791+00:00,clean,,no confident canonical category mapping,"{""amenity"": ""community_centre"", ""name"": ""ASBL Maison des Jeunes BIF Anderlecht Gençilik Subesi"", ""website"": ""https://fibif.be/""}"
anderlecht,osm:node/427873053,Mosquée El Ghofrane,,amenity=place_of_worship,,,50.8430165,4.3127436,,,,NO_WEBSITE,2026-08-15T10:02:32.711791+00:00,clean,,no confident canonical category mapping,"{""amenity"": ""place_of_worship"", ""name"": ""Mosquée El Ghofrane""}"
anderlecht,osm:node/427877506,Mosquée Al Fath,,amenity=place_of_worship,,,50.8455195,4.3333098,,,,NO_WEBSITE,2026-08-15T10:02:32.711791+00:00,clean,,no confident canonical category mapping,"{""amenity"": ""place_of_worship"", ""name"": ""Mosquée Al Fath""}"
anderlecht,osm:node/427877932,Brâhmân,,amenity=community_centre,,,50.8375036,4.3279093,,,,NO_WEBSITE,2026-08-15T10:02:32.711791+00:00,clean,,no confident canonical category mapping,"{""amenity"": ""community_centre"", ""name"": ""Brâhmân""}"
anderlecht,osm:node/489047234,Q8 Easy,,amenity=fuel,,,50.8130478,4.2889973,,,,NO_WEBSITE,2026-08-15T10:02:32.711791+00:00,clean,,no confident canonical category mapping,"{""amenity"": ""fuel"", ""brand"": ""Q8 Easy"", ""name"": ""Q8 Easy""}"
anderlecht,osm:node/503693694,C&A,clothing-store,shop=clothes,,,50.8470735,4.3071681,,,,NO_WEBSITE,2026-08-15T10:02:32.711791+00:00,clean,,,"{""brand"": ""C&A"", ""name"": ""C&A"", ""operator"": ""C&A"", ""shop"": ""clothes""}"
anderlecht,osm:node/567543963,Brico,,shop=doityourself,,,50.827632,4.2878639,,,,NO_WEBSITE,2026-08-15T10:02:32.711791+00:00,clean,,no confident canonical category mapping,"{""brand"": ""Brico"", ""name"": ""Brico"", ""operator"": ""Brico"", ""shop"": ""doityourself""}"
anderlecht,osm:node/666982835,DATS 24 Anderlecht,,amenity=fuel,,,50.8277994,4.3024181,,,,NO_WEBSITE,2026-08-15T10:02:32.711791+00:00,clean,,no confident canonical category mapping,"{""amenity"": ""fuel"", ""name"": ""DATS 24 Anderlecht"", ""operator"": ""DATS 24""}"
anderlecht,osm:node/666982836,Colruyt,supermarkets,shop=supermarket,,,50.8275107,4.3026226,+32 2 523 43 74,https://www.colruyt.be/fr/recherche-de-magasin/colruyt-anderlecht-0,,WEBSITE_PRESENT,2026-08-15T10:02:32.711791+00:00,clean,,,"{""brand"": ""Colruyt"", ""contact:phone"": ""+32 2 523 43 74"", ""contact:website"": ""https://www.colruyt.be/fr/recherche-de-magasin/colruyt-anderlecht-0"", ""name"": ""Colruyt"", ""operator"": ""Colruyt Group"", ""shop"": ""supermarket""}"
anderlecht,osm:node/693288471,BENU,pharmacy,amenity=pharmacy,,,50.8308797,4.2889109,+32 2 527 85 00,https://storelocator.benu.be/fr/apotheek-benu-anderlecht-scherdemael,,WEBSITE_PRESENT,2026-08-15T10:02:32.711791+00:00,clean,,,"{""amenity"": ""pharmacy"", ""contact:phone"": ""+32 2 527 85 00"", ""contact:website"": ""https://storelocator.benu.be/fr/apotheek-benu-anderlecht-scherdemael"", ""healthcare"": ""pharmacy"", ""name"": ""BENU""}"
anderlecht,osm:node/789296064,Musée Bruxellois de la Gueuze - Brussels Museum van de Geuze,,tourism=museum,,,50.8415492,4.3358046,,https://www.cantillon.be/,,WEBSITE_PRESENT,2026-08-15T10:02:32.711791+00:00,clean,,no confident canonical category mapping,"{""contact:website"": ""https://www.cantillon.be/"", ""name"": ""Musée Bruxellois de la Gueuze - Brussels Museum van de Geuze"", ""tourism"": ""museum""}"
anderlecht,osm:node/848672133,Noo shop,,shop=convenience,,,50.8292676,4.2861052,,,,NO_WEBSITE,2026-08-15T10:02:32.711791+00:00,clean,,no confident canonical category mapping,"{""name"": ""Noo shop"", ""shop"": ""convenience""}"
anderlecht,osm:node/1025220504,Friture René,restaurant,amenity=restaurant,,,50.8357954,4.3111864,+32 2 523 28 76,,,NO_WEBSITE,2026-08-15T10:02:32.711791+00:00,clean,,,"{""amenity"": ""restaurant"", ""contact:phone"": ""+32 2 523 28 76"", ""name"": ""Friture René""}"
anderlecht,osm:node/1025220517,La Boulangerie Normande,pastry-shops,shop=bakery,,,50.8393247,4.3069735,+32 2 521 75 23,,,NO_WEBSITE,2026-08-15T10:02:32.711791+00:00,clean,,,"{""contact:phone"": ""+32 2 521 75 23"", ""name"": ""La Boulangerie Normande"", ""shop"": ""bakery""}"
anderlecht,osm:node/1058904402,Commissariat de quartier La Roue - Wijkcommissariaat Het Rad,,amenity=police,,,50.8208696,4.2940996,,https://www.police.be/5341/fr/contact/votre-quartier/q4la-roue,,WEBSITE_PRESENT,2026-08-15T10:02:32.711791+00:00,clean,,no confident canonical category mapping,"{""amenity"": ""police"", ""contact:website"": ""https://www.police.be/5341/fr/contact/votre-quartier/q4la-roue"", ""name"": ""Commissariat de quartier La Roue - Wijkcommissariaat Het Rad"", ""operator"": ""ZP Midi - PZ Zuid""}"
anderlecht,osm:node/1227757280,New Prince de Liège,hotel,tourism=hotel,,,50.8467748,4.2995131,,,,NO_WEBSITE,2026-08-15T10:02:32.711791+00:00,clean,,,"{""name"": ""New Prince de Liège"", ""tourism"": ""hotel""}"
anderlecht,osm:node/1265503689,Coiffure Star,beauty-salon,shop=hairdresser,,,50.8391583,4.3337887,,,,NO_WEBSITE,2026-08-15T10:02:32.711791+00:00,clean,,,"{""name"": ""Coiffure Star"", ""shop"": ""hairdresser""}"
anderlecht,osm:node/1284434248,Neckermann,,shop=travel_agency,,,50.8356457,4.3110374,+32 2 524 11 20,,,NO_WEBSITE,2026-08-15T10:02:32.711791+00:00,clean,,no confident canonical category mapping,"{""contact:phone"": ""+32 2 524 11 20"", ""name"": ""Neckermann"", ""shop"": ""travel_agency""}"
anderlecht,osm:node/1321530741,SunWash,,shop=laundry,,,50.8370645,4.3169229,,,,NO_WEBSITE,2026-08-15T10:02:32.711791+00:00,clean,,no confident canonical category mapping,"{""name"": ""SunWash"", ""shop"": ""laundry""}"
anderlecht,osm:node/1321535898,Snack Famille,fast-food,amenity=fast_food,,,50.8361716,4.315461,,,,NO_WEBSITE,2026-08-15T10:02:32.711791+00:00,clean,,,"{""amenity"": ""fast_food"", ""name"": ""Snack Famille""}"
anderlecht,osm:node/1321535900,bet.com,,shop=bookmaker,,,50.8361532,4.3153336,,,,NO_WEBSITE,2026-08-15T10:02:32.711791+00:00,clean,,no confident canonical category mapping,"{""name"": ""bet.com"", ""shop"": ""bookmaker""}"
anderlecht,osm:node/1321536784,Multipharma,pharmacy,amenity=pharmacy,,,50.8356795,4.3111997,+32 2 521 59 37,https://www.multipharma.be/fr/nos-pharmacies/detail/multipharma-anderlecht-111,,WEBSITE_PRESENT,2026-08-15T10:02:32.711791+00:00,clean,,,"{""amenity"": ""pharmacy"", ""brand"": ""Multipharma"", ""contact:phone"": ""+32 2 521 59 37"", ""contact:website"": ""https://www.multipharma.be/fr/nos-pharmacies/detail/multipharma-anderlecht-111"", ""healthcare"": ""pharmacy"", ""name"": ""Multipharma""}"
anderlecht,osm:node/1321547203,Multipharma,pharmacy,amenity=pharmacy,,,50.8353045,4.3073771,,,,NO_WEBSITE,2026-08-15T10:02:32.711791+00:00,clean,,,"{""amenity"": ""pharmacy"", ""brand"": ""Multipharma"", ""healthcare"": ""pharmacy"", ""name"": ""Multipharma""}"
anderlecht,osm:node/1321547206,Snack Friterie,fast-food,amenity=fast_food,,,50.8349494,4.3059168,,,,NO_WEBSITE,2026-08-15T10:02:32.711791+00:00,clean,,,"{""amenity"": ""fast_food"", ""name"": ""Snack Friterie""}"
anderlecht,osm:node/1321555240,Le Stade,cafe,amenity=cafe,,,50.8353022,4.2985334,,,,NO_WEBSITE,2026-08-15T10:02:32.711791+00:00,clean,,,"{""amenity"": ""cafe"", ""name"": ""Le Stade""}"
anderlecht,osm:node/1321559686,Sushic,restaurant,amenity=restaurant,,,50.8357786,4.2947587,,,,NO_WEBSITE,2026-08-15T10:02:32.711791+00:00,clean,,,"{""amenity"": ""restaurant"", ""name"": ""Sushic""}"
anderlecht,osm:node/1321565490,La Tavola,restaurant,amenity=restaurant,,,50.834914,4.2904615,,,,NO_WEBSITE,2026-08-15T10:02:32.711791+00:00,clean,,,"{""amenity"": ""restaurant"", ""name"": ""La Tavola""}"
anderlecht,osm:node/1321573466,Succulente,pastry-shops,shop=bakery,,,50.8345288,4.2894196,,https://succulente.be,,WEBSITE_PRESENT,2026-08-15T10:02:32.711791+00:00,clean,,,"{""contact:website"": ""https://succulente.be"", ""name"": ""Succulente"", ""shop"": ""bakery""}"
anderlecht,osm:node/1321661755,La Signature,,shop=florist,,,50.8351403,4.2777178,,,https://www.facebook.com/lasignatureflowers,SOCIAL_ONLY,2026-08-15T10:02:32.711791+00:00,clean,,no confident canonical category mapping,"{""contact:facebook"": ""https://www.facebook.com/lasignatureflowers"", ""contact:instagram"": ""https://www.instagram.com/lasignaturebysalvatore/"", ""name"": ""La Signature"", ""shop"": ""florist""}"
anderlecht,osm:node/1321685715,Prima De Spiegeleer,supermarkets,shop=supermarket,,,50.8363998,4.2743596,+32 2 527 05 28,,,NO_WEBSITE,2026-08-15T10:02:32.711791+00:00,clean,,,"{""contact:phone"": ""+32 2 527 05 28"", ""name"": ""Prima De Spiegeleer"", ""shop"": ""supermarket""}"
anderlecht,osm:node/1485590754,sef,,shop=hardware,,,50.8406581,4.3194402,,,,NO_WEBSITE,2026-08-15T10:02:32.711791+00:00,clean,,no confident canonical category mapping,"{""name"": ""sef"", ""shop"": ""hardware""}"
anderlecht,osm:node/1485608635,Coiffuur Conny,beauty-salon,shop=hairdresser,,,50.8228048,4.298504,+32 2 521 74 86,,,NO_WEBSITE,2026-08-15T10:02:32.711791+00:00,clean,,,"{""contact:phone"": ""+32 2 521 74 86"", ""name"": ""Coiffuur Conny"", ""shop"": ""hairdresser""}"
anderlecht,osm:node/1485608717,Multipharma,pharmacy,amenity=pharmacy,,,50.8228129,4.29882,+32 2 521 21 59,,,NO_WEBSITE,2026-08-15T10:02:32.711791+00:00,clean,,,"{""amenity"": ""pharmacy"", ""brand"": ""Multipharma"", ""contact:phone"": ""+32 2 521 21 59"", ""healthcare"": ""pharmacy"", ""name"": ""Multipharma""}"
anderlecht,osm:node/1485614976,The New Paradise,bars-pubs,amenity=pub,,,50.8229808,4.2964826,,,,NO_WEBSITE,2026-08-15T10:02:32.711791+00:00,clean,,,"{""amenity"": ""pub"", ""name"": ""The New Paradise""}"
anderlecht,osm:node/1485623814,Bij Pa,cafe,amenity=cafe,,,50.8193456,4.2987928,,,,NO_WEBSITE,2026-08-15T10:02:32.711791+00:00,clean,,,"{""amenity"": ""cafe"", ""name"": ""Bij Pa""}"
anderlecht,osm:node/1485623818,Renault Service,,shop=car_repair,,,50.8200819,4.2995117,,,,NO_WEBSITE,2026-08-15T10:02:32.711791+00:00,clean,,no confident canonical category mapping,"{""name"": ""Renault Service"", ""shop"": ""car_repair""}"
anderlecht,osm:node/1488376955,Zeeman Outlet,clothing-store,shop=clothes,,,50.8282888,4.3050573,,,,NO_WEBSITE,2026-08-15T10:02:32.711791+00:00,clean,,,"{""name"": ""Zeeman Outlet"", ""shop"": ""clothes""}"
anderlecht,osm:node/1488402303,Patrick & Els,,shop=butcher,,,50.8235702,4.2969484,,,,NO_WEBSITE,2026-08-15T10:02:32.711791+00:00,clean,,no confident canonical category mapping,"{""name"": ""Patrick & Els"", ""shop"": ""butcher""}"
anderlecht,osm:node/1488402305,Walcourt,bars-pubs,amenity=pub,,,50.8246122,4.3025433,,,,NO_WEBSITE,2026-08-15T10:02:32.711791+00:00,clean,,,"{""amenity"": ""pub"", ""name"": ""Walcourt""}"
anderlecht,osm:node/1488402331,TotalEnergies Ceria,,amenity=fuel,,,50.8187091,4.2920548,,https://store.totalenergies.be/fr_BE/NB005559,,WEBSITE_PRESENT,2026-08-15T10:02:32.711791+00:00,clean,,no confident canonical category mapping,"{""amenity"": ""fuel"", ""brand"": ""TotalEnergies"", ""name"": ""TotalEnergies Ceria"", ""website"": ""https://store.totalenergies.be/fr_BE/NB005559""}"
anderlecht,osm:node/1488402426,Thijs,pastry-shops,shop=bakery,,,50.8234973,4.2956482,,,,NO_WEBSITE,2026-08-15T10:02:32.711791+00:00,clean,,,"{""name"": ""Thijs"", ""shop"": ""bakery""}"
anderlecht,osm:node/1588195000,Eloy,,amenity=bicycle_rental,,,50.8361959,4.3259504,,https://www.villo.be/,,WEBSITE_PRESENT,2026-08-15T10:02:32.711791+00:00,clean,,no confident canonical category mapping,"{""amenity"": ""bicycle_rental"", ""brand"": ""Villo!"", ""name"": ""Eloy"", ""operator"": ""JCDecaux"", ""website"": ""https://www.villo.be/""}"
anderlecht,osm:node/1592539138,Anderlecht Démosthène - Anderlecht Demostenes,,amenity=post_office,,,50.8437084,4.3126211,,,,NO_WEBSITE,2026-08-15T10:02:32.711791+00:00,clean,,no confident canonical category mapping,"{""amenity"": ""post_office"", ""name"": ""Anderlecht Démosthène - Anderlecht Demostenes"", ""operator"": ""bpost""}"
anderlecht,osm:node/1610115450,Elcem,pastry-shops,shop=bakery,,,50.8202972,4.3011199,,,,NO_WEBSITE,2026-08-15T10:02:32.711791+00:00,clean,,,"{""name"": ""Elcem"", ""shop"": ""bakery""}"
anderlecht,osm:node/1802267268,Baustoff Metall,,office=company,,,50.812974,4.3064065,,https://www.baustoff-metall.be,,WEBSITE_PRESENT,2026-08-15T10:02:32.711791+00:00,clean,,no confident canonical category mapping,"{""contact:website"": ""https://www.baustoff-metall.be"", ""name"": ""Baustoff Metall"", ""office"": ""company""}"
anderlecht,osm:node/1819768902,Antigone,restaurant,amenity=restaurant,,,50.832669,4.3282157,+32 2 522 22 20,,,NO_WEBSITE,2026-08-15T10:02:32.711791+00:00,clean,,,"{""amenity"": ""restaurant"", ""contact:phone"": ""+32 2 522 22 20"", ""name"": ""Antigone""}"
anderlecht,osm:node/1819768905,Aux deux gares,restaurant,amenity=restaurant,,,50.8323784,4.3261356,,,,NO_WEBSITE,2026-08-15T10:02:32.711791+00:00,clean,,,"{""amenity"": ""restaurant"", ""name"": ""Aux deux gares""}"
anderlecht,osm:node/2115074297,Shell Express Anderlecht Industrie,,amenity=fuel,,,50.8177105,4.3083843,,,,NO_WEBSITE,2026-08-15T10:02:32.711791+00:00,clean,,no confident canonical category mapping,"{""amenity"": ""fuel"", ""brand"": ""Shell Express"", ""name"": ""Shell Express Anderlecht Industrie"", ""operator"": ""Shell""}"
anderlecht,osm:node/2167923954,Dupuis,,amenity=bicycle_rental,,,50.8373584,4.293873,,https://www.villo.be/,,WEBSITE_PRESENT,2026-08-15T10:02:32.711791+00:00,clean,,no confident canonical category mapping,"{""amenity"": ""bicycle_rental"", ""brand"": ""Villo!"", ""name"": ""Dupuis"", ""operator"": ""JCDecaux"", ""website"": ""https://www.villo.be/""}"
anderlecht,osm:node/2192151658,La Capannina,restaurant,amenity=restaurant,,,50.8360028,4.2726902,,,,NO_WEBSITE,2026-08-15T10:02:32.711791+00:00,clean,,,"{""amenity"": ""restaurant"", ""name"": ""La Capannina""}"
anderlecht,osm:node/2269965034,Le Select,bars-pubs,amenity=pub,,,50.8232444,4.2970599,,,,NO_WEBSITE,2026-08-15T10:02:32.711791+00:00,clean,,,"{""amenity"": ""pub"", ""name"": ""Le Select""}"
anderlecht,osm:node/2360451038,Au Vogelenzang,restaurant,amenity=restaurant,,,50.8111531,4.2829179,,https://www.au-vogelenzang.be,,WEBSITE_PRESENT,2026-08-15T10:02:32.711791+00:00,clean,,,"{""amenity"": ""restaurant"", ""contact:website"": ""https://www.au-vogelenzang.be"", ""name"": ""Au Vogelenzang""}"
anderlecht,osm:node/2360451050,Minor-Ndako,,office=ngo,,,50.8127458,4.2846709,+32 2 503 56 29,https://minor-ndako.be/,,WEBSITE_PRESENT,2026-08-15T10:02:32.711791+00:00,clean,,no confident canonical category mapping,"{""contact:phone"": ""+32 2 503 56 29"", ""contact:website"": ""https://minor-ndako.be/"", ""name"": ""Minor-Ndako"", ""office"": ""ngo""}"
anderlecht,osm:node/2362953189,City Mobile,,shop=mobile_phone,,,50.8417889,4.3296085,,,,NO_WEBSITE,2026-08-15T10:02:32.711791+00:00,clean,,no confident canonical category mapping,"{""name"": ""City Mobile"", ""shop"": ""mobile_phone""}"
anderlecht,osm:node/2362953191,Annasr,,shop=convenience,,,50.8410568,4.3286639,,,,NO_WEBSITE,2026-08-15T10:02:32.711791+00:00,clean,,no confident canonical category mapping,"{""name"": ""Annasr"", ""shop"": ""convenience""}"
anderlecht,osm:node/2362953193,L'épicier du coin,,shop=convenience,,,50.8406863,4.3277858,,,,NO_WEBSITE,2026-08-15T10:02:32.711791+00:00,clean,,no confident canonical category mapping,"{""name"": ""L'épicier du coin"", ""shop"": ""convenience""}"
anderlecht,osm:node/2362953228,Van Belle,hotel,tourism=hotel,,,50.8442333,4.3362738,+32 2 521 35 16,https://www.hotelvanbelle.be,,WEBSITE_PRESENT,2026-08-15T10:02:32.711791+00:00,clean,,,"{""contact:phone"": ""+32 2 521 35 16"", ""contact:website"": ""https://www.hotelvanbelle.be"", ""name"": ""Van Belle"", ""tourism"": ""hotel""}"
anderlecht,osm:node/2362953337,ING,,amenity=bank,,,50.827434,4.3015554,+32 2 559 05 70,,,NO_WEBSITE,2026-08-15T10:02:32.711791+00:00,clean,,no confident canonical category mapping,"{""amenity"": ""bank"", ""brand"": ""ING"", ""contact:phone"": ""+32 2 559 05 70"", ""name"": ""ING""}"
anderlecht,osm:node/2366068091,Taverne Le Pavillon,cafe,amenity=cafe,,,50.8361264,4.3059161,,,,NO_WEBSITE,2026-08-15T10:02:32.711791+00:00,clean,,,"{""amenity"": ""cafe"", ""name"": ""Taverne Le Pavillon""}"
anderlecht,osm:node/2372963940,Pitagone,,office=security,,,50.8251922,4.3143079,+32 2 896 63 33,https://www.pitagone.com,,WEBSITE_PRESENT,2026-08-15T10:02:32.711791+00:00,clean,,no confident canonical category mapping,"{""contact:phone"": ""+32 2 896 63 33"", ""contact:website"": ""https://www.pitagone.com"", ""name"": ""Pitagone"", ""office"": ""security""}"
anderlecht,osm:node/2379449927,Garage M.I.S.,car-dealers,shop=car,,,50.8314656,4.2901197,,,,NO_WEBSITE,2026-08-15T10:02:32.711791+00:00,clean,,,"{""name"": ""Garage M.I.S."", ""shop"": ""car""}"
anderlecht,osm:node/2417711592,wAnderCoop,supermarkets,shop=supermarket,,,50.8279613,4.3008571,,http://www.wandercoop.be/,,WEBSITE_PRESENT,2026-08-15T10:02:32.711791+00:00,clean,,,"{""contact:website"": ""http://www.wandercoop.be/"", ""name"": ""wAnderCoop"", ""operator"": ""Société coopérative wAnderCoop"", ""shop"": ""supermarket""}"
anderlecht,osm:node/2428693646,Friterie Chez le Grec,fast-food,amenity=fast_food,,,50.8439461,4.3136191,,,,NO_WEBSITE,2026-08-15T10:02:32.711791+00:00,clean,,,"{""amenity"": ""fast_food"", ""name"": ""Friterie Chez le Grec""}"
anderlecht,osm:node/2429184085,PharmaSquare,pharmacy,amenity=pharmacy,,,50.8441276,4.3137637,,,,NO_WEBSITE,2026-08-15T10:02:32.711791+00:00,clean,,,"{""amenity"": ""pharmacy"", ""name"": ""PharmaSquare""}"
anderlecht,osm:node/2429184086,Recipe,pharmacy,amenity=pharmacy,,,50.844029,4.3124952,+32 2 521 02 47,,,NO_WEBSITE,2026-08-15T10:02:32.711791+00:00,clean,,,"{""amenity"": ""pharmacy"", ""contact:phone"": ""+32 2 521 02 47"", ""healthcare"": ""pharmacy"", ""name"": ""Recipe""}"
anderlecht,osm:node/2429184087,Librairie Scheut,,shop=newsagent,,,50.8436777,4.3135003,,,,NO_WEBSITE,2026-08-15T10:02:32.711791+00:00,clean,,no confident canonical category mapping,"{""name"": ""Librairie Scheut"", ""shop"": ""newsagent""}"
anderlecht,osm:node/2429184088,Remo,pastry-shops,shop=bakery,,,50.8436616,4.3128987,,,,NO_WEBSITE,2026-08-15T10:02:32.711791+00:00,clean,,,"{""name"": ""Remo"", ""shop"": ""bakery""}"
anderlecht,osm:node/2429184089,Les Palmiers,bars-pubs,amenity=bar,,,50.8441532,4.313366,,,,NO_WEBSITE,2026-08-15T10:02:32.711791+00:00,clean,,,"{""amenity"": ""bar"", ""name"": ""Les Palmiers""}"
anderlecht,osm:node/2429500946,Coiffure Bene,beauty-salon,shop=hairdresser,,,50.8405323,4.3143549,+32 2 520 58 27,,,NO_WEBSITE,2026-08-15T10:02:32.711791+00:00,clean,,,"{""contact:phone"": ""+32 2 520 58 27"", ""name"": ""Coiffure Bene"", ""shop"": ""hairdresser""}"
anderlecht,osm:node/2429500954,Sweet Deli,,shop=deli,,,50.8441374,4.3136439,,,,NO_WEBSITE,2026-08-15T10:02:32.711791+00:00,clean,,no confident canonical category mapping,"{""name"": ""Sweet Deli"", ""shop"": ""deli""}"
anderlecht,osm:node/2429500972,Cafe Scheut,cafe,amenity=cafe,,,50.8440757,4.3128265,,,,NO_WEBSITE,2026-08-15T10:02:32.711791+00:00,clean,,,"{""amenity"": ""cafe"", ""name"": ""Cafe Scheut""}"
anderlecht,osm:node/2430169328,Musée de Chine des Missionnaires de Scheut - Chinamuseum,,tourism=museum,,,50.8470239,4.3056528,,,,NO_WEBSITE,2026-08-15T10:02:32.711791+00:00,clean,,no confident canonical category mapping,"{""name"": ""Musée de Chine des Missionnaires de Scheut - Chinamuseum"", ""tourism"": ""museum""}"
anderlecht,osm:node/2430172206,Chapelle des Pères de Scheut,,amenity=place_of_worship,,,50.8471406,4.3051117,,,,NO_WEBSITE,2026-08-15T10:02:32.711791+00:00,clean,,no confident canonical category mapping,"{""amenity"": ""place_of_worship"", ""name"": ""Chapelle des Pères de Scheut""}"
anderlecht,osm:node/2446819872,"FOD Werkgelegenheid, Arbeid en Sociaal Overleg - SPF Emploi, Travail et Concertation sociale - FÖD Beschäftigung, Arbeit und Soziale Konzertierung",,office=government,,,50.8375235,4.3348669,,https://www.werk.belgie.be,,WEBSITE_PRESENT,2026-08-15T10:02:32.711791+00:00,clean,,no confident canonical category mapping,"{""contact:website"": ""https://www.werk.belgie.be"", ""name"": ""FOD Werkgelegenheid, Arbeid en Sociaal Overleg - SPF Emploi, Travail et Concertation sociale - FÖD Beschäftigung, Arbeit und Soziale Konzertierung"", ""office"": ""government""}"
anderlecht,osm:node/2468740431,Carthago Delenda Est,,amenity=theatre,,,50.8475501,4.3163078,+32 2 521 14 99,,,NO_WEBSITE,2026-08-15T10:02:32.711791+00:00,clean,,no confident canonical category mapping,"{""amenity"": ""theatre"", ""contact:phone"": ""+32 2 521 14 99"", ""name"": ""Carthago Delenda Est""}"
anderlecht,osm:node/2471008589,Kasbah D'Asie,fast-food,amenity=fast_food,,,50.8340764,4.3066804,,,,NO_WEBSITE,2026-08-15T10:02:32.711791+00:00,clean,,,"{""amenity"": ""fast_food"", ""name"": ""Kasbah D'Asie""}"
anderlecht,osm:node/2471008599,Maison de la Laïcité d'Anderlecht,,amenity=community_centre,,,50.8339108,4.3070033,,,,NO_WEBSITE,2026-08-15T10:02:32.711791+00:00,clean,,no confident canonical category mapping,"{""amenity"": ""community_centre"", ""name"": ""Maison de la Laïcité d'Anderlecht""}"
anderlecht,osm:node/2505791375,New Cadrus,,shop=frame,,,50.8398585,4.2888846,,https://www.newcadrus.be,https://www.facebook.com/Cadre.photo.cimaise/,WEBSITE_PRESENT,2026-08-15T10:02:32.711791+00:00,clean,,no confident canonical category mapping,"{""contact:facebook"": ""https://www.facebook.com/Cadre.photo.cimaise/"", ""contact:website"": ""https://www.newcadrus.be"", ""name"": ""New Cadrus"", ""shop"": ""frame""}"
anderlecht,osm:node/2506793778,La Ville de Brugge,restaurant,amenity=restaurant,,,50.8354683,4.3062064,,,,NO_WEBSITE,2026-08-15T10:02:32.711791+00:00,clean,,,"{""amenity"": ""restaurant"", ""name"": ""La Ville de Brugge""}"
anderlecht,osm:node/2506803273,Chanson,pastry-shops,shop=bakery,,,50.8371685,4.3047288,+32 2 521 80 84,https://patisseriechanson.be/,https://www.instagram.com/patisserie.chanson.anderlecht/,WEBSITE_PRESENT,2026-08-15T10:02:32.711791+00:00,clean,,,"{""contact:instagram"": ""https://www.instagram.com/patisserie.chanson.anderlecht/"", ""contact:phone"": ""+32 2 521 80 84"", ""contact:website"": ""https://patisseriechanson.be/"", ""name"": ""Chanson"", ""shop"": ""bakery""}"
anderlecht,osm:node/2587617762,Le coin frais,,shop=convenience,,,50.8395474,4.3020545,,,,NO_WEBSITE,2026-08-15T10:02:32.711791+00:00,clean,,no confident canonical category mapping,"{""name"": ""Le coin frais"", ""shop"": ""convenience""}"
anderlecht,osm:node/2614554792,Dolce Italia,fast-food,amenity=fast_food,,,50.8480428,4.311075,,https://www.dolce-italia.be,,WEBSITE_PRESENT,2026-08-15T10:02:32.711791+00:00,clean,,,"{""amenity"": ""fast_food"", ""contact:website"": ""https://www.dolce-italia.be"", ""name"": ""Dolce Italia""}"
anderlecht,osm:node/2614554794,Baron,bars-pubs,amenity=pub,,,50.8480294,4.3107922,,,,NO_WEBSITE,2026-08-15T10:02:32.711791+00:00,clean,,,"{""amenity"": ""pub"", ""name"": ""Baron""}"
anderlecht,osm:node/2614554890,Orchestra,clothing-store,shop=clothes,,,50.8473567,4.3070902,+32 2 675 75 57,https://be.shop-orchestra.com/fr/stores#!/l/anderlecht/chaussee-de-ninove-510/2783549,,WEBSITE_PRESENT,2026-08-15T10:02:32.711791+00:00,clean,,,"{""brand"": ""Orchestra"", ""contact:phone"": ""+32 2 675 75 57"", ""contact:website"": ""https://be.shop-orchestra.com/fr/stores#!/l/anderlecht/chaussee-de-ninove-510/2783549"", ""name"": ""Orchestra"", ""shop"": ""clothes""}"
anderlecht,osm:node/2614554900,Superette Regine,,shop=convenience,,,50.8471527,4.3033669,,,,NO_WEBSITE,2026-08-15T10:02:32.711791+00:00,clean,,no confident canonical category mapping,"{""name"": ""Superette Regine"", ""operator"": ""Regine Van den Steen"", ""shop"": ""convenience""}"
anderlecht,osm:node/2623686329,Justice de paix - Vredegerecht,,amenity=courthouse,,,50.8363382,4.3114429,+32 2 521 55 99,,,NO_WEBSITE,2026-08-15T10:02:32.711791+00:00,clean,,no confident canonical category mapping,"{""amenity"": ""courthouse"", ""contact:phone"": ""+32 2 521 55 99"", ""name"": ""Justice de paix - Vredegerecht""}"
anderlecht,osm:node/2623696204,Bibliothèque de l'Espace Carême,,amenity=library,,,50.8373968,4.3068529,+32 2 526 83 30,https://anderlecht.be/fr/bibliotheque,,WEBSITE_PRESENT,2026-08-15T10:02:32.711791+00:00,clean,,no confident canonical category mapping,"{""amenity"": ""library"", ""contact:phone"": ""+32 2 526 83 30"", ""contact:website"": ""https://anderlecht.be/fr/bibliotheque"", ""name"": ""Bibliothèque de l'Espace Carême""}"
anderlecht,osm:node/2623699495,Les Trétaux,restaurant,amenity=restaurant,,,50.8361197,4.3056199,,,,NO_WEBSITE,2026-08-15T10:02:32.711791+00:00,clean,,,"{""amenity"": ""restaurant"", ""name"": ""Les Trétaux""}"
anderlecht,osm:node/2625805240,Le Manoir du Prince de Liège,hotel,tourism=hotel,,,50.8446082,4.297032,,,,NO_WEBSITE,2026-08-15T10:02:32.711791+00:00,clean,,,"{""name"": ""Le Manoir du Prince de Liège"", ""tourism"": ""hotel""}"
anderlecht,osm:node/2641836961,La Fourmilière,cafe,amenity=cafe,,,50.8365464,4.3074189,,https://la-fourmiliere.be,,WEBSITE_PRESENT,2026-08-15T10:02:32.711791+00:00,clean,,,"{""amenity"": ""cafe"", ""contact:website"": ""https://la-fourmiliere.be"", ""name"": ""La Fourmilière""}"
anderlecht,osm:node/2668532530,S.O.S. La Bouée ASBL,,amenity=social_facility,,,50.834029,4.3239265,,,,NO_WEBSITE,2026-08-15T10:02:32.711791+00:00,clean,,no confident canonical category mapping,"{""amenity"": ""social_facility"", ""name"": ""S.O.S. La Bouée ASBL""}"
anderlecht,osm:node/2669751417,Hop-La,,shop=convenience,,,50.8386247,4.3220533,,,,NO_WEBSITE,2026-08-15T10:02:32.711791+00:00,clean,,no confident canonical category mapping,"{""name"": ""Hop-La"", ""shop"": ""convenience""}"
anderlecht,osm:node/2669751427,L'Olivier,pharmacy,amenity=pharmacy,,,50.8394202,4.3244615,+32 2 522 64 71,,,NO_WEBSITE,2026-08-15T10:02:32.711791+00:00,clean,,,"{""amenity"": ""pharmacy"", ""contact:phone"": ""+32 2 522 64 71"", ""healthcare"": ""pharmacy"", ""name"": ""L'Olivier""}"
anderlecht,osm:node/2669933071,Meininger Hotel,hotel,tourism=hotel,,,50.8356963,4.3310561,,https://www.meininger-hotels.com/fr/hotels/bruxelles/hotel-bruxelles-gare-du-midi/,,WEBSITE_PRESENT,2026-08-15T10:02:32.711791+00:00,clean,,,"{""brand"": ""Meininger"", ""contact:website"": ""https://www.meininger-hotels.com/fr/hotels/bruxelles/hotel-bruxelles-gare-du-midi/"", ""name"": ""Meininger Hotel"", ""tourism"": ""hotel""}"
anderlecht,osm:node/2671114976,Mini Market,,shop=greengrocer,,,50.8364143,4.3289991,,,,NO_WEBSITE,2026-08-15T10:02:32.711791+00:00,clean,,no confident canonical category mapping,"{""name"": ""Mini Market"", ""shop"": ""greengrocer""}"
anderlecht,osm:node/2671155281,Excelsior,,amenity=community_centre,,,50.8360448,4.3269593,,https://www.visit.brussels/nl/bezoekers/venue-details.Salle-Excelsior-Anderlecht.251365,,WEBSITE_PRESENT,2026-08-15T10:02:32.711791+00:00,clean,,no confident canonical category mapping,"{""amenity"": ""community_centre"", ""contact:website"": ""https://www.visit.brussels/nl/bezoekers/venue-details.Salle-Excelsior-Anderlecht.251365"", ""name"": ""Excelsior""}"
anderlecht,osm:node/2671465856,H&N Market,,shop=convenience,,,50.8363063,4.3278853,,,,NO_WEBSITE,2026-08-15T10:02:32.711791+00:00,clean,,no confident canonical category mapping,"{""name"": ""H&N Market"", ""shop"": ""convenience""}"
anderlecht,osm:node/2678458527,Église Protestante Unie de Belgique - Verenigde Protestantse Kerk in België,,office=religion,,,50.841868,4.3375643,+32 2 511 44 71,https://protestant.link/,,WEBSITE_PRESENT,2026-08-15T10:02:32.711791+00:00,clean,,no confident canonical category mapping,"{""contact:phone"": ""+32 2 511 44 71"", ""contact:website"": ""https://protestant.link/"", ""name"": ""Église Protestante Unie de Belgique - Verenigde Protestantse Kerk in België"", ""office"": ""religion""}"
anderlecht,osm:node/2678458532,Maks vzw,,office=association,,,50.8415676,4.337132,,https://maksvzw.org,,WEBSITE_PRESENT,2026-08-15T10:02:32.711791+00:00,clean,,no confident canonical category mapping,"{""contact:website"": ""https://maksvzw.org"", ""name"": ""Maks vzw"", ""office"": ""association""}"
anderlecht,osm:node/2696597856,La Paix,restaurant,amenity=restaurant,,,50.8437328,4.3283571,+32 2 523 09 58,https://lapaix.eu,,WEBSITE_PRESENT,2026-08-15T10:02:32.711791+00:00,clean,,,"{""amenity"": ""restaurant"", ""contact:phone"": ""+32 2 523 09 58"", ""contact:website"": ""https://lapaix.eu"", ""name"": ""La Paix""}"
anderlecht,osm:node/2696740504,Assemblée du Dieu Vivant,,amenity=place_of_worship,,,50.8417983,4.3348336,+32 2 520 52 00,https://www.advportal.xyz/,https://www.facebook.com/Assembl%C3%A9e-%C3%89vang%C3%A9lique-du-Dieu-Vivant-1002182619807514/,WEBSITE_PRESENT,2026-08-15T10:02:32.711791+00:00,clean,,no confident canonical category mapping,"{""amenity"": ""place_of_worship"", ""contact:facebook"": ""https://www.facebook.com/Assembl%C3%A9e-%C3%89vang%C3%A9lique-du-Dieu-Vivant-1002182619807514/"", ""contact:phone"": ""+32 2 520 52 00"", ""contact:website"": ""https://www.advportal.xyz/"", ""name"": ""Assemblée du Dieu Vivant""}"
anderlecht,osm:node/2696740555,Les Amis de l'Étincelle,,amenity=social_facility,,,50.8409581,4.3329328,,,,NO_WEBSITE,2026-08-15T10:02:32.711791+00:00,clean,,no confident canonical category mapping,"{""amenity"": ""social_facility"", ""name"": ""Les Amis de l'Étincelle""}"
anderlecht,osm:node/2696903174,noAarchitecten,creative-services,office=architect,,,50.8457782,4.3371443,+32 2 503 43 82,https://noaarchitecten.net/,,WEBSITE_PRESENT,2026-08-15T10:02:32.711791+00:00,clean,,,"{""contact:phone"": ""+32 2 503 43 82"", ""contact:website"": ""https://noaarchitecten.net/"", ""name"": ""noAarchitecten"", ""office"": ""architect""}"
anderlecht,osm:node/2696903501,Gilbard,,office=association,,,50.8444509,4.333141,,https://gilbard.be/,,WEBSITE_PRESENT,2026-08-15T10:02:32.711791+00:00,clean,,no confident canonical category mapping,"{""contact:website"": ""https://gilbard.be/"", ""name"": ""Gilbard"", ""office"": ""association""}"
anderlecht,osm:node/2697475263,Es Hostel Midi,hostels,tourism=hostel,,,50.8404986,4.3393977,+32 2 523 84 52,,,NO_WEBSITE,2026-08-15T10:02:32.711791+00:00,clean,,,"{""contact:phone"": ""+32 2 523 84 52"", ""name"": ""Es Hostel Midi"", ""tourism"": ""hostel""}"
anderlecht,osm:node/2697475335,CegeSoma,,office=government,,,50.8406362,4.3384379,+32 2 556 92 11,https://www.cegesoma.be/,,WEBSITE_PRESENT,2026-08-15T10:02:32.711791+00:00,clean,,no confident canonical category mapping,"{""contact:phone"": ""+32 2 556 92 11"", ""contact:website"": ""https://www.cegesoma.be/"", ""name"": ""CegeSoma"", ""office"": ""government""}"
anderlecht,osm:node/2697475363,Dienst Archief Oorlogsslachtoffers - Centre d'Étude Guerre et Société - Archivdienst für Kriegsopfer,,office=government,,,50.8405996,4.3384473,+32 2 528 91 00,https://www.arch.be/,,WEBSITE_PRESENT,2026-08-15T10:02:32.711791+00:00,clean,,no confident canonical category mapping,"{""contact:phone"": ""+32 2 528 91 00"", ""contact:website"": ""https://www.arch.be/"", ""name"": ""Dienst Archief Oorlogsslachtoffers - Centre d'Étude Guerre et Société - Archivdienst für Kriegsopfer"", ""office"": ""government""}"
anderlecht,osm:node/3030559182,Bright night,,shop=convenience,,,50.8397256,4.3068794,,,,NO_WEBSITE,2026-08-15T10:02:32.711791+00:00,clean,,no confident canonical category mapping,"{""name"": ""Bright night"", ""shop"": ""convenience""}"
anderlecht,osm:node/3030559233,Pénélope,restaurant,amenity=restaurant,,,50.8384995,4.3068291,,,,NO_WEBSITE,2026-08-15T10:02:32.711791+00:00,clean,,,"{""amenity"": ""restaurant"", ""name"": ""Pénélope""}"
anderlecht,osm:node/3122385574,Hotel Phenix,hotel,tourism=hotel,,,50.8467348,4.2949924,+32 2 414 95 41,https://www.hotelphenix.be/,,WEBSITE_PRESENT,2026-08-15T10:02:32.711791+00:00,clean,,,"{""contact:phone"": ""+32 2 414 95 41"", ""contact:website"": ""https://www.hotelphenix.be/"", ""name"": ""Hotel Phenix"", ""tourism"": ""hotel""}"
anderlecht,osm:node/3365570645,Conseil - Raad,,amenity=car_sharing,,,50.838837,4.3294575,,https://www.cambio.be/cms/carsharing/en/2/cms_f2_2048/stdws_info/stationen/station/1380.html?cms_Feurocode=BXL#stationdetails,,WEBSITE_PRESENT,2026-08-15T10:02:32.711791+00:00,clean,,no confident canonical category mapping,"{""amenity"": ""car_sharing"", ""brand"": ""Cambio"", ""contact:website"": ""https://www.cambio.be/cms/carsharing/en/2/cms_f2_2048/stdws_info/stationen/station/1380.html?cms_Feurocode=BXL#stationdetails"", ""name"": ""Conseil - Raad"", ""operator"": ""cambio CarSharing""}"
anderlecht,osm:node/3365570647,Square Albert I - Albert I square,,amenity=bicycle_rental,,,50.8387288,4.3219906,,https://www.villo.be/,,WEBSITE_PRESENT,2026-08-15T10:02:32.711791+00:00,clean,,no confident canonical category mapping,"{""amenity"": ""bicycle_rental"", ""brand"": ""Villo!"", ""name"": ""Square Albert I - Albert I square"", ""operator"": ""JCDecaux"", ""website"": ""https://www.villo.be/""}"
anderlecht,osm:node/3365570648,Van Lint,,amenity=bicycle_rental,,,50.8393864,4.328554,,https://www.villo.be/,,WEBSITE_PRESENT,2026-08-15T10:02:32.711791+00:00,clean,,no confident canonical category mapping,"{""amenity"": ""bicycle_rental"", ""brand"": ""Villo!"", ""name"": ""Van Lint"", ""operator"": ""JCDecaux"", ""website"": ""https://www.villo.be/""}"
anderlecht,osm:node/3397487077,Océan,,shop=laundry,,,50.8439677,4.3053857,,,,NO_WEBSITE,2026-08-15T10:02:32.711791+00:00,clean,,no confident canonical category mapping,"{""name"": ""Océan"", ""shop"": ""laundry""}"
anderlecht,osm:node/3397487078,Emma,,shop=convenience,,,50.8434444,4.305552,,,,NO_WEBSITE,2026-08-15T10:02:32.711791+00:00,clean,,no confident canonical category mapping,"{""name"": ""Emma"", ""shop"": ""convenience""}"
anderlecht,osm:node/3441511957,IPHO,electronics-stores,shop=electronics,,,50.810131,4.2888159,,https://ihpo.be,,WEBSITE_PRESENT,2026-08-15T10:02:32.711791+00:00,clean,,,"{""name"": ""IPHO"", ""shop"": ""electronics"", ""website"": ""https://ihpo.be""}"
anderlecht,osm:node/3441511958,Krëfel,electronics-stores,shop=electronics,,,50.8090547,4.2886314,+32 2 521 48 99,https://www.krefel.be/nl/winkels/anderlecht-megastore,,WEBSITE_PRESENT,2026-08-15T10:02:32.711791+00:00,clean,,,"{""brand"": ""Krëfel"", ""name"": ""Krëfel"", ""phone"": ""+32 2 521 48 99"", ""shop"": ""electronics"", ""website"": ""https://www.krefel.be/nl/winkels/anderlecht-megastore""}"
anderlecht,osm:node/3441511974,Joe's Grill,restaurant,amenity=restaurant,,,50.8103924,4.288859,,,,NO_WEBSITE,2026-08-15T10:02:32.711791+00:00,clean,,,"{""amenity"": ""restaurant"", ""name"": ""Joe's Grill""}"
anderlecht,osm:node/3839066680,Ludothèque - Spelotheek,,amenity=toy_library,,,50.8369584,4.3068933,+32 2 526 83 30,https://ludeo.be/organisateur/ludotheque-de-lespace-careme/,,WEBSITE_PRESENT,2026-08-15T10:02:32.711791+00:00,clean,,no confident canonical category mapping,"{""amenity"": ""toy_library"", ""contact:phone"": ""+32 2 526 83 30"", ""contact:website"": ""https://ludeo.be/organisateur/ludotheque-de-lespace-careme/"", ""name"": ""Ludothèque - Spelotheek""}"
anderlecht,osm:node/3862356567,Musée de la Médecine - Geneeskundemuseum,,tourism=museum,,,50.8139588,4.2678206,+32 2 555 34 31,https://www.museemedecine.be/,,WEBSITE_PRESENT,2026-08-15T10:02:32.711791+00:00,clean,,no confident canonical category mapping,"{""contact:phone"": ""+32 2 555 34 31"", ""contact:website"": ""https://www.museemedecine.be/"", ""name"": ""Musée de la Médecine - Geneeskundemuseum"", ""operator"": ""Campus Erasme"", ""tourism"": ""museum""}"
anderlecht,osm:node/3930369419,Église Saint-Luc - Sint-Lucaskerk,,amenity=place_of_worship,,,50.8312844,4.31032,,,,NO_WEBSITE,2026-08-15T10:02:32.711791+00:00,clean,,no confident canonical category mapping,"{""amenity"": ""place_of_worship"", ""name"": ""Église Saint-Luc - Sint-Lucaskerk""}"
anderlecht,osm:node/3930371082,Église du Saint-Esprit - Heilige Geestkerk,,amenity=place_of_worship,,,50.8274203,4.2844153,,,,NO_WEBSITE,2026-08-15T10:02:32.711791+00:00,clean,,no confident canonical category mapping,"{""amenity"": ""place_of_worship"", ""name"": ""Église du Saint-Esprit - Heilige Geestkerk""}"
anderlecht,osm:node/3939136743,La tête du serpent,,tourism=artwork,,,50.845078,4.3370909,,,,NO_WEBSITE,2026-08-15T10:02:32.711791+00:00,clean,,no confident canonical category mapping,"{""name"": ""La tête du serpent"", ""tourism"": ""artwork""}"
anderlecht,osm:node/3999492534,de Visscher,pharmacy,amenity=pharmacy,,,50.8386309,4.330119,,,,NO_WEBSITE,2026-08-15T10:02:32.711791+00:00,clean,,,"{""amenity"": ""pharmacy"", ""healthcare"": ""pharmacy"", ""name"": ""de Visscher""}"
anderlecht,osm:node/4000662171,Westland Shopping,,amenity=bicycle_rental,,,50.8382879,4.2842619,,https://www.villo.be/,,WEBSITE_PRESENT,2026-08-15T10:02:32.711791+00:00,clean,,no confident canonical category mapping,"{""amenity"": ""bicycle_rental"", ""brand"": ""Villo!"", ""name"": ""Westland Shopping"", ""operator"": ""JCDecaux"", ""website"": ""https://www.villo.be/""}"
anderlecht,osm:node/4007662973,Lavoir Eloy,,shop=laundry,,,50.8361134,4.3282919,,,,NO_WEBSITE,2026-08-15T10:02:32.711791+00:00,clean,,no confident canonical category mapping,"{""name"": ""Lavoir Eloy"", ""shop"": ""laundry""}"
anderlecht,osm:node/4007708189,Cantine Associative des Goujons,,amenity=social_facility,,,50.834407,4.3235406,,,,NO_WEBSITE,2026-08-15T10:02:32.711791+00:00,clean,,no confident canonical category mapping,"{""amenity"": ""social_facility"", ""name"": ""Cantine Associative des Goujons""}"
anderlecht,osm:node/4009161903,Assemblée Chrétienne Agapao Tabernacle Interdenominationelle,,amenity=place_of_worship,,,50.8363582,4.3303976,,,,NO_WEBSITE,2026-08-15T10:02:32.711791+00:00,clean,,no confident canonical category mapping,"{""amenity"": ""place_of_worship"", ""name"": ""Assemblée Chrétienne Agapao Tabernacle Interdenominationelle""}"
anderlecht,osm:node/4009161904,Pizza da Roma,fast-food,amenity=fast_food,,,50.8363504,4.3302079,,,,NO_WEBSITE,2026-08-15T10:02:32.711791+00:00,clean,,,"{""amenity"": ""fast_food"", ""name"": ""Pizza da Roma""}"
anderlecht,osm:node/4009161909,Ozen Coiffeur,beauty-salon,shop=hairdresser,,,50.8370356,4.3307846,,,,NO_WEBSITE,2026-08-15T10:02:32.711791+00:00,clean,,,"{""name"": ""Ozen Coiffeur"", ""shop"": ""hairdresser""}"
anderlecht,osm:node/4009161910,Centre Médical Médifar,,amenity=clinic;healthcare=clinic,,,50.8373113,4.3309295,+32 2 526 07 00,,,NO_WEBSITE,2026-08-15T10:02:32.711791+00:00,clean,,no confident canonical category mapping,"{""amenity"": ""clinic"", ""contact:phone"": ""+32 2 526 07 00"", ""healthcare"": ""clinic"", ""name"": ""Centre Médical Médifar""}"
anderlecht,osm:node/4009228195,Boucherie Rossini,,shop=butcher,,,50.8378419,4.3316536,,,,NO_WEBSITE,2026-08-15T10:02:32.711791+00:00,clean,,no confident canonical category mapping,"{""name"": ""Boucherie Rossini"", ""shop"": ""butcher""}"
anderlecht,osm:node/4009228196,Best Washing,,shop=laundry,,,50.8391597,4.332689,,,,NO_WEBSITE,2026-08-15T10:02:32.711791+00:00,clean,,no confident canonical category mapping,"{""name"": ""Best Washing"", ""shop"": ""laundry""}"
anderlecht,osm:node/4009228197,Clinique Dentaire Avicen,dentist,amenity=dentist,,,50.8391512,4.3329518,+32 2 522 99 30,,,NO_WEBSITE,2026-08-15T10:02:32.711791+00:00,clean,,,"{""amenity"": ""dentist"", ""contact:phone"": ""+32 2 522 99 30"", ""healthcare"": ""dentist"", ""name"": ""Clinique Dentaire Avicen""}"
anderlecht,osm:node/4009228202,Autonomie,,amenity=post_office,,,50.8403011,4.3382952,,,,NO_WEBSITE,2026-08-15T10:02:32.711791+00:00,clean,,no confident canonical category mapping,"{""amenity"": ""post_office"", ""name"": ""Autonomie"", ""operator"": ""bpost""}"
anderlecht,osm:node/4009254148,Librairie du Midi,bookstore,shop=books,,,50.8404828,4.3398944,+32 2 521 68 99,https://www.librairiedumidi.be/,,WEBSITE_PRESENT,2026-08-15T10:02:32.711791+00:00,clean,,,"{""contact:phone"": ""+32 2 521 68 99"", ""contact:website"": ""https://www.librairiedumidi.be/"", ""name"": ""Librairie du Midi"", ""shop"": ""books""}"
anderlecht,osm:node/4019349578,Cirqu’Conflex,,leisure=dance,,,50.8385875,4.3307591,,https://www.cirqu-conflex.be,,WEBSITE_PRESENT,2026-08-15T10:02:32.711791+00:00,clean,,no confident canonical category mapping,"{""leisure"": ""dance"", ""name"": ""Cirqu’Conflex"", ""website"": ""https://www.cirqu-conflex.be""}"
anderlecht,osm:node/4019349579,Le Passage,,amenity=community_centre;shop=convenience,,,50.8385028,4.3303836,,https://www.lacavale.be/spip.php?rubrique8,,WEBSITE_PRESENT,2026-08-15T10:02:32.711791+00:00,clean,,no confident canonical category mapping,"{""amenity"": ""community_centre"", ""contact:website"": ""https://www.lacavale.be/spip.php?rubrique8"", ""name"": ""Le Passage"", ""shop"": ""convenience""}"
anderlecht,osm:node/4021885723,Yakky,,shop=newsagent,,,50.8361318,4.3293773,,,,NO_WEBSITE,2026-08-15T10:02:32.711791+00:00,clean,,no confident canonical category mapping,"{""name"": ""Yakky"", ""shop"": ""newsagent""}"
anderlecht,osm:node/4021885725,TC Coiffeur,beauty-salon,shop=hairdresser,,,50.8360522,4.3291453,,,,NO_WEBSITE,2026-08-15T10:02:32.711791+00:00,clean,,,"{""name"": ""TC Coiffeur"", ""shop"": ""hairdresser""}"
anderlecht,osm:node/4021885726,Boulangerie Patisserie,pastry-shops,shop=bakery,,,50.8359281,4.3289509,,,,NO_WEBSITE,2026-08-15T10:02:32.711791+00:00,clean,,,"{""name"": ""Boulangerie Patisserie"", ""shop"": ""bakery""}"
anderlecht,osm:node/4021885727,Mahsouli Saeed,dentist,amenity=dentist,,,50.836272,4.3268728,,,,NO_WEBSITE,2026-08-15T10:02:32.711791+00:00,clean,,,"{""amenity"": ""dentist"", ""healthcare"": ""dentist"", ""name"": ""Mahsouli Saeed""}"
anderlecht,osm:node/4021885728,The Gallery,,shop=art,,,50.8369809,4.325749,+32 2 217 63 58,https://www.thegallerybruxelles.com/,,WEBSITE_PRESENT,2026-08-15T10:02:32.711791+00:00,clean,,no confident canonical category mapping,"{""contact:phone"": ""+32 2 217 63 58"", ""contact:website"": ""https://www.thegallerybruxelles.com/"", ""name"": ""The Gallery"", ""shop"": ""art""}"
anderlecht,osm:node/4025832989,Sabbah Mohamad,dentist,amenity=dentist,,,50.8361339,4.3295344,,,,NO_WEBSITE,2026-08-15T10:02:32.711791+00:00,clean,,,"{""amenity"": ""dentist"", ""healthcare"": ""dentist"", ""name"": ""Sabbah Mohamad""}"
anderlecht,osm:node/4146802338,Campus CERIA - Campus van CERIA,,amenity=bicycle_rental,,,50.8159508,4.2951561,,https://www.villo.be/,,WEBSITE_PRESENT,2026-08-15T10:02:32.711791+00:00,clean,,no confident canonical category mapping,"{""amenity"": ""bicycle_rental"", ""brand"": ""Villo!"", ""name"": ""Campus CERIA - Campus van CERIA"", ""operator"": ""JCDecaux"", ""website"": ""https://www.villo.be/""}"
anderlecht,osm:node/4200124555,Clemenceau,,amenity=bicycle_rental,,,50.8420569,4.330314,,https://www.villo.be/,,WEBSITE_PRESENT,2026-08-15T10:02:32.711791+00:00,clean,,no confident canonical category mapping,"{""amenity"": ""bicycle_rental"", ""brand"": ""Villo!"", ""name"": ""Clemenceau"", ""operator"": ""JCDecaux"", ""website"": ""https://www.villo.be/""}"
anderlecht,osm:node/4200124556,Delacroix,,amenity=bicycle_rental,,,50.8459703,4.323188,,https://www.villo.be/,,WEBSITE_PRESENT,2026-08-15T10:02:32.711791+00:00,clean,,no confident canonical category mapping,"{""amenity"": ""bicycle_rental"", ""brand"": ""Villo!"", ""name"": ""Delacroix"", ""operator"": ""JCDecaux"", ""website"": ""https://www.villo.be/""}"
anderlecht,osm:node/4391432857,Maharaja Tandoori,restaurant,amenity=restaurant,,,50.8389443,4.3321797,,https://www.maharajatandoori.be/,,WEBSITE_PRESENT,2026-08-15T10:02:32.711791+00:00,clean,,,"{""amenity"": ""restaurant"", ""name"": ""Maharaja Tandoori"", ""website"": ""https://www.maharajatandoori.be/""}"
anderlecht,osm:node/4440541836,Saint Nicolas,restaurant,amenity=restaurant,,,50.8405135,4.3392499,+32 2 306 05 94,,,NO_WEBSITE,2026-08-15T10:02:32.711791+00:00,clean,,,"{""amenity"": ""restaurant"", ""contact:phone"": ""+32 2 306 05 94"", ""name"": ""Saint Nicolas""}"
anderlecht,osm:node/4463494290,Snack Mirvan,fast-food,amenity=fast_food,,,50.8352229,4.3084814,,,,NO_WEBSITE,2026-08-15T10:02:32.711791+00:00,clean,,,"{""amenity"": ""fast_food"", ""name"": ""Snack Mirvan""}"
anderlecht,osm:node/4486824259,Kruidvat,,shop=chemist,Drève Olympique - Olympische dreef 15,1070,50.820164,4.2816016,,https://www.kruidvat.be/,,WEBSITE_PRESENT,2026-08-15T10:02:32.711791+00:00,clean,,no confident canonical category mapping,"{""addr:housenumber"": ""15"", ""addr:postcode"": ""1070"", ""addr:street"": ""Drève Olympique - Olympische dreef"", ""brand"": ""Kruidvat"", ""contact:website"": ""https://www.kruidvat.be/"", ""name"": ""Kruidvat"", ""operator"": ""AS Watson Health & Beauty Benelux"", ""shop"": ""chemist""}"
anderlecht,osm:node/4549504648,Curo Hall,,amenity=community_centre,,,50.8426754,4.3304096,,,,NO_WEBSITE,2026-08-15T10:02:32.711791+00:00,clean,,no confident canonical category mapping,"{""amenity"": ""community_centre"", ""name"": ""Curo Hall""}"
anderlecht,osm:node/4638171790,Colorado,cafe,amenity=cafe,,,50.8381279,4.3316277,,,,NO_WEBSITE,2026-08-15T10:02:32.711791+00:00,clean,,,"{""amenity"": ""cafe"", ""name"": ""Colorado""}"
anderlecht,osm:node/4638207792,Sucre & Sel,cafe,amenity=cafe,,,50.8341947,4.3292134,,,,NO_WEBSITE,2026-08-15T10:02:32.711791+00:00,clean,,,"{""amenity"": ""cafe"", ""name"": ""Sucre & Sel""}"
anderlecht,osm:node/4642149791,Maryland cafe,cafe,amenity=cafe,,,50.8330677,4.3301564,,,,NO_WEBSITE,2026-08-15T10:02:32.711791+00:00,clean,,,"{""amenity"": ""cafe"", ""name"": ""Maryland cafe""}"
anderlecht,osm:node/4646072991,I Panciuti,restaurant,amenity=restaurant,,,50.8328937,4.3296027,+32 2 520 77 85,,,NO_WEBSITE,2026-08-15T10:02:32.711791+00:00,clean,,,"{""amenity"": ""restaurant"", ""contact:phone"": ""+32 2 520 77 85"", ""name"": ""I Panciuti""}"
anderlecht,osm:node/4659844885,Metro CERIA,,amenity=bicycle_rental,,,50.8167737,4.2909717,,https://www.villo.be/,,WEBSITE_PRESENT,2026-08-15T10:02:32.711791+00:00,clean,,no confident canonical category mapping,"{""amenity"": ""bicycle_rental"", ""brand"": ""Villo!"", ""name"": ""Metro CERIA"", ""operator"": ""JCDecaux"", ""website"": ""https://www.villo.be/""}"
anderlecht,osm:node/4828148765,Kruidvat,,shop=chemist,Boulevard Sylvain Dupuis - Sylvain Dupuislaan 433,1070,50.8387987,4.2883257,,https://www.kruidvat.be/,,WEBSITE_PRESENT,2026-08-15T10:02:32.711791+00:00,clean,,no confident canonical category mapping,"{""addr:housenumber"": ""433"", ""addr:postcode"": ""1070"", ""addr:street"": ""Boulevard Sylvain Dupuis - Sylvain Dupuislaan"", ""brand"": ""Kruidvat"", ""contact:website"": ""https://www.kruidvat.be/"", ""name"": ""Kruidvat"", ""operator"": ""AS Watson Health & Beauty Benelux"", ""shop"": ""chemist""}"
anderlecht,osm:node/4834122805,Kruidvat,,shop=chemist,Rue Wayez - Wayezstraat 160;162,1070,50.8352129,4.3096405,,https://www.kruidvat.be/,,WEBSITE_PRESENT,2026-08-15T10:02:32.711791+00:00,clean,,no confident canonical category mapping,"{""addr:housenumber"": ""160;162"", ""addr:postcode"": ""1070"", ""addr:street"": ""Rue Wayez - Wayezstraat"", ""brand"": ""Kruidvat"", ""contact:website"": ""https://www.kruidvat.be/"", ""name"": ""Kruidvat"", ""operator"": ""AS Watson Health & Beauty Benelux"", ""shop"": ""chemist""}"
anderlecht,osm:node/4843164022,Bosch,electronics-stores,shop=electronics,,,50.8232565,4.3092393,,,,NO_WEBSITE,2026-08-15T10:02:32.711791+00:00,clean,,,"{""name"": ""Bosch"", ""shop"": ""electronics""}"
anderlecht,osm:node/4855280053,Beauty World,beauty-salon,shop=beauty,,,50.8350143,4.3021511,,,,NO_WEBSITE,2026-08-15T10:02:32.711791+00:00,clean,,,"{""name"": ""Beauty World"", ""shop"": ""beauty""}"
anderlecht,osm:node/4855280054,Au Toufin,,shop=convenience,,,50.8349535,4.3027225,+32 2 522 48 55,,,NO_WEBSITE,2026-08-15T10:02:32.711791+00:00,clean,,no confident canonical category mapping,"{""contact:phone"": ""+32 2 522 48 55"", ""name"": ""Au Toufin"", ""shop"": ""convenience""}"
anderlecht,osm:node/4855280055,The Corner Shop,,shop=newsagent,,,50.8350694,4.3031879,,,,NO_WEBSITE,2026-08-15T10:02:32.711791+00:00,clean,,no confident canonical category mapping,"{""name"": ""The Corner Shop"", ""shop"": ""newsagent""}"
anderlecht,osm:node/4855280056,Alex,beauty-salon,shop=hairdresser,,,50.8347752,4.3035683,,,,NO_WEBSITE,2026-08-15T10:02:32.711791+00:00,clean,,,"{""name"": ""Alex"", ""shop"": ""hairdresser""}"
anderlecht,osm:node/4938033546,ICI PARIS XL,,shop=perfumery,Boulevard Sylvain Dupuis - Sylvain Dupuislaan 433,1070,50.8387923,4.2886682,,https://www.iciparisxl.be/,,WEBSITE_PRESENT,2026-08-15T10:02:32.711791+00:00,clean,,no confident canonical category mapping,"{""addr:housenumber"": ""433"", ""addr:postcode"": ""1070"", ""addr:street"": ""Boulevard Sylvain Dupuis - Sylvain Dupuislaan"", ""brand"": ""ICI PARIS XL"", ""contact:website"": ""https://www.iciparisxl.be/"", ""name"": ""ICI PARIS XL"", ""operator"": ""AS Watson Health & Beauty Benelux"", ""shop"": ""perfumery""}"
anderlecht,osm:node/4954548679,Van Hellemont,,amenity=bicycle_rental,,,50.8295296,4.286013,,https://www.villo.be/,,WEBSITE_PRESENT,2026-08-15T10:02:32.711791+00:00,clean,,no confident canonical category mapping,"{""amenity"": ""bicycle_rental"", ""brand"": ""Villo!"", ""name"": ""Van Hellemont"", ""operator"": ""JCDecaux"", ""website"": ""https://www.villo.be/""}"
anderlecht,osm:node/4954657530,Melba,,amenity=bicycle_rental,,,50.8325715,4.294323,,https://www.villo.be/,,WEBSITE_PRESENT,2026-08-15T10:02:32.711791+00:00,clean,,no confident canonical category mapping,"{""amenity"": ""bicycle_rental"", ""brand"": ""Villo!"", ""name"": ""Melba"", ""operator"": ""JCDecaux"", ""website"": ""https://www.villo.be/""}"
anderlecht,osm:node/4954661901,Marius Renard,,amenity=bicycle_rental,,,50.8279241,4.2885601,,https://www.villo.be/,,WEBSITE_PRESENT,2026-08-15T10:02:32.711791+00:00,clean,,no confident canonical category mapping,"{""amenity"": ""bicycle_rental"", ""brand"": ""Villo!"", ""name"": ""Marius Renard"", ""operator"": ""JCDecaux"", ""website"": ""https://www.villo.be/""}"
anderlecht,osm:node/4954669667,Luther King,,amenity=bicycle_rental,,,50.8247902,4.286927,,https://www.villo.be/,,WEBSITE_PRESENT,2026-08-15T10:02:32.711791+00:00,clean,,no confident canonical category mapping,"{""amenity"": ""bicycle_rental"", ""brand"": ""Villo!"", ""name"": ""Luther King"", ""operator"": ""JCDecaux"", ""website"": ""https://www.villo.be/""}"
anderlecht,osm:node/4954678228,Théo Lambert,,amenity=bicycle_rental,,,50.8269337,4.2917988,,https://www.villo.be/,,WEBSITE_PRESENT,2026-08-15T10:02:32.711791+00:00,clean,,no confident canonical category mapping,"{""amenity"": ""bicycle_rental"", ""brand"": ""Villo!"", ""name"": ""Théo Lambert"", ""operator"": ""JCDecaux"", ""website"": ""https://www.villo.be/""}"
anderlecht,osm:node/4954683443,Merckx,,amenity=bicycle_rental,,,50.8172943,4.280672,,https://www.villo.be/,,WEBSITE_PRESENT,2026-08-15T10:02:32.711791+00:00,clean,,no confident canonical category mapping,"{""amenity"": ""bicycle_rental"", ""brand"": ""Villo!"", ""name"": ""Merckx"", ""operator"": ""JCDecaux"", ""website"": ""https://www.villo.be/""}"
anderlecht,osm:node/4954683460,Recherche,,amenity=bicycle_rental,,,50.8159097,4.2737649,,https://www.villo.be/,,WEBSITE_PRESENT,2026-08-15T10:02:32.711791+00:00,clean,,no confident canonical category mapping,"{""amenity"": ""bicycle_rental"", ""brand"": ""Villo!"", ""name"": ""Recherche"", ""operator"": ""JCDecaux"", ""website"": ""https://www.villo.be/""}"
anderlecht,osm:node/4954684037,Curie,,amenity=bicycle_rental,,,50.8217897,4.2845264,,https://www.villo.be/,,WEBSITE_PRESENT,2026-08-15T10:02:32.711791+00:00,clean,,no confident canonical category mapping,"{""amenity"": ""bicycle_rental"", ""brand"": ""Villo!"", ""name"": ""Curie"", ""operator"": ""JCDecaux"", ""website"": ""https://www.villo.be/""}"
anderlecht,osm:node/4954691063,Erasme,,amenity=bicycle_rental,,,50.8149759,4.2656255,,https://www.villo.be/,,WEBSITE_PRESENT,2026-08-15T10:02:32.711791+00:00,clean,,no confident canonical category mapping,"{""amenity"": ""bicycle_rental"", ""brand"": ""Villo!"", ""name"": ""Erasme"", ""operator"": ""JCDecaux"", ""website"": ""https://www.villo.be/""}"
anderlecht,osm:node/4954694760,La Roue - Het Rad,,amenity=bicycle_rental,,,50.8210006,4.2939288,,https://www.villo.be/,,WEBSITE_PRESENT,2026-08-15T10:02:32.711791+00:00,clean,,no confident canonical category mapping,"{""amenity"": ""bicycle_rental"", ""brand"": ""Villo!"", ""name"": ""La Roue - Het Rad"", ""operator"": ""JCDecaux"", ""website"": ""https://www.villo.be/""}"
anderlecht,osm:node/4954702971,Veeweyde - Veeweide,,amenity=bicycle_rental,,,50.8285709,4.2993751,,https://www.villo.be/,,WEBSITE_PRESENT,2026-08-15T10:02:32.711791+00:00,clean,,no confident canonical category mapping,"{""amenity"": ""bicycle_rental"", ""brand"": ""Villo!"", ""name"": ""Veeweyde - Veeweide"", ""operator"": ""JCDecaux"", ""website"": ""https://www.villo.be/""}"
anderlecht,osm:node/4954703872,Bizet,,amenity=bicycle_rental,,,50.8249753,4.297338,,https://www.villo.be/,,WEBSITE_PRESENT,2026-08-15T10:02:32.711791+00:00,clean,,no confident canonical category mapping,"{""amenity"": ""bicycle_rental"", ""brand"": ""Villo!"", ""name"": ""Bizet"", ""operator"": ""JCDecaux"", ""website"": ""https://www.villo.be/""}"
anderlecht,osm:node/4954725127,Aristide Briand,,amenity=bicycle_rental,,,50.8288266,4.3036984,,https://www.villo.be/,,WEBSITE_PRESENT,2026-08-15T10:02:32.711791+00:00,clean,,no confident canonical category mapping,"{""amenity"": ""bicycle_rental"", ""brand"": ""Villo!"", ""name"": ""Aristide Briand"", ""operator"": ""JCDecaux"", ""website"": ""https://www.villo.be/""}"
anderlecht,osm:node/4954736893,De Linde,,amenity=bicycle_rental,,,50.8354588,4.2995992,,https://www.villo.be/,,WEBSITE_PRESENT,2026-08-15T10:02:32.711791+00:00,clean,,no confident canonical category mapping,"{""amenity"": ""bicycle_rental"", ""brand"": ""Villo!"", ""name"": ""De Linde"", ""operator"": ""JCDecaux"", ""website"": ""https://www.villo.be/""}"
anderlecht,osm:node/4954797412,Saint-Guidon - Sint-Guido,,amenity=bicycle_rental,,,50.8348451,4.3057051,,https://www.villo.be/,,WEBSITE_PRESENT,2026-08-15T10:02:32.711791+00:00,clean,,no confident canonical category mapping,"{""amenity"": ""bicycle_rental"", ""brand"": ""Villo!"", ""name"": ""Saint-Guidon - Sint-Guido"", ""operator"": ""JCDecaux"", ""website"": ""https://www.villo.be/""}"
anderlecht,osm:node/4954798176,Biestebroeck - Biestebroek,,amenity=bicycle_rental,,,50.8335641,4.3135361,,https://www.villo.be/,,WEBSITE_PRESENT,2026-08-15T10:02:32.711791+00:00,clean,,no confident canonical category mapping,"{""amenity"": ""bicycle_rental"", ""brand"": ""Villo!"", ""name"": ""Biestebroeck - Biestebroek"", ""operator"": ""JCDecaux"", ""website"": ""https://www.villo.be/""}"
anderlecht,osm:node/4954807683,Cureghem - Kuregem,,amenity=bicycle_rental,,,50.8369044,4.3175453,,https://www.villo.be/,,WEBSITE_PRESENT,2026-08-15T10:02:32.711791+00:00,clean,,no confident canonical category mapping,"{""amenity"": ""bicycle_rental"", ""brand"": ""Villo!"", ""name"": ""Cureghem - Kuregem"", ""operator"": ""JCDecaux"", ""website"": ""https://www.villo.be/""}"
anderlecht,osm:node/4954814199,Aumale,,amenity=bicycle_rental,,,50.8401144,4.3131528,,https://www.villo.be/,,WEBSITE_PRESENT,2026-08-15T10:02:32.711791+00:00,clean,,no confident canonical category mapping,"{""amenity"": ""bicycle_rental"", ""brand"": ""Villo!"", ""name"": ""Aumale"", ""operator"": ""JCDecaux"", ""website"": ""https://www.villo.be/""}"
anderlecht,osm:node/4954837448,Démosthène,,amenity=bicycle_rental,,,50.8406145,4.3048448,,https://www.villo.be/,,WEBSITE_PRESENT,2026-08-15T10:02:32.711791+00:00,clean,,no confident canonical category mapping,"{""amenity"": ""bicycle_rental"", ""brand"": ""Villo!"", ""name"": ""Démosthène"", ""operator"": ""JCDecaux"", ""website"": ""https://www.villo.be/""}"
anderlecht,osm:node/4954846105,Peterbos,,amenity=bicycle_rental,,,50.8414817,4.2960492,,https://www.villo.be/,,WEBSITE_PRESENT,2026-08-15T10:02:32.711791+00:00,clean,,no confident canonical category mapping,"{""amenity"": ""bicycle_rental"", ""brand"": ""Villo!"", ""name"": ""Peterbos"", ""operator"": ""JCDecaux"", ""website"": ""https://www.villo.be/""}"
anderlecht,osm:node/4954860024,Henri Rey,,amenity=bicycle_rental,,,50.8437558,4.3048431,,https://www.villo.be/,,WEBSITE_PRESENT,2026-08-15T10:02:32.711791+00:00,clean,,no confident canonical category mapping,"{""amenity"": ""bicycle_rental"", ""brand"": ""Villo!"", ""name"": ""Henri Rey"", ""operator"": ""JCDecaux"", ""website"": ""https://www.villo.be/""}"
anderlecht,osm:node/4954874824,Prince de Liège - Prins van Luik,,amenity=bicycle_rental,,,50.8469016,4.2978153,,https://www.villo.be/,,WEBSITE_PRESENT,2026-08-15T10:02:32.711791+00:00,clean,,no confident canonical category mapping,"{""amenity"": ""bicycle_rental"", ""brand"": ""Villo!"", ""name"": ""Prince de Liège - Prins van Luik"", ""operator"": ""JCDecaux"", ""website"": ""https://www.villo.be/""}"
anderlecht,osm:node/4954876001,Vétérans Coloniaux - Koloniale Veteranen,,amenity=bicycle_rental,,,50.8439908,4.3137064,,https://www.villo.be/,,WEBSITE_PRESENT,2026-08-15T10:02:32.711791+00:00,clean,,no confident canonical category mapping,"{""amenity"": ""bicycle_rental"", ""brand"": ""Villo!"", ""name"": ""Vétérans Coloniaux - Koloniale Veteranen"", ""operator"": ""JCDecaux"", ""website"": ""https://www.villo.be/""}"
anderlecht,osm:node/4954881189,De Smet,,amenity=bicycle_rental,,,50.848196,4.3151991,,https://www.villo.be/,,WEBSITE_PRESENT,2026-08-15T10:02:32.711791+00:00,clean,,no confident canonical category mapping,"{""amenity"": ""bicycle_rental"", ""brand"": ""Villo!"", ""name"": ""De Smet"", ""operator"": ""JCDecaux"", ""website"": ""https://www.villo.be/""}"
anderlecht,osm:node/4973893019,New Maranello,restaurant,amenity=restaurant,,,50.8211255,4.3033462,,http://www.newmaranello.com,,WEBSITE_PRESENT,2026-08-15T10:02:32.711791+00:00,clean,,,"{""amenity"": ""restaurant"", ""contact:website"": ""http://www.newmaranello.com"", ""name"": ""New Maranello""}"
anderlecht,osm:node/5009462992,Érasme — Hôpital de jour - Erasmus — Dagziekenhuis,,amenity=clinic,,,50.8134493,4.2635684,,,,NO_WEBSITE,2026-08-15T10:02:32.711791+00:00,clean,,no confident canonical category mapping,"{""amenity"": ""clinic"", ""name"": ""Érasme — Hôpital de jour - Erasmus — Dagziekenhuis""}"
anderlecht,osm:node/5022909121,Legend hao,restaurant,amenity=restaurant,,,50.8465862,4.2971336,,,,NO_WEBSITE,2026-08-15T10:02:32.711791+00:00,clean,,,"{""amenity"": ""restaurant"", ""name"": ""Legend hao""}"
anderlecht,osm:node/5073455430,De Klaproos,,amenity=childcare,,,50.8399821,4.3219733,,,,NO_WEBSITE,2026-08-15T10:02:32.711791+00:00,clean,,no confident canonical category mapping,"{""amenity"": ""childcare"", ""name"": ""De Klaproos"", ""operator"": ""Commune d'Anderlecht - Gemeente Anderlecht""}"
anderlecht,osm:node/5076976847,Wijkgezondheidscentrum MediKuregem,,amenity=clinic;healthcare=clinic,,,50.8364906,4.3251257,+32 2 522 32 87,https://www.medikuregem.be,,WEBSITE_PRESENT,2026-08-15T10:02:32.711791+00:00,clean,,no confident canonical category mapping,"{""amenity"": ""clinic"", ""contact:phone"": ""+32 2 522 32 87"", ""contact:website"": ""https://www.medikuregem.be"", ""healthcare"": ""clinic"", ""name"": ""Wijkgezondheidscentrum MediKuregem""}"
anderlecht,osm:node/5160379128,DoucheFlux,,amenity=shower,,,50.833307,4.3295324,,https://doucheflux.be/,,WEBSITE_PRESENT,2026-08-15T10:02:32.711791+00:00,clean,,no confident canonical category mapping,"{""amenity"": ""shower"", ""contact:website"": ""https://doucheflux.be/"", ""name"": ""DoucheFlux""}"
anderlecht,osm:node/5241018521,In Den Appelboom,restaurant,amenity=restaurant,,,50.8321696,4.263672,,,,NO_WEBSITE,2026-08-15T10:02:32.711791+00:00,clean,,,"{""amenity"": ""restaurant"", ""name"": ""In Den Appelboom""}"
anderlecht,osm:node/5329910622,Multipharma,pharmacy,amenity=pharmacy,,,50.8314256,4.3104106,+32 2 522 51 42,https://www.multipharma.be/fr/nos-pharmacies/detail/multipharma-anderlecht-1,,WEBSITE_PRESENT,2026-08-15T10:02:32.711791+00:00,clean,,,"{""amenity"": ""pharmacy"", ""brand"": ""Multipharma"", ""contact:phone"": ""+32 2 522 51 42"", ""contact:website"": ""https://www.multipharma.be/fr/nos-pharmacies/detail/multipharma-anderlecht-1"", ""healthcare"": ""pharmacy"", ""name"": ""Multipharma""}"
anderlecht,osm:node/5329910923,Animaux de compagnie,veterinary,amenity=veterinary,,,50.8375627,4.3279556,+32 2 521 90 64,https://cliniqueveterinaire.be/,,WEBSITE_PRESENT,2026-08-15T10:02:32.711791+00:00,clean,,,"{""amenity"": ""veterinary"", ""contact:phone"": ""+32 2 521 90 64"", ""contact:website"": ""https://cliniqueveterinaire.be/"", ""name"": ""Animaux de compagnie""}"
anderlecht,osm:node/5331820622,Commissariat de quartier Rue Victor Rauter - Wijkcommissariaat Victor Rauterstraat,,amenity=police,,,50.8309169,4.3068393,+32 2 559 80 00,https://www.police.be/5341/fr/contact/commissariats/commissariat-de-quartier-rue-victor-rauter-anderlecht,,WEBSITE_PRESENT,2026-08-15T10:02:32.711791+00:00,clean,,no confident canonical category mapping,"{""amenity"": ""police"", ""contact:phone"": ""+32 2 559 80 00"", ""name"": ""Commissariat de quartier Rue Victor Rauter - Wijkcommissariaat Victor Rauterstraat"", ""operator"": ""ZP5341"", ""website"": ""https://www.police.be/5341/fr/contact/commissariats/commissariat-de-quartier-rue-victor-rauter-anderlecht""}"
anderlecht,osm:node/5421246725,La Kantine Du Canal,cafe,amenity=cafe,,,50.8447459,4.3246003,,,,NO_WEBSITE,2026-08-15T10:02:32.711791+00:00,clean,,,"{""amenity"": ""cafe"", ""name"": ""La Kantine Du Canal""}"
anderlecht,osm:node/5660621575,Alimentation Générale,,shop=vacant,,,50.8169692,4.281895,,,,NO_WEBSITE,2026-08-15T10:02:32.711791+00:00,clean,,no confident canonical category mapping,"{""name"": ""Alimentation Générale"", ""shop"": ""vacant""}"
anderlecht,osm:node/5725838921,A.C. Bizet,pharmacy,amenity=pharmacy,,,50.8254227,4.2976572,+32 2 521 94 41,https://pharmacie-ac-bizet.business.site/,,WEBSITE_PRESENT,2026-08-15T10:02:32.711791+00:00,clean,,,"{""amenity"": ""pharmacy"", ""contact:phone"": ""+32 2 521 94 41"", ""contact:website"": ""https://pharmacie-ac-bizet.business.site/"", ""healthcare"": ""pharmacy"", ""name"": ""A.C. Bizet""}"
anderlecht,osm:node/6001609686,Slina Hotel Brussels,hotel,tourism=hotel,,,50.8432165,4.3330048,,,,NO_WEBSITE,2026-08-15T10:02:32.711791+00:00,clean,,,"{""name"": ""Slina Hotel Brussels"", ""tourism"": ""hotel""}"
anderlecht,osm:node/6039764322,Molenbeek Destock,clothing-store,shop=clothes,,,50.8484253,4.3156292,,https://be.shop-orchestra.com/nl/StoreLocator-Locate?storeid=B202,,WEBSITE_PRESENT,2026-08-15T10:02:32.711791+00:00,clean,,,"{""contact:website"": ""https://be.shop-orchestra.com/nl/StoreLocator-Locate?storeid=B202"", ""name"": ""Molenbeek Destock"", ""shop"": ""clothes""}"
anderlecht,osm:node/6057304086,Profilm Wyszynski,creative-services,craft=photographer,,,50.8368795,4.2979782,,,,NO_WEBSITE,2026-08-15T10:02:32.711791+00:00,clean,,,"{""craft"": ""photographer"", ""name"": ""Profilm Wyszynski""}"
anderlecht,osm:node/6177049561,Appel Thaï,restaurant,amenity=restaurant,,,50.8321818,4.2624486,+32 2 527 97 89,https://www.appelthai.be/,,WEBSITE_PRESENT,2026-08-15T10:02:32.711791+00:00,clean,,,"{""amenity"": ""restaurant"", ""contact:phone"": ""+32 2 527 97 89"", ""contact:website"": ""https://www.appelthai.be/"", ""name"": ""Appel Thaï""}"
anderlecht,osm:node/6229050669,All in Pol,,amenity=community_centre,,,50.8350313,4.3019933,,,,NO_WEBSITE,2026-08-15T10:02:32.711791+00:00,clean,,no confident canonical category mapping,"{""amenity"": ""community_centre"", ""name"": ""All in Pol""}"
anderlecht,osm:node/6266237277,L'Ermitage Nanobrasserie,bars-pubs,amenity=pub,,,50.8407556,4.3371301,+32 2 520 51 11,https://ermitagenanobrasserie.be/,https://www.facebook.com/ermitagenanobrasserie/,WEBSITE_PRESENT,2026-08-15T10:02:32.711791+00:00,clean,,,"{""amenity"": ""pub"", ""contact:facebook"": ""https://www.facebook.com/ermitagenanobrasserie/"", ""contact:phone"": ""+32 2 520 51 11"", ""contact:website"": ""https://ermitagenanobrasserie.be/"", ""name"": ""L'Ermitage Nanobrasserie""}"
anderlecht,osm:node/6270398964,Atelier de Métallisation de la Senne,,craft=metal_painter,,,50.8203083,4.3075911,+32 2 522 37 81,https://www.atelier-de-metallisation-delasenne.be,,WEBSITE_PRESENT,2026-08-15T10:02:32.711791+00:00,clean,,no confident canonical category mapping,"{""contact:phone"": ""+32 2 522 37 81"", ""contact:website"": ""https://www.atelier-de-metallisation-delasenne.be"", ""craft"": ""metal_painter"", ""name"": ""Atelier de Métallisation de la Senne""}"
anderlecht,osm:node/6381670768,Pharmanderlecht,pharmacy,amenity=pharmacy,,,50.8434579,4.3054717,,,,NO_WEBSITE,2026-08-15T10:02:32.711791+00:00,clean,,,"{""amenity"": ""pharmacy"", ""healthcare"": ""pharmacy"", ""name"": ""Pharmanderlecht""}"
anderlecht,osm:node/6478876100,Petite Île,,leisure=sports_centre,,,50.8316173,4.3219496,,https://petite-ile.be/,,WEBSITE_PRESENT,2026-08-15T10:02:32.711791+00:00,clean,,no confident canonical category mapping,"{""contact:website"": ""https://petite-ile.be/"", ""leisure"": ""sports_centre"", ""name"": ""Petite Île""}"
anderlecht,osm:node/6527997291,Gourmet Time,fast-food,amenity=fast_food,,,50.8389463,4.3322656,,,,NO_WEBSITE,2026-08-15T10:02:32.711791+00:00,clean,,,"{""amenity"": ""fast_food"", ""name"": ""Gourmet Time""}"
anderlecht,osm:node/6527997292,Delice d‘Orient,pastry-shops,shop=bakery,,,50.8389466,4.3307911,,,,NO_WEBSITE,2026-08-15T10:02:32.711791+00:00,clean,,,"{""name"": ""Delice d‘Orient"", ""shop"": ""bakery""}"
anderlecht,osm:node/6527997293,Es Es Market,,shop=convenience,,,50.8389363,4.3302277,,,,NO_WEBSITE,2026-08-15T10:02:32.711791+00:00,clean,,no confident canonical category mapping,"{""name"": ""Es Es Market"", ""shop"": ""convenience""}"
anderlecht,osm:node/6527997294,Delices d‘Orient,,shop=convenience,,,50.8379714,4.3314097,,,,NO_WEBSITE,2026-08-15T10:02:32.711791+00:00,clean,,no confident canonical category mapping,"{""name"": ""Delices d‘Orient"", ""shop"": ""convenience""}"
anderlecht,osm:node/6527997386,Minhas,,shop=convenience,,,50.8391775,4.3336584,,,,NO_WEBSITE,2026-08-15T10:02:32.711791+00:00,clean,,no confident canonical category mapping,"{""name"": ""Minhas"", ""shop"": ""convenience""}"
anderlecht,osm:node/6528013885,Bar Bizi-2,bars-pubs,amenity=bar,,,50.8389346,4.334871,,,,NO_WEBSITE,2026-08-15T10:02:32.711791+00:00,clean,,,"{""amenity"": ""bar"", ""name"": ""Bar Bizi-2""}"
anderlecht,osm:node/6528014085,Café Chaplin,cafe,amenity=cafe,,,50.8391512,4.3339321,,,,NO_WEBSITE,2026-08-15T10:02:32.711791+00:00,clean,,,"{""amenity"": ""cafe"", ""name"": ""Café Chaplin""}"
anderlecht,osm:node/6528014086,The Twin‘s Bar,bars-pubs,amenity=bar,,,50.8391557,4.3331519,,,,NO_WEBSITE,2026-08-15T10:02:32.711791+00:00,clean,,,"{""amenity"": ""bar"", ""name"": ""The Twin‘s Bar""}"
anderlecht,osm:node/6528014087,Nour Take Away,fast-food,amenity=fast_food,,,50.8389481,4.3324605,,,,NO_WEBSITE,2026-08-15T10:02:32.711791+00:00,clean,,,"{""amenity"": ""fast_food"", ""name"": ""Nour Take Away""}"
anderlecht,osm:node/6528014285,Coiffure Rayan 2,beauty-salon,shop=hairdresser,,,50.8389642,4.3305003,,,,NO_WEBSITE,2026-08-15T10:02:32.711791+00:00,clean,,,"{""name"": ""Coiffure Rayan 2"", ""shop"": ""hairdresser""}"
anderlecht,osm:node/6533707277,Le Livourno,,shop=newsagent,,,50.8394765,4.3024913,,,,NO_WEBSITE,2026-08-15T10:02:32.711791+00:00,clean,,no confident canonical category mapping,"{""name"": ""Le Livourno"", ""shop"": ""newsagent""}"
anderlecht,osm:node/6533707278,Willemijns,pharmacy,amenity=pharmacy,,,50.8394637,4.3019149,,,,NO_WEBSITE,2026-08-15T10:02:32.711791+00:00,clean,,,"{""amenity"": ""pharmacy"", ""healthcare"": ""pharmacy"", ""name"": ""Willemijns""}"
anderlecht,osm:node/6533707279,Carrefour Express,supermarkets,shop=supermarket,,,50.8400733,4.3050743,,,,NO_WEBSITE,2026-08-15T10:02:32.711791+00:00,clean,,,"{""brand"": ""Carrefour Express"", ""name"": ""Carrefour Express"", ""operator"": ""Groupe Carrefour"", ""shop"": ""supermarket""}"
anderlecht,osm:node/6578559058,Nederlandstalige bibliotheek,,amenity=library,,,50.8359408,4.3007731,,https://anderlecht.bibliotheek.be/,,WEBSITE_PRESENT,2026-08-15T10:02:32.711791+00:00,clean,,no confident canonical category mapping,"{""amenity"": ""library"", ""contact:website"": ""https://anderlecht.bibliotheek.be/"", ""name"": ""Nederlandstalige bibliotheek""}"
anderlecht,osm:node/6635559140,Police des chemins de fer - Spoorwegpolitie,,amenity=police,,,50.8375974,4.3342266,+32 2 528 14 31,,,NO_WEBSITE,2026-08-15T10:02:32.711791+00:00,clean,,no confident canonical category mapping,"{""amenity"": ""police"", ""contact:phone"": ""+32 2 528 14 31"", ""name"": ""Police des chemins de fer - Spoorwegpolitie"", ""operator"": ""Police des chemins de fer - Spoorwegpolitie""}"
anderlecht,osm:node/6662358959,O'Tacos,fast-food,amenity=fast_food,,,50.8347158,4.3071824,,,,NO_WEBSITE,2026-08-15T10:02:32.711791+00:00,clean,,,"{""amenity"": ""fast_food"", ""brand"": ""O'Tacos"", ""name"": ""O'Tacos""}"
anderlecht,osm:node/6699404286,Centre de Lavage,,amenity=car_wash,,,50.8228446,4.317236,,,,NO_WEBSITE,2026-08-15T10:02:32.711791+00:00,clean,,no confident canonical category mapping,"{""amenity"": ""car_wash"", ""name"": ""Centre de Lavage""}"
anderlecht,osm:node/6699412785,L'Escale,bars-pubs,amenity=pub,,,50.8217788,4.3158575,,,,NO_WEBSITE,2026-08-15T10:02:32.711791+00:00,clean,,,"{""amenity"": ""pub"", ""name"": ""L'Escale""}"
anderlecht,osm:node/6699423986,Texaco,,amenity=fuel,,,50.8157536,4.3080913,,,,NO_WEBSITE,2026-08-15T10:02:32.711791+00:00,clean,,no confident canonical category mapping,"{""amenity"": ""fuel"", ""brand"": ""Texaco"", ""name"": ""Texaco""}"
anderlecht,osm:node/6707448061,Pizzamore,fast-food,amenity=fast_food,,,50.8423141,4.3290812,,,,NO_WEBSITE,2026-08-15T10:02:32.711791+00:00,clean,,,"{""amenity"": ""fast_food"", ""name"": ""Pizzamore""}"
anderlecht,osm:node/6707448062,Captain John,fast-food,amenity=fast_food,,,50.8422665,4.3291692,,,,NO_WEBSITE,2026-08-15T10:02:32.711791+00:00,clean,,,"{""amenity"": ""fast_food"", ""name"": ""Captain John""}"
anderlecht,osm:node/6707940072,Mister Pieces,,shop=appliance,,,50.8299924,4.3074616,+32 2 524 24 13,https://www.misterpieces.be,,WEBSITE_PRESENT,2026-08-15T10:02:32.711791+00:00,clean,,no confident canonical category mapping,"{""contact:phone"": ""+32 2 524 24 13"", ""contact:website"": ""https://www.misterpieces.be"", ""name"": ""Mister Pieces"", ""operator"": ""Mister Pieces"", ""shop"": ""appliance""}"
anderlecht,osm:node/6738291579,Ben & Juice,fast-food,amenity=fast_food,,,50.8448735,4.321725,,,,NO_WEBSITE,2026-08-15T10:02:32.711791+00:00,clean,,,"{""amenity"": ""fast_food"", ""name"": ""Ben & Juice""}"
anderlecht,osm:node/6738292958,Pur délice,pastry-shops,shop=bakery,,,50.8448963,4.3217642,,,,NO_WEBSITE,2026-08-15T10:02:32.711791+00:00,clean,,,"{""name"": ""Pur délice"", ""shop"": ""bakery""}"
anderlecht,osm:node/6738306457,Basic-Fit,gym,leisure=fitness_centre,,,50.844919,4.3218034,,,,NO_WEBSITE,2026-08-15T10:02:32.711791+00:00,clean,,,"{""brand"": ""Basic-Fit"", ""leisure"": ""fitness_centre"", ""name"": ""Basic-Fit""}"
anderlecht,osm:node/6766987386,De notelaar,restaurant,amenity=restaurant,,,50.8316929,4.2609907,+32 2 527 11 28,http://www.restaurant-denotelaar.be,,WEBSITE_PRESENT,2026-08-15T10:02:32.711791+00:00,clean,,,"{""amenity"": ""restaurant"", ""contact:phone"": ""+32 2 527 11 28"", ""contact:website"": ""http://www.restaurant-denotelaar.be"", ""name"": ""De notelaar""}"
anderlecht,osm:node/6804307673,Aczane,pharmacy,amenity=pharmacy,,,50.8371403,4.3300705,,,,NO_WEBSITE,2026-08-15T10:02:32.711791+00:00,clean,,,"{""amenity"": ""pharmacy"", ""healthcare"": ""pharmacy"", ""name"": ""Aczane""}"
anderlecht,osm:node/6900337588,Veeweyde - Veeweide,,amenity=car_sharing,,,50.8281986,4.2994636,,https://www.cambio.be/en-bxl/stations/veeweyde,,WEBSITE_PRESENT,2026-08-15T10:02:32.711791+00:00,clean,,no confident canonical category mapping,"{""amenity"": ""car_sharing"", ""brand"": ""Cambio"", ""contact:website"": ""https://www.cambio.be/en-bxl/stations/veeweyde"", ""name"": ""Veeweyde - Veeweide"", ""operator"": ""cambio CarSharing""}"
anderlecht,osm:node/6900366645,Gazi,,shop=convenience,,,50.8295995,4.3009722,,,,NO_WEBSITE,2026-08-15T10:02:32.711791+00:00,clean,,no confident canonical category mapping,"{""name"": ""Gazi"", ""shop"": ""convenience""}"
anderlecht,osm:node/6966442906,Cultureghem,,amenity=community_centre,,,50.8427132,4.3286421,+32 2 556 11 79,https://www.cultureghem.be/,,WEBSITE_PRESENT,2026-08-15T10:02:32.711791+00:00,clean,,no confident canonical category mapping,"{""amenity"": ""community_centre"", ""contact:phone"": ""+32 2 556 11 79"", ""contact:website"": ""https://www.cultureghem.be/"", ""name"": ""Cultureghem""}"
anderlecht,osm:node/6970161510,Usitoo,,shop=variety_store,,,50.845404,4.3233222,,https://www.app.usitoo.be/,,WEBSITE_PRESENT,2026-08-15T10:02:32.711791+00:00,clean,,no confident canonical category mapping,"{""contact:website"": ""https://www.app.usitoo.be/"", ""name"": ""Usitoo"", ""shop"": ""variety_store""}"
anderlecht,osm:node/7121650857,Vétérinaires,,amenity=bicycle_parking,,,50.8347701,4.3268636,,https://cycloparking.brussels/,,WEBSITE_PRESENT,2026-08-15T10:02:32.711791+00:00,clean,,no confident canonical category mapping,"{""amenity"": ""bicycle_parking"", ""name"": ""Vétérinaires"", ""operator"": ""parking.brussels"", ""website"": ""https://cycloparking.brussels/""}"
anderlecht,osm:node/7154843468,Atelier Cartographique,,office=company,,,50.8461855,4.3337802,,https://atelier-cartographique.be,,WEBSITE_PRESENT,2026-08-15T10:02:32.711791+00:00,clean,,no confident canonical category mapping,"{""contact:website"": ""https://atelier-cartographique.be"", ""name"": ""Atelier Cartographique"", ""office"": ""company""}"
anderlecht,osm:node/7169788515,La Fabriek,restaurant,amenity=restaurant,,,50.8322221,4.3219613,,http://www.antidotecantine.be/,,WEBSITE_PRESENT,2026-08-15T10:02:32.711791+00:00,clean,,,"{""amenity"": ""restaurant"", ""contact:website"": ""http://www.antidotecantine.be/"", ""name"": ""La Fabriek""}"
anderlecht,osm:node/7179896163,Foyer Anderlechtois - Anderlechtse Haard,real-estate-agencies,office=estate_agent,,,50.8335359,4.3130632,,https://www.foyer-anderlechtois.be/,,WEBSITE_PRESENT,2026-08-15T10:02:32.711791+00:00,clean,,,"{""name"": ""Foyer Anderlechtois - Anderlechtse Haard"", ""office"": ""estate_agent"", ""website"": ""https://www.foyer-anderlechtois.be/""}"
anderlecht,osm:node/7335368922,Pédicure Abida Hammouche,,healthcare=podiatrist,,,50.8397654,4.2897791,,,,NO_WEBSITE,2026-08-15T10:02:32.711791+00:00,clean,,no confident canonical category mapping,"{""healthcare"": ""podiatrist"", ""name"": ""Pédicure Abida Hammouche""}"
anderlecht,osm:node/7354904019,Proximus,,shop=mobile_phone,,,50.8201634,4.2817468,+32 2 526 55 79,,,NO_WEBSITE,2026-08-15T10:02:32.711791+00:00,clean,,no confident canonical category mapping,"{""contact:phone"": ""+32 2 526 55 79"", ""name"": ""Proximus"", ""shop"": ""mobile_phone""}"
anderlecht,osm:node/7354926070,Jack & Jones,clothing-store,shop=clothes,,,50.8201668,4.2812317,,,,NO_WEBSITE,2026-08-15T10:02:32.711791+00:00,clean,,,"{""brand"": ""Jack & Jones"", ""name"": ""Jack & Jones"", ""shop"": ""clothes""}"
anderlecht,osm:node/7354926071,Springfield,clothing-store,shop=clothes,,,50.8201668,4.2810547,,,,NO_WEBSITE,2026-08-15T10:02:32.711791+00:00,clean,,,"{""brand"": ""Springfield"", ""name"": ""Springfield"", ""shop"": ""clothes""}"
anderlecht,osm:node/7354926073,H&L Coiffure,beauty-salon,shop=hairdresser,,,50.820177,4.2806792,,,,NO_WEBSITE,2026-08-15T10:02:32.711791+00:00,clean,,,"{""name"": ""H&L Coiffure"", ""shop"": ""hairdresser""}"
anderlecht,osm:node/7354926074,Wazawok,restaurant,amenity=restaurant,,,50.820177,4.280529,,,,NO_WEBSITE,2026-08-15T10:02:32.711791+00:00,clean,,,"{""amenity"": ""restaurant"", ""name"": ""Wazawok""}"
anderlecht,osm:node/7354926075,McDonald's,fast-food,amenity=fast_food,,,50.8201939,4.2802125,,https://www.mcdonalds.be/nl/restaurants/anderlecht-cora,,WEBSITE_PRESENT,2026-08-15T10:02:32.711791+00:00,clean,,,"{""amenity"": ""fast_food"", ""brand"": ""McDonald's"", ""name"": ""McDonald's"", ""website"": ""https://www.mcdonalds.be/nl/restaurants/anderlecht-cora""}"
anderlecht,osm:node/7354926076,Miss Waffle,cafe,amenity=cafe,,,50.8201228,4.2797458,,,,NO_WEBSITE,2026-08-15T10:02:32.711791+00:00,clean,,,"{""amenity"": ""cafe"", ""name"": ""Miss Waffle""}"
anderlecht,osm:node/7354926077,Pronti,clothing-store,shop=clothes,,,50.8199533,4.2818218,,,,NO_WEBSITE,2026-08-15T10:02:32.711791+00:00,clean,,,"{""name"": ""Pronti"", ""shop"": ""clothes""}"
anderlecht,osm:node/7354970223,Venizi,jewelry-stores,shop=jewelry,,,50.8200702,4.2816824,,,,NO_WEBSITE,2026-08-15T10:02:32.711791+00:00,clean,,,"{""name"": ""Venizi"", ""shop"": ""jewelry""}"
anderlecht,osm:node/7354970224,Sweet *n Fairy,pastry-shops,shop=confectionery,,,50.8199889,4.281677,,,,NO_WEBSITE,2026-08-15T10:02:32.711791+00:00,clean,,,"{""name"": ""Sweet *n Fairy"", ""shop"": ""confectionery""}"
anderlecht,osm:node/7354970225,Retouches Express,,shop=tailor,,,50.8199042,4.281677,,,,NO_WEBSITE,2026-08-15T10:02:32.711791+00:00,clean,,no confident canonical category mapping,"{""name"": ""Retouches Express"", ""shop"": ""tailor""}"
anderlecht,osm:node/7354970226,Autres Saveurs,fast-food,amenity=fast_food,,,50.8197754,4.2816716,,,,NO_WEBSITE,2026-08-15T10:02:32.711791+00:00,clean,,,"{""amenity"": ""fast_food"", ""name"": ""Autres Saveurs""}"
anderlecht,osm:node/7366811914,Rollier,,shop=butcher,,,50.834591,4.2898572,,,,NO_WEBSITE,2026-08-15T10:02:32.711791+00:00,clean,,no confident canonical category mapping,"{""name"": ""Rollier"", ""shop"": ""butcher""}"
anderlecht,osm:node/7503806291,Gamma,,shop=doityourself,,,50.821645,4.3072318,,,,NO_WEBSITE,2026-08-15T10:02:32.711791+00:00,clean,,no confident canonical category mapping,"{""brand"": ""Gamma"", ""name"": ""Gamma"", ""shop"": ""doityourself""}"
anderlecht,osm:node/7518171478,Volta,,amenity=music_venue,,,50.8322028,4.3215934,,,,NO_WEBSITE,2026-08-15T10:02:32.711791+00:00,clean,,no confident canonical category mapping,"{""amenity"": ""music_venue"", ""name"": ""Volta""}"
anderlecht,osm:node/7625385105,Syndicat des Locataires,,amenity=community_centre,,,50.8390443,4.3218858,+32 2 522 98 69,https://syndicatdeslocataires.wordpress.com,,WEBSITE_PRESENT,2026-08-15T10:02:32.711791+00:00,clean,,no confident canonical category mapping,"{""amenity"": ""community_centre"", ""contact:phone"": ""+32 2 522 98 69"", ""contact:website"": ""https://syndicatdeslocataires.wordpress.com"", ""name"": ""Syndicat des Locataires""}"
anderlecht,osm:node/7667797285,Nekorif,supermarkets,shop=supermarket,,,50.8350621,4.3087423,,,,NO_WEBSITE,2026-08-15T10:02:32.711791+00:00,clean,,,"{""name"": ""Nekorif"", ""shop"": ""supermarket""}"
anderlecht,osm:node/7667797287,Bazi,pastry-shops,shop=bakery,,,50.8342463,4.3067005,,,,NO_WEBSITE,2026-08-15T10:02:32.711791+00:00,clean,,,"{""name"": ""Bazi"", ""shop"": ""bakery""}"
anderlecht,osm:node/7728808539,Mobility Center VDB,,shop=ebikes;micro_mobility;scooters,,,50.8393283,4.3159181,+32 2 523 27 26,https://www.mobilitycentervdb.com/,,WEBSITE_PRESENT,2026-08-15T10:02:32.711791+00:00,clean,,no confident canonical category mapping,"{""contact:phone"": ""+32 2 523 27 26"", ""contact:website"": ""https://www.mobilitycentervdb.com/"", ""name"": ""Mobility Center VDB"", ""shop"": ""ebikes;micro_mobility;scooters""}"
anderlecht,osm:node/7734073236,Vélo Recup,,shop=bicycle,,,50.8452762,4.3247565,,,,NO_WEBSITE,2026-08-15T10:02:32.711791+00:00,clean,,no confident canonical category mapping,"{""name"": ""Vélo Recup"", ""shop"": ""bicycle""}"
anderlecht,osm:node/7764822164,Studio Citygate Cycle,,shop=bicycle,,,50.8325043,4.3220705,,https://studiocitygate.com/news/citygate-cycle,studiocitygate,WEBSITE_PRESENT,2026-08-15T10:02:32.711791+00:00,clean,,no confident canonical category mapping,"{""contact:facebook"": ""studiocitygate"", ""name"": ""Studio Citygate Cycle"", ""shop"": ""bicycle"", ""website"": ""https://studiocitygate.com/news/citygate-cycle""}"
anderlecht,osm:node/7847732408,Drapeau,,amenity=bicycle_parking,,,50.8364576,4.3100298,,https://cycloparking.brussels/,,WEBSITE_PRESENT,2026-08-15T10:02:32.711791+00:00,clean,,no confident canonical category mapping,"{""amenity"": ""bicycle_parking"", ""name"": ""Drapeau"", ""operator"": ""parking.brussels"", ""website"": ""https://cycloparking.brussels/""}"
anderlecht,osm:node/7859128038,La flaque,,amenity=community_centre,,,50.8387529,4.3173941,,,,NO_WEBSITE,2026-08-15T10:02:32.711791+00:00,clean,,no confident canonical category mapping,"{""amenity"": ""community_centre"", ""name"": ""La flaque""}"
anderlecht,osm:node/7892829931,WAO,,office=coworking,,,50.8410132,4.3371728,,https://www.waocoworking.be/,,WEBSITE_PRESENT,2026-08-15T10:02:32.711791+00:00,clean,,no confident canonical category mapping,"{""contact:website"": ""https://www.waocoworking.be/"", ""name"": ""WAO"", ""office"": ""coworking""}"
anderlecht,osm:node/7905187118,Vomolux,,shop=window_blind,,,50.8369172,4.3204339,+32 2 521 53 51,,,NO_WEBSITE,2026-08-15T10:02:32.711791+00:00,clean,,no confident canonical category mapping,"{""contact:phone"": ""+32 2 521 53 51"", ""name"": ""Vomolux"", ""shop"": ""window_blind""}"
anderlecht,osm:node/7960001405,Restaurant didactique,restaurant,amenity=restaurant,,,50.814985,4.2967604,,https://ceria.brussels/info-resto,,WEBSITE_PRESENT,2026-08-15T10:02:32.711791+00:00,clean,,,"{""amenity"": ""restaurant"", ""contact:website"": ""https://ceria.brussels/info-resto"", ""name"": ""Restaurant didactique""}"
anderlecht,osm:node/7960001412,Free-flow,restaurant,amenity=restaurant,,,50.8142019,4.2952367,,,,NO_WEBSITE,2026-08-15T10:02:32.711791+00:00,clean,,,"{""amenity"": ""restaurant"", ""name"": ""Free-flow""}"
anderlecht,osm:node/7960001413,Auditorium Jacques Brel,,amenity=theatre,,,50.8151095,4.2974729,,https://auditoriumjbrel.ceria.brussels/,,WEBSITE_PRESENT,2026-08-15T10:02:32.711791+00:00,clean,,no confident canonical category mapping,"{""amenity"": ""theatre"", ""contact:website"": ""https://auditoriumjbrel.ceria.brussels/"", ""name"": ""Auditorium Jacques Brel""}"
anderlecht,osm:node/7960486610,Labiris,,office=research,,,50.8160048,4.2954239,+32 2 526 72 92,https://labiris.brussels/,,WEBSITE_PRESENT,2026-08-15T10:02:32.711791+00:00,clean,,no confident canonical category mapping,"{""contact:phone"": ""+32 2 526 72 92"", ""contact:website"": ""https://labiris.brussels/"", ""name"": ""Labiris"", ""office"": ""research""}"
anderlecht,osm:node/7960486611,Bibliothèque du CERIA,,amenity=library,,,50.8159844,4.2960274,,https://www.bibliothequeceria.be/,,WEBSITE_PRESENT,2026-08-15T10:02:32.711791+00:00,clean,,no confident canonical category mapping,"{""amenity"": ""library"", ""name"": ""Bibliothèque du CERIA"", ""website"": ""https://www.bibliothequeceria.be/""}"
anderlecht,osm:node/7960486612,Centre de prêt,electronics-stores,shop=electronics,,,50.8166335,4.2960354,,https://centredepretdematerielaudiovisuel.spfb.be/,,WEBSITE_PRESENT,2026-08-15T10:02:32.711791+00:00,clean,,,"{""contact:website"": ""https://centredepretdematerielaudiovisuel.spfb.be/"", ""name"": ""Centre de prêt"", ""shop"": ""electronics""}"
anderlecht,osm:node/7963161627,Service de plomberie,,craft=plumber,,,50.8149336,4.2979537,,,,NO_WEBSITE,2026-08-15T10:02:32.711791+00:00,clean,,no confident canonical category mapping,"{""craft"": ""plumber"", ""name"": ""Service de plomberie""}"
anderlecht,osm:node/7963161628,Service d'électricité,,craft=electrician,,,50.8148964,4.2980784,,,,NO_WEBSITE,2026-08-15T10:02:32.711791+00:00,clean,,no confident canonical category mapping,"{""craft"": ""electrician"", ""name"": ""Service d'électricité""}"
anderlecht,osm:node/7963161629,Magasin des différents types de maintenance,,shop=doityourself,,,50.8148706,4.2983005,,,,NO_WEBSITE,2026-08-15T10:02:32.711791+00:00,clean,,no confident canonical category mapping,"{""name"": ""Magasin des différents types de maintenance"", ""shop"": ""doityourself""}"
anderlecht,osm:node/7963161630,Service de menuiserie,,craft=joiner,,,50.8149264,4.2983574,,,,NO_WEBSITE,2026-08-15T10:02:32.711791+00:00,clean,,no confident canonical category mapping,"{""craft"": ""joiner"", ""name"": ""Service de menuiserie""}"
anderlecht,osm:node/7963161631,Service de peinture,,craft=painter,,,50.8149837,4.2984095,,,,NO_WEBSITE,2026-08-15T10:02:32.711791+00:00,clean,,no confident canonical category mapping,"{""craft"": ""painter"", ""name"": ""Service de peinture""}"
anderlecht,osm:node/8022883843,Iris Optial Center,,shop=optician,,,50.8199316,4.2803636,,,,NO_WEBSITE,2026-08-15T10:02:32.711791+00:00,clean,,no confident canonical category mapping,"{""name"": ""Iris Optial Center"", ""shop"": ""optician""}"
anderlecht,osm:node/8240272104,Press shop,,shop=kiosk,,,50.8138977,4.266954,+32 2 523 61 24,https://www.ubiwayretail.be/fr/nos-magasins/press-shop,,WEBSITE_PRESENT,2026-08-15T10:02:32.711791+00:00,clean,,no confident canonical category mapping,"{""contact:phone"": ""+32 2 523 61 24"", ""contact:website"": ""https://www.ubiwayretail.be/fr/nos-magasins/press-shop"", ""name"": ""Press shop"", ""shop"": ""kiosk""}"
anderlecht,osm:node/8240304380,PUB Erasme,bookstore,shop=books,,,50.8139809,4.2684035,+32 2 555 64 29,https://www.pub-ulb.be,,WEBSITE_PRESENT,2026-08-15T10:02:32.711791+00:00,clean,,,"{""contact:phone"": ""+32 2 555 64 29"", ""contact:website"": ""https://www.pub-ulb.be"", ""name"": ""PUB Erasme"", ""operator"": ""ULB"", ""shop"": ""books""}"
anderlecht,osm:node/8240346947,Brasserie Le Pré Vert,restaurant,amenity=restaurant,,,50.8139301,4.2672213,+32 2 523 08 38,https://www.erasme.ulb.ac.be/fr/infos-pratiques/commerces-facilites/restauration,,WEBSITE_PRESENT,2026-08-15T10:02:32.711791+00:00,clean,,,"{""amenity"": ""restaurant"", ""contact:phone"": ""+32 2 523 08 38"", ""contact:website"": ""https://www.erasme.ulb.ac.be/fr/infos-pratiques/commerces-facilites/restauration"", ""name"": ""Brasserie Le Pré Vert""}"
anderlecht,osm:node/8240452981,Copy shop,,shop=copyshop,,,50.8139618,4.2669362,+32 2 527 49 89,https://www.erasmecopyshop.be,,WEBSITE_PRESENT,2026-08-15T10:02:32.711791+00:00,clean,,no confident canonical category mapping,"{""contact:phone"": ""+32 2 527 49 89"", ""contact:website"": ""https://www.erasmecopyshop.be"", ""name"": ""Copy shop"", ""shop"": ""copyshop""}"
anderlecht,osm:node/8240466323,Leonidas,,shop=chocolate,,,50.8140255,4.2669152,+32 2 520 67 51,https://leonidas-anderlecht.business.site,,WEBSITE_PRESENT,2026-08-15T10:02:32.711791+00:00,clean,,no confident canonical category mapping,"{""brand"": ""Leonidas"", ""contact:phone"": ""+32 2 520 67 51"", ""contact:website"": ""https://leonidas-anderlecht.business.site"", ""name"": ""Leonidas"", ""shop"": ""chocolate""}"
anderlecht,osm:node/8264811217,Bois Watteau,,shop=doityourself,,,50.8462484,4.3179584,+32 2 528 07 90,https://www.watteau.be,,WEBSITE_PRESENT,2026-08-15T10:02:32.711791+00:00,clean,,no confident canonical category mapping,"{""contact:phone"": ""+32 2 528 07 90"", ""contact:website"": ""https://www.watteau.be"", ""name"": ""Bois Watteau"", ""shop"": ""doityourself""}"
anderlecht,osm:node/8591907117,Textilia,clothing-store,shop=clothes,,,50.8165021,4.2783558,+32 2 523 45 67,https://www.textilia.be,,WEBSITE_PRESENT,2026-08-15T10:02:32.711791+00:00,clean,,,"{""contact:phone"": ""+32 2 523 45 67"", ""contact:website"": ""https://www.textilia.be"", ""name"": ""Textilia"", ""shop"": ""clothes""}"
anderlecht,osm:node/8594604790,Promenade verte - Groene wandeling,,tourism=information,,,50.8125443,4.2702922,,,,NO_WEBSITE,2026-08-15T10:02:32.711791+00:00,clean,,no confident canonical category mapping,"{""name"": ""Promenade verte - Groene wandeling"", ""tourism"": ""information""}"
anderlecht,osm:node/8594604804,Ferme - Boerderij,,tourism=information,,,50.8120588,4.2646287,,,,NO_WEBSITE,2026-08-15T10:02:32.711791+00:00,clean,,no confident canonical category mapping,"{""name"": ""Ferme - Boerderij"", ""tourism"": ""information""}"
anderlecht,osm:node/8594604810,Parcours méditatif - Meditatieparcours,,tourism=information,,,50.8121326,4.26533,,https://environnement.brussels/thematiques/espaces-verts-et-biodiversite/la-promenade-verte/parcours-meditatif,,WEBSITE_PRESENT,2026-08-15T10:02:32.711791+00:00,clean,,no confident canonical category mapping,"{""name"": ""Parcours méditatif - Meditatieparcours"", ""tourism"": ""information"", ""website"": ""https://environnement.brussels/thematiques/espaces-verts-et-biodiversite/la-promenade-verte/parcours-meditatif""}"
anderlecht,osm:node/8684405376,Intermarché,supermarkets,shop=supermarket,,,50.8244724,4.3089786,,https://www.intermarche.be/magasins/intermarche-anderlecht/,,WEBSITE_PRESENT,2026-08-15T10:02:32.711791+00:00,clean,,,"{""brand"": ""Intermarché"", ""contact:website"": ""https://www.intermarche.be/magasins/intermarche-anderlecht/"", ""name"": ""Intermarché"", ""operator"": ""Intermarché"", ""shop"": ""supermarket""}"
anderlecht,osm:node/8717872822,Pizzeria Marco,restaurant,amenity=restaurant,,,50.8412638,4.3035343,+32 2 520 07 99,,,NO_WEBSITE,2026-08-15T10:02:32.711791+00:00,clean,,,"{""amenity"": ""restaurant"", ""contact:phone"": ""+32 2 520 07 99"", ""name"": ""Pizzeria Marco""}"
anderlecht,osm:node/8722539362,Wayez Shoe,shoe-stores,shop=shoes,,,50.8366876,4.3171379,+32 2 521 48 94,https://www.wayezshoe.be/,,WEBSITE_PRESENT,2026-08-15T10:02:32.711791+00:00,clean,,,"{""contact:phone"": ""+32 2 521 48 94"", ""contact:website"": ""https://www.wayezshoe.be/"", ""name"": ""Wayez Shoe"", ""shop"": ""shoes""}"
anderlecht,osm:node/8723015026,Record Express Delivery,,office=logistics,,,50.8137358,4.3032698,,,,NO_WEBSITE,2026-08-15T10:02:32.711791+00:00,clean,,no confident canonical category mapping,"{""name"": ""Record Express Delivery"", ""office"": ""logistics""}"
anderlecht,osm:node/8725649025,Esso Express,,amenity=fuel,,,50.8170853,4.28109,,,,NO_WEBSITE,2026-08-15T10:02:32.711791+00:00,clean,,no confident canonical category mapping,"{""amenity"": ""fuel"", ""brand"": ""Esso Express"", ""name"": ""Esso Express""}"
anderlecht,osm:node/8736384976,Luxauto,,amenity=car_rental,,,50.8135858,4.3033804,+32 2 538 86 26,https://www.luxauto.be,,WEBSITE_PRESENT,2026-08-15T10:02:32.711791+00:00,clean,,no confident canonical category mapping,"{""amenity"": ""car_rental"", ""brand"": ""Luxauto"", ""contact:phone"": ""+32 2 538 86 26"", ""contact:website"": ""https://www.luxauto.be"", ""name"": ""Luxauto""}"
anderlecht,osm:node/8736384978,Clavie Packaging,,shop=packaging,,,50.8139252,4.3035494,,https://www.clavie.be/,,WEBSITE_PRESENT,2026-08-15T10:02:32.711791+00:00,clean,,no confident canonical category mapping,"{""contact:website"": ""https://www.clavie.be/"", ""name"": ""Clavie Packaging"", ""shop"": ""packaging""}"
anderlecht,osm:node/8773677522,Les Caves de l'Ermitage,,shop=alcohol,,,50.8413836,4.3353122,,https://ermitagenanobrasserie.be/,https://www.facebook.com/lescavesdelermitage/,WEBSITE_PRESENT,2026-08-15T10:02:32.711791+00:00,clean,,no confident canonical category mapping,"{""contact:facebook"": ""https://www.facebook.com/lescavesdelermitage/"", ""contact:website"": ""https://ermitagenanobrasserie.be/"", ""name"": ""Les Caves de l'Ermitage"", ""shop"": ""alcohol""}"
anderlecht,osm:node/8888947670,Gare ô Canard - Eendje voor Onderweg,,tourism=artwork,,,50.8354457,4.30663,,,,NO_WEBSITE,2026-08-15T10:02:32.711791+00:00,clean,,no confident canonical category mapping,"{""name"": ""Gare ô Canard - Eendje voor Onderweg"", ""tourism"": ""artwork""}"
anderlecht,osm:node/8978478772,Inter-Environnement Bruxelles,,office=ngo,,,50.8462317,4.3339217,+32 2 801 14 80,https://www.ieb.be,,WEBSITE_PRESENT,2026-08-15T10:02:32.711791+00:00,clean,,no confident canonical category mapping,"{""contact:phone"": ""+32 2 801 14 80"", ""contact:website"": ""https://www.ieb.be"", ""name"": ""Inter-Environnement Bruxelles"", ""office"": ""ngo""}"
anderlecht,osm:node/8987941117,L'EDN,bars-pubs,amenity=bar,,,50.83743,4.3067261,,,,NO_WEBSITE,2026-08-15T10:02:32.711791+00:00,clean,,,"{""amenity"": ""bar"", ""name"": ""L'EDN""}"
anderlecht,osm:node/8989777625,Kubox,,amenity=public_bookcase,,,50.8331242,4.3234498,,,,NO_WEBSITE,2026-08-15T10:02:32.711791+00:00,clean,,no confident canonical category mapping,"{""amenity"": ""public_bookcase"", ""name"": ""Kubox"", ""operator"": ""neighbours""}"
anderlecht,osm:node/8997121668,Pierrot Héroïque - Heldhaftige Pierrot,,tourism=artwork,,,50.8407526,4.3397762,,,,NO_WEBSITE,2026-08-15T10:02:32.711791+00:00,clean,,no confident canonical category mapping,"{""name"": ""Pierrot Héroïque - Heldhaftige Pierrot"", ""tourism"": ""artwork""}"
anderlecht,osm:node/9084877818,Les Caves de Cureghem - Kelders van Kuregem,,amenity=events_venue,,,50.842918,4.327091,,https://www.abattoir.be,,WEBSITE_PRESENT,2026-08-15T10:02:32.711791+00:00,clean,,no confident canonical category mapping,"{""amenity"": ""events_venue"", ""contact:website"": ""https://www.abattoir.be"", ""name"": ""Les Caves de Cureghem - Kelders van Kuregem"", ""operator"": ""Abattoir""}"
anderlecht,osm:node/9139572345,La bibliothèque du casi-uo,,amenity=library,,,50.837454,4.305046,+32 2 521 21 25,https://casi-uo.com/bibliotheque/,,WEBSITE_PRESENT,2026-08-15T10:02:32.711791+00:00,clean,,no confident canonical category mapping,"{""amenity"": ""library"", ""contact:phone"": ""+32 2 521 21 25"", ""contact:website"": ""https://casi-uo.com/bibliotheque/"", ""name"": ""La bibliothèque du casi-uo"", ""operator"": ""CASI-Uo asbl""}"
anderlecht,osm:node/9139576542,CASI-Uo,,amenity=social_centre,,,50.8375169,4.3050526,+32 2 521 21 25,https://casi-uo.com/,,WEBSITE_PRESENT,2026-08-15T10:02:32.711791+00:00,clean,,no confident canonical category mapping,"{""amenity"": ""social_centre"", ""contact:phone"": ""+32 2 521 21 25"", ""contact:website"": ""https://casi-uo.com/"", ""name"": ""CASI-Uo"", ""operator"": ""CASI-Uo asbl""}"
anderlecht,osm:node/9163271036,Cosmos,,amenity=social_facility,,,50.8404327,4.3312138,,https://cosmosvzw.be/,,WEBSITE_PRESENT,2026-08-15T10:02:32.711791+00:00,clean,,no confident canonical category mapping,"{""amenity"": ""social_facility"", ""name"": ""Cosmos"", ""website"": ""https://cosmosvzw.be/""}"
anderlecht,osm:node/9165277132,Elythair,beauty-salon,shop=hairdresser,,,50.836424,4.3070943,,,,NO_WEBSITE,2026-08-15T10:02:32.711791+00:00,clean,,,"{""name"": ""Elythair"", ""shop"": ""hairdresser""}"
anderlecht,osm:node/9165277133,Stella Vaillance,bars-pubs,amenity=bar,,,50.8358066,4.3065803,,,,NO_WEBSITE,2026-08-15T10:02:32.711791+00:00,clean,,,"{""amenity"": ""bar"", ""name"": ""Stella Vaillance""}"
anderlecht,osm:node/9165277134,Le Béguinage,bars-pubs,amenity=bar,,,50.8353835,4.307125,,,,NO_WEBSITE,2026-08-15T10:02:32.711791+00:00,clean,,,"{""amenity"": ""bar"", ""name"": ""Le Béguinage""}"
anderlecht,osm:node/9165277135,Le Baron,restaurant,amenity=restaurant,,,50.8354107,4.3062535,,,,NO_WEBSITE,2026-08-15T10:02:32.711791+00:00,clean,,,"{""amenity"": ""restaurant"", ""name"": ""Le Baron""}"
anderlecht,osm:node/9165277138,La Tribune,restaurant,amenity=restaurant,,,50.8351338,4.3077904,,,,NO_WEBSITE,2026-08-15T10:02:32.711791+00:00,clean,,,"{""amenity"": ""restaurant"", ""name"": ""La Tribune""}"
anderlecht,osm:node/9166948798,VetTeam,veterinary,amenity=veterinary,,,50.8390951,4.306735,,,,NO_WEBSITE,2026-08-15T10:02:32.711791+00:00,clean,,,"{""amenity"": ""veterinary"", ""name"": ""VetTeam""}"
anderlecht,osm:node/9168036204,Eclo,,shop=trade,,,50.8426789,4.3274145,,https://eclo.farm,,WEBSITE_PRESENT,2026-08-15T10:02:32.711791+00:00,clean,,no confident canonical category mapping,"{""contact:website"": ""https://eclo.farm"", ""name"": ""Eclo"", ""shop"": ""trade""}"
anderlecht,osm:node/9171137208,Bilmo,,shop=bicycle,,,50.8450241,4.3242579,,https://www.bilmo.be/,,WEBSITE_PRESENT,2026-08-15T10:02:32.711791+00:00,clean,,no confident canonical category mapping,"{""contact:website"": ""https://www.bilmo.be/"", ""name"": ""Bilmo"", ""shop"": ""bicycle""}"
anderlecht,osm:node/9206316491,Le double mircacle - Het dubbele wonder,,tourism=artwork,,,50.8264554,4.288578,,,,NO_WEBSITE,2026-08-15T10:02:32.711791+00:00,clean,,no confident canonical category mapping,"{""name"": ""Le double mircacle - Het dubbele wonder"", ""tourism"": ""artwork""}"
anderlecht,osm:node/9255971912,Helix Chant d’Oiseaux - Helix Vogelenzang,,amenity=doctors;healthcare=doctor,,,50.8144936,4.2859012,+32 2 522 74 54,https://helix-anderlecht.net/fr/vogelenzang/,,WEBSITE_PRESENT,2026-08-15T10:02:32.711791+00:00,clean,,no confident canonical category mapping,"{""amenity"": ""doctors"", ""contact:phone"": ""+32 2 522 74 54"", ""contact:website"": ""https://helix-anderlecht.net/fr/vogelenzang/"", ""healthcare"": ""doctor"", ""name"": ""Helix Chant d’Oiseaux - Helix Vogelenzang""}"
anderlecht,osm:node/9264422231,Clinique des Cardamimes,,amenity=doctors;healthcare=doctor,,,50.8150498,4.2850943,+32 2 523 99 49,http://www.cliniquedescardamines.be/l,,WEBSITE_PRESENT,2026-08-15T10:02:32.711791+00:00,clean,,no confident canonical category mapping,"{""amenity"": ""doctors"", ""contact:phone"": ""+32 2 523 99 49"", ""contact:website"": ""http://www.cliniquedescardamines.be/l"", ""healthcare"": ""doctor"", ""name"": ""Clinique des Cardamimes""}"
anderlecht,osm:node/9270130817,Eliane,,office=association,,,50.8135518,4.2987451,,,,NO_WEBSITE,2026-08-15T10:02:32.711791+00:00,clean,,no confident canonical category mapping,"{""name"": ""Eliane"", ""office"": ""association""}"
anderlecht,osm:node/9278704037,Fleurs Noulette,,shop=florist,,,50.8150547,4.2811106,+32 2 522 70 54,,,NO_WEBSITE,2026-08-15T10:02:32.711791+00:00,clean,,no confident canonical category mapping,"{""contact:phone"": ""+32 2 522 70 54"", ""name"": ""Fleurs Noulette"", ""shop"": ""florist""}"
anderlecht,osm:node/9278713755,Eddy Merckx,,amenity=car_sharing,,,50.8162424,4.2816157,,https://www.cambio.be,,WEBSITE_PRESENT,2026-08-15T10:02:32.711791+00:00,clean,,no confident canonical category mapping,"{""amenity"": ""car_sharing"", ""brand"": ""Cambio"", ""contact:website"": ""https://www.cambio.be"", ""name"": ""Eddy Merckx"", ""operator"": ""cambio CarSharing""}"
anderlecht,osm:node/9278713756,Ravert Fils,,shop=florist,,,50.8147421,4.2823376,+32 2 522 35 69,,,NO_WEBSITE,2026-08-15T10:02:32.711791+00:00,clean,,no confident canonical category mapping,"{""contact:phone"": ""+32 2 522 35 69"", ""name"": ""Ravert Fils"", ""shop"": ""florist""}"
anderlecht,osm:node/9278713757,Le Millepertuis,cafe,amenity=cafe,,,50.8145012,4.2821911,+32 2 522 82 94,,,NO_WEBSITE,2026-08-15T10:02:32.711791+00:00,clean,,,"{""amenity"": ""cafe"", ""contact:phone"": ""+32 2 522 82 94"", ""name"": ""Le Millepertuis""}"
anderlecht,osm:node/9289851391,drinkdrink!,,shop=beverages;craft=brewery,,,50.8223975,4.3133381,,https://drinkdrink.be/,,WEBSITE_PRESENT,2026-08-15T10:02:32.711791+00:00,clean,,no confident canonical category mapping,"{""contact:website"": ""https://drinkdrink.be/"", ""craft"": ""brewery"", ""name"": ""drinkdrink!"", ""shop"": ""beverages""}"
anderlecht,osm:node/9324924587,Émile Vandervelde,,tourism=artwork,,,50.8368463,4.318503,,https://www.anderlecht.be/qr/1097-emilevandervelde,,WEBSITE_PRESENT,2026-08-15T10:02:32.711791+00:00,clean,,no confident canonical category mapping,"{""name"": ""Émile Vandervelde"", ""tourism"": ""artwork"", ""website"": ""https://www.anderlecht.be/qr/1097-emilevandervelde""}"
anderlecht,osm:node/9357927829,ISO Pesca,,shop=wholesale,,,50.8425854,4.3285091,+32 2 346 94 78,https://grossiste-poisson.isopesca.eu,,WEBSITE_PRESENT,2026-08-15T10:02:32.711791+00:00,clean,,no confident canonical category mapping,"{""contact:phone"": ""+32 2 346 94 78"", ""contact:website"": ""https://grossiste-poisson.isopesca.eu"", ""name"": ""ISO Pesca"", ""shop"": ""wholesale""}"
anderlecht,osm:node/9379226134,Dioxyde de Gambettes,,office=logistics,,,50.8440746,4.332327,,https://dioxyde-de-gambettes.com/,,WEBSITE_PRESENT,2026-08-15T10:02:32.711791+00:00,clean,,no confident canonical category mapping,"{""contact:website"": ""https://dioxyde-de-gambettes.com/"", ""name"": ""Dioxyde de Gambettes"", ""office"": ""logistics""}"
anderlecht,osm:node/9444787989,Club Canin Ouragan,,amenity=animal_training,,,50.8102446,4.2960718,,https://club-canin-ouragan.wixsite.com/,,WEBSITE_PRESENT,2026-08-15T10:02:32.711791+00:00,clean,,no confident canonical category mapping,"{""amenity"": ""animal_training"", ""contact:website"": ""https://club-canin-ouragan.wixsite.com/"", ""name"": ""Club Canin Ouragan""}"
anderlecht,osm:node/9516185364,Buurtrestaurant de quartier Cosmos,restaurant,amenity=restaurant,,,50.8403275,4.3313324,,https://cosmosvzw.be/fr/restaurants-de-quartier/,,WEBSITE_PRESENT,2026-08-15T10:02:32.711791+00:00,clean,,,"{""amenity"": ""restaurant"", ""contact:website"": ""https://cosmosvzw.be/fr/restaurants-de-quartier/"", ""name"": ""Buurtrestaurant de quartier Cosmos""}"
anderlecht,osm:node/9534188597,European Coordination Via Campesina,,office=ngo,,,50.8381381,4.3333612,+32 2 217 31 12,https://www.eurovia.org/,,WEBSITE_PRESENT,2026-08-15T10:02:32.711791+00:00,clean,,no confident canonical category mapping,"{""contact:phone"": ""+32 2 217 31 12"", ""contact:website"": ""https://www.eurovia.org/"", ""name"": ""European Coordination Via Campesina"", ""office"": ""ngo""}"
anderlecht,osm:node/9563220521,Musée d'anatomie et d'embryologie humaines Louis Deroubaix,,tourism=museum,,,50.8139928,4.269161,,,,NO_WEBSITE,2026-08-15T10:02:32.711791+00:00,clean,,no confident canonical category mapping,"{""name"": ""Musée d'anatomie et d'embryologie humaines Louis Deroubaix"", ""operator"": ""Université libre de Bruxelles"", ""tourism"": ""museum""}"
anderlecht,osm:node/9563434799,Service social étudiant,,amenity=social_facility,,,50.8133293,4.2696124,+32 2 650 20 14,https://www.ulb.be/fr/aides-services-et-accompagnement/aides-financieres-sociales-et-inclusives,,WEBSITE_PRESENT,2026-08-15T10:02:32.711791+00:00,clean,,no confident canonical category mapping,"{""amenity"": ""social_facility"", ""contact:phone"": ""+32 2 650 20 14"", ""contact:website"": ""https://www.ulb.be/fr/aides-services-et-accompagnement/aides-financieres-sociales-et-inclusives"", ""name"": ""Service social étudiant"", ""operator"": ""Université libre de Bruxelles""}"
anderlecht,osm:node/9563453431,Les Presses,restaurant,amenity=restaurant,,,50.8140623,4.2683589,,,,NO_WEBSITE,2026-08-15T10:02:32.711791+00:00,clean,,,"{""amenity"": ""restaurant"", ""name"": ""Les Presses""}"
anderlecht,osm:node/9592702642,Maison médicale St-Guidon,,amenity=clinic;healthcare=clinic,,,50.8341712,4.3050659,+32 2 527 97 90,https://mmsg.be/,,WEBSITE_PRESENT,2026-08-15T10:02:32.711791+00:00,clean,,no confident canonical category mapping,"{""amenity"": ""clinic"", ""contact:phone"": ""+32 2 527 97 90"", ""contact:website"": ""https://mmsg.be/"", ""healthcare"": ""clinic"", ""name"": ""Maison médicale St-Guidon""}"
anderlecht,osm:node/9592712754,Espace des Saphirs,,amenity=doctors;healthcare=occupational_therapist;speech_therapist,,,50.8351106,4.3029449,+32 2 521 07 95,https://www.espace-saphirs.org,,WEBSITE_PRESENT,2026-08-15T10:02:32.711791+00:00,clean,,no confident canonical category mapping,"{""amenity"": ""doctors"", ""contact:phone"": ""+32 2 521 07 95"", ""contact:website"": ""https://www.espace-saphirs.org"", ""healthcare"": ""occupational_therapist;speech_therapist"", ""name"": ""Espace des Saphirs""}"
anderlecht,osm:node/9597204690,Mosaert,,office=label,,,50.8331625,4.3278132,,https://mosaert.com/,,WEBSITE_PRESENT,2026-08-15T10:02:32.711791+00:00,clean,,no confident canonical category mapping,"{""contact:website"": ""https://mosaert.com/"", ""name"": ""Mosaert"", ""office"": ""label""}"
anderlecht,osm:node/9622293422,Actiris Anderlecht,,office=employment_agency,,,50.8436475,4.3184221,+32 800 35 123,https://www.actiris.brussels/fr/citoyens/detail-d-un-contact/4793-anderlecht,,WEBSITE_PRESENT,2026-08-15T10:02:32.711791+00:00,clean,,no confident canonical category mapping,"{""contact:phone"": ""+32 800 35 123"", ""contact:website"": ""https://www.actiris.brussels/fr/citoyens/detail-d-un-contact/4793-anderlecht"", ""name"": ""Actiris Anderlecht"", ""office"": ""employment_agency"", ""operator"": ""Actiris""}"
anderlecht,osm:node/9630924714,Kiekebich,pastry-shops,shop=bakery,,,50.8395672,4.3188365,,https://kiekebich.be/,,WEBSITE_PRESENT,2026-08-15T10:02:32.711791+00:00,clean,,,"{""contact:website"": ""https://kiekebich.be/"", ""name"": ""Kiekebich"", ""operator"": ""Tom"", ""shop"": ""bakery""}"
anderlecht,osm:node/9630976627,Hangar 48,,shop=furniture,,,50.842046,4.3351732,+32 2 648 17 87,https://www.hangar48.be/,,WEBSITE_PRESENT,2026-08-15T10:02:32.711791+00:00,clean,,no confident canonical category mapping,"{""contact:phone"": ""+32 2 648 17 87"", ""contact:website"": ""https://www.hangar48.be/"", ""name"": ""Hangar 48"", ""shop"": ""furniture""}"
anderlecht,osm:node/9633155204,Parlor Coffee,,shop=coffee,,,50.8222275,4.3140613,,https://www.parlor.coffee/,,WEBSITE_PRESENT,2026-08-15T10:02:32.711791+00:00,clean,,no confident canonical category mapping,"{""contact:website"": ""https://www.parlor.coffee/"", ""name"": ""Parlor Coffee"", ""shop"": ""coffee""}"
anderlecht,osm:node/9641754672,medialab.brussels,,office=coworking;leisure=hackerspace,,,50.841712,4.3224426,,,,NO_WEBSITE,2026-08-15T10:02:32.711791+00:00,clean,,no confident canonical category mapping,"{""leisure"": ""hackerspace"", ""name"": ""medialab.brussels"", ""office"": ""coworking""}"
anderlecht,osm:node/9641764481,Fiets Atelier Vélo Elastik,,shop=bicycle,,,50.8352168,4.316851,,,https://www.facebook.com/vzwelastikasbl/,SOCIAL_ONLY,2026-08-15T10:02:32.711791+00:00,clean,,no confident canonical category mapping,"{""contact:facebook"": ""https://www.facebook.com/vzwelastikasbl/"", ""name"": ""Fiets Atelier Vélo Elastik"", ""operator"": ""Commune d'Anderlecht - Gemeente Anderlecht"", ""shop"": ""bicycle""}"
anderlecht,osm:node/9645348216,Vétérans Coloniaux,,amenity=bicycle_parking,,,50.8438817,4.312445,,https://cycloparking.brussels/,,WEBSITE_PRESENT,2026-08-15T10:02:32.711791+00:00,clean,,no confident canonical category mapping,"{""amenity"": ""bicycle_parking"", ""name"": ""Vétérans Coloniaux"", ""operator"": ""parking.brussels"", ""website"": ""https://cycloparking.brussels/""}"
anderlecht,osm:node/9654034029,Le Transfert VII,cafe,amenity=cafe,,,50.8354072,4.2969337,,,,NO_WEBSITE,2026-08-15T10:02:32.711791+00:00,clean,,,"{""amenity"": ""cafe"", ""name"": ""Le Transfert VII""}"
anderlecht,osm:node/9662847845,Deus é Amor,,amenity=place_of_worship,,,50.8413847,4.3357532,,https://www.ipda.com.br/,,WEBSITE_PRESENT,2026-08-15T10:02:32.711791+00:00,clean,,no confident canonical category mapping,"{""amenity"": ""place_of_worship"", ""contact:website"": ""https://www.ipda.com.br/"", ""name"": ""Deus é Amor""}"
anderlecht,osm:node/9662888259,Professeur Gassama,,shop=psychic,,,50.843266,4.3361953,,https://gassamaalphaba.wixsite.com/,,WEBSITE_PRESENT,2026-08-15T10:02:32.711791+00:00,clean,,no confident canonical category mapping,"{""contact:website"": ""https://gassamaalphaba.wixsite.com/"", ""name"": ""Professeur Gassama"", ""shop"": ""psychic""}"
anderlecht,osm:node/9662936354,Hualong,,shop=variety_store,,,50.841728,4.3351262,,https://longye.be/,https://www.facebook.com/long.ye.3382,WEBSITE_PRESENT,2026-08-15T10:02:32.711791+00:00,clean,,no confident canonical category mapping,"{""contact:facebook"": ""https://www.facebook.com/long.ye.3382"", ""contact:website"": ""https://longye.be/"", ""name"": ""Hualong"", ""shop"": ""variety_store""}"
anderlecht,osm:node/9689686005,BBB Studio,,amenity=music_venue,,,50.824404,4.2933025,,,,NO_WEBSITE,2026-08-15T10:02:32.711791+00:00,clean,,no confident canonical category mapping,"{""amenity"": ""music_venue"", ""name"": ""BBB Studio""}"
anderlecht,osm:node/9724779312,Dinayet Anderlecht Merkez Camii,,amenity=place_of_worship,,,50.8374404,4.3289541,,,,NO_WEBSITE,2026-08-15T10:02:32.711791+00:00,clean,,no confident canonical category mapping,"{""amenity"": ""place_of_worship"", ""name"": ""Dinayet Anderlecht Merkez Camii""}"
anderlecht,osm:node/9732741304,Cafeteria Alicante,cafe,amenity=cafe,,,50.8478518,4.3111532,,,,NO_WEBSITE,2026-08-15T10:02:32.711791+00:00,clean,,,"{""amenity"": ""cafe"", ""name"": ""Cafeteria Alicante""}"
anderlecht,osm:node/9732741305,Atabay Markt,,shop=greengrocer,,,50.8478291,4.3108965,,,,NO_WEBSITE,2026-08-15T10:02:32.711791+00:00,clean,,no confident canonical category mapping,"{""name"": ""Atabay Markt"", ""shop"": ""greengrocer""}"
anderlecht,osm:node/9732741307,O Millenium,restaurant,amenity=restaurant,,,50.8478376,4.3109976,,,,NO_WEBSITE,2026-08-15T10:02:32.711791+00:00,clean,,,"{""amenity"": ""restaurant"", ""name"": ""O Millenium""}"
anderlecht,osm:node/9802726003,Nada,pastry-shops,shop=bakery,,,50.8438548,4.3037838,+32 2 265 49 60,,,NO_WEBSITE,2026-08-15T10:02:32.711791+00:00,clean,,,"{""contact:phone"": ""+32 2 265 49 60"", ""name"": ""Nada"", ""shop"": ""bakery""}"
anderlecht,osm:node/9806989877,Media Univers,electronics-stores,shop=electronics,,,50.8466714,4.2980523,+32 2 347 74 63,,,NO_WEBSITE,2026-08-15T10:02:32.711791+00:00,clean,,,"{""contact:phone"": ""+32 2 347 74 63"", ""craft"": ""electronics_repair"", ""name"": ""Media Univers"", ""shop"": ""electronics""}"
anderlecht,osm:node/9807003624,Volkan,fast-food,amenity=fast_food,,,50.8469205,4.2973174,,,,NO_WEBSITE,2026-08-15T10:02:32.711791+00:00,clean,,,"{""amenity"": ""fast_food"", ""name"": ""Volkan""}"
anderlecht,osm:node/9809486325,Bara express,,shop=convenience,,,50.8392515,4.3356704,,,,NO_WEBSITE,2026-08-15T10:02:32.711791+00:00,clean,,no confident canonical category mapping,"{""name"": ""Bara express"", ""shop"": ""convenience""}"
anderlecht,osm:node/9809964784,La Boucherie,fast-food,amenity=fast_food,,,50.8396076,4.3361113,+32 2 521 10 30,,,NO_WEBSITE,2026-08-15T10:02:32.711791+00:00,clean,,,"{""amenity"": ""fast_food"", ""contact:phone"": ""+32 2 521 10 30"", ""name"": ""La Boucherie""}"
anderlecht,osm:node/9809993648,Jasmin,pastry-shops,shop=bakery,,,50.8411741,4.3331258,,,,NO_WEBSITE,2026-08-15T10:02:32.711791+00:00,clean,,,"{""name"": ""Jasmin"", ""shop"": ""bakery""}"
anderlecht,osm:node/9810649301,La Brouette,restaurant,amenity=restaurant,,,50.8418174,4.3028636,+32 2 522 51 69,https://www.labrouette.be/,,WEBSITE_PRESENT,2026-08-15T10:02:32.711791+00:00,clean,,,"{""amenity"": ""restaurant"", ""contact:phone"": ""+32 2 522 51 69"", ""contact:website"": ""https://www.labrouette.be/"", ""name"": ""La Brouette""}"
anderlecht,osm:node/9810708052,Belfius,,amenity=bank,,,50.8464315,4.2962036,+32 2 559 00 40,https://www.belfius.be/webapps/fr/recherche-agences/agence/heuresdouverture-scheut-20453,,WEBSITE_PRESENT,2026-08-15T10:02:32.711791+00:00,clean,,no confident canonical category mapping,"{""amenity"": ""bank"", ""brand"": ""Belfius"", ""contact:phone"": ""+32 2 559 00 40"", ""contact:website"": ""https://www.belfius.be/webapps/fr/recherche-agences/agence/heuresdouverture-scheut-20453"", ""name"": ""Belfius"", ""operator"": ""Belfius""}"
anderlecht,osm:node/9810714325,Garage Louis & Fils,car-dealers,shop=car,,,50.846461,4.2958963,+32 2 523 47 80,,,NO_WEBSITE,2026-08-15T10:02:32.711791+00:00,clean,,,"{""contact:phone"": ""+32 2 523 47 80"", ""name"": ""Garage Louis & Fils"", ""shop"": ""car""}"
anderlecht,osm:node/9810720530,Laurence Amand,dentist,amenity=dentist,,,50.8465093,4.2960512,,https://www.laurenceamand.be/,,WEBSITE_PRESENT,2026-08-15T10:02:32.711791+00:00,clean,,,"{""amenity"": ""dentist"", ""contact:website"": ""https://www.laurenceamand.be/"", ""healthcare"": ""dentist"", ""name"": ""Laurence Amand""}"
anderlecht,osm:node/9810743172,Le Rabelais,restaurant,amenity=restaurant,,,50.8400422,4.2889128,,,,NO_WEBSITE,2026-08-15T10:02:32.711791+00:00,clean,,,"{""amenity"": ""restaurant"", ""name"": ""Le Rabelais""}"
anderlecht,osm:node/9845917294,Le Mini Prince,pastry-shops,shop=bakery,,,50.8466831,4.2993601,,,,NO_WEBSITE,2026-08-15T10:02:32.711791+00:00,clean,,,"{""name"": ""Le Mini Prince"", ""shop"": ""bakery""}"
anderlecht,osm:node/9849044142,Appart'City Confort Bruxelles Centre gare du midi,hotel,tourism=hotel,,,50.8379832,4.3319246,,,,NO_WEBSITE,2026-08-15T10:02:32.711791+00:00,clean,,,"{""brand"": ""Appart'City"", ""name"": ""Appart'City Confort Bruxelles Centre gare du midi"", ""tourism"": ""hotel""}"
anderlecht,osm:node/9893230714,Instruction,,amenity=bicycle_parking,,,50.8390221,4.3263138,,https://cycloparking.brussels/,,WEBSITE_PRESENT,2026-08-15T10:02:32.711791+00:00,clean,,no confident canonical category mapping,"{""amenity"": ""bicycle_parking"", ""name"": ""Instruction"", ""operator"": ""parking.brussels"", ""website"": ""https://cycloparking.brussels/""}"
anderlecht,osm:node/9895422123,Güler pide kebap,fast-food,amenity=fast_food,,,50.8354579,4.3097904,+32 2 725 15 17,,,NO_WEBSITE,2026-08-15T10:02:32.711791+00:00,clean,,,"{""amenity"": ""fast_food"", ""contact:phone"": ""+32 2 725 15 17"", ""name"": ""Güler pide kebap""}"
anderlecht,osm:node/9895463620,Centre Culturel d'Anderlecht - CC Anderlecht,,amenity=community_centre,,,50.8369532,4.3070159,,,,NO_WEBSITE,2026-08-15T10:02:32.711791+00:00,clean,,no confident canonical category mapping,"{""amenity"": ""community_centre"", ""name"": ""Centre Culturel d'Anderlecht - CC Anderlecht"", ""operator"": ""Commune d'Anderlecht - Gemeente Anderlecht""}"
anderlecht,osm:node/9903971190,Adel,pastry-shops,shop=bakery,,,50.8406115,4.3275393,,,,NO_WEBSITE,2026-08-15T10:02:32.711791+00:00,clean,,,"{""name"": ""Adel"", ""shop"": ""bakery""}"
anderlecht,osm:node/9904011646,Aljoud,,shop=butcher,,,50.8412822,4.3290775,,,,NO_WEBSITE,2026-08-15T10:02:32.711791+00:00,clean,,no confident canonical category mapping,"{""name"": ""Aljoud"", ""shop"": ""butcher""}"
anderlecht,osm:node/9904011647,DPS Alimentation et couture,,shop=convenience,,,50.8413838,4.3292921,,,,NO_WEBSITE,2026-08-15T10:02:32.711791+00:00,clean,,no confident canonical category mapping,"{""name"": ""DPS Alimentation et couture"", ""shop"": ""convenience""}"
anderlecht,osm:node/9904145577,Espace-test agricole,,shop=greengrocer,,,50.8107308,4.2814349,,https://www.haricots.org/grainesdepaysans,,WEBSITE_PRESENT,2026-08-15T10:02:32.711791+00:00,clean,,no confident canonical category mapping,"{""contact:website"": ""https://www.haricots.org/grainesdepaysans"", ""name"": ""Espace-test agricole"", ""shop"": ""greengrocer""}"
anderlecht,osm:node/9917441306,Conseil,,amenity=bicycle_parking,,,50.8392113,4.3300281,,https://cycloparking.brussels,,WEBSITE_PRESENT,2026-08-15T10:02:32.711791+00:00,clean,,no confident canonical category mapping,"{""amenity"": ""bicycle_parking"", ""name"": ""Conseil"", ""operator"": ""parking.brussels"", ""website"": ""https://cycloparking.brussels""}"
anderlecht,osm:node/9917467300,Conseil Cargo,,amenity=bicycle_parking,,,50.8388563,4.3295433,,,,NO_WEBSITE,2026-08-15T10:02:32.711791+00:00,clean,,no confident canonical category mapping,"{""amenity"": ""bicycle_parking"", ""name"": ""Conseil Cargo"", ""operator"": ""parking.brussels""}"
anderlecht,osm:node/9924329845,Beeldenstorm,,office=association,,,50.842565,4.3311909,+32 2 523 43 50,https://beeldenstorm.be/,,WEBSITE_PRESENT,2026-08-15T10:02:32.711791+00:00,clean,,no confident canonical category mapping,"{""contact:phone"": ""+32 2 523 43 50"", ""contact:website"": ""https://beeldenstorm.be/"", ""name"": ""Beeldenstorm"", ""office"": ""association""}"
anderlecht,osm:node/9925373100,Press shop,,shop=kiosk,,,50.8134321,4.2663315,+32 2 523 61 24,https://www.ubiwayretail.be/fr/nos-magasins/press-shop,,WEBSITE_PRESENT,2026-08-15T10:02:32.711791+00:00,clean,,no confident canonical category mapping,"{""contact:phone"": ""+32 2 523 61 24"", ""contact:website"": ""https://www.ubiwayretail.be/fr/nos-magasins/press-shop"", ""name"": ""Press shop"", ""shop"": ""kiosk""}"
anderlecht,osm:node/9925373101,Le Jardin d'Erasme,restaurant,amenity=restaurant,,,50.8136445,4.2661068,+32 2 555 34 89,https://lejardinderasme.be/,,WEBSITE_PRESENT,2026-08-15T10:02:32.711791+00:00,clean,,,"{""amenity"": ""restaurant"", ""contact:phone"": ""+32 2 555 34 89"", ""contact:website"": ""https://lejardinderasme.be/"", ""name"": ""Le Jardin d'Erasme""}"
anderlecht,osm:node/9925373102,Le Nouveau Matin,fast-food,amenity=fast_food,,,50.8140124,4.2672355,+32 2 527 55 40,https://lenouveaumatin-express.be,,WEBSITE_PRESENT,2026-08-15T10:02:32.711791+00:00,clean,,,"{""amenity"": ""fast_food"", ""contact:phone"": ""+32 2 527 55 40"", ""contact:website"": ""https://lenouveaumatin-express.be"", ""name"": ""Le Nouveau Matin""}"
anderlecht,osm:node/9925373103,DI,,shop=cosmetics,,,50.814071,4.2672283,+32 2 520 73 24,https://www.di.be,,WEBSITE_PRESENT,2026-08-15T10:02:32.711791+00:00,clean,,no confident canonical category mapping,"{""contact:phone"": ""+32 2 520 73 24"", ""contact:website"": ""https://www.di.be"", ""name"": ""DI"", ""shop"": ""cosmetics""}"
anderlecht,osm:node/9925373104,April,,shop=perfumery,,,50.8140632,4.2671139,+32 2 524 02 02,https://www.april-beauty.be/fr/april-hopital-erasme.html,,WEBSITE_PRESENT,2026-08-15T10:02:32.711791+00:00,clean,,no confident canonical category mapping,"{""contact:phone"": ""+32 2 524 02 02"", ""contact:website"": ""https://www.april-beauty.be/fr/april-hopital-erasme.html"", ""name"": ""April"", ""shop"": ""perfumery""}"
anderlecht,osm:node/9925373105,Au Petit Creux,pastry-shops,shop=bakery,,,50.8140782,4.2673468,+32 2 523 76 79,,https://www.facebook.com/AupetitcreuxErasme/,SOCIAL_ONLY,2026-08-15T10:02:32.711791+00:00,clean,,,"{""contact:facebook"": ""https://www.facebook.com/AupetitcreuxErasme/"", ""contact:phone"": ""+32 2 523 76 79"", ""name"": ""Au Petit Creux"", ""shop"": ""bakery""}"
anderlecht,osm:node/9925373106,le 3ème acte,,shop=boutique,,,50.8140541,4.2669098,,,,NO_WEBSITE,2026-08-15T10:02:32.711791+00:00,clean,,no confident canonical category mapping,"{""name"": ""le 3ème acte"", ""shop"": ""boutique""}"
anderlecht,osm:node/9925373107,Mutualia,,office=insurance,,,50.8139955,4.2669294,+32 2 733 97 40,https://www.mutualia.be/Contact/Agences-Listing/Agences-Liste/Bruxelles/Symbio-Anderlecht-Campus-Erasme.aspx,,WEBSITE_PRESENT,2026-08-15T10:02:32.711791+00:00,clean,,no confident canonical category mapping,"{""brand"": ""Mutualia"", ""contact:phone"": ""+32 2 733 97 40"", ""contact:website"": ""https://www.mutualia.be/Contact/Agences-Listing/Agences-Liste/Bruxelles/Symbio-Anderlecht-Campus-Erasme.aspx"", ""name"": ""Mutualia"", ""office"": ""insurance"", ""operator"": ""Mutualia""}"
anderlecht,osm:node/9938762730,Restaurant de quartier Goujons,restaurant,amenity=restaurant,,,50.8344045,4.3230953,,,,NO_WEBSITE,2026-08-15T10:02:32.711791+00:00,clean,,,"{""amenity"": ""restaurant"", ""name"": ""Restaurant de quartier Goujons""}"
anderlecht,osm:node/9938787773,BBP Port Sud,,amenity=biergarten,,,50.8348652,4.3171543,,https://www.beerproject.be/taproom/port-sud/,,WEBSITE_PRESENT,2026-08-15T10:02:32.711791+00:00,clean,,no confident canonical category mapping,"{""amenity"": ""biergarten"", ""name"": ""BBP Port Sud"", ""operator"": ""Brussels Beer Project"", ""website"": ""https://www.beerproject.be/taproom/port-sud/""}"
anderlecht,osm:node/9946331779,Floru William,,shop=trade,,,50.8427436,4.3241859,,,,NO_WEBSITE,2026-08-15T10:02:32.711791+00:00,clean,,no confident canonical category mapping,"{""name"": ""Floru William"", ""shop"": ""trade""}"
anderlecht,osm:node/9946331780,Havian,,shop=trade,,,50.8422816,4.3243119,,,,NO_WEBSITE,2026-08-15T10:02:32.711791+00:00,clean,,no confident canonical category mapping,"{""name"": ""Havian"", ""shop"": ""trade""}"
anderlecht,osm:node/9946331781,Envie,,shop=trade,,,50.8432302,4.3252976,,,,NO_WEBSITE,2026-08-15T10:02:32.711791+00:00,clean,,no confident canonical category mapping,"{""name"": ""Envie"", ""shop"": ""trade""}"
anderlecht,osm:node/9964412717,TicTac Art Centre,gym,leisure=fitness_centre,,,50.8364478,4.3217047,,https://tictacartcentre.com/,,WEBSITE_PRESENT,2026-08-15T10:02:32.711791+00:00,clean,,,"{""contact:website"": ""https://tictacartcentre.com/"", ""leisure"": ""fitness_centre"", ""name"": ""TicTac Art Centre""}"
anderlecht,osm:node/9975611033,Las Flores MX,,shop=convenience,,,50.8340466,4.3234111,,https://www.shop.lasfloresmx.com/,,WEBSITE_PRESENT,2026-08-15T10:02:32.711791+00:00,clean,,no confident canonical category mapping,"{""contact:website"": ""https://www.shop.lasfloresmx.com/"", ""name"": ""Las Flores MX"", ""shop"": ""convenience""}"
anderlecht,osm:node/9983245094,Soldat,,amenity=bicycle_parking,,,50.8148391,4.2811544,,https://cycloparking.brussels,,WEBSITE_PRESENT,2026-08-15T10:02:32.711791+00:00,clean,,no confident canonical category mapping,"{""amenity"": ""bicycle_parking"", ""name"": ""Soldat"", ""operator"": ""parking.brussels"", ""website"": ""https://cycloparking.brussels""}"
anderlecht,osm:node/9990348571,Brauns,,shop=trade,,,50.8461897,4.3014202,,,,NO_WEBSITE,2026-08-15T10:02:32.711791+00:00,clean,,no confident canonical category mapping,"{""name"": ""Brauns"", ""shop"": ""trade""}"
anderlecht,osm:node/9990919498,Vaillance - Dapperheid,,amenity=car_sharing,,,50.8367087,4.3076301,,https://www.cambio.be/en-bxl/stations/vaillancedapperheid,,WEBSITE_PRESENT,2026-08-15T10:02:32.711791+00:00,clean,,no confident canonical category mapping,"{""amenity"": ""car_sharing"", ""brand"": ""Cambio"", ""contact:website"": ""https://www.cambio.be/en-bxl/stations/vaillancedapperheid"", ""name"": ""Vaillance - Dapperheid"", ""operator"": ""cambio CarSharing""}"
anderlecht,osm:node/10016051036,Snack Suprême,fast-food,amenity=fast_food,,,50.8404505,4.33812,+32 2 524 42 23,,,NO_WEBSITE,2026-08-15T10:02:32.711791+00:00,clean,,,"{""amenity"": ""fast_food"", ""contact:phone"": ""+32 2 524 42 23"", ""name"": ""Snack Suprême""}"
anderlecht,osm:node/10028146005,Bab Al-Hara,restaurant,amenity=restaurant,,,50.8437542,4.3354819,,,,NO_WEBSITE,2026-08-15T10:02:32.711791+00:00,clean,,,"{""amenity"": ""restaurant"", ""name"": ""Bab Al-Hara""}"
anderlecht,osm:node/10033267896,Ceria/Coovi,,amenity=bicycle_parking,,,50.8162043,4.2889297,+32 800 35 678,https://cycloparking.brussels,facebook.com/cycloparking,WEBSITE_PRESENT,2026-08-15T10:02:32.711791+00:00,clean,,no confident canonical category mapping,"{""amenity"": ""bicycle_parking"", ""contact:facebook"": ""facebook.com/cycloparking"", ""contact:phone"": ""+32 800 35 678"", ""contact:website"": ""https://cycloparking.brussels"", ""name"": ""Ceria/Coovi"", ""operator"": ""parking.brussels""}"
anderlecht,osm:node/10068085674,Les Gastrosophes,,craft=caterer,,,50.8456449,4.3319781,,,https://www.facebook.com/lesgastrosophes/,SOCIAL_ONLY,2026-08-15T10:02:32.711791+00:00,clean,,no confident canonical category mapping,"{""contact:facebook"": ""https://www.facebook.com/lesgastrosophes/"", ""craft"": ""caterer"", ""name"": ""Les Gastrosophes""}"
anderlecht,osm:node/10095792774,Vétérans Coloniaux - Koloniale Veteranen,,tourism=information,,,50.8438577,4.3128686,,,,NO_WEBSITE,2026-08-15T10:02:32.711791+00:00,clean,,no confident canonical category mapping,"{""name"": ""Vétérans Coloniaux - Koloniale Veteranen"", ""tourism"": ""information""}"
anderlecht,osm:node/10119006099,Innovation Lab,,office=company,,,50.8363771,4.3327975,,https://www.belgiantrain.be/en/about-sncb/en-route-vers-mieux/innovation,,WEBSITE_PRESENT,2026-08-15T10:02:32.711791+00:00,clean,,no confident canonical category mapping,"{""contact:website"": ""https://www.belgiantrain.be/en/about-sncb/en-route-vers-mieux/innovation"", ""name"": ""Innovation Lab"", ""office"": ""company"", ""operator"": ""NMBS/SNCB""}"
anderlecht,osm:node/10130266390,Maxi Zoo,,shop=pet,,,50.8277348,4.2881422,,https://www.maxizoo.be/nl/stores/maxi-zoo-anderlecht/,,WEBSITE_PRESENT,2026-08-15T10:02:32.711791+00:00,clean,,no confident canonical category mapping,"{""brand"": ""Maxi Zoo"", ""contact:website"": ""https://www.maxizoo.be/nl/stores/maxi-zoo-anderlecht/"", ""name"": ""Maxi Zoo"", ""shop"": ""pet""}"
anderlecht,osm:node/10137446593,BF technics,,office=training,,,50.8097049,4.2901712,,https://www.bruxellesformation.brussels/annuaire/bf-technics/,,WEBSITE_PRESENT,2026-08-15T10:02:32.711791+00:00,clean,,no confident canonical category mapping,"{""contact:website"": ""https://www.bruxellesformation.brussels/annuaire/bf-technics/"", ""name"": ""BF technics"", ""office"": ""training"", ""operator"": ""Bruxelles Formation""}"
anderlecht,osm:node/10138571998,Herbes folles,bookstore,shop=books,,,50.8356395,4.3045092,,https://www.librairie-herbes-folles.be,,WEBSITE_PRESENT,2026-08-15T10:02:32.711791+00:00,clean,,,"{""contact:website"": ""https://www.librairie-herbes-folles.be"", ""name"": ""Herbes folles"", ""shop"": ""books""}"
anderlecht,osm:node/10141990598,Co-oking,,office=coworking,,,50.8210218,4.3134914,,https://www.co-oking.be/,,WEBSITE_PRESENT,2026-08-15T10:02:32.711791+00:00,clean,,no confident canonical category mapping,"{""contact:website"": ""https://www.co-oking.be/"", ""name"": ""Co-oking"", ""office"": ""coworking""}"
anderlecht,osm:node/10231679604,Soust,,amenity=bicycle_parking,,,50.8464842,4.30814,,https://cycloparking.brussels/,,WEBSITE_PRESENT,2026-08-15T10:02:32.711791+00:00,clean,,no confident canonical category mapping,"{""amenity"": ""bicycle_parking"", ""name"": ""Soust"", ""operator"": ""parking.brussels"", ""website"": ""https://cycloparking.brussels/""}"
anderlecht,osm:node/10250904862,Etna Sweets,,craft=confectionery,,,50.8321036,4.307275,+32 2 521 61 19,http://www.etnasweets.be/,,WEBSITE_PRESENT,2026-08-15T10:02:32.711791+00:00,clean,,no confident canonical category mapping,"{""contact:phone"": ""+32 2 521 61 19"", ""contact:website"": ""http://www.etnasweets.be/"", ""craft"": ""confectionery"", ""name"": ""Etna Sweets""}"
anderlecht,osm:node/10252339645,Vendredi,,craft=carpenter,,,50.8172102,4.304042,,,,NO_WEBSITE,2026-08-15T10:02:32.711791+00:00,clean,,no confident canonical category mapping,"{""craft"": ""carpenter"", ""name"": ""Vendredi""}"
anderlecht,osm:node/10252352526,Brufotec,,office=association,,,50.8124472,4.3071785,,https://www.brufotec.be,,WEBSITE_PRESENT,2026-08-15T10:02:32.711791+00:00,clean,,no confident canonical category mapping,"{""contact:website"": ""https://www.brufotec.be"", ""name"": ""Brufotec"", ""office"": ""association""}"
anderlecht,osm:node/10263178609,Les Nouvelles Caves d'Artois,cafe,amenity=cafe,,,50.8397844,4.3117685,+32 2 502 00 82,,,NO_WEBSITE,2026-08-15T10:02:32.711791+00:00,clean,,,"{""amenity"": ""cafe"", ""contact:phone"": ""+32 2 502 00 82"", ""name"": ""Les Nouvelles Caves d'Artois""}"
anderlecht,osm:node/10270084258,Tax Free Company,,shop=doityourself,,,50.8448978,4.3224844,,https://www.taxfreecompany.be/,,WEBSITE_PRESENT,2026-08-15T10:02:32.711791+00:00,clean,,no confident canonical category mapping,"{""contact:website"": ""https://www.taxfreecompany.be/"", ""name"": ""Tax Free Company"", ""shop"": ""doityourself""}"
anderlecht,osm:node/10270123174,Tailleur Saint Guidon,clothing-store,shop=clothes,,,50.827111,4.3009533,+32 2 521 20 84,https://tailleursaintguidon.com/,,WEBSITE_PRESENT,2026-08-15T10:02:32.711791+00:00,clean,,,"{""contact:phone"": ""+32 2 521 20 84"", ""contact:website"": ""https://tailleursaintguidon.com/"", ""name"": ""Tailleur Saint Guidon"", ""shop"": ""clothes""}"
anderlecht,osm:node/10273780411,Libburo,,shop=newsagent,,,50.8354773,4.3074981,,,,NO_WEBSITE,2026-08-15T10:02:32.711791+00:00,clean,,no confident canonical category mapping,"{""name"": ""Libburo"", ""shop"": ""newsagent""}"
anderlecht,osm:node/10282709614,Garage Charcot,,shop=car_repair,,,50.8435537,4.3073946,+32 2 523 35 80,,,NO_WEBSITE,2026-08-15T10:02:32.711791+00:00,clean,,no confident canonical category mapping,"{""contact:phone"": ""+32 2 523 35 80"", ""name"": ""Garage Charcot"", ""shop"": ""car_repair""}"
anderlecht,osm:node/10282709615,Paracelsus,,shop=grocery,,,50.8434744,4.3021264,,,,NO_WEBSITE,2026-08-15T10:02:32.711791+00:00,clean,,no confident canonical category mapping,"{""name"": ""Paracelsus"", ""shop"": ""grocery""}"
anderlecht,osm:node/10282709616,Libraire Prince de Liège,,shop=newsagent,,,50.8438145,4.3012523,,,,NO_WEBSITE,2026-08-15T10:02:32.711791+00:00,clean,,no confident canonical category mapping,"{""name"": ""Libraire Prince de Liège"", ""shop"": ""newsagent""}"
anderlecht,osm:node/10282709617,Santalis,pharmacy,amenity=pharmacy,,,50.8445614,4.3005603,+32 2 522 33 72,,,NO_WEBSITE,2026-08-15T10:02:32.711791+00:00,clean,,,"{""amenity"": ""pharmacy"", ""contact:phone"": ""+32 2 522 33 72"", ""healthcare"": ""pharmacy"", ""name"": ""Santalis"", ""operator"": ""Santalis""}"
anderlecht,osm:node/10282709618,Hair Dynasty,beauty-salon,shop=hairdresser,,,50.8470357,4.2981141,+32 2 523 90 49,,,NO_WEBSITE,2026-08-15T10:02:32.711791+00:00,clean,,,"{""contact:phone"": ""+32 2 523 90 49"", ""name"": ""Hair Dynasty"", ""shop"": ""hairdresser""}"
anderlecht,osm:node/10282709619,Exotic Sun,beauty-salon,shop=beauty,,,50.8470544,4.2980149,+32 2 414 18 68,http://www.exoticsun.be/centres/exotic-sun-anderlecht-ninove-21,,WEBSITE_PRESENT,2026-08-15T10:02:32.711791+00:00,clean,,,"{""brand"": ""Exotic Sun"", ""contact:phone"": ""+32 2 414 18 68"", ""contact:website"": ""http://www.exoticsun.be/centres/exotic-sun-anderlecht-ninove-21"", ""name"": ""Exotic Sun"", ""shop"": ""beauty""}"
anderlecht,osm:node/10303485168,Cavallo e Cavallino,,tourism=artwork,,,50.8359384,4.3286284,,,,NO_WEBSITE,2026-08-15T10:02:32.711791+00:00,clean,,no confident canonical category mapping,"{""name"": ""Cavallo e Cavallino"", ""tourism"": ""artwork""}"
anderlecht,osm:node/10313616332,Verzet,,amenity=bicycle_parking,,,50.8359834,4.3113281,,https://cycloparking.brussels/,,WEBSITE_PRESENT,2026-08-15T10:02:32.711791+00:00,clean,,no confident canonical category mapping,"{""amenity"": ""bicycle_parking"", ""name"": ""Verzet"", ""operator"": ""parking.brussels"", ""website"": ""https://cycloparking.brussels/""}"
anderlecht,osm:node/10583045517,Zion Temple Celebration Center,,amenity=place_of_worship,,,50.8416745,4.3355237,,,,NO_WEBSITE,2026-08-15T10:02:32.711791+00:00,clean,,no confident canonical category mapping,"{""amenity"": ""place_of_worship"", ""name"": ""Zion Temple Celebration Center""}"
anderlecht,osm:node/10586173822,Anne Fostier & Christophe Stenier,,amenity=doctors;healthcare=doctor,,,50.8300232,4.2951198,+32 2 523 24 17,,,NO_WEBSITE,2026-08-15T10:02:32.711791+00:00,clean,,no confident canonical category mapping,"{""amenity"": ""doctors"", ""contact:phone"": ""+32 2 523 24 17"", ""healthcare"": ""doctor"", ""name"": ""Anne Fostier & Christophe Stenier""}"
anderlecht,osm:node/10599657448,Vroom vzw,,amenity=arts_centre,,,50.8428257,4.3350696,,https://www.growfunding.be/nl/projects/Vroom,,WEBSITE_PRESENT,2026-08-15T10:02:32.711791+00:00,clean,,no confident canonical category mapping,"{""amenity"": ""arts_centre"", ""contact:website"": ""https://www.growfunding.be/nl/projects/Vroom"", ""name"": ""Vroom vzw""}"
anderlecht,osm:node/10602797847,Guy's Burger,fast-food,amenity=fast_food,,,50.8353431,4.3254452,,,,NO_WEBSITE,2026-08-15T10:02:32.711791+00:00,clean,,,"{""amenity"": ""fast_food"", ""name"": ""Guy's Burger""}"
anderlecht,osm:node/10605788364,L'Horloge,cafe,amenity=cafe,,,50.8346764,4.2889179,,,,NO_WEBSITE,2026-08-15T10:02:32.711791+00:00,clean,,,"{""amenity"": ""cafe"", ""name"": ""L'Horloge""}"
anderlecht,osm:node/10607122090,Alssine,cafe,amenity=cafe,,,50.8361067,4.3285115,,,,NO_WEBSITE,2026-08-15T10:02:32.711791+00:00,clean,,,"{""amenity"": ""cafe"", ""name"": ""Alssine""}"
anderlecht,osm:node/10608976817,Ladbrokes,,shop=bookmaker,,,50.8361001,4.3281298,,https://www.ladbrokes.be/,,WEBSITE_PRESENT,2026-08-15T10:02:32.711791+00:00,clean,,no confident canonical category mapping,"{""brand"": ""Ladbrokes"", ""name"": ""Ladbrokes"", ""operator"": ""Ladbrokes"", ""shop"": ""bookmaker"", ""website"": ""https://www.ladbrokes.be/""}"
anderlecht,osm:node/10609137722,Le Pirée,restaurant,amenity=restaurant,,,50.8360132,4.328445,,,,NO_WEBSITE,2026-08-15T10:02:32.711791+00:00,clean,,,"{""amenity"": ""restaurant"", ""name"": ""Le Pirée""}"
anderlecht,osm:node/10648370727,Micro Factory,,leisure=hackerspace,,,50.8444545,4.3312693,,https://www.microfactory.be/,,WEBSITE_PRESENT,2026-08-15T10:02:32.711791+00:00,clean,,no confident canonical category mapping,"{""contact:website"": ""https://www.microfactory.be/"", ""leisure"": ""hackerspace"", ""name"": ""Micro Factory""}"
anderlecht,osm:node/10673365179,Maks,,office=association,,,50.8355564,4.3261395,+32 2 555 09 90,https://maksvzw.org/,,WEBSITE_PRESENT,2026-08-15T10:02:32.711791+00:00,clean,,no confident canonical category mapping,"{""contact:phone"": ""+32 2 555 09 90"", ""contact:website"": ""https://maksvzw.org/"", ""name"": ""Maks"", ""office"": ""association""}"
anderlecht,osm:node/10684587223,Urban Harvest,,shop=trade,,,50.8436536,4.3263002,,,,NO_WEBSITE,2026-08-15T10:02:32.711791+00:00,clean,,no confident canonical category mapping,"{""name"": ""Urban Harvest"", ""shop"": ""trade""}"
anderlecht,osm:node/10707615812,Tipi – La Guinguette des Étangs,bars-pubs,amenity=bar,,,50.825788,4.2780368,,https://tipiguinguette.be/anderlecht/,https://www.facebook.com/tipiguinguette,WEBSITE_PRESENT,2026-08-15T10:02:32.711791+00:00,clean,,,"{""amenity"": ""bar"", ""contact:facebook"": ""https://www.facebook.com/tipiguinguette"", ""contact:website"": ""https://tipiguinguette.be/anderlecht/"", ""name"": ""Tipi – La Guinguette des Étangs""}"
anderlecht,osm:node/10721788342,Atelier Caneva-s,creative-services,office=architect,,,50.8182039,4.2579134,,https://www.caneva-s.be/,,WEBSITE_PRESENT,2026-08-15T10:02:32.711791+00:00,clean,,,"{""contact:website"": ""https://www.caneva-s.be/"", ""name"": ""Atelier Caneva-s"", ""office"": ""architect""}"
anderlecht,osm:node/10736639040,Melvana,pastry-shops,shop=bakery,,,50.8437097,4.3124121,,,,NO_WEBSITE,2026-08-15T10:02:32.711791+00:00,clean,,,"{""name"": ""Melvana"", ""shop"": ""bakery""}"
anderlecht,osm:node/10736715546,Royal Flor,,shop=florist,,,50.839417,4.3062381,+32 2 520 17 20,https://www.royal-flor.be,,WEBSITE_PRESENT,2026-08-15T10:02:32.711791+00:00,clean,,no confident canonical category mapping,"{""contact:phone"": ""+32 2 520 17 20"", ""contact:website"": ""https://www.royal-flor.be"", ""name"": ""Royal Flor"", ""shop"": ""florist""}"
anderlecht,osm:node/10736737382,Séverine Deschamp,veterinary,amenity=veterinary,,,50.8371774,4.2970142,+32 2 523 14 00,https://www.veterinaire-dechamps.be/,,WEBSITE_PRESENT,2026-08-15T10:02:32.711791+00:00,clean,,,"{""amenity"": ""veterinary"", ""contact:phone"": ""+32 2 523 14 00"", ""contact:website"": ""https://www.veterinaire-dechamps.be/"", ""name"": ""Séverine Deschamp""}"
anderlecht,osm:node/10742096081,Librarie Syma,,shop=newsagent,,,50.8469758,4.2975553,,,,NO_WEBSITE,2026-08-15T10:02:32.711791+00:00,clean,,no confident canonical category mapping,"{""name"": ""Librarie Syma"", ""shop"": ""newsagent""}"
anderlecht,osm:node/10743553923,L'envol d'Icare - De vlucht van Icarus,,tourism=artwork,,,50.8284088,4.3033631,,,,NO_WEBSITE,2026-08-15T10:02:32.711791+00:00,clean,,no confident canonical category mapping,"{""name"": ""L'envol d'Icare - De vlucht van Icarus"", ""tourism"": ""artwork""}"
anderlecht,osm:node/10763566855,Dental Square by Teich Laurent,dentist,amenity=dentist,,,50.8228592,4.2853317,,,,NO_WEBSITE,2026-08-15T10:02:32.711791+00:00,clean,,,"{""amenity"": ""dentist"", ""healthcare"": ""dentist"", ""name"": ""Dental Square by Teich Laurent""}"
anderlecht,osm:node/10763566856,Buffels,,amenity=doctors;healthcare=doctor,,,50.8228809,4.2855161,,,,NO_WEBSITE,2026-08-15T10:02:32.711791+00:00,clean,,no confident canonical category mapping,"{""amenity"": ""doctors"", ""healthcare"": ""doctor"", ""name"": ""Buffels""}"
anderlecht,osm:node/10763566857,René Jacquemyns,,amenity=doctors;healthcare=doctor,,,50.8236502,4.2924455,,,,NO_WEBSITE,2026-08-15T10:02:32.711791+00:00,clean,,no confident canonical category mapping,"{""amenity"": ""doctors"", ""healthcare"": ""doctor"", ""name"": ""René Jacquemyns""}"
anderlecht,osm:node/10763566859,G. Ebinger,,amenity=doctors;healthcare=doctor,,,50.8315246,4.2952558,,,,NO_WEBSITE,2026-08-15T10:02:32.711791+00:00,clean,,no confident canonical category mapping,"{""amenity"": ""doctors"", ""healthcare"": ""doctor"", ""name"": ""G. Ebinger""}"
anderlecht,osm:node/10763566860,Philippe Willaert,,amenity=doctors;healthcare=doctor,,,50.8303368,4.2878871,,,,NO_WEBSITE,2026-08-15T10:02:32.711791+00:00,clean,,no confident canonical category mapping,"{""amenity"": ""doctors"", ""healthcare"": ""doctor"", ""name"": ""Philippe Willaert""}"
anderlecht,osm:node/10763613544,T.m.lab,dentist,amenity=dentist,,,50.8301174,4.2894794,,,,NO_WEBSITE,2026-08-15T10:02:32.711791+00:00,clean,,,"{""amenity"": ""dentist"", ""healthcare"": ""dentist"", ""name"": ""T.m.lab""}"
anderlecht,osm:node/10763615480,J. Cosaert,,amenity=doctors;healthcare=doctor,,,50.8344844,4.3057187,,,,NO_WEBSITE,2026-08-15T10:02:32.711791+00:00,clean,,no confident canonical category mapping,"{""amenity"": ""doctors"", ""healthcare"": ""doctor"", ""name"": ""J. Cosaert""}"
anderlecht,osm:node/10763617287,Janson Medical Center,,amenity=doctors;healthcare=doctor,,,50.8336467,4.304355,,,,NO_WEBSITE,2026-08-15T10:02:32.711791+00:00,clean,,no confident canonical category mapping,"{""amenity"": ""doctors"", ""healthcare"": ""doctor"", ""name"": ""Janson Medical Center""}"
anderlecht,osm:node/10763618967,Daniel Knaepen,,amenity=doctors;healthcare=doctor,,,50.8282912,4.2862062,,,,NO_WEBSITE,2026-08-15T10:02:32.711791+00:00,clean,,no confident canonical category mapping,"{""amenity"": ""doctors"", ""healthcare"": ""doctor"", ""name"": ""Daniel Knaepen""}"
anderlecht,osm:node/10763618968,Hussein El Dorr,,amenity=doctors;healthcare=doctor,,,50.8283817,4.2848567,,,,NO_WEBSITE,2026-08-15T10:02:32.711791+00:00,clean,,no confident canonical category mapping,"{""amenity"": ""doctors"", ""healthcare"": ""doctor"", ""name"": ""Hussein El Dorr""}"
anderlecht,osm:node/10763621771,Monique Magotteaux,,amenity=doctors;healthcare=doctor,,,50.8297315,4.2864548,,,,NO_WEBSITE,2026-08-15T10:02:32.711791+00:00,clean,,no confident canonical category mapping,"{""amenity"": ""doctors"", ""healthcare"": ""doctor"", ""name"": ""Monique Magotteaux""}"
anderlecht,osm:node/10763627309,Suleiman Jeunedi,dentist,amenity=dentist,,,50.8278778,4.2858649,,,,NO_WEBSITE,2026-08-15T10:02:32.711791+00:00,clean,,,"{""amenity"": ""dentist"", ""healthcare"": ""dentist"", ""name"": ""Suleiman Jeunedi""}"
anderlecht,osm:node/10763631261,Debass,,amenity=doctors;healthcare=doctor,,,50.8269615,4.3055637,,,,NO_WEBSITE,2026-08-15T10:02:32.711791+00:00,clean,,no confident canonical category mapping,"{""amenity"": ""doctors"", ""healthcare"": ""doctor"", ""name"": ""Debass""}"
anderlecht,osm:node/10763632210,Centre médical Neerpede - Medisch Centrum Neerpede,,amenity=clinic;healthcare=clinic,,,50.8293676,4.288071,,,,NO_WEBSITE,2026-08-15T10:02:32.711791+00:00,clean,,no confident canonical category mapping,"{""amenity"": ""clinic"", ""healthcare"": ""clinic"", ""name"": ""Centre médical Neerpede - Medisch Centrum Neerpede""}"
anderlecht,osm:node/10763638643,Christian Devos,,amenity=doctors;healthcare=doctor,,,50.8296145,4.2888927,,,,NO_WEBSITE,2026-08-15T10:02:32.711791+00:00,clean,,no confident canonical category mapping,"{""amenity"": ""doctors"", ""healthcare"": ""doctor"", ""name"": ""Christian Devos""}"
anderlecht,osm:node/10763642241,Jean-Luc Doyen,,amenity=doctors;healthcare=doctor,,,50.8330872,4.2919748,,,,NO_WEBSITE,2026-08-15T10:02:32.711791+00:00,clean,,no confident canonical category mapping,"{""amenity"": ""doctors"", ""healthcare"": ""doctor"", ""name"": ""Jean-Luc Doyen""}"
anderlecht,osm:node/10763644421,C. Debeer,,amenity=doctors;healthcare=doctor,,,50.8302594,4.2900232,,,,NO_WEBSITE,2026-08-15T10:02:32.711791+00:00,clean,,no confident canonical category mapping,"{""amenity"": ""doctors"", ""healthcare"": ""doctor"", ""name"": ""C. Debeer""}"
anderlecht,osm:node/10763651117,Francis Wirtgen,,amenity=doctors;healthcare=doctor,,,50.8338535,4.2913638,,,,NO_WEBSITE,2026-08-15T10:02:32.711791+00:00,clean,,no confident canonical category mapping,"{""amenity"": ""doctors"", ""healthcare"": ""doctor"", ""name"": ""Francis Wirtgen""}"
anderlecht,osm:node/10763655862,Anne Van De Vyver,,amenity=doctors;healthcare=doctor,,,50.8291112,4.2905988,,,,NO_WEBSITE,2026-08-15T10:02:32.711791+00:00,clean,,no confident canonical category mapping,"{""amenity"": ""doctors"", ""healthcare"": ""doctor"", ""name"": ""Anne Van De Vyver""}"
anderlecht,osm:node/10763660474,BENU,pharmacy,amenity=pharmacy,,,50.8271788,4.2854364,+32 2 523 05 92,https://storelocator.benu.be/fr/pharmacie-benu-anderlecht-luther-king,,WEBSITE_PRESENT,2026-08-15T10:02:32.711791+00:00,clean,,,"{""amenity"": ""pharmacy"", ""contact:phone"": ""+32 2 523 05 92"", ""contact:website"": ""https://storelocator.benu.be/fr/pharmacie-benu-anderlecht-luther-king"", ""healthcare"": ""pharmacy"", ""name"": ""BENU""}"
anderlecht,osm:node/10763665055,Maria El Mourabi,dentist,amenity=dentist,,,50.8334912,4.2853908,,,,NO_WEBSITE,2026-08-15T10:02:32.711791+00:00,clean,,,"{""amenity"": ""dentist"", ""healthcare"": ""dentist"", ""name"": ""Maria El Mourabi""}"
anderlecht,osm:node/10763665360,Zeiger,,amenity=doctors;healthcare=doctor,,,50.8415973,4.2966823,,,,NO_WEBSITE,2026-08-15T10:02:32.711791+00:00,clean,,no confident canonical category mapping,"{""amenity"": ""doctors"", ""healthcare"": ""doctor"", ""name"": ""Zeiger""}"
anderlecht,osm:node/10763676409,Olivier Wittebolle,,amenity=doctors;healthcare=doctor,,,50.8380943,4.2985099,,,,NO_WEBSITE,2026-08-15T10:02:32.711791+00:00,clean,,no confident canonical category mapping,"{""amenity"": ""doctors"", ""healthcare"": ""doctor"", ""name"": ""Olivier Wittebolle""}"
anderlecht,osm:node/10763680434,Agnes Raddoux,dentist,amenity=dentist,,,50.8396302,4.2905797,,,,NO_WEBSITE,2026-08-15T10:02:32.711791+00:00,clean,,,"{""amenity"": ""dentist"", ""healthcare"": ""dentist"", ""name"": ""Agnes Raddoux""}"
anderlecht,osm:node/10763687618,Mary,,amenity=doctors;healthcare=doctor,,,50.8454435,4.2991972,,,,NO_WEBSITE,2026-08-15T10:02:32.711791+00:00,clean,,no confident canonical category mapping,"{""amenity"": ""doctors"", ""healthcare"": ""doctor"", ""name"": ""Mary""}"
anderlecht,osm:node/10764117002,Centre dentaire Prince de Liège,dentist,amenity=dentist,,,50.8468258,4.3005613,,,,NO_WEBSITE,2026-08-15T10:02:32.711791+00:00,clean,,,"{""amenity"": ""dentist"", ""healthcare"": ""dentist"", ""name"": ""Centre dentaire Prince de Liège""}"
anderlecht,osm:node/10764147529,Philippe Tuts,,amenity=doctors;healthcare=doctor,,,50.8378057,4.293173,,,,NO_WEBSITE,2026-08-15T10:02:32.711791+00:00,clean,,no confident canonical category mapping,"{""amenity"": ""doctors"", ""healthcare"": ""doctor"", ""name"": ""Philippe Tuts""}"
anderlecht,osm:node/10764149984,Pharmacie du Peterbos - Apotheek van de Peterbos,pharmacy,amenity=pharmacy,,,50.8422425,4.2942633,,,,NO_WEBSITE,2026-08-15T10:02:32.711791+00:00,clean,,,"{""amenity"": ""pharmacy"", ""healthcare"": ""pharmacy"", ""name"": ""Pharmacie du Peterbos - Apotheek van de Peterbos""}"
anderlecht,osm:node/10764151538,Guler Saban,,amenity=doctors;healthcare=doctor,,,50.8260564,4.2921727,,,,NO_WEBSITE,2026-08-15T10:02:32.711791+00:00,clean,,no confident canonical category mapping,"{""amenity"": ""doctors"", ""healthcare"": ""doctor"", ""name"": ""Guler Saban""}"
anderlecht,osm:node/10764151539,Stefanie Buyse,,amenity=doctors;healthcare=doctor,,,50.8238428,4.290978,,,,NO_WEBSITE,2026-08-15T10:02:32.711791+00:00,clean,,no confident canonical category mapping,"{""amenity"": ""doctors"", ""healthcare"": ""doctor"", ""name"": ""Stefanie Buyse""}"
anderlecht,osm:node/10768339311,Brussels Offices Center,,office=coworking,,,50.8250935,4.3051446,,https://brusselsofficescenter.be/,,WEBSITE_PRESENT,2026-08-15T10:02:32.711791+00:00,clean,,no confident canonical category mapping,"{""contact:website"": ""https://brusselsofficescenter.be/"", ""name"": ""Brussels Offices Center"", ""office"": ""coworking""}"
anderlecht,osm:node/10778812489,Gaîté,,amenity=bicycle_parking,,,50.8342504,4.30969,,https://cycloparking.brussels,,WEBSITE_PRESENT,2026-08-15T10:02:32.711791+00:00,clean,,no confident canonical category mapping,"{""amenity"": ""bicycle_parking"", ""name"": ""Gaîté"", ""operator"": ""parking.brussels"", ""website"": ""https://cycloparking.brussels""}"
anderlecht,osm:node/10778836307,Puccini,,amenity=bicycle_parking,,,50.8462134,4.3070246,,https://cycloparking.brussels/,,WEBSITE_PRESENT,2026-08-15T10:02:32.711791+00:00,clean,,no confident canonical category mapping,"{""amenity"": ""bicycle_parking"", ""name"": ""Puccini"", ""operator"": ""parking.brussels"", ""website"": ""https://cycloparking.brussels/""}"
anderlecht,osm:node/10778865658,Saint-Guidon II,,amenity=bicycle_parking,,,50.8350338,4.3030714,,https://cycloparking.brussels,,WEBSITE_PRESENT,2026-08-15T10:02:32.711791+00:00,clean,,no confident canonical category mapping,"{""amenity"": ""bicycle_parking"", ""name"": ""Saint-Guidon II"", ""operator"": ""parking.brussels"", ""website"": ""https://cycloparking.brussels""}"
anderlecht,osm:node/10778878091,Mercator Algoet,,amenity=bicycle_parking,,,50.8377756,4.2991865,,https://cycloparking.brussels,,WEBSITE_PRESENT,2026-08-15T10:02:32.711791+00:00,clean,,no confident canonical category mapping,"{""amenity"": ""bicycle_parking"", ""name"": ""Mercator Algoet"", ""operator"": ""parking.brussels"", ""website"": ""https://cycloparking.brussels""}"
anderlecht,osm:node/10778878565,Casa Alfonso,,shop=deli,,,50.8383434,4.3035414,,https://casaalfonso.wixsite.com/website,,WEBSITE_PRESENT,2026-08-15T10:02:32.711791+00:00,clean,,no confident canonical category mapping,"{""contact:website"": ""https://casaalfonso.wixsite.com/website"", ""name"": ""Casa Alfonso"", ""shop"": ""deli""}"
anderlecht,osm:node/10798688421,Le Parthénon,restaurant,amenity=restaurant,,,50.8483461,4.3146145,,https://www.leparthenon.com/,,WEBSITE_PRESENT,2026-08-15T10:02:32.711791+00:00,clean,,,"{""amenity"": ""restaurant"", ""contact:website"": ""https://www.leparthenon.com/"", ""name"": ""Le Parthénon""}"
anderlecht,osm:node/10815469999,H.market,supermarkets,shop=supermarket,,,50.8272015,4.2859856,,,,NO_WEBSITE,2026-08-15T10:02:32.711791+00:00,clean,,,"{""name"": ""H.market"", ""shop"": ""supermarket""}"
anderlecht,osm:node/10858830347,Café Asturiano,restaurant,amenity=restaurant,,,50.8359473,4.3101254,,https://www.bruzz.be/videoreeks/bruzz-international-zondag-7-mei-2023/video-spaans-portugese-bar-asturiano-we-hebben,,WEBSITE_PRESENT,2026-08-15T10:02:32.711791+00:00,clean,,,"{""amenity"": ""restaurant"", ""name"": ""Café Asturiano"", ""url"": ""https://www.bruzz.be/videoreeks/bruzz-international-zondag-7-mei-2023/video-spaans-portugese-bar-asturiano-we-hebben""}"
anderlecht,osm:node/10858941129,Beyrouth,fast-food,amenity=fast_food,,,50.8434393,4.3342657,,,,NO_WEBSITE,2026-08-15T10:02:32.711791+00:00,clean,,,"{""amenity"": ""fast_food"", ""name"": ""Beyrouth""}"
anderlecht,osm:node/10858949672,Anderlecht Pharma,pharmacy,amenity=pharmacy,,,50.8436121,4.333936,,,,NO_WEBSITE,2026-08-15T10:02:32.711791+00:00,clean,,,"{""amenity"": ""pharmacy"", ""healthcare"": ""pharmacy"", ""name"": ""Anderlecht Pharma""}"
anderlecht,osm:node/10863785940,Itterbeek,,amenity=bicycle_parking,,,50.8346372,4.288924,,https://cycloparking.brussels,,WEBSITE_PRESENT,2026-08-15T10:02:32.711791+00:00,clean,,no confident canonical category mapping,"{""amenity"": ""bicycle_parking"", ""name"": ""Itterbeek"", ""operator"": ""parking.brussels"", ""website"": ""https://cycloparking.brussels""}"
anderlecht,osm:node/10871534864,Révision,,amenity=bicycle_parking,,,50.8368323,4.3299113,,https://cycloparking.brussels/,,WEBSITE_PRESENT,2026-08-15T10:02:32.711791+00:00,clean,,no confident canonical category mapping,"{""amenity"": ""bicycle_parking"", ""name"": ""Révision"", ""operator"": ""parking.brussels"", ""website"": ""https://cycloparking.brussels/""}"
anderlecht,osm:node/10910643864,S-tof,,shop=fabric;craft=tailor,,,50.8371488,4.3072798,,https://s-tof.be,,WEBSITE_PRESENT,2026-08-15T10:02:32.711791+00:00,clean,,no confident canonical category mapping,"{""contact:website"": ""https://s-tof.be"", ""craft"": ""tailor"", ""name"": ""S-tof"", ""shop"": ""fabric""}"
anderlecht,osm:node/10910683116,Urbike,,office=company,,,50.8345501,4.3280038,,https://urbike.be/,,WEBSITE_PRESENT,2026-08-15T10:02:32.711791+00:00,clean,,no confident canonical category mapping,"{""contact:website"": ""https://urbike.be/"", ""name"": ""Urbike"", ""office"": ""company""}"
anderlecht,osm:node/10910839841,Kuumba,,amenity=community_centre,,,50.8431534,4.332008,,https://www.kuumba.be,,WEBSITE_PRESENT,2026-08-15T10:02:32.711791+00:00,clean,,no confident canonical category mapping,"{""amenity"": ""community_centre"", ""contact:website"": ""https://www.kuumba.be"", ""name"": ""Kuumba""}"
anderlecht,osm:node/10911175273,Fondation Lombaerts,,amenity=community_centre,,,50.8448812,4.2901405,,http://www.fondation-lombaerts.be/,,WEBSITE_PRESENT,2026-08-15T10:02:32.711791+00:00,clean,,no confident canonical category mapping,"{""amenity"": ""community_centre"", ""contact:website"": ""http://www.fondation-lombaerts.be/"", ""name"": ""Fondation Lombaerts""}"
anderlecht,osm:node/10911210797,Snow Lion,fast-food,amenity=fast_food,,,50.8349199,4.3061211,,,https://www.facebook.com/people/SNOW-LION/100066483609164/,SOCIAL_ONLY,2026-08-15T10:02:32.711791+00:00,clean,,,"{""amenity"": ""fast_food"", ""contact:facebook"": ""https://www.facebook.com/people/SNOW-LION/100066483609164/"", ""name"": ""Snow Lion""}"
anderlecht,osm:node/10911251570,Alinka,,shop=convenience,,,50.8338656,4.3139161,,,,NO_WEBSITE,2026-08-15T10:02:32.711791+00:00,clean,,no confident canonical category mapping,"{""name"": ""Alinka"", ""shop"": ""convenience""}"
anderlecht,osm:node/10911274308,Luciana Xavier,restaurant,amenity=restaurant,,,50.8326508,4.3276817,,https://www.lxresto.be/,,WEBSITE_PRESENT,2026-08-15T10:02:32.711791+00:00,clean,,,"{""amenity"": ""restaurant"", ""contact:website"": ""https://www.lxresto.be/"", ""name"": ""Luciana Xavier""}"
anderlecht,osm:node/10928934432,Made in Anderlecht,,shop=farm,,,50.835521,4.310112,,,,NO_WEBSITE,2026-08-15T10:02:32.711791+00:00,clean,,no confident canonical category mapping,"{""name"": ""Made in Anderlecht"", ""shop"": ""farm""}"
anderlecht,osm:node/10938904902,Au B'izou,,amenity=theatre,,,50.8260582,4.2978743,,https://www.aubizou.be/,,WEBSITE_PRESENT,2026-08-15T10:02:32.711791+00:00,clean,,no confident canonical category mapping,"{""amenity"": ""theatre"", ""contact:website"": ""https://www.aubizou.be/"", ""name"": ""Au B'izou""}"
anderlecht,osm:node/10938905526,Janssens Cargo,,amenity=bicycle_parking,,,50.8354966,4.311403,,,,NO_WEBSITE,2026-08-15T10:02:32.711791+00:00,clean,,no confident canonical category mapping,"{""amenity"": ""bicycle_parking"", ""name"": ""Janssens Cargo"", ""operator"": ""parking.brussels""}"
anderlecht,osm:node/10938912081,A.D.T.,,shop=funeral_directors,,,50.8258639,4.29766,,https://www.funeraillesadt.be,,WEBSITE_PRESENT,2026-08-15T10:02:32.711791+00:00,clean,,no confident canonical category mapping,"{""contact:website"": ""https://www.funeraillesadt.be"", ""name"": ""A.D.T."", ""shop"": ""funeral_directors""}"
anderlecht,osm:node/10967562101,Mosquée Al Ahibba,,amenity=place_of_worship,,,50.8212398,4.2943365,,,,NO_WEBSITE,2026-08-15T10:02:32.711791+00:00,clean,,no confident canonical category mapping,"{""amenity"": ""place_of_worship"", ""name"": ""Mosquée Al Ahibba""}"
anderlecht,osm:node/10967592153,Parc de Neerpede - Neerpedepark,,tourism=information,,,50.8243808,4.2775371,,,,NO_WEBSITE,2026-08-15T10:02:32.711791+00:00,clean,,no confident canonical category mapping,"{""name"": ""Parc de Neerpede - Neerpedepark"", ""tourism"": ""information""}"
anderlecht,osm:node/10973399905,Venizelos,,amenity=bicycle_parking,,,50.823736,4.2931062,,https://cycloparking.brussels,,WEBSITE_PRESENT,2026-08-15T10:02:32.711791+00:00,clean,,no confident canonical category mapping,"{""amenity"": ""bicycle_parking"", ""name"": ""Venizelos"", ""operator"": ""parking.brussels"", ""website"": ""https://cycloparking.brussels""}"
anderlecht,osm:node/10981426524,Iqra,bookstore,shop=books,,,50.8354366,4.3096111,,https://iqrabelgium.be/,,WEBSITE_PRESENT,2026-08-15T10:02:32.711791+00:00,clean,,,"{""contact:website"": ""https://iqrabelgium.be/"", ""name"": ""Iqra"", ""shop"": ""books""}"
anderlecht,osm:node/10985312001,Dimitrie Cantemir,,tourism=artwork,,,50.8331589,4.2928536,,,,NO_WEBSITE,2026-08-15T10:02:32.711791+00:00,clean,,no confident canonical category mapping,"{""name"": ""Dimitrie Cantemir"", ""tourism"": ""artwork""}"
anderlecht,osm:node/10985360854,Al Houda,bookstore,shop=books,,,50.8356299,4.3108156,,https://librairiealhouda.be/,,WEBSITE_PRESENT,2026-08-15T10:02:32.711791+00:00,clean,,,"{""contact:website"": ""https://librairiealhouda.be/"", ""name"": ""Al Houda"", ""shop"": ""books""}"
anderlecht,osm:node/10994637954,Lukoil,,amenity=fuel,,,50.822588,4.3079093,,,,NO_WEBSITE,2026-08-15T10:02:32.711791+00:00,clean,,no confident canonical category mapping,"{""amenity"": ""fuel"", ""brand"": ""Lukoil"", ""name"": ""Lukoil""}"
anderlecht,osm:node/11013688102,Magasin de ventes,,shop=deli,,,50.8158994,4.2967034,,,,NO_WEBSITE,2026-08-15T10:02:32.711791+00:00,clean,,no confident canonical category mapping,"{""name"": ""Magasin de ventes"", ""shop"": ""deli""}"
anderlecht,osm:node/11014075705,Grenez,pharmacy,amenity=pharmacy,,,50.8270741,4.3054262,,,,NO_WEBSITE,2026-08-15T10:02:32.711791+00:00,clean,,,"{""amenity"": ""pharmacy"", ""name"": ""Grenez""}"
anderlecht,osm:node/11019975744,Louis Delhaize,,shop=convenience,,,50.8158219,4.3080992,,,,NO_WEBSITE,2026-08-15T10:02:32.711791+00:00,clean,,no confident canonical category mapping,"{""name"": ""Louis Delhaize"", ""shop"": ""convenience""}"
anderlecht,osm:node/11041948251,Kirkar,,shop=newsagent,,,50.828609,4.3083491,,,,NO_WEBSITE,2026-08-15T10:02:32.711791+00:00,clean,,no confident canonical category mapping,"{""name"": ""Kirkar"", ""shop"": ""newsagent""}"
anderlecht,osm:node/11063241277,PulsWORK,,office=coworking,,,50.8225484,4.3066172,,https://www.pulsar-materiaux.be/pulswork/,,WEBSITE_PRESENT,2026-08-15T10:02:32.711791+00:00,clean,,no confident canonical category mapping,"{""contact:website"": ""https://www.pulsar-materiaux.be/pulswork/"", ""name"": ""PulsWORK"", ""office"": ""coworking""}"
anderlecht,osm:node/11075218323,Studio CityGate,,amenity=community_centre,,,50.8319228,4.321574,,https://studiocitygate.com,,WEBSITE_PRESENT,2026-08-15T10:02:32.711791+00:00,clean,,no confident canonical category mapping,"{""amenity"": ""community_centre"", ""name"": ""Studio CityGate"", ""website"": ""https://studiocitygate.com""}"
anderlecht,osm:node/11088696355,Notre-Dame du Secours - Onze-Lieve-Vrouw van Bijstand,,amenity=place_of_worship,,,50.8389928,4.2942763,,,,NO_WEBSITE,2026-08-15T10:02:32.711791+00:00,clean,,no confident canonical category mapping,"{""amenity"": ""place_of_worship"", ""name"": ""Notre-Dame du Secours - Onze-Lieve-Vrouw van Bijstand""}"
anderlecht,osm:node/11104580807,Lexus garage,,shop=car_repair,,,50.8149235,4.3081702,,,,NO_WEBSITE,2026-08-15T10:02:32.711791+00:00,clean,,no confident canonical category mapping,"{""name"": ""Lexus garage"", ""shop"": ""car_repair""}"
anderlecht,osm:node/11116171339,KFC,fast-food,amenity=fast_food,,,50.8112501,4.2888181,,,,NO_WEBSITE,2026-08-15T10:02:32.711791+00:00,clean,,,"{""amenity"": ""fast_food"", ""brand"": ""KFC"", ""name"": ""KFC""}"
anderlecht,osm:node/11119142791,Technicity.brussels,,office=employment_agency,,,50.8179767,4.2688648,+32 2 435 14 00,https://www.technicity.brussels/,,WEBSITE_PRESENT,2026-08-15T10:02:32.711791+00:00,clean,,no confident canonical category mapping,"{""contact:phone"": ""+32 2 435 14 00"", ""contact:website"": ""https://www.technicity.brussels/"", ""name"": ""Technicity.brussels"", ""office"": ""employment_agency"", ""operator"": ""Région de Bruxelles-Capitale - Brussels Hoofdstedelijk Gewest""}"
anderlecht,osm:node/11150396365,Janson,,amenity=bicycle_parking,,,50.833142,4.3018559,,,,NO_WEBSITE,2026-08-15T10:02:32.711791+00:00,clean,,no confident canonical category mapping,"{""amenity"": ""bicycle_parking"", ""name"": ""Janson"", ""operator"": ""parking.brussels""}"
anderlecht,osm:node/11150398623,Liedel,,amenity=bicycle_parking,,,50.8301736,4.3042883,,https://cycloparking.brussels/,,WEBSITE_PRESENT,2026-08-15T10:02:32.711791+00:00,clean,,no confident canonical category mapping,"{""amenity"": ""bicycle_parking"", ""name"": ""Liedel"", ""operator"": ""parking.brussels"", ""website"": ""https://cycloparking.brussels/""}"
anderlecht,osm:node/11263384826,Infirmiers de rue - Straatverplegers,,office=ngo,,,50.8424633,4.3342053,+32 2 265 33 00,https://www.infirmiersderue.be/,,WEBSITE_PRESENT,2026-08-15T10:02:32.711791+00:00,clean,,no confident canonical category mapping,"{""contact:phone"": ""+32 2 265 33 00"", ""contact:website"": ""https://www.infirmiersderue.be/"", ""name"": ""Infirmiers de rue - Straatverplegers"", ""office"": ""ngo""}"
anderlecht,osm:node/11304787413,100PAP,,office=association,,,50.8441927,4.3327108,,https://100pap.be/,,WEBSITE_PRESENT,2026-08-15T10:02:32.711791+00:00,clean,,no confident canonical category mapping,"{""name"": ""100PAP"", ""office"": ""association"", ""website"": ""https://100pap.be/""}"
anderlecht,osm:node/11304787414,Kami Store,,office=company,,,50.8438392,4.33216,,https://www.kamistore.com/,,WEBSITE_PRESENT,2026-08-15T10:02:32.711791+00:00,clean,,no confident canonical category mapping,"{""name"": ""Kami Store"", ""office"": ""company"", ""website"": ""https://www.kamistore.com/""}"
anderlecht,osm:node/11304787415,Le Magasin Gratuit du Circularium,,shop=second_hand,,,50.8434553,4.3334732,,https://www.circularium.be/fr/le-magasin-gratuit/,https://www.facebook.com/magasin.gratuit.circularium/,WEBSITE_PRESENT,2026-08-15T10:02:32.711791+00:00,clean,,no confident canonical category mapping,"{""contact:facebook"": ""https://www.facebook.com/magasin.gratuit.circularium/"", ""name"": ""Le Magasin Gratuit du Circularium"", ""shop"": ""second_hand"", ""website"": ""https://www.circularium.be/fr/le-magasin-gratuit/""}"
anderlecht,osm:node/11330112489,Thierry Gorgemans,,amenity=doctors;healthcare=doctor,,,50.8370526,4.3031664,,,,NO_WEBSITE,2026-08-15T10:02:32.711791+00:00,clean,,no confident canonical category mapping,"{""amenity"": ""doctors"", ""healthcare"": ""doctor"", ""name"": ""Thierry Gorgemans""}"
anderlecht,osm:node/11338204191,Agalec,pharmacy,amenity=pharmacy,,,50.829098,4.3036184,+32 2 521 47 02,https://www.santalis.eu/pharmacie-agalec,,WEBSITE_PRESENT,2026-08-15T10:02:32.711791+00:00,clean,,,"{""amenity"": ""pharmacy"", ""contact:phone"": ""+32 2 521 47 02"", ""contact:website"": ""https://www.santalis.eu/pharmacie-agalec"", ""healthcare"": ""pharmacy"", ""name"": ""Agalec"", ""operator"": ""Pharmaciens Wallon - Van der Maren""}"
anderlecht,osm:node/11366824922,Frans,,amenity=bicycle_parking,,,50.8249613,4.2924947,,https://cycloparking.brussels,,WEBSITE_PRESENT,2026-08-15T10:02:32.711791+00:00,clean,,no confident canonical category mapping,"{""amenity"": ""bicycle_parking"", ""name"": ""Frans"", ""operator"": ""parking.brussels"", ""website"": ""https://cycloparking.brussels""}"
anderlecht,osm:node/11366824923,Lennik,,amenity=bicycle_parking,,,50.8206696,4.2896057,,https://cycloparking.brussels,,WEBSITE_PRESENT,2026-08-15T10:02:32.711791+00:00,clean,,no confident canonical category mapping,"{""amenity"": ""bicycle_parking"", ""name"": ""Lennik"", ""operator"": ""parking.brussels"", ""website"": ""https://cycloparking.brussels""}"
anderlecht,osm:node/11366824924,Debussy,,amenity=bicycle_parking,,,50.8264634,4.2966163,,https://cycloparking.brussels,,WEBSITE_PRESENT,2026-08-15T10:02:32.711791+00:00,clean,,no confident canonical category mapping,"{""amenity"": ""bicycle_parking"", ""name"": ""Debussy"", ""operator"": ""parking.brussels"", ""website"": ""https://cycloparking.brussels""}"
anderlecht,osm:node/11366824925,Wandeling,,amenity=bicycle_parking,,,50.8260457,4.2970961,,https://cycloparking.brussels,,WEBSITE_PRESENT,2026-08-15T10:02:32.711791+00:00,clean,,no confident canonical category mapping,"{""amenity"": ""bicycle_parking"", ""name"": ""Wandeling"", ""operator"": ""parking.brussels"", ""website"": ""https://cycloparking.brussels""}"
anderlecht,osm:node/11366824934,Deleers,,amenity=bicycle_parking,,,50.8259424,4.3026995,,https://cycloparking.brussels,,WEBSITE_PRESENT,2026-08-15T10:02:32.711791+00:00,clean,,no confident canonical category mapping,"{""amenity"": ""bicycle_parking"", ""name"": ""Deleers"", ""operator"": ""parking.brussels"", ""website"": ""https://cycloparking.brussels""}"
anderlecht,osm:node/11366824936,Résédas,,amenity=bicycle_parking,,,50.8228494,4.2987276,,https://cycloparking.brussels,,WEBSITE_PRESENT,2026-08-15T10:02:32.711791+00:00,clean,,no confident canonical category mapping,"{""amenity"": ""bicycle_parking"", ""name"": ""Résédas"", ""operator"": ""parking.brussels"", ""website"": ""https://cycloparking.brussels""}"
anderlecht,osm:node/11366824937,Colombophiles,,amenity=bicycle_parking,,,50.8197817,4.2994713,,https://cycloparking.brussels,,WEBSITE_PRESENT,2026-08-15T10:02:32.711791+00:00,clean,,no confident canonical category mapping,"{""amenity"": ""bicycle_parking"", ""name"": ""Colombophiles"", ""operator"": ""parking.brussels"", ""website"": ""https://cycloparking.brussels""}"
anderlecht,osm:node/11366824938,Fraises,,amenity=bicycle_parking,,,50.8174006,4.2939164,,https://cycloparking.brussels,,WEBSITE_PRESENT,2026-08-15T10:02:32.711791+00:00,clean,,no confident canonical category mapping,"{""amenity"": ""bicycle_parking"", ""name"": ""Fraises"", ""operator"": ""parking.brussels"", ""website"": ""https://cycloparking.brussels""}"
anderlecht,osm:node/11372582187,Mécanique,,amenity=bicycle_parking,,,50.8225368,4.2964437,,https://cycloparking.brussels,,WEBSITE_PRESENT,2026-08-15T10:02:32.711791+00:00,clean,,no confident canonical category mapping,"{""amenity"": ""bicycle_parking"", ""name"": ""Mécanique"", ""operator"": ""parking.brussels"", ""website"": ""https://cycloparking.brussels""}"
anderlecht,osm:node/11381380732,Aviation,,amenity=bicycle_parking,,,50.8405477,4.3388009,,,,NO_WEBSITE,2026-08-15T10:02:32.711791+00:00,clean,,no confident canonical category mapping,"{""amenity"": ""bicycle_parking"", ""name"": ""Aviation"", ""operator"": ""parking.brussels""}"
anderlecht,osm:node/11381380733,Autonomie,,amenity=bicycle_parking,,,50.8404266,4.3384463,,https://cycloparking.brussels,,WEBSITE_PRESENT,2026-08-15T10:02:32.711791+00:00,clean,,no confident canonical category mapping,"{""amenity"": ""bicycle_parking"", ""name"": ""Autonomie"", ""operator"": ""parking.brussels"", ""website"": ""https://cycloparking.brussels""}"
anderlecht,osm:node/11381380734,Pequeur,,amenity=bicycle_parking,,,50.8409617,4.3361295,,https://cycloparking.brussels,,WEBSITE_PRESENT,2026-08-15T10:02:32.711791+00:00,clean,,no confident canonical category mapping,"{""amenity"": ""bicycle_parking"", ""name"": ""Pequeur"", ""operator"": ""parking.brussels"", ""website"": ""https://cycloparking.brussels""}"
anderlecht,osm:node/11381380735,Moderne,,amenity=bicycle_parking,,,50.8364864,4.3262428,,https://cycloparking.brussels/,,WEBSITE_PRESENT,2026-08-15T10:02:32.711791+00:00,clean,,no confident canonical category mapping,"{""amenity"": ""bicycle_parking"", ""name"": ""Moderne"", ""operator"": ""parking.brussels"", ""website"": ""https://cycloparking.brussels/""}"
anderlecht,osm:node/11381380736,Moreau,,amenity=bicycle_parking,,,50.8338698,4.3230478,,https://cycloparking.brussels/,,WEBSITE_PRESENT,2026-08-15T10:02:32.711791+00:00,clean,,no confident canonical category mapping,"{""amenity"": ""bicycle_parking"", ""name"": ""Moreau"", ""operator"": ""parking.brussels"", ""website"": ""https://cycloparking.brussels/""}"
anderlecht,osm:node/11381681565,Constructeur,,amenity=bicycle_parking,,,50.8401535,4.3209919,,https://cycloparking.brussels/,,WEBSITE_PRESENT,2026-08-15T10:02:32.711791+00:00,clean,,no confident canonical category mapping,"{""amenity"": ""bicycle_parking"", ""name"": ""Constructeur"", ""operator"": ""parking.brussels"", ""website"": ""https://cycloparking.brussels/""}"
anderlecht,osm:node/11381681566,Crickx,,amenity=bicycle_parking,,,50.8409301,4.3370608,,https://cycloparking.brussels/,,WEBSITE_PRESENT,2026-08-15T10:02:32.711791+00:00,clean,,no confident canonical category mapping,"{""amenity"": ""bicycle_parking"", ""name"": ""Crickx"", ""operator"": ""parking.brussels"", ""website"": ""https://cycloparking.brussels/""}"
anderlecht,osm:node/11381681567,Neerpede,,amenity=bicycle_parking,,,50.8292253,4.2845101,,https://cycloparking.brussels/,,WEBSITE_PRESENT,2026-08-15T10:02:32.711791+00:00,clean,,no confident canonical category mapping,"{""amenity"": ""bicycle_parking"", ""name"": ""Neerpede"", ""operator"": ""parking.brussels"", ""website"": ""https://cycloparking.brussels/""}"
anderlecht,osm:node/11381681568,Lekeu,,amenity=bicycle_parking,,,50.8295859,4.29661,,https://cycloparking.brussels,,WEBSITE_PRESENT,2026-08-15T10:02:32.711791+00:00,clean,,no confident canonical category mapping,"{""amenity"": ""bicycle_parking"", ""name"": ""Lekeu"", ""operator"": ""parking.brussels"", ""website"": ""https://cycloparking.brussels""}"
anderlecht,osm:node/11381685169,Beethoven Cargo,,amenity=bicycle_parking,,,50.8299854,4.2980461,,https://cycloparking.brussels,,WEBSITE_PRESENT,2026-08-15T10:02:32.711791+00:00,clean,,no confident canonical category mapping,"{""amenity"": ""bicycle_parking"", ""name"": ""Beethoven Cargo"", ""operator"": ""parking.brussels"", ""website"": ""https://cycloparking.brussels""}"
anderlecht,osm:node/11381685170,Tinel,,amenity=bicycle_parking,,,50.8313485,4.2993347,,https://cycloparking.brussels,,WEBSITE_PRESENT,2026-08-15T10:02:32.711791+00:00,clean,,no confident canonical category mapping,"{""amenity"": ""bicycle_parking"", ""name"": ""Tinel"", ""operator"": ""parking.brussels"", ""website"": ""https://cycloparking.brussels""}"
anderlecht,osm:node/11381685171,Lieutenant Cargo,,amenity=bicycle_parking,,,50.8316908,4.3029426,,https://cycloparking.brussels/,,WEBSITE_PRESENT,2026-08-15T10:02:32.711791+00:00,clean,,no confident canonical category mapping,"{""amenity"": ""bicycle_parking"", ""name"": ""Lieutenant Cargo"", ""operator"": ""parking.brussels"", ""website"": ""https://cycloparking.brussels/""}"
anderlecht,osm:node/11381685172,Veeweyde,,amenity=bicycle_parking,,,50.8322076,4.3059744,,https://cycloparking.brussels/,,WEBSITE_PRESENT,2026-08-15T10:02:32.711791+00:00,clean,,no confident canonical category mapping,"{""amenity"": ""bicycle_parking"", ""name"": ""Veeweyde"", ""operator"": ""parking.brussels"", ""website"": ""https://cycloparking.brussels/""}"
anderlecht,osm:node/11381685173,Limbourg Cargo,,amenity=bicycle_parking,,,50.83245,4.3039999,,https://cycloparking.brussels/,,WEBSITE_PRESENT,2026-08-15T10:02:32.711791+00:00,clean,,no confident canonical category mapping,"{""amenity"": ""bicycle_parking"", ""name"": ""Limbourg Cargo"", ""operator"": ""parking.brussels"", ""website"": ""https://cycloparking.brussels/""}"
anderlecht,osm:node/11381685174,Limbourg,,amenity=bicycle_parking,,,50.8325113,4.3029865,,https://cycloparking.brussels/,,WEBSITE_PRESENT,2026-08-15T10:02:32.711791+00:00,clean,,no confident canonical category mapping,"{""amenity"": ""bicycle_parking"", ""name"": ""Limbourg"", ""operator"": ""parking.brussels"", ""website"": ""https://cycloparking.brussels/""}"
anderlecht,osm:node/11381685177,Sainte-Adresse,,amenity=bicycle_parking,,,50.8380648,4.3048144,,https://cycloparking.brussels,,WEBSITE_PRESENT,2026-08-15T10:02:32.711791+00:00,clean,,no confident canonical category mapping,"{""amenity"": ""bicycle_parking"", ""name"": ""Sainte-Adresse"", ""operator"": ""parking.brussels"", ""website"": ""https://cycloparking.brussels""}"
anderlecht,osm:node/11381685178,Serment,,amenity=bicycle_parking,,,50.8385127,4.3067111,,https://cycloparking.brussels,,WEBSITE_PRESENT,2026-08-15T10:02:32.711791+00:00,clean,,no confident canonical category mapping,"{""amenity"": ""bicycle_parking"", ""name"": ""Serment"", ""operator"": ""parking.brussels"", ""website"": ""https://cycloparking.brussels""}"
anderlecht,osm:node/11381685179,Déportés Cargo,,amenity=bicycle_parking,,,50.8347962,4.30847,,https://cycloparking.brussels,,WEBSITE_PRESENT,2026-08-15T10:02:32.711791+00:00,clean,,no confident canonical category mapping,"{""amenity"": ""bicycle_parking"", ""name"": ""Déportés Cargo"", ""operator"": ""parking.brussels"", ""website"": ""https://cycloparking.brussels""}"
anderlecht,osm:node/11381685180,Saint Guidon,,amenity=bicycle_parking,,,50.8351876,4.3077088,,https://cycloparking.brussels,,WEBSITE_PRESENT,2026-08-15T10:02:32.711791+00:00,clean,,no confident canonical category mapping,"{""amenity"": ""bicycle_parking"", ""name"": ""Saint Guidon"", ""operator"": ""parking.brussels"", ""website"": ""https://cycloparking.brussels""}"
anderlecht,osm:node/11381685181,Verzoening,,amenity=bicycle_parking,,,50.8365703,4.3125505,,https://cycloparking.brussels,,WEBSITE_PRESENT,2026-08-15T10:02:32.711791+00:00,clean,,no confident canonical category mapping,"{""amenity"": ""bicycle_parking"", ""name"": ""Verzoening"", ""operator"": ""parking.brussels"", ""website"": ""https://cycloparking.brussels""}"
anderlecht,osm:node/11381685182,Sébastopol,,amenity=bicycle_parking,,,50.839487,4.3126499,,https://cycloparking.brussels,,WEBSITE_PRESENT,2026-08-15T10:02:32.711791+00:00,clean,,no confident canonical category mapping,"{""amenity"": ""bicycle_parking"", ""name"": ""Sébastopol"", ""operator"": ""parking.brussels"", ""website"": ""https://cycloparking.brussels""}"
anderlecht,osm:node/11381685183,Démosthène,,amenity=bicycle_parking,,,50.84075,4.3068397,,https://cycloparking.brussels,,WEBSITE_PRESENT,2026-08-15T10:02:32.711791+00:00,clean,,no confident canonical category mapping,"{""amenity"": ""bicycle_parking"", ""name"": ""Démosthène"", ""operator"": ""parking.brussels"", ""website"": ""https://cycloparking.brussels""}"
anderlecht,osm:node/11381685184,Jakob,,amenity=bicycle_parking,,,50.8421932,4.3053861,,https://cycloparking.brussels,,WEBSITE_PRESENT,2026-08-15T10:02:32.711791+00:00,clean,,no confident canonical category mapping,"{""amenity"": ""bicycle_parking"", ""name"": ""Jakob"", ""operator"": ""parking.brussels"", ""website"": ""https://cycloparking.brussels""}"
anderlecht,osm:node/11381685186,Prince de Liège Cargo,,amenity=bicycle_parking,,,50.8418958,4.3029808,,https://cycloparking.brussels,,WEBSITE_PRESENT,2026-08-15T10:02:32.711791+00:00,clean,,no confident canonical category mapping,"{""amenity"": ""bicycle_parking"", ""name"": ""Prince de Liège Cargo"", ""operator"": ""parking.brussels"", ""website"": ""https://cycloparking.brussels""}"
anderlecht,osm:node/11381685187,Prince de Liège,,amenity=bicycle_parking,,,50.8418749,4.3030105,,https://cycloparking.brussels,,WEBSITE_PRESENT,2026-08-15T10:02:32.711791+00:00,clean,,no confident canonical category mapping,"{""amenity"": ""bicycle_parking"", ""name"": ""Prince de Liège"", ""operator"": ""parking.brussels"", ""website"": ""https://cycloparking.brussels""}"
anderlecht,osm:node/11381685188,Paulsen,,amenity=bicycle_parking,,,50.8433598,4.3011059,,https://cycloparking.brussels,,WEBSITE_PRESENT,2026-08-15T10:02:32.711791+00:00,clean,,no confident canonical category mapping,"{""amenity"": ""bicycle_parking"", ""name"": ""Paulsen"", ""operator"": ""parking.brussels"", ""website"": ""https://cycloparking.brussels""}"
anderlecht,osm:node/11381685189,Puccini II,,amenity=bicycle_parking,,,50.8445205,4.3037949,,https://cycloparking.brussels,,WEBSITE_PRESENT,2026-08-15T10:02:32.711791+00:00,clean,,no confident canonical category mapping,"{""amenity"": ""bicycle_parking"", ""name"": ""Puccini II"", ""operator"": ""parking.brussels"", ""website"": ""https://cycloparking.brussels""}"
anderlecht,osm:node/11381685193,Orphelinat Cargo,,amenity=bicycle_parking,,,50.8451789,4.3083451,,https://cycloparking.brussels/,,WEBSITE_PRESENT,2026-08-15T10:02:32.711791+00:00,clean,,no confident canonical category mapping,"{""amenity"": ""bicycle_parking"", ""name"": ""Orphelinat Cargo"", ""operator"": ""parking.brussels"", ""website"": ""https://cycloparking.brussels/""}"
anderlecht,osm:node/11381685194,Herbette,,amenity=bicycle_parking,,,50.8436619,4.3075151,,https://cycloparking.brussels/,,WEBSITE_PRESENT,2026-08-15T10:02:32.711791+00:00,clean,,no confident canonical category mapping,"{""amenity"": ""bicycle_parking"", ""name"": ""Herbette"", ""operator"": ""parking.brussels"", ""website"": ""https://cycloparking.brussels/""}"
anderlecht,osm:node/11381685195,Gille,,amenity=bicycle_parking,,,50.8441051,4.3156363,,https://cycloparking.brussels/,,WEBSITE_PRESENT,2026-08-15T10:02:32.711791+00:00,clean,,no confident canonical category mapping,"{""amenity"": ""bicycle_parking"", ""name"": ""Gille"", ""operator"": ""parking.brussels"", ""website"": ""https://cycloparking.brussels/""}"
anderlecht,osm:node/11381685196,Graindor,,amenity=bicycle_parking,,,50.8441586,4.3152174,,https://cycloparking.brussels/,,WEBSITE_PRESENT,2026-08-15T10:02:32.711791+00:00,clean,,no confident canonical category mapping,"{""amenity"": ""bicycle_parking"", ""name"": ""Graindor"", ""operator"": ""parking.brussels"", ""website"": ""https://cycloparking.brussels/""}"
anderlecht,osm:node/11388536552,Argonome,,amenity=bicycle_parking,,,50.8445461,4.291029,,https://cycloparking.brussels,,WEBSITE_PRESENT,2026-08-15T10:02:32.711791+00:00,clean,,no confident canonical category mapping,"{""amenity"": ""bicycle_parking"", ""name"": ""Argonome"", ""operator"": ""parking.brussels"", ""website"": ""https://cycloparking.brussels""}"
anderlecht,osm:node/11393609818,Havackin Snack,fast-food,amenity=fast_food,,,50.8371395,4.2919474,,,,NO_WEBSITE,2026-08-15T10:02:32.711791+00:00,clean,,,"{""amenity"": ""fast_food"", ""name"": ""Havackin Snack""}"
anderlecht,osm:node/11393650500,Brussels Indoor Game Center,,leisure=amusement_arcade,,,50.8386982,4.2879877,,https://www.big-c.be,,WEBSITE_PRESENT,2026-08-15T10:02:32.711791+00:00,clean,,no confident canonical category mapping,"{""contact:website"": ""https://www.big-c.be"", ""leisure"": ""amusement_arcade"", ""name"": ""Brussels Indoor Game Center""}"
anderlecht,osm:node/11394899371,Lloyd Coffee Eatery,cafe,amenity=cafe,,,50.8388131,4.2855142,,,,NO_WEBSITE,2026-08-15T10:02:32.711791+00:00,clean,,,"{""amenity"": ""cafe"", ""name"": ""Lloyd Coffee Eatery""}"
anderlecht,osm:node/11396021615,L'éleveur boucher,,shop=butcher,,,50.8393259,4.3333749,,,,NO_WEBSITE,2026-08-15T10:02:32.711791+00:00,clean,,no confident canonical category mapping,"{""name"": ""L'éleveur boucher"", ""operator"": ""Les 3 fils sprl"", ""shop"": ""butcher""}"
anderlecht,osm:node/11401167435,Casablanco,,office=association,,,50.8400769,4.3165112,+32 2 527 57 75,,,NO_WEBSITE,2026-08-15T10:02:32.711791+00:00,clean,,no confident canonical category mapping,"{""contact:phone"": ""+32 2 527 57 75"", ""name"": ""Casablanco"", ""office"": ""association""}"
anderlecht,osm:node/11436104693,Zonnetje Anderlecht,,amenity=childcare,,,50.839722,4.2933282,,https://www.infano.be/locaties/zonnetje-anderlecht/,,WEBSITE_PRESENT,2026-08-15T10:02:32.711791+00:00,clean,,no confident canonical category mapping,"{""amenity"": ""childcare"", ""contact:website"": ""https://www.infano.be/locaties/zonnetje-anderlecht/"", ""name"": ""Zonnetje Anderlecht"", ""operator"": ""Infano""}"
anderlecht,osm:node/11459587008,Roche sa/nv,,office=company,,,50.8327917,4.3197267,+32 2 525 82 11,https://www.roche.be,,WEBSITE_PRESENT,2026-08-15T10:02:32.711791+00:00,clean,,no confident canonical category mapping,"{""contact:phone"": ""+32 2 525 82 11"", ""contact:website"": ""https://www.roche.be"", ""name"": ""Roche sa/nv"", ""office"": ""company""}"
anderlecht,osm:node/11537610171,Belmobile,,craft=electronics_repair,,,50.8407087,4.3377214,+32 2 275 98 67,https://belmobile.be/,,WEBSITE_PRESENT,2026-08-15T10:02:32.711791+00:00,clean,,no confident canonical category mapping,"{""contact:phone"": ""+32 2 275 98 67"", ""contact:website"": ""https://belmobile.be/"", ""craft"": ""electronics_repair"", ""name"": ""Belmobile""}"
anderlecht,osm:node/11540138575,DeLa Fresh,,shop=butcher,,,50.8439689,4.3278129,+32 2 521 57 14,https://www.delafresh.be/,,WEBSITE_PRESENT,2026-08-15T10:02:32.711791+00:00,clean,,no confident canonical category mapping,"{""contact:phone"": ""+32 2 521 57 14"", ""contact:website"": ""https://www.delafresh.be/"", ""name"": ""DeLa Fresh"", ""shop"": ""butcher""}"
anderlecht,osm:node/11556348300,Centre Culturel Congolais - Congolees Cultureel Centrum,,amenity=community_centre,,,50.8402538,4.3399921,,https://www.centreculturelcongolais.be/,,WEBSITE_PRESENT,2026-08-15T10:02:32.711791+00:00,clean,,no confident canonical category mapping,"{""amenity"": ""community_centre"", ""contact:website"": ""https://www.centreculturelcongolais.be/"", ""name"": ""Centre Culturel Congolais - Congolees Cultureel Centrum""}"
anderlecht,osm:node/11595440472,Soldat Britannique cargo,,amenity=bicycle_parking,,,50.8156563,4.282135,,https://cycloparking.brussels,,WEBSITE_PRESENT,2026-08-15T10:02:32.711791+00:00,clean,,no confident canonical category mapping,"{""amenity"": ""bicycle_parking"", ""name"": ""Soldat Britannique cargo"", ""operator"": ""parking.brussels"", ""website"": ""https://cycloparking.brussels""}"
anderlecht,osm:node/11595440473,Victor,,amenity=bicycle_parking,,,50.8297647,4.306372,,https://cycloparking.brussels,,WEBSITE_PRESENT,2026-08-15T10:02:32.711791+00:00,clean,,no confident canonical category mapping,"{""amenity"": ""bicycle_parking"", ""name"": ""Victor"", ""operator"": ""parking.brussels"", ""website"": ""https://cycloparking.brussels""}"
anderlecht,osm:node/11595440474,Vieuxtemps,,amenity=bicycle_parking,,,50.8311765,4.3032277,,https://cycloparking.brussels,,WEBSITE_PRESENT,2026-08-15T10:02:32.711791+00:00,clean,,no confident canonical category mapping,"{""amenity"": ""bicycle_parking"", ""name"": ""Vieuxtemps"", ""operator"": ""parking.brussels"", ""website"": ""https://cycloparking.brussels""}"
anderlecht,osm:node/11595440475,Ruquoy,,amenity=bicycle_parking,,,50.8464862,4.3155771,,https://cycloparking.brussels,,WEBSITE_PRESENT,2026-08-15T10:02:32.711791+00:00,clean,,no confident canonical category mapping,"{""amenity"": ""bicycle_parking"", ""name"": ""Ruquoy"", ""operator"": ""parking.brussels"", ""website"": ""https://cycloparking.brussels""}"
anderlecht,osm:node/11595440483,Lambert Crickx,,amenity=bicycle_parking,,,50.8408014,4.3382802,,https://cycloparking.brussels,,WEBSITE_PRESENT,2026-08-15T10:02:32.711791+00:00,clean,,no confident canonical category mapping,"{""amenity"": ""bicycle_parking"", ""name"": ""Lambert Crickx"", ""operator"": ""parking.brussels"", ""website"": ""https://cycloparking.brussels""}"
anderlecht,osm:node/11611649244,Sky Z Park,bars-pubs,amenity=pub,,,50.8443314,4.3232053,,https://www.skyzpark.be/,,WEBSITE_PRESENT,2026-08-15T10:02:32.711791+00:00,clean,,,"{""amenity"": ""pub"", ""contact:website"": ""https://www.skyzpark.be/"", ""leisure"": ""trampoline_park"", ""name"": ""Sky Z Park""}"
anderlecht,osm:node/11617008959,Halal Centrum,,shop=convenience,,,50.8441881,4.3229779,,,,NO_WEBSITE,2026-08-15T10:02:32.711791+00:00,clean,,no confident canonical category mapping,"{""name"": ""Halal Centrum"", ""shop"": ""convenience""}"
anderlecht,osm:node/11642347535,Bertaux,,amenity=bicycle_parking,,,50.8341577,4.3008678,,https://app.cycloparking.brussels/parkings,,WEBSITE_PRESENT,2026-08-15T10:02:32.711791+00:00,clean,,no confident canonical category mapping,"{""amenity"": ""bicycle_parking"", ""name"": ""Bertaux"", ""operator"": ""parking.brussels"", ""website"": ""https://app.cycloparking.brussels/parkings""}"
anderlecht,osm:node/11668908765,Birmingham Market,,shop=convenience,,,50.8459155,4.3235549,,,,NO_WEBSITE,2026-08-15T10:02:32.711791+00:00,clean,,no confident canonical category mapping,"{""name"": ""Birmingham Market"", ""shop"": ""convenience""}"
anderlecht,osm:node/11684652356,Crep' & Cream,restaurant,amenity=restaurant,,,50.8389444,4.3308849,,,https://www.facebook.com/crepandcream,SOCIAL_ONLY,2026-08-15T10:02:32.711791+00:00,clean,,,"{""amenity"": ""restaurant"", ""contact:facebook"": ""https://www.facebook.com/crepandcream"", ""name"": ""Crep' & Cream""}"
anderlecht,osm:node/11688135918,Maison médicale Cureghem,,amenity=clinic;healthcare=clinic,,,50.8395145,4.3290576,,,,NO_WEBSITE,2026-08-15T10:02:32.711791+00:00,clean,,no confident canonical category mapping,"{""amenity"": ""clinic"", ""healthcare"": ""clinic"", ""name"": ""Maison médicale Cureghem""}"
anderlecht,osm:node/11690505701,Guillaume Lekeu cargo,,amenity=bicycle_parking,,,50.8294177,4.2967708,,https://cycloparking.brussels,,WEBSITE_PRESENT,2026-08-15T10:02:32.711791+00:00,clean,,no confident canonical category mapping,"{""amenity"": ""bicycle_parking"", ""name"": ""Guillaume Lekeu cargo"", ""operator"": ""parking.brussels"", ""website"": ""https://cycloparking.brussels""}"
anderlecht,osm:node/11690505702,Drapeau I,,amenity=bicycle_parking,,,50.8377633,4.309479,,https://cycloparking.brussels,,WEBSITE_PRESENT,2026-08-15T10:02:32.711791+00:00,clean,,no confident canonical category mapping,"{""amenity"": ""bicycle_parking"", ""name"": ""Drapeau I"", ""operator"": ""parking.brussels"", ""website"": ""https://cycloparking.brussels""}"
anderlecht,osm:node/11694880652,Polsmaak,pastry-shops,shop=bakery,,,50.8383577,4.3087737,+32 2 521 77 69,https://www.polsmaak.com/,,WEBSITE_PRESENT,2026-08-15T10:02:32.711791+00:00,clean,,,"{""contact:phone"": ""+32 2 521 77 69"", ""contact:website"": ""https://www.polsmaak.com/"", ""name"": ""Polsmaak"", ""operator"": ""Polsmaak Ciszkowski"", ""shop"": ""bakery""}"
anderlecht,osm:node/11701848192,Chez Rosario,,shop=deli,,,50.836139,4.3308618,,,,NO_WEBSITE,2026-08-15T10:02:32.711791+00:00,clean,,no confident canonical category mapping,"{""name"": ""Chez Rosario"", ""shop"": ""deli""}"
anderlecht,osm:node/11733174595,Louis Delhaize,,shop=convenience,,,50.8164151,4.2633611,,,,NO_WEBSITE,2026-08-15T10:02:32.711791+00:00,clean,,no confident canonical category mapping,"{""name"": ""Louis Delhaize"", ""shop"": ""convenience""}"
anderlecht,osm:node/11733174596,Texaco,,amenity=fuel,,,50.8162998,4.2632042,,,,NO_WEBSITE,2026-08-15T10:02:32.711791+00:00,clean,,no confident canonical category mapping,"{""amenity"": ""fuel"", ""brand"": ""Texaco"", ""name"": ""Texaco""}"
anderlecht,osm:node/11733993608,État civil - Burgerlijke stand,,office=government,,,50.8334413,4.330702,,,,NO_WEBSITE,2026-08-15T10:02:32.711791+00:00,clean,,no confident canonical category mapping,"{""name"": ""État civil - Burgerlijke stand"", ""office"": ""government"", ""operator"": ""Commune d'Anderlecht - Gemeente Anderlecht""}"
anderlecht,osm:node/11735014881,Bio Basic,supermarkets,shop=supermarket,,,50.8358688,4.313648,,https://www.bio-basic.be/,,WEBSITE_PRESENT,2026-08-15T10:02:32.711791+00:00,clean,,,"{""contact:website"": ""https://www.bio-basic.be/"", ""name"": ""Bio Basic"", ""shop"": ""supermarket""}"
anderlecht,osm:node/11758030884,D'Ieteren Mobility Center Anderlecht,car-dealers,shop=car,,,50.8239044,4.3083319,+32 2 605 23 00,https://www.dieterenmobilitycompany.be/fr/volkswagen/anderlecht,,WEBSITE_PRESENT,2026-08-15T10:02:32.711791+00:00,clean,,,"{""brand"": ""Audi;SEAT;Škoda;Volkswagen"", ""contact:phone"": ""+32 2 605 23 00"", ""contact:website"": ""https://www.dieterenmobilitycompany.be/fr/volkswagen/anderlecht"", ""name"": ""D'Ieteren Mobility Center Anderlecht"", ""shop"": ""car""}"
anderlecht,osm:node/11815343416,Jims,gym,leisure=fitness_centre,,,50.8445064,4.3229638,+32 2 588 72 49,https://www.jims.be/fr/clubs/jims-anderlecht,,WEBSITE_PRESENT,2026-08-15T10:02:32.711791+00:00,clean,,,"{""contact:phone"": ""+32 2 588 72 49"", ""contact:website"": ""https://www.jims.be/fr/clubs/jims-anderlecht"", ""leisure"": ""fitness_centre"", ""name"": ""Jims""}"
anderlecht,osm:node/11817249313,Chanab Tandoori,restaurant,amenity=restaurant,,,50.8391475,4.3343292,,,,NO_WEBSITE,2026-08-15T10:02:32.711791+00:00,clean,,,"{""amenity"": ""restaurant"", ""name"": ""Chanab Tandoori""}"
anderlecht,osm:node/11896918575,BBQ Royal,fast-food,amenity=fast_food,,,50.8348291,4.3072955,,,,NO_WEBSITE,2026-08-15T10:02:32.711791+00:00,clean,,,"{""amenity"": ""fast_food"", ""name"": ""BBQ Royal""}"
anderlecht,osm:node/11920307024,Erasme,,amenity=bicycle_parking,,,50.8383467,4.3081608,,https://cycloparking.brussels,,WEBSITE_PRESENT,2026-08-15T10:02:32.711791+00:00,clean,,no confident canonical category mapping,"{""amenity"": ""bicycle_parking"", ""name"": ""Erasme"", ""operator"": ""parking.brussels"", ""website"": ""https://cycloparking.brussels""}"
anderlecht,osm:node/11922393307,Écoles communales Enseignement Artistique Anderlecht,,amenity=art_school,,,50.8347961,4.3017376,,https://www.aca-anderlecht.be/contact/,,WEBSITE_PRESENT,2026-08-15T10:02:32.711791+00:00,clean,,no confident canonical category mapping,"{""amenity"": ""art_school"", ""name"": ""Écoles communales Enseignement Artistique Anderlecht"", ""website"": ""https://www.aca-anderlecht.be/contact/""}"
anderlecht,osm:node/11922393311,Groszek Supermarket,supermarkets,shop=supermarket,,,50.8294404,4.3065967,,,,NO_WEBSITE,2026-08-15T10:02:32.711791+00:00,clean,,,"{""name"": ""Groszek Supermarket"", ""shop"": ""supermarket""}"
anderlecht,osm:node/11953289450,Blu Bruxelles,,amenity=nightclub,,,50.8161494,4.3060075,,https://blubruxelles.com/,,WEBSITE_PRESENT,2026-08-15T10:02:32.711791+00:00,clean,,no confident canonical category mapping,"{""amenity"": ""nightclub"", ""contact:website"": ""https://blubruxelles.com/"", ""name"": ""Blu Bruxelles""}"
anderlecht,osm:node/11953463375,Station de Mesures 'Gisèle Bazier' - Meetstation 'Gisèle Bazier',,tourism=information,,,50.8193876,4.30229,,,,NO_WEBSITE,2026-08-15T10:02:32.711791+00:00,clean,,no confident canonical category mapping,"{""name"": ""Station de Mesures 'Gisèle Bazier' - Meetstation 'Gisèle Bazier'"", ""operator"": ""Hydra"", ""tourism"": ""information""}"
anderlecht,osm:node/11953463376,Gestion des eaux et des boues - Beheer van water en slib - Managing Water and Mud - Wasserwirtschaft und das Schlammmanagement,,tourism=information,,,50.8193929,4.3022781,,,,NO_WEBSITE,2026-08-15T10:02:32.711791+00:00,clean,,no confident canonical category mapping,"{""name"": ""Gestion des eaux et des boues - Beheer van water en slib - Managing Water and Mud - Wasserwirtschaft und das Schlammmanagement"", ""operator"": ""Port de Bruxelles - Haven van Brussel"", ""tourism"": ""information""}"
anderlecht,osm:node/11953463377,La Senne et les maisons de l'écluse - De Zenne en de sluiswoningen,,tourism=information,,,50.8194037,4.3022513,,,,NO_WEBSITE,2026-08-15T10:02:32.711791+00:00,clean,,no confident canonical category mapping,"{""name"": ""La Senne et les maisons de l'écluse - De Zenne en de sluiswoningen"", ""operator"": ""Le Collectif de La Roue - Het Collectief van 'T Rad"", ""tourism"": ""information""}"
anderlecht,osm:node/11953463385,"Le canal, l'écluse... et les jardiniers - De Zenne en de sluiswoningen",,tourism=information,,,50.820211,4.3019331,,,,NO_WEBSITE,2026-08-15T10:02:32.711791+00:00,clean,,no confident canonical category mapping,"{""name"": ""Le canal, l'écluse... et les jardiniers - De Zenne en de sluiswoningen"", ""operator"": ""Le Collectif de La Roue - Het Collectief van 'T Rad"", ""tourism"": ""information""}"
anderlecht,osm:node/11953463386,Écluse d'Anderlecht - Sluis van Anderlecht - Anderlecht Lock - Schleuse von Anderlecht,,tourism=information,,,50.8200471,4.3018062,,,,NO_WEBSITE,2026-08-15T10:02:32.711791+00:00,clean,,no confident canonical category mapping,"{""name"": ""Écluse d'Anderlecht - Sluis van Anderlecht - Anderlecht Lock - Schleuse von Anderlecht"", ""operator"": ""Port de Bruxelles - Haven van Brussel"", ""tourism"": ""information""}"
anderlecht,osm:node/11953861220,Cafet Colombophiles,restaurant,amenity=restaurant,,,50.8190405,4.2994031,,https://www.anderlecht.be/fr/cafet-1070,,WEBSITE_PRESENT,2026-08-15T10:02:32.711791+00:00,clean,,,"{""amenity"": ""restaurant"", ""contact:website"": ""https://www.anderlecht.be/fr/cafet-1070"", ""name"": ""Cafet Colombophiles""}"
anderlecht,osm:node/11957977231,La Place Ministre Wauters - Het Minister Wautersplein,,tourism=information,,,50.818742,4.2953439,,,,NO_WEBSITE,2026-08-15T10:02:32.711791+00:00,clean,,no confident canonical category mapping,"{""name"": ""La Place Ministre Wauters - Het Minister Wautersplein"", ""operator"": ""Le Collectif de La Roue - Het Collectief van 'T Rad"", ""tourism"": ""information""}"
anderlecht,osm:node/11957977300,Au savoir des épluchures - Alles weten over afval,,tourism=information,,,50.8209085,4.2977826,,,,NO_WEBSITE,2026-08-15T10:02:32.711791+00:00,clean,,no confident canonical category mapping,"{""name"": ""Au savoir des épluchures - Alles weten over afval"", ""operator"": ""Le Collectif de La Roue - Het Collectief van 'T Rad"", ""tourism"": ""information""}"
anderlecht,osm:node/11957977318,Trees of Circular Motion,,tourism=artwork,,,50.8216471,4.2993673,,,,NO_WEBSITE,2026-08-15T10:02:32.711791+00:00,clean,,no confident canonical category mapping,"{""name"": ""Trees of Circular Motion"", ""tourism"": ""artwork""}"
anderlecht,osm:node/11957977319,L'histoire de la pleine -,,tourism=information,,,50.8217312,4.299147,,,,NO_WEBSITE,2026-08-15T10:02:32.711791+00:00,clean,,no confident canonical category mapping,"{""name"": ""L'histoire de la pleine -"", ""operator"": ""Le Collectif de La Roue - Het Collectief van 'T Rad"", ""tourism"": ""information""}"
anderlecht,osm:node/11957977413,Le Marronnier et ses rues voisines - De kastanjeboom en de naburige straten,,tourism=information,,,50.8216851,4.3010711,,,,NO_WEBSITE,2026-08-15T10:02:32.711791+00:00,clean,,no confident canonical category mapping,"{""name"": ""Le Marronnier et ses rues voisines - De kastanjeboom en de naburige straten"", ""operator"": ""Le Collectif de La Roue - Het Collectief van 'T Rad"", ""tourism"": ""information""}"
anderlecht,osm:node/11973769402,Résidence Alay - Residentie Alay,,amenity=social_facility,,,50.8159888,4.2837419,+32 2 522 53 46,https://www.residence-alay.be/,,WEBSITE_PRESENT,2026-08-15T10:02:32.711791+00:00,clean,,no confident canonical category mapping,"{""amenity"": ""social_facility"", ""contact:phone"": ""+32 2 522 53 46"", ""contact:website"": ""https://www.residence-alay.be/"", ""name"": ""Résidence Alay - Residentie Alay""}"
anderlecht,osm:node/12014416908,Cityfab 3,,leisure=hackerspace,,,50.8349453,4.3285761,,,,NO_WEBSITE,2026-08-15T10:02:32.711791+00:00,clean,,no confident canonical category mapping,"{""leisure"": ""hackerspace"", ""name"": ""Cityfab 3""}"
anderlecht,osm:node/12034823137,Musée Maurice Carême - Maurice Carême Museum,,tourism=museum,,,50.8317782,4.2944041,+32 2 521 67 75,http://www.mauricecareme.be/,,WEBSITE_PRESENT,2026-08-15T10:02:32.711791+00:00,clean,,no confident canonical category mapping,"{""contact:phone"": ""+32 2 521 67 75"", ""contact:website"": ""http://www.mauricecareme.be/"", ""name"": ""Musée Maurice Carême - Maurice Carême Museum"", ""tourism"": ""museum""}"
anderlecht,osm:node/12037257639,Galerie Vertige,,tourism=gallery,,,50.8321692,4.3061907,,https://www.galerievertige.be/,,WEBSITE_PRESENT,2026-08-15T10:02:32.711791+00:00,clean,,no confident canonical category mapping,"{""contact:website"": ""https://www.galerievertige.be/"", ""name"": ""Galerie Vertige"", ""tourism"": ""gallery""}"
anderlecht,osm:node/12040665668,Saint-Gobain - Glassworld,,shop=wholesale,,,50.8168073,4.3072576,+32 2 521 10 71,https://befr.saint-gobain-building-glass.com/fr-BE/saint-gobain-anderlecht,,WEBSITE_PRESENT,2026-08-15T10:02:32.711791+00:00,clean,,no confident canonical category mapping,"{""contact:phone"": ""+32 2 521 10 71"", ""contact:website"": ""https://befr.saint-gobain-building-glass.com/fr-BE/saint-gobain-anderlecht"", ""name"": ""Saint-Gobain - Glassworld"", ""shop"": ""wholesale""}"
anderlecht,osm:node/12041257069,Contact Vision,,shop=optician,,,50.8388647,4.3121399,+32 2 521 65 54,,,NO_WEBSITE,2026-08-15T10:02:32.711791+00:00,clean,,no confident canonical category mapping,"{""contact:phone"": ""+32 2 521 65 54"", ""name"": ""Contact Vision"", ""shop"": ""optician""}"
anderlecht,osm:node/12090705372,La Senne - De Zenne,,tourism=information,,,50.8241992,4.3103741,,,,NO_WEBSITE,2026-08-15T10:02:32.711791+00:00,clean,,no confident canonical category mapping,"{""name"": ""La Senne - De Zenne"", ""operator"": ""Bruxelles Environmmenent - Brussel Leefmilieu"", ""tourism"": ""information""}"
anderlecht,osm:node/12114280496,Byrrrh & Skate,,leisure=pitch,,,50.8312372,4.3188272,,https://byrrrhandskate.be,,WEBSITE_PRESENT,2026-08-15T10:02:32.711791+00:00,clean,,no confident canonical category mapping,"{""contact:website"": ""https://byrrrhandskate.be"", ""leisure"": ""pitch"", ""name"": ""Byrrrh & Skate""}"
anderlecht,osm:node/12117697204,Vallée du VOGELZANGBEEKvallei,,tourism=information,,,50.8085891,4.2888685,,,,NO_WEBSITE,2026-08-15T10:02:32.711791+00:00,clean,,no confident canonical category mapping,"{""name"": ""Vallée du VOGELZANGBEEKvallei"", ""tourism"": ""information""}"
anderlecht,osm:node/12117724423,Vallée du VOGELZANGBEEKvallei,,tourism=information,,,50.8086511,4.2775709,,,,NO_WEBSITE,2026-08-15T10:02:32.711791+00:00,clean,,no confident canonical category mapping,"{""name"": ""Vallée du VOGELZANGBEEKvallei"", ""tourism"": ""information""}"
anderlecht,osm:node/12119137553,Vallée du VOGELZANGBEEKvallei,,tourism=information,,,50.8087251,4.2891914,,,,NO_WEBSITE,2026-08-15T10:02:32.711791+00:00,clean,,no confident canonical category mapping,"{""name"": ""Vallée du VOGELZANGBEEKvallei"", ""tourism"": ""information""}"
anderlecht,osm:node/12123258795,Le Jardin Libanais,,shop=convenience,,,50.8433403,4.3347284,+32 2 524 26 30,https://www.lejardinlibanais.com/,,WEBSITE_PRESENT,2026-08-15T10:02:32.711791+00:00,clean,,no confident canonical category mapping,"{""contact:phone"": ""+32 2 524 26 30"", ""contact:website"": ""https://www.lejardinlibanais.com/"", ""name"": ""Le Jardin Libanais"", ""shop"": ""convenience""}"
anderlecht,osm:node/12123268932,Bru-Divers,,shop=deli,,,50.8471064,4.3192054,,,,NO_WEBSITE,2026-08-15T10:02:32.711791+00:00,clean,,no confident canonical category mapping,"{""name"": ""Bru-Divers"", ""shop"": ""deli""}"
anderlecht,osm:node/12123282050,FripeMode,clothing-store,shop=clothes,,,50.8424274,4.3310548,,,,NO_WEBSITE,2026-08-15T10:02:32.711791+00:00,clean,,,"{""name"": ""FripeMode"", ""shop"": ""clothes""}"
anderlecht,osm:node/12179884682,Brico-express,,shop=hardware,,,50.841166,4.322233,,,,NO_WEBSITE,2026-08-15T10:02:32.711791+00:00,clean,,no confident canonical category mapping,"{""name"": ""Brico-express"", ""shop"": ""hardware""}"
anderlecht,osm:node/12179897805,Bermabru,,shop=doityourself,,,50.8449547,4.3095709,,,,NO_WEBSITE,2026-08-15T10:02:32.711791+00:00,clean,,no confident canonical category mapping,"{""name"": ""Bermabru"", ""shop"": ""doityourself""}"
anderlecht,osm:node/12193722737,La Petite Île,,amenity=social_facility,,,50.8301022,4.3183347,,https://www.armonea.be/,,WEBSITE_PRESENT,2026-08-15T10:02:32.711791+00:00,clean,,no confident canonical category mapping,"{""amenity"": ""social_facility"", ""contact:website"": ""https://www.armonea.be/"", ""name"": ""La Petite Île"", ""operator"": ""Armonea""}"
anderlecht,osm:node/12193735503,Krakow,,shop=convenience,,,50.8299136,4.3181399,,https://www.supermarketkrakow.be/,,WEBSITE_PRESENT,2026-08-15T10:02:32.711791+00:00,clean,,no confident canonical category mapping,"{""contact:website"": ""https://www.supermarketkrakow.be/"", ""name"": ""Krakow"", ""shop"": ""convenience""}"
anderlecht,osm:node/12195421253,La maison d'Aletheia,,amenity=community_centre,,,50.8345407,4.3087483,,https://www.la-maison-d-aletheia.com,,WEBSITE_PRESENT,2026-08-15T10:02:32.711791+00:00,clean,,no confident canonical category mapping,"{""amenity"": ""community_centre"", ""contact:website"": ""https://www.la-maison-d-aletheia.com"", ""name"": ""La maison d'Aletheia""}"
anderlecht,osm:node/12207153876,Bouvin-Coomans,,shop=funeral_directors,,,50.8235177,4.2972204,+32 2 647 49 29,https://funerarium-bouvincoomans.be/,https://www.facebook.com/FunerariumBouvinCoomans/,WEBSITE_PRESENT,2026-08-15T10:02:32.711791+00:00,clean,,no confident canonical category mapping,"{""contact:facebook"": ""https://www.facebook.com/FunerariumBouvinCoomans/"", ""contact:phone"": ""+32 2 647 49 29"", ""contact:website"": ""https://funerarium-bouvincoomans.be/"", ""name"": ""Bouvin-Coomans"", ""shop"": ""funeral_directors""}"
anderlecht,osm:node/12207164046,Groupe Gobert,,shop=trade,,,50.8333403,4.3157189,+32 2 522 79 37,https://www.groupegobert.com/,,WEBSITE_PRESENT,2026-08-15T10:02:32.711791+00:00,clean,,no confident canonical category mapping,"{""contact:phone"": ""+32 2 522 79 37"", ""contact:website"": ""https://www.groupegobert.com/"", ""name"": ""Groupe Gobert"", ""shop"": ""trade""}"
anderlecht,osm:node/12215828316,Topmachines,,shop=sewing,,,50.8393538,4.3241893,,,,NO_WEBSITE,2026-08-15T10:02:32.711791+00:00,clean,,no confident canonical category mapping,"{""name"": ""Topmachines"", ""shop"": ""sewing""}"
anderlecht,osm:node/12215836338,rricebrussels,fast-food,amenity=fast_food,,,50.8386166,4.3219616,,,,NO_WEBSITE,2026-08-15T10:02:32.711791+00:00,clean,,,"{""amenity"": ""fast_food"", ""name"": ""rricebrussels""}"
anderlecht,osm:node/12215837400,Retour ô naturel,,shop=health_food,,,50.8389042,4.3228316,,,,NO_WEBSITE,2026-08-15T10:02:32.711791+00:00,clean,,no confident canonical category mapping,"{""name"": ""Retour ô naturel"", ""shop"": ""health_food""}"
anderlecht,osm:node/12232685593,Réserve naturelle du Vogelzangbeek - Natuurreservaat van de Vogelzangbeek,,tourism=information,,,50.808586,4.2888565,,,,NO_WEBSITE,2026-08-15T10:02:32.711791+00:00,clean,,no confident canonical category mapping,"{""name"": ""Réserve naturelle du Vogelzangbeek - Natuurreservaat van de Vogelzangbeek"", ""tourism"": ""information""}"
anderlecht,osm:node/12241634145,BatyHome,,office=construction_company,,,50.8393706,4.311722,+32 2 734 86 88,https://batyhome.be/batyhome/,,WEBSITE_PRESENT,2026-08-15T10:02:32.711791+00:00,clean,,no confident canonical category mapping,"{""contact:phone"": ""+32 2 734 86 88"", ""contact:website"": ""https://batyhome.be/batyhome/"", ""name"": ""BatyHome"", ""office"": ""construction_company""}"
anderlecht,osm:node/12242032090,Tayba Sweet,pastry-shops,shop=confectionery,,,50.8428745,4.3321555,,,,NO_WEBSITE,2026-08-15T10:02:32.711791+00:00,clean,,,"{""name"": ""Tayba Sweet"", ""shop"": ""confectionery""}"
anderlecht,osm:node/12242092293,Nearly New Car Megastore,car-dealers,shop=car,,,50.8114873,4.2887637,,,,NO_WEBSITE,2026-08-15T10:02:32.711791+00:00,clean,,,"{""brand"": ""Mercedes"", ""name"": ""Nearly New Car Megastore"", ""shop"": ""car""}"
anderlecht,osm:node/12242093839,Usine du Linge - Linnendienst,,shop=laundry,,,50.8216364,4.3143117,,https://cpasbxl.brussels/?p=96,,WEBSITE_PRESENT,2026-08-15T10:02:32.711791+00:00,clean,,no confident canonical category mapping,"{""contact:website"": ""https://cpasbxl.brussels/?p=96"", ""name"": ""Usine du Linge - Linnendienst"", ""operator"": ""Ville de Bruxelles - Stad Brussel"", ""shop"": ""laundry""}"
anderlecht,osm:node/12242098820,Mercerie,,shop=sewing,,,50.8159915,4.2979415,,,,NO_WEBSITE,2026-08-15T10:02:32.711791+00:00,clean,,no confident canonical category mapping,"{""name"": ""Mercerie"", ""shop"": ""sewing""}"
anderlecht,osm:node/12242104206,Électro Dépôt,electronics-stores,shop=electronics,,,50.8177289,4.2801699,+32 2 851 02 40,https://www.electrodepot.be/,,WEBSITE_PRESENT,2026-08-15T10:02:32.711791+00:00,clean,,,"{""brand"": ""Électro Dépôt"", ""contact:phone"": ""+32 2 851 02 40"", ""contact:website"": ""https://www.electrodepot.be/"", ""name"": ""Électro Dépôt"", ""shop"": ""electronics""}"
anderlecht,osm:node/12251165361,Commissariat de quartier Rue Démosthène - Wijkcommissariaat Demosthenesstraat,,amenity=police,,,50.8429362,4.3119016,+32 2 559 80 00,https://www.police.be/5341/fr/contact/commissariats/commissariat-de-quartier-rue-demosthene-anderlecht,,WEBSITE_PRESENT,2026-08-15T10:02:32.711791+00:00,clean,,no confident canonical category mapping,"{""amenity"": ""police"", ""contact:phone"": ""+32 2 559 80 00"", ""contact:website"": ""https://www.police.be/5341/fr/contact/commissariats/commissariat-de-quartier-rue-demosthene-anderlecht"", ""name"": ""Commissariat de quartier Rue Démosthène - Wijkcommissariaat Demosthenesstraat"", ""operator"": ""ZP5341""}"
anderlecht,osm:node/12255020881,SPIE Belgium,,office=surveillance,,,50.8299913,4.3212673,+32 2 729 61 11,https://www.spie.be/,,WEBSITE_PRESENT,2026-08-15T10:02:32.711791+00:00,clean,,no confident canonical category mapping,"{""contact:phone"": ""+32 2 729 61 11"", ""contact:website"": ""https://www.spie.be/"", ""name"": ""SPIE Belgium"", ""office"": ""surveillance""}"
anderlecht,osm:node/12255020882,Ringstation II - A & B,,office=company,,,50.8321794,4.3267442,,,,NO_WEBSITE,2026-08-15T10:02:32.711791+00:00,clean,,no confident canonical category mapping,"{""name"": ""Ringstation II - A & B"", ""office"": ""company""}"
anderlecht,osm:node/12255020883,La Baguette Cavaleri,fast-food,amenity=fast_food,,,50.8324874,4.3267941,,,,NO_WEBSITE,2026-08-15T10:02:32.711791+00:00,clean,,,"{""amenity"": ""fast_food"", ""name"": ""La Baguette Cavaleri""}"
anderlecht,osm:node/12255042343,Poney Express,bars-pubs,amenity=bar,,,50.8393371,4.3254532,,,,NO_WEBSITE,2026-08-15T10:02:32.711791+00:00,clean,,,"{""amenity"": ""bar"", ""name"": ""Poney Express""}"
anderlecht,osm:node/12255362816,Boo! Modern Coffee,,craft=coffee_roaster,,,50.8396822,4.3189278,,https://boomoderncoffee.com/,,WEBSITE_PRESENT,2026-08-15T10:02:32.711791+00:00,clean,,no confident canonical category mapping,"{""craft"": ""coffee_roaster"", ""name"": ""Boo! Modern Coffee"", ""website"": ""https://boomoderncoffee.com/""}"
anderlecht,osm:node/12256572206,La Table royale,fast-food,amenity=fast_food,,,50.8400295,4.3259559,,,,NO_WEBSITE,2026-08-15T10:02:32.711791+00:00,clean,,,"{""amenity"": ""fast_food"", ""name"": ""La Table royale""}"
anderlecht,osm:node/12256760521,Cabinet dentaire Van Lint,dentist,amenity=dentist,,,50.8398164,4.3253452,,,,NO_WEBSITE,2026-08-15T10:02:32.711791+00:00,clean,,,"{""amenity"": ""dentist"", ""healthcare"": ""dentist"", ""name"": ""Cabinet dentaire Van Lint""}"
anderlecht,osm:node/12256761348,Alimentation castelao,fast-food,amenity=fast_food,,,50.8399953,4.3258432,,,,NO_WEBSITE,2026-08-15T10:02:32.711791+00:00,clean,,,"{""amenity"": ""fast_food"", ""name"": ""Alimentation castelao""}"
anderlecht,osm:node/12291614216,Bohemian,restaurant,amenity=restaurant,,,50.8312351,4.2982919,,https://thebohemian.be,,WEBSITE_PRESENT,2026-08-15T10:02:32.711791+00:00,clean,,,"{""amenity"": ""restaurant"", ""contact:website"": ""https://thebohemian.be"", ""name"": ""Bohemian""}"
anderlecht,osm:node/12302295973,Ten Prins,,amenity=social_facility,,,50.8460123,4.2996879,+32 2 520 69 47,https://home-ten-prins-bvba.business.site/,,WEBSITE_PRESENT,2026-08-15T10:02:32.711791+00:00,clean,,no confident canonical category mapping,"{""amenity"": ""social_facility"", ""contact:phone"": ""+32 2 520 69 47"", ""contact:website"": ""https://home-ten-prins-bvba.business.site/"", ""name"": ""Ten Prins""}"
anderlecht,osm:node/12303922988,CCN Vogelzang CBN,,office=association,,,50.8098977,4.2801423,,https://www.vogelzang.org/,ccnvogelzangcbn,WEBSITE_PRESENT,2026-08-15T10:02:32.711791+00:00,clean,,no confident canonical category mapping,"{""contact:facebook"": ""ccnvogelzangcbn"", ""contact:website"": ""https://www.vogelzang.org/"", ""name"": ""CCN Vogelzang CBN"", ""office"": ""association""}"
anderlecht,osm:node/12317591341,Legrain,,shop=pastry,,,50.8164191,4.2944853,,https://legrain.brussels/,,WEBSITE_PRESENT,2026-08-15T10:02:32.711791+00:00,clean,,no confident canonical category mapping,"{""contact:website"": ""https://legrain.brussels/"", ""name"": ""Legrain"", ""shop"": ""pastry""}"
anderlecht,osm:node/12335938539,ANAC Carwash,,amenity=car_wash,,,50.8288874,4.3142417,,https://www.anaccarwash.com/vestigingen/anac-anderlecht/,,WEBSITE_PRESENT,2026-08-15T10:02:32.711791+00:00,clean,,no confident canonical category mapping,"{""amenity"": ""car_wash"", ""contact:website"": ""https://www.anaccarwash.com/vestigingen/anac-anderlecht/"", ""name"": ""ANAC Carwash""}"
anderlecht,osm:node/12347584450,City Market,,shop=convenience,,,50.8401464,4.335011,,,,NO_WEBSITE,2026-08-15T10:02:32.711791+00:00,clean,,no confident canonical category mapping,"{""name"": ""City Market"", ""shop"": ""convenience""}"
anderlecht,osm:node/12368448377,Atelier Mufuki Mukuna,,amenity=arts_centre,,,50.8385865,4.3259388,,https://www.artnet.fr/artistes/mufuki-mukuna,https://www.facebook.com/mufuki.mukuna,WEBSITE_PRESENT,2026-08-15T10:02:32.711791+00:00,clean,,no confident canonical category mapping,"{""amenity"": ""arts_centre"", ""contact:facebook"": ""https://www.facebook.com/mufuki.mukuna"", ""contact:instagram"": ""https://www.instagram.com/mufuki_mukuna"", ""name"": ""Atelier Mufuki Mukuna"", ""website"": ""https://www.artnet.fr/artistes/mufuki-mukuna""}"
anderlecht,osm:node/12387278676,CAFE COOP,cafe,amenity=cafe,,,50.8397735,4.319009,,https://coop.brussels/cafe,,WEBSITE_PRESENT,2026-08-15T10:02:32.711791+00:00,clean,,,"{""amenity"": ""cafe"", ""name"": ""CAFE COOP"", ""website"": ""https://coop.brussels/cafe""}"
anderlecht,osm:node/12438892456,P2,,amenity=bicycle_parking,,,50.8179979,4.2924513,,,,NO_WEBSITE,2026-08-15T10:02:32.711791+00:00,clean,,no confident canonical category mapping,"{""amenity"": ""bicycle_parking"", ""name"": ""P2"", ""operator"": ""NMBS/SNCB""}"
anderlecht,osm:node/12444667677,D'Broej,,amenity=community_centre,,,50.8428267,4.2921146,,https://dbroej.be,,WEBSITE_PRESENT,2026-08-15T10:02:32.711791+00:00,clean,,no confident canonical category mapping,"{""amenity"": ""community_centre"", ""contact:website"": ""https://dbroej.be"", ""name"": ""D'Broej""}"
anderlecht,osm:node/12448693822,Musée national de la Résistance - Nationaal Museum van de Weerstand,,tourism=museum,,,50.8393274,4.3279167,+32 2 522 40 41,http://www.museumresistance.be/,museumresistance,WEBSITE_PRESENT,2026-08-15T10:02:32.711791+00:00,clean,,no confident canonical category mapping,"{""contact:facebook"": ""museumresistance"", ""contact:instagram"": ""museumresistance"", ""contact:phone"": ""+32 2 522 40 41"", ""contact:website"": ""http://www.museumresistance.be/"", ""name"": ""Musée national de la Résistance - Nationaal Museum van de Weerstand"", ""operator"": ""Maison de la Résistance - Huis van het Verzet"", ""tourism"": ""museum""}"
anderlecht,osm:node/12450016696,Lucien,,shop=bicycle,,,50.8236263,4.3082142,+32 2 793 09 61,https://lucien.bike/fr/magasins-de-velos/anderlecht,,WEBSITE_PRESENT,2026-08-15T10:02:32.711791+00:00,clean,,no confident canonical category mapping,"{""contact:phone"": ""+32 2 793 09 61"", ""contact:website"": ""https://lucien.bike/fr/magasins-de-velos/anderlecht"", ""name"": ""Lucien"", ""operator"": ""D'Ieteren Group"", ""shop"": ""bicycle""}"
anderlecht,osm:node/12469503014,Aswak Souss,,shop=convenience,,,50.8435707,4.3336748,,,,NO_WEBSITE,2026-08-15T10:02:32.711791+00:00,clean,,no confident canonical category mapping,"{""name"": ""Aswak Souss"", ""shop"": ""convenience""}"
anderlecht,osm:node/12528571889,Pizza Hut,fast-food,amenity=fast_food,,,50.8285217,4.3049876,+32 2 520 60 00,http://www.pizzahut.be/store/delivery-anderlecht,,WEBSITE_PRESENT,2026-08-15T10:02:32.711791+00:00,clean,,,"{""amenity"": ""fast_food"", ""brand"": ""Pizza Hut"", ""contact:phone"": ""+32 2 520 60 00"", ""contact:website"": ""http://www.pizzahut.be/store/delivery-anderlecht"", ""name"": ""Pizza Hut""}"
anderlecht,osm:node/12531202368,Pearle,,shop=optician,,,50.8355825,4.310512,+32 2 524 21 00,,,NO_WEBSITE,2026-08-15T10:02:32.711791+00:00,clean,,no confident canonical category mapping,"{""brand"": ""Pearle"", ""contact:phone"": ""+32 2 524 21 00"", ""name"": ""Pearle"", ""shop"": ""optician""}"
anderlecht,osm:node/12544021478,Big Appple,,amenity=community_centre,,,50.8325779,4.2643649,,,https://www.instagram.com/big_appple/,SOCIAL_ONLY,2026-08-15T10:02:32.711791+00:00,clean,,no confident canonical category mapping,"{""amenity"": ""community_centre"", ""contact:instagram"": ""https://www.instagram.com/big_appple/"", ""name"": ""Big Appple""}"
anderlecht,osm:node/12546629213,Café Caracas,bars-pubs,amenity=pub,,,50.8325214,4.3270596,,,,NO_WEBSITE,2026-08-15T10:02:32.711791+00:00,clean,,,"{""amenity"": ""pub"", ""name"": ""Café Caracas""}"
anderlecht,osm:node/12552431619,Okay City,supermarkets,shop=supermarket,,,50.8381772,4.3321582,+32 2 616 79 08,https://www.okay.be/fr/nos-magasins/okay-city-anderlecht-brogniez,,WEBSITE_PRESENT,2026-08-15T10:02:32.711791+00:00,clean,,,"{""brand"": ""Okay"", ""contact:phone"": ""+32 2 616 79 08"", ""contact:website"": ""https://www.okay.be/fr/nos-magasins/okay-city-anderlecht-brogniez"", ""name"": ""Okay City"", ""shop"": ""supermarket""}"
anderlecht,osm:node/12566186606,Macadam,,office=association,,,50.8394748,4.3346317,,https://platformbxl.brussels/fr/repertoire/macadam,macadam.asbl,WEBSITE_PRESENT,2026-08-15T10:02:32.711791+00:00,clean,,no confident canonical category mapping,"{""contact:facebook"": ""macadam.asbl"", ""contact:website"": ""https://platformbxl.brussels/fr/repertoire/macadam"", ""name"": ""Macadam"", ""office"": ""association""}"
anderlecht,osm:node/12568884195,Ar-Riddatou,,amenity=community_centre,,,50.8423991,4.3357768,,,,NO_WEBSITE,2026-08-15T10:02:32.711791+00:00,clean,,no confident canonical category mapping,"{""amenity"": ""community_centre"", ""name"": ""Ar-Riddatou""}"
anderlecht,osm:node/12569126570,La Marina,restaurant,amenity=restaurant,,,50.8168068,4.2994904,,,,NO_WEBSITE,2026-08-15T10:02:32.711791+00:00,clean,,,"{""amenity"": ""restaurant"", ""name"": ""La Marina""}"
anderlecht,osm:node/12569332861,Association des ingenieurs industriels de Bruxelles,,office=association,,,50.8381653,4.3257595,,https://www.aiibr.be/,,WEBSITE_PRESENT,2026-08-15T10:02:32.711791+00:00,clean,,no confident canonical category mapping,"{""contact:website"": ""https://www.aiibr.be/"", ""name"": ""Association des ingenieurs industriels de Bruxelles"", ""office"": ""association""}"
anderlecht,osm:node/12581117115,Service Permis d'urbanisme - Dienst Stedenbouwkundige Vergunningen,,office=government,,,50.8306306,4.3056273,,,,NO_WEBSITE,2026-08-15T10:02:32.711791+00:00,clean,,no confident canonical category mapping,"{""name"": ""Service Permis d'urbanisme - Dienst Stedenbouwkundige Vergunningen"", ""office"": ""government"", ""operator"": ""Commune d'Anderlecht - Gemeente Anderlecht""}"
anderlecht,osm:node/12586916181,La Parisienne,pastry-shops,shop=bakery,,,50.8346738,4.3064324,,,,NO_WEBSITE,2026-08-15T10:02:32.711791+00:00,clean,,,"{""name"": ""La Parisienne"", ""shop"": ""bakery""}"
anderlecht,osm:node/12586916182,Amplifon,,shop=hearing_aids,,,50.8348843,4.3076056,+32 2 426 94 90,https://www.amplifon.com/fr-be/centre-auditif/appareil-auditif-bruxelles/amplifon-anderlecht-s590,,WEBSITE_PRESENT,2026-08-15T10:02:32.711791+00:00,clean,,no confident canonical category mapping,"{""brand"": ""Amplifon"", ""contact:phone"": ""+32 2 426 94 90"", ""contact:website"": ""https://www.amplifon.com/fr-be/centre-auditif/appareil-auditif-bruxelles/amplifon-anderlecht-s590"", ""name"": ""Amplifon"", ""shop"": ""hearing_aids""}"
anderlecht,osm:node/12587027891,Kasap,,shop=butcher,,,50.8356771,4.3124826,,,,NO_WEBSITE,2026-08-15T10:02:32.711791+00:00,clean,,no confident canonical category mapping,"{""name"": ""Kasap"", ""shop"": ""butcher""}"
anderlecht,osm:node/12587027892,Grandes Marées,,shop=seafood,,,50.8356946,4.3125673,,,,NO_WEBSITE,2026-08-15T10:02:32.711791+00:00,clean,,no confident canonical category mapping,"{""name"": ""Grandes Marées"", ""shop"": ""seafood""}"
anderlecht,osm:node/12587061196,Crèmerie Saint-Guidon,,shop=cheese,,,50.8343086,4.3052955,,,,NO_WEBSITE,2026-08-15T10:02:32.711791+00:00,clean,,no confident canonical category mapping,"{""name"": ""Crèmerie Saint-Guidon"", ""shop"": ""cheese""}"
anderlecht,osm:node/12587076344,Brasserie Wayez,cafe,amenity=cafe,,,50.8355518,4.3115833,,,,NO_WEBSITE,2026-08-15T10:02:32.711791+00:00,clean,,,"{""amenity"": ""cafe"", ""name"": ""Brasserie Wayez""}"
anderlecht,osm:node/12587090086,Chez Aziz,,shop=convenience,,,50.8348525,4.3033721,,,,NO_WEBSITE,2026-08-15T10:02:32.711791+00:00,clean,,no confident canonical category mapping,"{""name"": ""Chez Aziz"", ""shop"": ""convenience""}"
anderlecht,osm:node/12587112388,Baby Princesses,,shop=baby_goods,,,50.8349851,4.3081494,,,,NO_WEBSITE,2026-08-15T10:02:32.711791+00:00,clean,,no confident canonical category mapping,"{""name"": ""Baby Princesses"", ""shop"": ""baby_goods""}"
anderlecht,osm:node/12587112389,Leonidas,,shop=chocolate,,,50.8353453,4.310425,+32 2 522 59 13,https://www.leonidas.com/be_fr/boutiques/bruxelles/leonidas-wayez,,WEBSITE_PRESENT,2026-08-15T10:02:32.711791+00:00,clean,,no confident canonical category mapping,"{""brand"": ""Leonidas"", ""contact:phone"": ""+32 2 522 59 13"", ""contact:website"": ""https://www.leonidas.com/be_fr/boutiques/bruxelles/leonidas-wayez"", ""name"": ""Leonidas"", ""shop"": ""chocolate""}"
anderlecht,osm:node/12587112390,Pronto Moda,clothing-store,shop=clothes,,,50.835357,4.3105144,,,,NO_WEBSITE,2026-08-15T10:02:32.711791+00:00,clean,,,"{""name"": ""Pronto Moda"", ""shop"": ""clothes""}"
anderlecht,osm:node/12587112391,My Optical,,shop=optician,,,50.8353718,4.3105903,,,,NO_WEBSITE,2026-08-15T10:02:32.711791+00:00,clean,,no confident canonical category mapping,"{""name"": ""My Optical"", ""shop"": ""optician""}"
anderlecht,osm:node/12587112392,Hans Anders,,shop=optician,,,50.835383,4.310667,+32 2 520 02 61,https://www.hansanders.be/fr/magasins/brussel/anderlecht/rue-wayez-134/,,WEBSITE_PRESENT,2026-08-15T10:02:32.711791+00:00,clean,,no confident canonical category mapping,"{""brand"": ""Hans Anders"", ""contact:phone"": ""+32 2 520 02 61"", ""contact:website"": ""https://www.hansanders.be/fr/magasins/brussel/anderlecht/rue-wayez-134/"", ""name"": ""Hans Anders"", ""shop"": ""optician""}"
anderlecht,osm:node/12587116101,Panos,fast-food,amenity=fast_food,,,50.8354089,4.3108284,+32 2 521 56 23,https://panos.be/fr/magasin/panos-city-anderlecht-23060,,WEBSITE_PRESENT,2026-08-15T10:02:32.711791+00:00,clean,,,"{""amenity"": ""fast_food"", ""brand"": ""Panos"", ""contact:phone"": ""+32 2 521 56 23"", ""contact:website"": ""https://panos.be/fr/magasin/panos-city-anderlecht-23060"", ""name"": ""Panos""}"
anderlecht,osm:node/12587119547,Joris by Siderovi,pastry-shops,shop=bakery,,,50.8362669,4.3147507,,,,NO_WEBSITE,2026-08-15T10:02:32.711791+00:00,clean,,,"{""name"": ""Joris by Siderovi"", ""shop"": ""bakery""}"
anderlecht,osm:node/12587121278,Chamal,pastry-shops,shop=bakery,,,50.8360632,4.3133846,,,,NO_WEBSITE,2026-08-15T10:02:32.711791+00:00,clean,,,"{""name"": ""Chamal"", ""shop"": ""bakery""}"
anderlecht,osm:node/12587121280,Le Fermier,,shop=butcher,,,50.8360906,4.3135725,,,,NO_WEBSITE,2026-08-15T10:02:32.711791+00:00,clean,,no confident canonical category mapping,"{""name"": ""Le Fermier"", ""shop"": ""butcher""}"
anderlecht,osm:node/12591967344,Nihad,pastry-shops,shop=bakery,,,50.8420242,4.3306904,,,,NO_WEBSITE,2026-08-15T10:02:32.711791+00:00,clean,,,"{""name"": ""Nihad"", ""shop"": ""bakery""}"
anderlecht,osm:node/12592423253,Chamas Tacos,fast-food,amenity=fast_food,,,50.8352927,4.3089058,,,,NO_WEBSITE,2026-08-15T10:02:32.711791+00:00,clean,,,"{""amenity"": ""fast_food"", ""name"": ""Chamas Tacos""}"
anderlecht,osm:node/12597195838,La Fermette,fast-food,amenity=fast_food,,,50.8362602,4.2991405,,https://www.lafermette.biz/,,WEBSITE_PRESENT,2026-08-15T10:02:32.711791+00:00,clean,,,"{""amenity"": ""fast_food"", ""contact:website"": ""https://www.lafermette.biz/"", ""name"": ""La Fermette""}"
anderlecht,osm:node/12620825293,Vanderschrick,,shop=farm,,,50.8117638,4.2754036,,https://www.allroundfood.be,,WEBSITE_PRESENT,2026-08-15T10:02:32.711791+00:00,clean,,no confident canonical category mapping,"{""contact:website"": ""https://www.allroundfood.be"", ""name"": ""Vanderschrick"", ""shop"": ""farm""}"
anderlecht,osm:node/12684102390,Librairie Résistance,,shop=newsagent,,,50.83583,4.3111736,,,,NO_WEBSITE,2026-08-15T10:02:32.711791+00:00,clean,,no confident canonical category mapping,"{""name"": ""Librairie Résistance"", ""shop"": ""newsagent""}"
anderlecht,osm:node/12690022688,Atelier Yasar,,craft=metal_construction,,,50.8325074,4.3132455,,https://www.atelieryasar.be/,,WEBSITE_PRESENT,2026-08-15T10:02:32.711791+00:00,clean,,no confident canonical category mapping,"{""contact:website"": ""https://www.atelieryasar.be/"", ""craft"": ""metal_construction"", ""name"": ""Atelier Yasar""}"
anderlecht,osm:node/12695814429,Les Bleuets,,amenity=childcare,,,50.8276036,4.2937251,,,,NO_WEBSITE,2026-08-15T10:02:32.711791+00:00,clean,,no confident canonical category mapping,"{""amenity"": ""childcare"", ""name"": ""Les Bleuets""}"
anderlecht,osm:node/12741616609,Century 21 Astrid Anderlecht,real-estate-agencies,office=estate_agent,,,50.8300659,4.2984717,+32 2 219 21 21,https://immo-anderlecht.be/,,WEBSITE_PRESENT,2026-08-15T10:02:32.711791+00:00,clean,,,"{""contact:phone"": ""+32 2 219 21 21"", ""contact:website"": ""https://immo-anderlecht.be/"", ""name"": ""Century 21 Astrid Anderlecht"", ""office"": ""estate_agent""}"
anderlecht,osm:node/12772307701,Commissariat de quartier Van Lint - Wijkcommissariaat Van Lint,,amenity=police,,,50.8392821,4.3288612,+32 2 559 80 00,https://www.police.be/5341/fr/contact/commissariats/commissariat-de-quartier-rue-van-lint-anderlecht,,WEBSITE_PRESENT,2026-08-15T10:02:32.711791+00:00,clean,,no confident canonical category mapping,"{""amenity"": ""police"", ""contact:phone"": ""+32 2 559 80 00"", ""contact:website"": ""https://www.police.be/5341/fr/contact/commissariats/commissariat-de-quartier-rue-van-lint-anderlecht"", ""name"": ""Commissariat de quartier Van Lint - Wijkcommissariaat Van Lint"", ""operator"": ""ZP5341""}"
anderlecht,osm:node/12786820480,Transport Logistics Company,,office=courier,,,50.8313665,4.3089695,+32 2 280 30 39,https://kpm-tlc.com/agencies/brussels,,WEBSITE_PRESENT,2026-08-15T10:02:32.711791+00:00,clean,,no confident canonical category mapping,"{""contact:phone"": ""+32 2 280 30 39"", ""contact:website"": ""https://kpm-tlc.com/agencies/brussels"", ""name"": ""Transport Logistics Company"", ""office"": ""courier""}"
anderlecht,osm:node/12823459609,Chez Rosa - Bij Rosa,cafe,amenity=cafe,,,50.8433981,4.3280345,,,,NO_WEBSITE,2026-08-15T10:02:32.711791+00:00,clean,,,"{""amenity"": ""cafe"", ""name"": ""Chez Rosa - Bij Rosa""}"
anderlecht,osm:node/12826204245,Croix-Rouge Bruxelles-Capitale - Rode Kruis Brussel-Hoofstad,,office=ngo,,,50.8451051,4.3229675,+32 2 274 09 80,,,NO_WEBSITE,2026-08-15T10:02:32.711791+00:00,clean,,no confident canonical category mapping,"{""contact:phone"": ""+32 2 274 09 80"", ""name"": ""Croix-Rouge Bruxelles-Capitale - Rode Kruis Brussel-Hoofstad"", ""office"": ""ngo""}"
anderlecht,osm:node/12853568749,Cabinet vétérinaire Animalia,veterinary,amenity=veterinary,,,50.837897,4.3044277,,https://www.cvanimalia.be/,,WEBSITE_PRESENT,2026-08-15T10:02:32.711791+00:00,clean,,,"{""amenity"": ""veterinary"", ""name"": ""Cabinet vétérinaire Animalia"", ""website"": ""https://www.cvanimalia.be/""}"
anderlecht,osm:node/12853578871,KBC,,amenity=bank,,,50.8238684,4.2958938,,https://www.kbcbrussels.be/particuliers/fr/agence/4103-ANDERLECHT-CHAUSSEE%20DE%20MONS-1010.html,,WEBSITE_PRESENT,2026-08-15T10:02:32.711791+00:00,clean,,no confident canonical category mapping,"{""amenity"": ""bank"", ""brand"": ""KBC"", ""contact:website"": ""https://www.kbcbrussels.be/particuliers/fr/agence/4103-ANDERLECHT-CHAUSSEE%20DE%20MONS-1010.html"", ""name"": ""KBC""}"
anderlecht,osm:node/12864710464,Résidence La Rose - Residentie Rozenhof,,amenity=social_facility,,,50.8452367,4.2964992,,https://www.r-rozenhof.be/,,WEBSITE_PRESENT,2026-08-15T10:02:32.711791+00:00,clean,,no confident canonical category mapping,"{""amenity"": ""social_facility"", ""contact:website"": ""https://www.r-rozenhof.be/"", ""name"": ""Résidence La Rose - Residentie Rozenhof""}"
anderlecht,osm:node/12881236387,Quai de Veeweyde - Veeweydekaai - Quai de Veeweyde - Quai de Veeweyde,,tourism=information,,,50.8116324,4.2981424,,,,NO_WEBSITE,2026-08-15T10:02:32.711791+00:00,clean,,no confident canonical category mapping,"{""name"": ""Quai de Veeweyde - Veeweydekaai - Quai de Veeweyde - Quai de Veeweyde"", ""tourism"": ""information""}"
anderlecht,osm:node/12881947222,Vallée du VOGELZANGBEEKvallei,,tourism=information,,,50.8087312,4.2927588,,,,NO_WEBSITE,2026-08-15T10:02:32.711791+00:00,clean,,no confident canonical category mapping,"{""name"": ""Vallée du VOGELZANGBEEKvallei"", ""tourism"": ""information""}"
anderlecht,osm:node/12881947224,Réserve naturelle du Vogelzangbeek - Natuurreservaat van de Vogelzangbeek,,tourism=information,,,50.8087096,4.2927496,,,,NO_WEBSITE,2026-08-15T10:02:32.711791+00:00,clean,,no confident canonical category mapping,"{""name"": ""Réserve naturelle du Vogelzangbeek - Natuurreservaat van de Vogelzangbeek"", ""tourism"": ""information""}"
anderlecht,osm:node/12881947225,Un maillon du réseau - Een schakel in het network,,tourism=information,,,50.8082423,4.2861138,,,,NO_WEBSITE,2026-08-15T10:02:32.711791+00:00,clean,,no confident canonical category mapping,"{""name"": ""Un maillon du réseau - Een schakel in het network"", ""tourism"": ""information""}"
anderlecht,osm:node/12881947226,Réserve naturelle du Vogelzangbeek - Natuurreservaat van de Vogelzangbeek,,tourism=information,,,50.8086397,4.277654,,,,NO_WEBSITE,2026-08-15T10:02:32.711791+00:00,clean,,no confident canonical category mapping,"{""name"": ""Réserve naturelle du Vogelzangbeek - Natuurreservaat van de Vogelzangbeek"", ""tourism"": ""information""}"
anderlecht,osm:node/12886354549,Le ruisseau et ses berges - De beek en haar oevers,,tourism=information,,,50.8122493,4.2731456,,,,NO_WEBSITE,2026-08-15T10:02:32.711791+00:00,clean,,no confident canonical category mapping,"{""name"": ""Le ruisseau et ses berges - De beek en haar oevers"", ""operator"": ""Bruxelles Environnement - Leefmilieu Brussel"", ""tourism"": ""information""}"
anderlecht,osm:node/12886354550,Donner du sens à sa vie - Zin geven aan uw leven,,tourism=information,,,50.8122495,4.2731436,,,,NO_WEBSITE,2026-08-15T10:02:32.711791+00:00,clean,,no confident canonical category mapping,"{""name"": ""Donner du sens à sa vie - Zin geven aan uw leven"", ""operator"": ""Bruxelles Environnement - Leefmilieu Brussel"", ""tourism"": ""information""}"
anderlecht,osm:node/12886354551,Prendre conscience de sa présence dans l'environnement - Bewustwording van uw plaats in de omgeving,,tourism=information,,,50.8122211,4.2711946,,,,NO_WEBSITE,2026-08-15T10:02:32.711791+00:00,clean,,no confident canonical category mapping,"{""name"": ""Prendre conscience de sa présence dans l'environnement - Bewustwording van uw plaats in de omgeving"", ""operator"": ""Bruxelles Environnement - Leefmilieu Brussel"", ""tourism"": ""information""}"
anderlecht,osm:node/12886354552,La zone inondable - De overstromingsgebied,,tourism=information,,,50.8122211,4.2711967,,,,NO_WEBSITE,2026-08-15T10:02:32.711791+00:00,clean,,no confident canonical category mapping,"{""name"": ""La zone inondable - De overstromingsgebied"", ""operator"": ""Bruxelles Environnement - Leefmilieu Brussel"", ""tourism"": ""information""}"
anderlecht,osm:node/12886354553,Bien-être dans la verticalité - Weldaad van een vertical houding,,tourism=information,,,50.812204,4.270468,,,,NO_WEBSITE,2026-08-15T10:02:32.711791+00:00,clean,,no confident canonical category mapping,"{""name"": ""Bien-être dans la verticalité - Weldaad van een vertical houding"", ""operator"": ""Bruxelles Environnement - Leefmilieu Brussel"", ""tourism"": ""information""}"
anderlecht,osm:node/12886354554,La clairière - De open plek,,tourism=information,,,50.8122038,4.27047,,,,NO_WEBSITE,2026-08-15T10:02:32.711791+00:00,clean,,no confident canonical category mapping,"{""name"": ""La clairière - De open plek"", ""operator"": ""Bruxelles Environnement - Leefmilieu Brussel"", ""tourism"": ""information""}"
anderlecht,osm:node/12886354555,Développer les 5 sens - De 5 zintuigen ontwikkelen,,tourism=information,,,50.8122012,4.2691275,,,,NO_WEBSITE,2026-08-15T10:02:32.711791+00:00,clean,,no confident canonical category mapping,"{""name"": ""Développer les 5 sens - De 5 zintuigen ontwikkelen"", ""operator"": ""Bruxelles Environnement - Leefmilieu Brussel"", ""tourism"": ""information""}"
anderlecht,osm:node/12886354556,La zone refuge - Het schuiloord,,tourism=information,,,50.8122013,4.2691299,,,,NO_WEBSITE,2026-08-15T10:02:32.711791+00:00,clean,,no confident canonical category mapping,"{""name"": ""La zone refuge - Het schuiloord"", ""operator"": ""Bruxelles Environnement - Leefmilieu Brussel"", ""tourism"": ""information""}"
anderlecht,osm:node/12886354571,"La posture, une attitude dans la vie - De lichaamshouding, een levenshouding",,tourism=information,,,50.8117386,4.2678508,,,,NO_WEBSITE,2026-08-15T10:02:32.711791+00:00,clean,,no confident canonical category mapping,"{""name"": ""La posture, une attitude dans la vie - De lichaamshouding, een levenshouding"", ""operator"": ""Bruxelles Environnement - Leefmilieu Brussel"", ""tourism"": ""information""}"
anderlecht,osm:node/12886354572,Le Pajottenland - Het Pajottenland,,tourism=information,,,50.8117389,4.2678525,,,,NO_WEBSITE,2026-08-15T10:02:32.711791+00:00,clean,,no confident canonical category mapping,"{""name"": ""Le Pajottenland - Het Pajottenland"", ""operator"": ""Bruxelles Environnement - Leefmilieu Brussel"", ""tourism"": ""information""}"
anderlecht,osm:node/12886354573,La berge naturelle de l'étang - De natuurlijke vijveroever,,tourism=information,,,50.81166,4.2662578,,,,NO_WEBSITE,2026-08-15T10:02:32.711791+00:00,clean,,no confident canonical category mapping,"{""name"": ""La berge naturelle de l'étang - De natuurlijke vijveroever"", ""operator"": ""Bruxelles Environnement - Leefmilieu Brussel"", ""tourism"": ""information""}"
anderlecht,osm:node/12886354574,Activer l'énergie vitale et les capacités d'apaisement - Levenskracht en ontspannings-capaciteiten activeren,,tourism=information,,,50.8116605,4.2662562,,,,NO_WEBSITE,2026-08-15T10:02:32.711791+00:00,clean,,no confident canonical category mapping,"{""name"": ""Activer l'énergie vitale et les capacités d'apaisement - Levenskracht en ontspannings-capaciteiten activeren"", ""operator"": ""Bruxelles Environnement - Leefmilieu Brussel"", ""tourism"": ""information""}"
anderlecht,osm:node/12886354575,Le haie champêtre - De boerenhaag,,tourism=information,,,50.8115635,4.2633496,,,,NO_WEBSITE,2026-08-15T10:02:32.711791+00:00,clean,,no confident canonical category mapping,"{""name"": ""Le haie champêtre - De boerenhaag"", ""operator"": ""Bruxelles Environnement - Leefmilieu Brussel"", ""tourism"": ""information""}"
anderlecht,osm:node/12886354576,"Accueillir le positif, évacuer le négatif - Lat het positive toe, duw het negative weg",,tourism=information,,,50.8115634,4.2633481,,,,NO_WEBSITE,2026-08-15T10:02:32.711791+00:00,clean,,no confident canonical category mapping,"{""name"": ""Accueillir le positif, évacuer le négatif - Lat het positive toe, duw het negative weg"", ""operator"": ""Bruxelles Environnement - Leefmilieu Brussel"", ""tourism"": ""information""}"
anderlecht,osm:node/12886354577,Être pleinement dans l'instant présent - Te volle aanwezig zing in het nu,,tourism=information,,,50.8112248,4.2619464,,,,NO_WEBSITE,2026-08-15T10:02:32.711791+00:00,clean,,no confident canonical category mapping,"{""name"": ""Être pleinement dans l'instant présent - Te volle aanwezig zing in het nu"", ""operator"": ""Bruxelles Environnement - Leefmilieu Brussel"", ""tourism"": ""information""}"
anderlecht,osm:node/12886354578,"Le verger, la pâture - De boomgaard, het weiland",,tourism=information,,,50.8112246,4.2619538,,,,NO_WEBSITE,2026-08-15T10:02:32.711791+00:00,clean,,no confident canonical category mapping,"{""name"": ""Le verger, la pâture - De boomgaard, het weiland"", ""operator"": ""Bruxelles Environnement - Leefmilieu Brussel"", ""tourism"": ""information""}"
anderlecht,osm:node/12892987868,Alimentation durable Neerpede & Vogelzang duurzame voeding,,tourism=information,,,50.8272535,4.2698298,,,,NO_WEBSITE,2026-08-15T10:02:32.711791+00:00,clean,,no confident canonical category mapping,"{""name"": ""Alimentation durable Neerpede & Vogelzang duurzame voeding"", ""tourism"": ""information""}"
anderlecht,osm:node/12895573252,Ladbroke,,shop=bookmaker,,,50.8361135,4.3139077,,,,NO_WEBSITE,2026-08-15T10:02:32.711791+00:00,clean,,no confident canonical category mapping,"{""name"": ""Ladbroke"", ""shop"": ""bookmaker""}"
anderlecht,osm:node/12911719247,Infrabel,,office=company,,,50.8319766,4.326494,,https://infrabel.be,,WEBSITE_PRESENT,2026-08-15T10:02:32.711791+00:00,clean,,no confident canonical category mapping,"{""name"": ""Infrabel"", ""office"": ""company"", ""operator"": ""Infrabel nv"", ""website"": ""https://infrabel.be""}"
anderlecht,osm:node/12915126720,Poelp,,amenity=arts_centre,,,50.8349705,4.3296874,,https://www.poelp.be/,,WEBSITE_PRESENT,2026-08-15T10:02:32.711791+00:00,clean,,no confident canonical category mapping,"{""amenity"": ""arts_centre"", ""contact:website"": ""https://www.poelp.be/"", ""name"": ""Poelp""}"
anderlecht,osm:node/12926040326,Spicy Mahal,restaurant,amenity=restaurant,,,50.8365816,4.3263653,,,,NO_WEBSITE,2026-08-15T10:02:32.711791+00:00,clean,,,"{""amenity"": ""restaurant"", ""name"": ""Spicy Mahal""}"
anderlecht,osm:node/12947376923,Rozana,restaurant,amenity=restaurant,,,50.8357671,4.3007927,+32 2 648 62 12,https://rozanarestaurant.be/,,WEBSITE_PRESENT,2026-08-15T10:02:32.711791+00:00,clean,,,"{""amenity"": ""restaurant"", ""contact:phone"": ""+32 2 648 62 12"", ""contact:website"": ""https://rozanarestaurant.be/"", ""name"": ""Rozana""}"
anderlecht,osm:node/12947380927,Ma Broeck,restaurant,amenity=restaurant,,,50.8372227,4.3052422,,,https://www.facebook.com/profile.php?id=61560903186909,SOCIAL_ONLY,2026-08-15T10:02:32.711791+00:00,clean,,,"{""amenity"": ""restaurant"", ""contact:facebook"": ""https://www.facebook.com/profile.php?id=61560903186909"", ""name"": ""Ma Broeck""}"
anderlecht,osm:node/13009159483,Achat Or,,shop=gold_buyer,,,50.8394204,4.3370296,,,,NO_WEBSITE,2026-08-15T10:02:32.711791+00:00,clean,,no confident canonical category mapping,"{""name"": ""Achat Or"", ""shop"": ""gold_buyer""}"
anderlecht,osm:node/13077623866,Salon Lavoir Bon Air - Bon Air Wassalon,,shop=laundry,,,50.8350229,4.2791851,,,,NO_WEBSITE,2026-08-15T10:02:32.711791+00:00,clean,,no confident canonical category mapping,"{""name"": ""Salon Lavoir Bon Air - Bon Air Wassalon"", ""shop"": ""laundry""}"
anderlecht,osm:node/13077623867,Move Danz’Attitude,,amenity=community_centre;leisure=dance,,,50.8350188,4.279548,,https://www.mda.be/,https://www.instagram.com/movedanzattitude,WEBSITE_PRESENT,2026-08-15T10:02:32.711791+00:00,clean,,no confident canonical category mapping,"{""amenity"": ""community_centre"", ""contact:instagram"": ""https://www.instagram.com/movedanzattitude"", ""contact:website"": ""https://www.mda.be/"", ""leisure"": ""dance"", ""name"": ""Move Danz’Attitude""}"
anderlecht,osm:node/13077637345,Garage Paepsem,,shop=car_repair,,,50.8350202,4.27934,,https://www.garage-paepsem.be,,WEBSITE_PRESENT,2026-08-15T10:02:32.711791+00:00,clean,,no confident canonical category mapping,"{""contact:website"": ""https://www.garage-paepsem.be"", ""name"": ""Garage Paepsem"", ""shop"": ""car_repair""}"
anderlecht,osm:node/13077674376,La Boulangerie du Bon-Air,pastry-shops,shop=bakery,,,50.8350252,4.2789196,,,https://www.instagram.com/boulangeriepatisseriebonair,SOCIAL_ONLY,2026-08-15T10:02:32.711791+00:00,clean,,,"{""contact:instagram"": ""https://www.instagram.com/boulangeriepatisseriebonair"", ""name"": ""La Boulangerie du Bon-Air"", ""shop"": ""bakery""}"
anderlecht,osm:node/13077675888,Extreme Beauty,beauty-salon,shop=beauty,,,50.8350894,4.2780341,,,https://www.facebook.com/extremebeauty5,SOCIAL_ONLY,2026-08-15T10:02:32.711791+00:00,clean,,,"{""contact:facebook"": ""https://www.facebook.com/extremebeauty5"", ""name"": ""Extreme Beauty"", ""shop"": ""beauty""}"
anderlecht,osm:node/13077682330,Francis Flor,,shop=florist,,,50.8350252,4.2790015,,,https://www.facebook.com/FrancisFlorBE/?locale=nl_NL,SOCIAL_ONLY,2026-08-15T10:02:32.711791+00:00,clean,,no confident canonical category mapping,"{""contact:facebook"": ""https://www.facebook.com/FrancisFlorBE/?locale=nl_NL"", ""name"": ""Francis Flor"", ""shop"": ""florist""}"
anderlecht,osm:node/13077689322,Aux Plaisirs Partagés,restaurant,amenity=restaurant,,,50.8350282,4.2787605,,,https://www.facebook.com/groups/8876693399053522/about,SOCIAL_ONLY,2026-08-15T10:02:32.711791+00:00,clean,,,"{""amenity"": ""restaurant"", ""contact:facebook"": ""https://www.facebook.com/groups/8876693399053522/about"", ""name"": ""Aux Plaisirs Partagés""}"
anderlecht,osm:node/13077691523,Coiffure Patricia,beauty-salon,shop=hairdresser,,,50.8350309,4.2785859,,,https://www.facebook.com/people/Coiffure-patricia-anderlecht-bon-air/100085228012800,SOCIAL_ONLY,2026-08-15T10:02:32.711791+00:00,clean,,,"{""contact:facebook"": ""https://www.facebook.com/people/Coiffure-patricia-anderlecht-bon-air/100085228012800"", ""name"": ""Coiffure Patricia"", ""shop"": ""hairdresser""}"
anderlecht,osm:node/13077694844,Pharmacie du Bon Air,pharmacy,amenity=pharmacy,,,50.835079,4.2781192,,https://pharmaciedubonair.pharmacie.be,,WEBSITE_PRESENT,2026-08-15T10:02:32.711791+00:00,clean,,,"{""amenity"": ""pharmacy"", ""contact:website"": ""https://pharmaciedubonair.pharmacie.be"", ""healthcare"": ""pharmacy"", ""name"": ""Pharmacie du Bon Air""}"
anderlecht,osm:node/13094266454,Argenta,,amenity=bank,,,50.8285289,4.3010586,,,,NO_WEBSITE,2026-08-15T10:02:32.711791+00:00,clean,,no confident canonical category mapping,"{""amenity"": ""bank"", ""brand"": ""Argenta"", ""name"": ""Argenta""}"
anderlecht,osm:node/13094277107,Night and Day,,shop=convenience,,,50.8279969,4.3018355,,,,NO_WEBSITE,2026-08-15T10:02:32.711791+00:00,clean,,no confident canonical category mapping,"{""name"": ""Night and Day"", ""shop"": ""convenience""}"
anderlecht,osm:node/13110379475,Urgences - Spoedafdeling,,healthcare=emergency_ward,,,50.8130448,4.2643422,,,,NO_WEBSITE,2026-08-15T10:02:32.711791+00:00,clean,,no confident canonical category mapping,"{""healthcare"": ""emergency_ward"", ""name"": ""Urgences - Spoedafdeling""}"
anderlecht,osm:node/13110556775,Don de sang - Bloedgift,,healthcare=blood_donation,,,50.8131953,4.2664299,+32 25 26 92 69,,,NO_WEBSITE,2026-08-15T10:02:32.711791+00:00,clean,,no confident canonical category mapping,"{""contact:phone"": ""+32 25 26 92 69"", ""healthcare"": ""blood_donation"", ""name"": ""Don de sang - Bloedgift"", ""operator"": ""Croix-Rouge de Belgique - Belgische Rode Kruis""}"
anderlecht,osm:node/13139761602,Europe Carpet Anderlecht,,shop=carpet,,,50.8401304,4.3255581,,,,NO_WEBSITE,2026-08-15T10:02:32.711791+00:00,clean,,no confident canonical category mapping,"{""name"": ""Europe Carpet Anderlecht"", ""shop"": ""carpet""}"
anderlecht,osm:node/13151987845,Hangar du Kanaal,,amenity=community_centre,,,50.8351223,4.3194616,,http://hangardukanaal.be/,,WEBSITE_PRESENT,2026-08-15T10:02:32.711791+00:00,clean,,no confident canonical category mapping,"{""amenity"": ""community_centre"", ""contact:website"": ""http://hangardukanaal.be/"", ""name"": ""Hangar du Kanaal""}"
anderlecht,osm:node/13207738152,Kilomet,,shop=second_hand,,,50.8433799,4.3332948,,https://www.vitesbe.be/fr/kilomet,,WEBSITE_PRESENT,2026-08-15T10:02:32.711791+00:00,clean,,no confident canonical category mapping,"{""name"": ""Kilomet"", ""operator"": ""ViTeS BE asbl"", ""shop"": ""second_hand"", ""website"": ""https://www.vitesbe.be/fr/kilomet""}"
anderlecht,osm:node/13207786319,Färm,supermarkets,shop=supermarket,,,50.8390183,4.2845939,+32 2 616 52 01,,,NO_WEBSITE,2026-08-15T10:02:32.711791+00:00,clean,,,"{""contact:phone"": ""+32 2 616 52 01"", ""name"": ""Färm"", ""shop"": ""supermarket""}"
anderlecht,osm:node/13207786320,Hawaiian Poké Bowl,fast-food,amenity=fast_food,,,50.8390119,4.2847256,,,,NO_WEBSITE,2026-08-15T10:02:32.711791+00:00,clean,,,"{""amenity"": ""fast_food"", ""name"": ""Hawaiian Poké Bowl""}"
anderlecht,osm:node/13208878787,Escale du Nord,,amenity=community_centre,,,50.8456031,4.3121842,,https://escaledunord.brussels/wp-content/uploads/2022/04/Fiche-technique-Scheut-mars-2022.pdf,,WEBSITE_PRESENT,2026-08-15T10:02:32.711791+00:00,clean,,no confident canonical category mapping,"{""amenity"": ""community_centre"", ""contact:website"": ""https://escaledunord.brussels/wp-content/uploads/2022/04/Fiche-technique-Scheut-mars-2022.pdf"", ""name"": ""Escale du Nord"", ""operator"": ""Centre Culturel d’Anderlecht ASBL""}"
anderlecht,osm:node/13236081057,Les Petits Riens - Spullenhulp,clothing-store,shop=clothes,,,50.8355698,4.3104299,+32 2 520 20 55,https://petitsriens.be/liste-boutiques/anderlecht-saint-guidon/,,WEBSITE_PRESENT,2026-08-15T10:02:32.711791+00:00,clean,,,"{""name"": ""Les Petits Riens - Spullenhulp"", ""phone"": ""+32 2 520 20 55"", ""shop"": ""clothes"", ""website"": ""https://petitsriens.be/liste-boutiques/anderlecht-saint-guidon/""}"
anderlecht,osm:node/13236683936,Les Muguets,,amenity=childcare,,,50.8375944,4.3221709,,,,NO_WEBSITE,2026-08-15T10:02:32.711791+00:00,clean,,no confident canonical category mapping,"{""amenity"": ""childcare"", ""name"": ""Les Muguets"", ""operator"": ""Commune d'Anderlecht - Gemeente Anderlecht""}"
anderlecht,osm:node/13270985902,Sportswitch,clothing-store,shop=clothes,,,50.8425563,4.331391,,https://sportswitch.be,,WEBSITE_PRESENT,2026-08-15T10:02:32.711791+00:00,clean,,,"{""contact:website"": ""https://sportswitch.be"", ""name"": ""Sportswitch"", ""shop"": ""clothes""}"
anderlecht,osm:node/13312901601,Hey-ApartHotel Brussels,,tourism=apartment,,,50.8443455,4.3291216,,https://www.hey-aparthotel.be/,,WEBSITE_PRESENT,2026-08-15T10:02:32.711791+00:00,clean,,no confident canonical category mapping,"{""contact:website"": ""https://www.hey-aparthotel.be/"", ""name"": ""Hey-ApartHotel Brussels"", ""tourism"": ""apartment""}"
anderlecht,osm:node/13314303874,Jablawi Sweets,pastry-shops,shop=bakery,,,50.8432969,4.3338534,,,,NO_WEBSITE,2026-08-15T10:02:32.711791+00:00,clean,,,"{""name"": ""Jablawi Sweets"", ""shop"": ""bakery""}"
anderlecht,osm:node/13314313035,Le Petit Marché,,shop=convenience,,,50.8435056,4.3345191,,,,NO_WEBSITE,2026-08-15T10:02:32.711791+00:00,clean,,no confident canonical category mapping,"{""name"": ""Le Petit Marché"", ""shop"": ""convenience""}"
anderlecht,osm:node/13314351136,Tetouan Pâtisserie,pastry-shops,shop=bakery,,,50.8445313,4.3381495,,,,NO_WEBSITE,2026-08-15T10:02:32.711791+00:00,clean,,,"{""name"": ""Tetouan Pâtisserie"", ""shop"": ""bakery""}"
anderlecht,osm:node/13314361770,Coiffure Alhayba,beauty-salon,shop=hairdresser,,,50.8434564,4.3343373,,,,NO_WEBSITE,2026-08-15T10:02:32.711791+00:00,clean,,,"{""name"": ""Coiffure Alhayba"", ""shop"": ""hairdresser""}"
anderlecht,osm:node/13334193605,SAAMO,,amenity=social_facility,,,50.8445208,4.3313521,,https://www.saamo.be/,,WEBSITE_PRESENT,2026-08-15T10:02:32.711791+00:00,clean,,no confident canonical category mapping,"{""amenity"": ""social_facility"", ""contact:website"": ""https://www.saamo.be/"", ""name"": ""SAAMO""}"
anderlecht,osm:node/13336468832,Goujonissimo,,amenity=clinic;healthcare=centre,,,50.8333215,4.3224637,,https://goujonissimo.be/,,WEBSITE_PRESENT,2026-08-15T10:02:32.711791+00:00,clean,,no confident canonical category mapping,"{""amenity"": ""clinic"", ""contact:website"": ""https://goujonissimo.be/"", ""healthcare"": ""centre"", ""name"": ""Goujonissimo""}"
anderlecht,osm:node/13347007227,Maison de santé du Triangle,,amenity=clinic;healthcare=clinic,,,50.8410151,4.3371196,+32 2 378 12 40,https://mdstriangle.be/,,WEBSITE_PRESENT,2026-08-15T10:02:32.711791+00:00,clean,,no confident canonical category mapping,"{""amenity"": ""clinic"", ""contact:phone"": ""+32 2 378 12 40"", ""contact:website"": ""https://mdstriangle.be/"", ""healthcare"": ""clinic"", ""name"": ""Maison de santé du Triangle""}"
anderlecht,osm:node/13351703441,Les Petits Riens - Spullenhulp,,office=company,,,50.8105544,4.2945615,,,,NO_WEBSITE,2026-08-15T10:02:32.711791+00:00,clean,,no confident canonical category mapping,"{""name"": ""Les Petits Riens - Spullenhulp"", ""office"": ""company""}"
anderlecht,osm:node/13375674621,Zakia Market,,shop=convenience,,,50.819512,4.2852812,,,,NO_WEBSITE,2026-08-15T10:02:32.711791+00:00,clean,,no confident canonical category mapping,"{""name"": ""Zakia Market"", ""shop"": ""convenience""}"
anderlecht,osm:node/13391302212,Les Gazelles de Bruxelles,,office=association,,,50.8426438,4.3314076,,https://lesgazellesdebruxelles.be,https://www.instagram.com/gazellesorg,WEBSITE_PRESENT,2026-08-15T10:02:32.711791+00:00,clean,,no confident canonical category mapping,"{""contact:instagram"": ""https://www.instagram.com/gazellesorg"", ""contact:website"": ""https://lesgazellesdebruxelles.be"", ""name"": ""Les Gazelles de Bruxelles"", ""office"": ""association""}"
anderlecht,osm:node/13412700667,Manu polis,,shop=butcher,,,50.8418435,4.3287916,,,,NO_WEBSITE,2026-08-15T10:02:32.711791+00:00,clean,,no confident canonical category mapping,"{""name"": ""Manu polis"", ""shop"": ""butcher""}"
anderlecht,osm:node/13412700668,Adil,,shop=butcher,,,50.8419664,4.3281853,,,,NO_WEBSITE,2026-08-15T10:02:32.711791+00:00,clean,,no confident canonical category mapping,"{""name"": ""Adil"", ""shop"": ""butcher""}"
anderlecht,osm:node/13412700669,Maison de La Chèvre,,shop=butcher,,,50.8419142,4.3281157,,,,NO_WEBSITE,2026-08-15T10:02:32.711791+00:00,clean,,no confident canonical category mapping,"{""name"": ""Maison de La Chèvre"", ""shop"": ""butcher""}"
anderlecht,osm:node/13412700670,Ali,,shop=butcher,,,50.8418615,4.3281788,,,,NO_WEBSITE,2026-08-15T10:02:32.711791+00:00,clean,,no confident canonical category mapping,"{""name"": ""Ali"", ""shop"": ""butcher""}"
anderlecht,osm:node/13412700671,De Brandt,,shop=butcher,,,50.8421289,4.3282022,,https://www.vleeshandeldebrandt.be/,,WEBSITE_PRESENT,2026-08-15T10:02:32.711791+00:00,clean,,no confident canonical category mapping,"{""contact:website"": ""https://www.vleeshandeldebrandt.be/"", ""name"": ""De Brandt"", ""shop"": ""butcher""}"
anderlecht,osm:node/13412700672,Fromagerie de Transylvania,,shop=cheese,,,50.8418712,4.3283876,,,fromagerie_de_transylvania,SOCIAL_ONLY,2026-08-15T10:02:32.711791+00:00,clean,,no confident canonical category mapping,"{""contact:instagram"": ""fromagerie_de_transylvania"", ""name"": ""Fromagerie de Transylvania"", ""shop"": ""cheese""}"
anderlecht,osm:node/13412700673,Triperie Goffard,,shop=butcher,,,50.8418291,4.3282388,,,,NO_WEBSITE,2026-08-15T10:02:32.711791+00:00,clean,,no confident canonical category mapping,"{""name"": ""Triperie Goffard"", ""shop"": ""butcher""}"
anderlecht,osm:node/13412700674,DeLa Fresh,,shop=butcher,,,50.8421551,4.3280376,,https://www.delafresh.be/,,WEBSITE_PRESENT,2026-08-15T10:02:32.711791+00:00,clean,,no confident canonical category mapping,"{""contact:website"": ""https://www.delafresh.be/"", ""name"": ""DeLa Fresh"", ""shop"": ""butcher""}"
anderlecht,osm:node/13412700675,Amar,,shop=butcher,,,50.8420963,4.3279602,,https://boucherieamar-commande.be/,,WEBSITE_PRESENT,2026-08-15T10:02:32.711791+00:00,clean,,no confident canonical category mapping,"{""contact:website"": ""https://boucherieamar-commande.be/"", ""name"": ""Amar"", ""shop"": ""butcher""}"
anderlecht,osm:node/13412700676,D&D,,shop=butcher,,,50.8419999,4.3278291,,https://ddvlees.be/,,WEBSITE_PRESENT,2026-08-15T10:02:32.711791+00:00,clean,,no confident canonical category mapping,"{""contact:website"": ""https://ddvlees.be/"", ""name"": ""D&D"", ""shop"": ""butcher""}"
anderlecht,osm:node/13412751421,Seval,,shop=butcher,,,50.8418801,4.3287188,,,,NO_WEBSITE,2026-08-15T10:02:32.711791+00:00,clean,,no confident canonical category mapping,"{""name"": ""Seval"", ""shop"": ""butcher""}"
anderlecht,osm:node/13412751422,Jaspaert,,shop=butcher,,,50.8420141,4.3282497,,,,NO_WEBSITE,2026-08-15T10:02:32.711791+00:00,clean,,no confident canonical category mapping,"{""name"": ""Jaspaert"", ""shop"": ""butcher""}"
anderlecht,osm:node/13412965826,El Colmado,,shop=greengrocer,,,50.8419712,4.3289761,,,,NO_WEBSITE,2026-08-15T10:02:32.711791+00:00,clean,,no confident canonical category mapping,"{""name"": ""El Colmado"", ""shop"": ""greengrocer""}"
anderlecht,osm:node/13412965827,Mercato á Portuguesa,,shop=deli,,,50.8420327,4.3290517,,,,NO_WEBSITE,2026-08-15T10:02:32.711791+00:00,clean,,no confident canonical category mapping,"{""name"": ""Mercato á Portuguesa"", ""shop"": ""deli""}"
anderlecht,osm:node/13412965828,Paradis Market,,shop=grocery,,,50.8420937,4.3291324,,,,NO_WEBSITE,2026-08-15T10:02:32.711791+00:00,clean,,no confident canonical category mapping,"{""name"": ""Paradis Market"", ""shop"": ""grocery""}"
anderlecht,osm:node/13412965830,Antilope,,shop=greengrocer,,,50.8420937,4.3284446,,,,NO_WEBSITE,2026-08-15T10:02:32.711791+00:00,clean,,no confident canonical category mapping,"{""name"": ""Antilope"", ""shop"": ""greengrocer""}"
anderlecht,osm:node/13412965835,L'étoile d'Afrique,,shop=butcher,,,50.8419203,4.3286414,,,,NO_WEBSITE,2026-08-15T10:02:32.711791+00:00,clean,,no confident canonical category mapping,"{""name"": ""L'étoile d'Afrique"", ""shop"": ""butcher""}"
anderlecht,osm:node/13448828134,Bon Air Sports,bars-pubs,amenity=pub,,,50.8361574,4.2687466,,,,NO_WEBSITE,2026-08-15T10:02:32.711791+00:00,clean,,,"{""amenity"": ""pub"", ""name"": ""Bon Air Sports""}"
anderlecht,osm:node/13474965625,Bracke,pharmacy,amenity=pharmacy,,,50.8297381,4.2982103,,,,NO_WEBSITE,2026-08-15T10:02:32.711791+00:00,clean,,,"{""amenity"": ""pharmacy"", ""healthcare"": ""pharmacy"", ""name"": ""Bracke""}"
anderlecht,osm:node/13479042419,Sports Direct,,shop=sports,,,50.8440904,4.3227495,,,,NO_WEBSITE,2026-08-15T10:02:32.711791+00:00,clean,,no confident canonical category mapping,"{""brand"": ""Sports Direct"", ""name"": ""Sports Direct"", ""shop"": ""sports""}"
anderlecht,osm:node/13483475177,Birmingham Event Center,,amenity=events_venue,,,50.8446582,4.3224034,,,,NO_WEBSITE,2026-08-15T10:02:32.711791+00:00,clean,,no confident canonical category mapping,"{""amenity"": ""events_venue"", ""name"": ""Birmingham Event Center""}"
anderlecht,osm:node/13507834248,COOP,,office=coworking,,,50.8397227,4.3189587,+32 2 899 93 00,https://www.coop.brussels/,,WEBSITE_PRESENT,2026-08-15T10:02:32.711791+00:00,clean,,no confident canonical category mapping,"{""contact:phone"": ""+32 2 899 93 00"", ""contact:website"": ""https://www.coop.brussels/"", ""name"": ""COOP"", ""office"": ""coworking""}"
anderlecht,osm:node/13511990079,Jeans House,clothing-store,shop=clothes,,,50.841935,4.3376599,,,,NO_WEBSITE,2026-08-15T10:02:32.711791+00:00,clean,,,"{""name"": ""Jeans House"", ""shop"": ""clothes""}"
anderlecht,osm:node/13512079791,Emily,clothing-store,shop=clothes,,,50.8425952,4.3381423,,,,NO_WEBSITE,2026-08-15T10:02:32.711791+00:00,clean,,,"{""name"": ""Emily"", ""shop"": ""clothes""}"
anderlecht,osm:node/13512352624,Vape & Candy,,shop=tobacco,,,50.8429944,4.3387451,,,,NO_WEBSITE,2026-08-15T10:02:32.711791+00:00,clean,,no confident canonical category mapping,"{""name"": ""Vape & Candy"", ""shop"": ""tobacco""}"
anderlecht,osm:node/13528254336,Laayoune,,shop=butcher,,,50.8422176,4.3305812,,,,NO_WEBSITE,2026-08-15T10:02:32.711791+00:00,clean,,no confident canonical category mapping,"{""name"": ""Laayoune"", ""shop"": ""butcher""}"
anderlecht,osm:node/13576133672,Hexagon,,office=it,,,50.8148369,4.3007018,+32 2 559 07 57;+32 2 559 07 40,https://hexagon.com/,,WEBSITE_PRESENT,2026-08-15T10:02:32.711791+00:00,clean,,no confident canonical category mapping,"{""contact:phone"": ""+32 2 559 07 57;+32 2 559 07 40"", ""contact:website"": ""https://hexagon.com/"", ""name"": ""Hexagon"", ""office"": ""it"", ""operator"": ""Intergraph Belgium SA""}"
anderlecht,osm:node/13647312848,Auti,cafe,amenity=cafe,,,50.835673,4.3068479,,,,NO_WEBSITE,2026-08-15T10:02:32.711791+00:00,clean,,,"{""amenity"": ""cafe"", ""name"": ""Auti""}"
anderlecht,osm:node/13668619563,Office de la Naissance et de l'Enfant,,amenity=social_facility,,,50.8386249,4.3343344,,https://my.one.be/consultation/1234/,,WEBSITE_PRESENT,2026-08-15T10:02:32.711791+00:00,clean,,no confident canonical category mapping,"{""amenity"": ""social_facility"", ""contact:website"": ""https://my.one.be/consultation/1234/"", ""name"": ""Office de la Naissance et de l'Enfant"", ""operator"": ""Communauté française de Belgique""}"
anderlecht,osm:node/13674160147,Boutique Nature,,shop=yes,,,50.8331133,4.3064029,+32 2 521 28 50,https://protectiondesoiseaux.be/boutique-nature/,,WEBSITE_PRESENT,2026-08-15T10:02:32.711791+00:00,clean,,no confident canonical category mapping,"{""contact:phone"": ""+32 2 521 28 50"", ""contact:website"": ""https://protectiondesoiseaux.be/boutique-nature/"", ""name"": ""Boutique Nature"", ""operator"": ""Ligue Royale Belge pour la Protection des Oiseaux"", ""shop"": ""yes""}"
anderlecht,osm:node/13723985816,PK Cash & Carry,,shop=beverages,,,50.8427128,4.3317723,,,,NO_WEBSITE,2026-08-15T10:02:32.711791+00:00,clean,,no confident canonical category mapping,"{""name"": ""PK Cash & Carry"", ""shop"": ""beverages""}"
anderlecht,osm:node/13723985817,Euro Markket,,shop=convenience,,,50.8427373,4.3324549,,,,NO_WEBSITE,2026-08-15T10:02:32.711791+00:00,clean,,no confident canonical category mapping,"{""name"": ""Euro Markket"", ""shop"": ""convenience""}"
anderlecht,osm:node/13723985818,Épicerie Tayba,,shop=convenience,,,50.8429825,4.3323972,,,,NO_WEBSITE,2026-08-15T10:02:32.711791+00:00,clean,,no confident canonical category mapping,"{""name"": ""Épicerie Tayba"", ""shop"": ""convenience""}"
anderlecht,osm:node/13723985819,S.B.D Horizon 3 Plus,,shop=car_parts,,,50.842811,4.3326775,,,,NO_WEBSITE,2026-08-15T10:02:32.711791+00:00,clean,,no confident canonical category mapping,"{""name"": ""S.B.D Horizon 3 Plus"", ""shop"": ""car_parts""}"
anderlecht,osm:node/13723985820,Centre Médical Rhazes,,amenity=doctors,,,50.8429113,4.3328995,,,,NO_WEBSITE,2026-08-15T10:02:32.711791+00:00,clean,,no confident canonical category mapping,"{""amenity"": ""doctors"", ""name"": ""Centre Médical Rhazes""}"
anderlecht,osm:node/13723985821,H.R.Z Services,,shop=car_repair,,,50.8429643,4.3330148,,,,NO_WEBSITE,2026-08-15T10:02:32.711791+00:00,clean,,no confident canonical category mapping,"{""name"": ""H.R.Z Services"", ""shop"": ""car_repair""}"
anderlecht,osm:node/13723985822,Miroiterie Vande Plas,,craft=window_construction,,,50.8431074,4.3327197,,,,NO_WEBSITE,2026-08-15T10:02:32.711791+00:00,clean,,no confident canonical category mapping,"{""craft"": ""window_construction"", ""name"": ""Miroiterie Vande Plas""}"
anderlecht,osm:node/13723985823,Tayba Home,,shop=interior_decoration,,,50.8431446,4.3328109,,,,NO_WEBSITE,2026-08-15T10:02:32.711791+00:00,clean,,no confident canonical category mapping,"{""name"": ""Tayba Home"", ""shop"": ""interior_decoration""}"
anderlecht,osm:node/13723985824,Smile Clinic,dentist,amenity=dentist,,,50.8430888,4.3333367,,,,NO_WEBSITE,2026-08-15T10:02:32.711791+00:00,clean,,,"{""amenity"": ""dentist"", ""healthcare"": ""dentist"", ""name"": ""Smile Clinic""}"
anderlecht,osm:node/13723985825,Auto SBD,,shop=car_parts,,,50.8431214,4.3334238,,,,NO_WEBSITE,2026-08-15T10:02:32.711791+00:00,clean,,no confident canonical category mapping,"{""name"": ""Auto SBD"", ""shop"": ""car_parts""}"
anderlecht,osm:node/13723985826,Call Shop,,shop=mobile_phone,,,50.8431679,4.3335123,,,,NO_WEBSITE,2026-08-15T10:02:32.711791+00:00,clean,,no confident canonical category mapping,"{""name"": ""Call Shop"", ""shop"": ""mobile_phone""}"
anderlecht,osm:node/13723985827,Saber Nuts,pastry-shops,shop=confectionery,,,50.8432077,4.333633,,,,NO_WEBSITE,2026-08-15T10:02:32.711791+00:00,clean,,,"{""name"": ""Saber Nuts"", ""shop"": ""confectionery""}"
anderlecht,osm:node/13723985828,Al Omda,bars-pubs,amenity=bar,,,50.8435681,4.3338483,,,,NO_WEBSITE,2026-08-15T10:02:32.711791+00:00,clean,,,"{""amenity"": ""bar"", ""name"": ""Al Omda""}"
anderlecht,osm:node/13723985829,Al Hoda,,shop=butcher,,,50.8434766,4.3344082,,,,NO_WEBSITE,2026-08-15T10:02:32.711791+00:00,clean,,no confident canonical category mapping,"{""name"": ""Al Hoda"", ""shop"": ""butcher""}"
anderlecht,osm:node/13723985830,Le Cedre,cafe,amenity=cafe,,,50.8436667,4.3342479,,,,NO_WEBSITE,2026-08-15T10:02:32.711791+00:00,clean,,,"{""amenity"": ""cafe"", ""name"": ""Le Cedre""}"
anderlecht,osm:node/13723985831,Al Zaeim,,shop=convenience,,,50.8437607,4.3345886,,,,NO_WEBSITE,2026-08-15T10:02:32.711791+00:00,clean,,no confident canonical category mapping,"{""name"": ""Al Zaeim"", ""shop"": ""convenience""}"
anderlecht,osm:node/13723985832,Al Omaraa,fast-food,amenity=fast_food,,,50.843773,4.3346462,,,,NO_WEBSITE,2026-08-15T10:02:32.711791+00:00,clean,,,"{""amenity"": ""fast_food"", ""name"": ""Al Omaraa""}"
anderlecht,osm:node/13723985833,Supermarché Almadina,,shop=convenience,,,50.843845,4.3349299,,,,NO_WEBSITE,2026-08-15T10:02:32.711791+00:00,clean,,no confident canonical category mapping,"{""name"": ""Supermarché Almadina"", ""shop"": ""convenience""}"
anderlecht,osm:node/13723985834,Agha's Alimentation Generale,,shop=convenience,,,50.8436278,4.3350285,,,,NO_WEBSITE,2026-08-15T10:02:32.711791+00:00,clean,,no confident canonical category mapping,"{""name"": ""Agha's Alimentation Generale"", ""shop"": ""convenience""}"
anderlecht,osm:node/13723985835,Abou Antar,restaurant,amenity=restaurant,,,50.843643,4.3351143,,,,NO_WEBSITE,2026-08-15T10:02:32.711791+00:00,clean,,,"{""amenity"": ""restaurant"", ""name"": ""Abou Antar""}"
anderlecht,osm:node/13723985836,City Chicken,fast-food,amenity=fast_food,,,50.8438771,4.3350593,,,,NO_WEBSITE,2026-08-15T10:02:32.711791+00:00,clean,,,"{""amenity"": ""fast_food"", ""name"": ""City Chicken""}"
anderlecht,osm:node/13723985837,Jinane Boutique,clothing-store,shop=clothes,,,50.8439013,4.3351545,,,,NO_WEBSITE,2026-08-15T10:02:32.711791+00:00,clean,,,"{""name"": ""Jinane Boutique"", ""shop"": ""clothes""}"
anderlecht,osm:node/13723985838,Aswak Damas,,shop=convenience,,,50.8439369,4.3352538,,,,NO_WEBSITE,2026-08-15T10:02:32.711791+00:00,clean,,no confident canonical category mapping,"{""name"": ""Aswak Damas"", ""shop"": ""convenience""}"
anderlecht,osm:node/13723985839,Dimashki 2,beauty-salon,shop=hairdresser,,,50.8437258,4.3353476,,,,NO_WEBSITE,2026-08-15T10:02:32.711791+00:00,clean,,,"{""name"": ""Dimashki 2"", ""shop"": ""hairdresser""}"
anderlecht,osm:node/13723985840,Hookha House,,amenity=hookah_lounge,,,50.8438132,4.3357138,,,,NO_WEBSITE,2026-08-15T10:02:32.711791+00:00,clean,,no confident canonical category mapping,"{""amenity"": ""hookah_lounge"", ""name"": ""Hookha House""}"
anderlecht,osm:node/13723985841,Magasin Ahmad,,shop=convenience,,,50.8439932,4.3354737,,,,NO_WEBSITE,2026-08-15T10:02:32.711791+00:00,clean,,no confident canonical category mapping,"{""name"": ""Magasin Ahmad"", ""shop"": ""convenience""}"
anderlecht,osm:node/13723985842,Bob's Pizza,restaurant,amenity=restaurant,,,50.8438395,4.3357909,,,,NO_WEBSITE,2026-08-15T10:02:32.711791+00:00,clean,,,"{""amenity"": ""restaurant"", ""name"": ""Bob's Pizza""}"
anderlecht,osm:node/13723985843,Coin Damascène,restaurant,amenity=restaurant,,,50.8438822,4.3359914,,,,NO_WEBSITE,2026-08-15T10:02:32.711791+00:00,clean,,,"{""amenity"": ""restaurant"", ""name"": ""Coin Damascène""}"
anderlecht,osm:node/13723985845,Coiffeur L'étoile,beauty-salon,shop=hairdresser,,,50.8441083,4.3367826,,,,NO_WEBSITE,2026-08-15T10:02:32.711791+00:00,clean,,,"{""name"": ""Coiffeur L'étoile"", ""shop"": ""hairdresser""}"
anderlecht,osm:node/13723985846,Alimentation Général,,shop=convenience,,,50.8441532,4.3369603,,,,NO_WEBSITE,2026-08-15T10:02:32.711791+00:00,clean,,no confident canonical category mapping,"{""name"": ""Alimentation Général"", ""shop"": ""convenience""}"
anderlecht,osm:node/13723985847,Babir,car-dealers,shop=car,,,50.8443759,4.3368537,,,,NO_WEBSITE,2026-08-15T10:02:32.711791+00:00,clean,,,"{""name"": ""Babir"", ""shop"": ""car""}"
anderlecht,osm:node/13723985848,Café Relax,cafe,amenity=cafe,,,50.8444259,4.3370394,,,,NO_WEBSITE,2026-08-15T10:02:32.711791+00:00,clean,,,"{""amenity"": ""cafe"", ""name"": ""Café Relax""}"
anderlecht,osm:node/13723985849,MediaCash,,shop=mobile_phone,,,50.8444517,4.3371239,,,,NO_WEBSITE,2026-08-15T10:02:32.711791+00:00,clean,,no confident canonical category mapping,"{""name"": ""MediaCash"", ""shop"": ""mobile_phone""}"
anderlecht,osm:node/13723985850,Number 1 Lounge,restaurant,amenity=restaurant,,,50.8442569,4.337256,,,,NO_WEBSITE,2026-08-15T10:02:32.711791+00:00,clean,,,"{""amenity"": ""restaurant"", ""name"": ""Number 1 Lounge""}"
anderlecht,osm:node/13723985851,Maya Drinks,,shop=wholesale,,,50.8444805,4.3372124,,,,NO_WEBSITE,2026-08-15T10:02:32.711791+00:00,clean,,no confident canonical category mapping,"{""name"": ""Maya Drinks"", ""shop"": ""wholesale""}"
anderlecht,osm:node/13723985852,Restaurant Al Karam,restaurant,amenity=restaurant,,,50.844276,4.3373432,,,,NO_WEBSITE,2026-08-15T10:02:32.711791+00:00,clean,,,"{""amenity"": ""restaurant"", ""name"": ""Restaurant Al Karam""}"
anderlecht,osm:node/13723985853,Boucherie Marjan,,shop=butcher,,,50.8443332,4.3375196,,,,NO_WEBSITE,2026-08-15T10:02:32.711791+00:00,clean,,no confident canonical category mapping,"{""name"": ""Boucherie Marjan"", ""shop"": ""butcher""}"
anderlecht,osm:node/13723985854,Med Sud,,amenity=doctors;healthcare=doctor,,,50.8445597,4.3374907,,,,NO_WEBSITE,2026-08-15T10:02:32.711791+00:00,clean,,no confident canonical category mapping,"{""amenity"": ""doctors"", ""healthcare"": ""doctor"", ""name"": ""Med Sud""}"
anderlecht,osm:node/13723985855,Le Roma,cafe,amenity=cafe,,,50.8445868,4.3375893,,,,NO_WEBSITE,2026-08-15T10:02:32.711791+00:00,clean,,,"{""amenity"": ""cafe"", ""name"": ""Le Roma""}"
anderlecht,osm:node/13723985856,Expres Pneu,,shop=tyres,,,50.8443611,4.3376101,,,,NO_WEBSITE,2026-08-15T10:02:32.711791+00:00,clean,,no confident canonical category mapping,"{""name"": ""Expres Pneu"", ""shop"": ""tyres""}"
anderlecht,osm:node/13723985857,Shahin Market,,shop=convenience,,,50.8443819,4.3376912,,,,NO_WEBSITE,2026-08-15T10:02:32.711791+00:00,clean,,no confident canonical category mapping,"{""name"": ""Shahin Market"", ""shop"": ""convenience""}"
anderlecht,osm:node/13723985858,a&h Nuts,pastry-shops,shop=confectionery,,,50.844707,4.3378696,,,,NO_WEBSITE,2026-08-15T10:02:32.711791+00:00,clean,,,"{""name"": ""a&h Nuts"", ""shop"": ""confectionery""}"
anderlecht,osm:node/13723985859,Salem Market,,shop=convenience,,,50.8447324,4.3380178,,,,NO_WEBSITE,2026-08-15T10:02:32.711791+00:00,clean,,no confident canonical category mapping,"{""name"": ""Salem Market"", ""shop"": ""convenience""}"
anderlecht,osm:node/13723985860,Marjan Supermarket,,shop=convenience,,,50.8448226,4.3383021,,,,NO_WEBSITE,2026-08-15T10:02:32.711791+00:00,clean,,no confident canonical category mapping,"{""name"": ""Marjan Supermarket"", ""shop"": ""convenience""}"
anderlecht,osm:node/13723985861,Pizza Alep,restaurant,amenity=restaurant,,,50.8444001,4.3377616,,,,NO_WEBSITE,2026-08-15T10:02:32.711791+00:00,clean,,,"{""amenity"": ""restaurant"", ""name"": ""Pizza Alep""}"
anderlecht,osm:node/13723985862,Chicken KY,fast-food,amenity=fast_food,,,50.8445483,4.3382384,,,,NO_WEBSITE,2026-08-15T10:02:32.711791+00:00,clean,,,"{""amenity"": ""fast_food"", ""name"": ""Chicken KY""}"
anderlecht,osm:node/13723985863,Le Poincaré,cafe,amenity=cafe,,,50.8445821,4.3383678,,,,NO_WEBSITE,2026-08-15T10:02:32.711791+00:00,clean,,,"{""amenity"": ""cafe"", ""name"": ""Le Poincaré""}"
anderlecht,osm:node/13724025331,Freddy&Curry,,office=company,,,50.8438492,4.3322705,,,,NO_WEBSITE,2026-08-15T10:02:32.711791+00:00,clean,,no confident canonical category mapping,"{""name"": ""Freddy&Curry"", ""office"": ""company""}"
anderlecht,osm:node/13724025332,WOW engineering,,office=company,,,50.8439411,4.3321779,,,,NO_WEBSITE,2026-08-15T10:02:32.711791+00:00,clean,,no confident canonical category mapping,"{""name"": ""WOW engineering"", ""office"": ""company""}"
anderlecht,osm:node/13728042985,Apparthotel Midi,hotel,tourism=hotel,,,50.8336827,4.3285045,,,,NO_WEBSITE,2026-08-15T10:02:32.711791+00:00,clean,,,"{""name"": ""Apparthotel Midi"", ""tourism"": ""hotel""}"
anderlecht,osm:node/13728051529,Alimentation générale,,shop=convenience,,,50.8330845,4.3303523,,,,NO_WEBSITE,2026-08-15T10:02:32.711791+00:00,clean,,no confident canonical category mapping,"{""name"": ""Alimentation générale"", ""shop"": ""convenience""}"
anderlecht,osm:node/13743858577,Ziever'Art,,amenity=community_centre,,,50.8298294,4.3035993,,,zieverart,SOCIAL_ONLY,2026-08-15T10:02:32.711791+00:00,clean,,no confident canonical category mapping,"{""amenity"": ""community_centre"", ""contact:instagram"": ""zieverart"", ""name"": ""Ziever'Art""}"
anderlecht,osm:node/13750038397,Salle du Royaume des Témoins de Jéhovah,,amenity=place_of_worship,,,50.8397743,4.3138772,,,,NO_WEBSITE,2026-08-15T10:02:32.711791+00:00,clean,,no confident canonical category mapping,"{""amenity"": ""place_of_worship"", ""name"": ""Salle du Royaume des Témoins de Jéhovah""}"
anderlecht,osm:node/13762748454,Valentino,cafe,amenity=cafe,,,50.8364057,4.3117679,,,,NO_WEBSITE,2026-08-15T10:02:32.711791+00:00,clean,,,"{""amenity"": ""cafe"", ""name"": ""Valentino""}"
anderlecht,osm:node/13762748455,La Résistance,cafe,amenity=cafe,,,50.8364483,4.3120422,,,,NO_WEBSITE,2026-08-15T10:02:32.711791+00:00,clean,,,"{""amenity"": ""cafe"", ""name"": ""La Résistance""}"
anderlecht,osm:node/13762813010,Café Barletto,cafe,amenity=cafe,,,50.8361913,4.3121523,,,,NO_WEBSITE,2026-08-15T10:02:32.711791+00:00,clean,,,"{""amenity"": ""cafe"", ""name"": ""Café Barletto""}"
anderlecht,osm:node/13762848153,Audace,,shop=leather,,,50.8355919,4.3119419,,,,NO_WEBSITE,2026-08-15T10:02:32.711791+00:00,clean,,no confident canonical category mapping,"{""name"": ""Audace"", ""shop"": ""leather""}"
anderlecht,osm:node/13762857068,Eureka Mode,clothing-store,shop=clothes,,,50.8355785,4.3118605,,,,NO_WEBSITE,2026-08-15T10:02:32.711791+00:00,clean,,,"{""name"": ""Eureka Mode"", ""shop"": ""clothes""}"
anderlecht,osm:node/13798968417,Rayan,beauty-salon,shop=hairdresser,,,50.836054,4.3106236,,,,NO_WEBSITE,2026-08-15T10:02:32.711791+00:00,clean,,,"{""name"": ""Rayan"", ""shop"": ""hairdresser""}"
anderlecht,osm:node/13798982570,Wash in Town,,shop=laundry,,,50.8362859,4.3109708,,,,NO_WEBSITE,2026-08-15T10:02:32.711791+00:00,clean,,no confident canonical category mapping,"{""name"": ""Wash in Town"", ""shop"": ""laundry""}"
anderlecht,osm:node/13798988528,Café Lux,cafe,amenity=cafe,,,50.8363092,4.3112258,,,,NO_WEBSITE,2026-08-15T10:02:32.711791+00:00,clean,,,"{""amenity"": ""cafe"", ""name"": ""Café Lux""}"
anderlecht,osm:node/13798993975,Café Justice de Paix,cafe,amenity=cafe,,,50.8360882,4.3110147,,,,NO_WEBSITE,2026-08-15T10:02:32.711791+00:00,clean,,,"{""amenity"": ""cafe"", ""name"": ""Café Justice de Paix""}"
anderlecht,osm:node/13819608829,Atmos Technics,,craft=plumber,,,50.8457097,4.296218,,https://atmos-technics.be/,,WEBSITE_PRESENT,2026-08-15T10:02:32.711791+00:00,clean,,no confident canonical category mapping,"{""contact:website"": ""https://atmos-technics.be/"", ""craft"": ""plumber"", ""name"": ""Atmos Technics""}"
anderlecht,osm:node/13825130570,G shoes,shoe-stores,shop=shoes,,,50.8358858,4.3124387,,,,NO_WEBSITE,2026-08-15T10:02:32.711791+00:00,clean,,,"{""name"": ""G shoes"", ""shop"": ""shoes""}"
anderlecht,osm:node/13825133387,Mobile M,,shop=mobile_phone,,,50.8358722,4.3123616,,,,NO_WEBSITE,2026-08-15T10:02:32.711791+00:00,clean,,no confident canonical category mapping,"{""name"": ""Mobile M"", ""shop"": ""mobile_phone""}"
anderlecht,osm:node/13825170442,BFC,fast-food,amenity=fast_food,,,50.8358679,4.3122659,,,,NO_WEBSITE,2026-08-15T10:02:32.711791+00:00,clean,,,"{""amenity"": ""fast_food"", ""name"": ""BFC""}"
anderlecht,osm:node/13825185261,Luna Bar,bars-pubs,amenity=bar,,,50.8383421,4.3205707,,,,NO_WEBSITE,2026-08-15T10:02:32.711791+00:00,clean,,,"{""amenity"": ""bar"", ""name"": ""Luna Bar""}"
anderlecht,osm:node/13825186451,Coco Mode,clothing-store,shop=clothes,,,50.8356009,4.312015,,,,NO_WEBSITE,2026-08-15T10:02:32.711791+00:00,clean,,,"{""name"": ""Coco Mode"", ""shop"": ""clothes""}"
anderlecht,osm:node/13825186971,Mister Screen,,craft=electronics_repair,,,50.8389413,4.3311039,,,,NO_WEBSITE,2026-08-15T10:02:32.711791+00:00,clean,,no confident canonical category mapping,"{""craft"": ""electronics_repair"", ""name"": ""Mister Screen""}"
anderlecht,osm:node/13825189885,Jet Lag,beauty-salon,shop=hairdresser,,,50.8393837,4.3242941,,,,NO_WEBSITE,2026-08-15T10:02:32.711791+00:00,clean,,,"{""name"": ""Jet Lag"", ""shop"": ""hairdresser""}"
anderlecht,osm:node/13825196390,Pasta King,restaurant,amenity=restaurant,,,50.8391219,4.3236033,,,,NO_WEBSITE,2026-08-15T10:02:32.711791+00:00,clean,,,"{""amenity"": ""restaurant"", ""name"": ""Pasta King""}"
anderlecht,osm:node/13825215808,Elec Sat,,shop=radiotechnics,,,50.8362197,4.3174158,,,,NO_WEBSITE,2026-08-15T10:02:32.711791+00:00,clean,,no confident canonical category mapping,"{""name"": ""Elec Sat"", ""shop"": ""radiotechnics""}"
anderlecht,osm:node/13858055078,Fugubrewing,,shop=alcohol;craft=brewery,,,50.8163328,4.2948511,,https://shop.fugubrewing.be/,fugubrewing,WEBSITE_PRESENT,2026-08-15T10:02:32.711791+00:00,clean,,no confident canonical category mapping,"{""contact:instagram"": ""fugubrewing"", ""contact:website"": ""https://shop.fugubrewing.be/"", ""craft"": ""brewery"", ""name"": ""Fugubrewing"", ""shop"": ""alcohol""}"
anderlecht,osm:node/13860973301,1€ Store,,shop=variety_store,,,50.839159,4.3352004,,,,NO_WEBSITE,2026-08-15T10:02:32.711791+00:00,clean,,no confident canonical category mapping,"{""name"": ""1€ Store"", ""shop"": ""variety_store""}"
anderlecht,osm:node/13939025501,Bella Ciao,restaurant,amenity=restaurant,,,50.8167971,4.2914781,,https://bellaciaoristorante.be/,,WEBSITE_PRESENT,2026-08-15T10:02:32.711791+00:00,clean,,,"{""amenity"": ""restaurant"", ""contact:website"": ""https://bellaciaoristorante.be/"", ""name"": ""Bella Ciao""}"
anderlecht,osm:node/13953578092,Circle Park,bars-pubs,amenity=bar,,,50.8316111,4.3201166,,,,NO_WEBSITE,2026-08-15T10:02:32.711791+00:00,clean,,,"{""amenity"": ""bar"", ""name"": ""Circle Park""}"
anderlecht,osm:node/13971648025,Groupe Foes – Les Ateliers Réunis,,amenity=social_facility,,,50.833989,4.309353,,https://groupefoes.be/,,WEBSITE_PRESENT,2026-08-15T10:02:32.711791+00:00,clean,,no confident canonical category mapping,"{""amenity"": ""social_facility"", ""contact:website"": ""https://groupefoes.be/"", ""name"": ""Groupe Foes – Les Ateliers Réunis""}"
anderlecht,osm:node/13979361996,Baig Food,,shop=convenience,,,50.8440354,4.3283423,,,,NO_WEBSITE,2026-08-15T10:02:32.711791+00:00,clean,,no confident canonical category mapping,"{""name"": ""Baig Food"", ""shop"": ""convenience""}"
anderlecht,osm:node/13979361997,Africa Meat,,shop=butcher,,,50.8439868,4.3282872,,,,NO_WEBSITE,2026-08-15T10:02:32.711791+00:00,clean,,no confident canonical category mapping,"{""name"": ""Africa Meat"", ""shop"": ""butcher""}"
anderlecht,osm:node/13989620637,Nestlé Belgilux,,office=company,,,50.8442877,4.3199439,,,,NO_WEBSITE,2026-08-15T10:02:32.711791+00:00,clean,,no confident canonical category mapping,"{""name"": ""Nestlé Belgilux"", ""office"": ""company""}"
anderlecht,osm:node/14003722260,Sint-Guido-Instituut (administratie),,office=school,,,50.8338341,4.3013765,,https://www.sintguido.be/SGI_onze_campussen.html#Bertauxlaan,,WEBSITE_PRESENT,2026-08-15T10:02:32.711791+00:00,clean,,no confident canonical category mapping,"{""contact:website"": ""https://www.sintguido.be/SGI_onze_campussen.html#Bertauxlaan"", ""name"": ""Sint-Guido-Instituut (administratie)"", ""office"": ""school""}"
anderlecht,osm:node/14004281001,Eye'strid Clinique,,healthcare=optometrist,,,50.8321423,4.3022698,,,,NO_WEBSITE,2026-08-15T10:02:32.711791+00:00,clean,,no confident canonical category mapping,"{""healthcare"": ""optometrist"", ""name"": ""Eye'strid Clinique""}"
anderlecht,osm:node/14004325701,Alfassia Brunch Café,restaurant,amenity=restaurant,,,50.8321659,4.3024177,,,,NO_WEBSITE,2026-08-15T10:02:32.711791+00:00,clean,,,"{""amenity"": ""restaurant"", ""name"": ""Alfassia Brunch Café""}"
anderlecht,osm:node/14004326201,Capri,,amenity=ice_cream,,,50.8322491,4.3027316,,,,NO_WEBSITE,2026-08-15T10:02:32.711791+00:00,clean,,no confident canonical category mapping,"{""amenity"": ""ice_cream"", ""name"": ""Capri""}"
anderlecht,osm:node/14006448795,Résidence Parc Astrid - Residentie Parc Astrid,,amenity=social_facility,,,50.830109,4.2881651,+32 2 523 50 50,https://www.parcastrid.be/,,WEBSITE_PRESENT,2026-08-15T10:02:32.711791+00:00,clean,,no confident canonical category mapping,"{""amenity"": ""social_facility"", ""contact:phone"": ""+32 2 523 50 50"", ""contact:website"": ""https://www.parcastrid.be/"", ""name"": ""Résidence Parc Astrid - Residentie Parc Astrid""}"
anderlecht,osm:node/14019812472,Djoser,,shop=trade,,,50.8252469,4.312379,,https://djoser-mat.be/,,WEBSITE_PRESENT,2026-08-15T10:02:32.711791+00:00,clean,,no confident canonical category mapping,"{""name"": ""Djoser"", ""shop"": ""trade"", ""website"": ""https://djoser-mat.be/""}"
anderlecht,osm:node/14022812991,Crelan,,office=company,,,50.8388675,4.2899414,,,,NO_WEBSITE,2026-08-15T10:02:32.711791+00:00,clean,,no confident canonical category mapping,"{""name"": ""Crelan"", ""office"": ""company""}"
anderlecht,osm:node/14031003226,Majha,,shop=convenience,,,50.8298592,4.2980025,,,,NO_WEBSITE,2026-08-15T10:02:32.711791+00:00,clean,,no confident canonical category mapping,"{""name"": ""Majha"", ""shop"": ""convenience""}"
anderlecht,osm:node/14045836718,Cipac,,shop=doityourself,,,50.8194399,4.3075671,+32 2 616 67 80,https://www.cipac.be/cipac-anderlecht,,WEBSITE_PRESENT,2026-08-15T10:02:32.711791+00:00,clean,,no confident canonical category mapping,"{""contact:phone"": ""+32 2 616 67 80"", ""contact:website"": ""https://www.cipac.be/cipac-anderlecht"", ""name"": ""Cipac"", ""shop"": ""doityourself""}"
anderlecht,osm:node/14049173101,Bokashi Compost,,shop=trade,,,50.8256051,4.3165084,,https://bokashicompost.be/,bokashicompost,WEBSITE_PRESENT,2026-08-15T10:02:32.711791+00:00,clean,,no confident canonical category mapping,"{""contact:instagram"": ""bokashicompost"", ""contact:website"": ""https://bokashicompost.be/"", ""name"": ""Bokashi Compost"", ""shop"": ""trade""}"
anderlecht,osm:node/14064458101,Ziever'Art,,amenity=community_centre,,,50.8300737,4.3019841,,,,NO_WEBSITE,2026-08-15T10:02:32.711791+00:00,clean,,no confident canonical category mapping,"{""amenity"": ""community_centre"", ""name"": ""Ziever'Art""}"
anderlecht,osm:node/14092975121,Somar Alep,fast-food,amenity=fast_food,,,50.8420814,4.330237,,,,NO_WEBSITE,2026-08-15T10:02:32.711791+00:00,clean,,,"{""amenity"": ""fast_food"", ""name"": ""Somar Alep""}"
anderlecht,osm:node/14092975123,Consulat général du Maroc - Consulaat-generaal van Marokko,,office=diplomatic,,,50.8338853,4.327381,+32 493 87 44 91,https://www.consulat.ma/,,WEBSITE_PRESENT,2026-08-15T10:02:32.711791+00:00,clean,,no confident canonical category mapping,"{""contact:phone"": ""+32 493 87 44 91"", ""contact:website"": ""https://www.consulat.ma/"", ""name"": ""Consulat général du Maroc - Consulaat-generaal van Marokko"", ""office"": ""diplomatic""}"
anderlecht,osm:node/14092975141,Soka Gakkai Internationale Belgium,,amenity=place_of_worship,,,50.8379214,4.3330726,+32 2 345 87 14,,,NO_WEBSITE,2026-08-15T10:02:32.711791+00:00,clean,,no confident canonical category mapping,"{""amenity"": ""place_of_worship"", ""contact:phone"": ""+32 2 345 87 14"", ""name"": ""Soka Gakkai Internationale Belgium""}"
anderlecht,osm:way/8104517,Parc Forestier - Bospark,,leisure=park,,,50.840903754054054,4.311250894594594,,https://gardens.brussels/nl/groene-ruimten/bospark,,WEBSITE_PRESENT,2026-08-15T10:02:32.711791+00:00,clean,,no confident canonical category mapping,"{""contact:website"": ""https://gardens.brussels/nl/groene-ruimten/bospark"", ""leisure"": ""park"", ""name"": ""Parc Forestier - Bospark""}"
anderlecht,osm:way/9774751,Parc Astrid - Astridpark,,leisure=park,,,50.83310270099999,4.298413086,,,,NO_WEBSITE,2026-08-15T10:02:32.711791+00:00,clean,,no confident canonical category mapping,"{""leisure"": ""park"", ""name"": ""Parc Astrid - Astridpark""}"
anderlecht,osm:way/10502619,Parc du Busselenberg - Busselenbergpark,,leisure=park,,,50.82993226249998,4.3029715,,,,NO_WEBSITE,2026-08-15T10:02:32.711791+00:00,clean,,no confident canonical category mapping,"{""leisure"": ""park"", ""name"": ""Parc du Busselenberg - Busselenbergpark""}"
anderlecht,osm:way/10589192,Square de la Pede - Pedesquare,,leisure=park,,,50.82783038,4.297353223999998,,,,NO_WEBSITE,2026-08-15T10:02:32.711791+00:00,clean,,no confident canonical category mapping,"{""leisure"": ""park"", ""name"": ""Square de la Pede - Pedesquare""}"
anderlecht,osm:way/15799101,Plaine de Liverpool - Liverpoolplein,,leisure=park,,,50.84475100526315,4.332535436842105,,,,NO_WEBSITE,2026-08-15T10:02:32.711791+00:00,clean,,no confident canonical category mapping,"{""leisure"": ""park"", ""name"": ""Plaine de Liverpool - Liverpoolplein""}"
anderlecht,osm:way/15799264,Parc de la Rosée - Dauwpark,,leisure=park,,,50.84499739705884,4.337012569117647,,,,NO_WEBSITE,2026-08-15T10:02:32.711791+00:00,clean,,no confident canonical category mapping,"{""leisure"": ""park"", ""name"": ""Parc de la Rosée - Dauwpark"", ""operator"": ""Bruxelles Environnement - Leefmilieu Brussel""}"
anderlecht,osm:way/23609644,Neerpede Sport,,leisure=sports_centre,,,50.823901422500015,4.2759909875,,,,NO_WEBSITE,2026-08-15T10:02:32.711791+00:00,clean,,no confident canonical category mapping,"{""leisure"": ""sports_centre"", ""name"": ""Neerpede Sport""}"
anderlecht,osm:way/23609680,Royal Amicale Anderlecht Golf Club,,leisure=golf_course,,,50.82289884216869,4.2657207216867485,+32 2 521 16 87,https://www.golf-anderlecht.com/,,WEBSITE_PRESENT,2026-08-15T10:02:32.711791+00:00,clean,,no confident canonical category mapping,"{""contact:phone"": ""+32 2 521 16 87"", ""contact:website"": ""https://www.golf-anderlecht.com/"", ""leisure"": ""golf_course"", ""name"": ""Royal Amicale Anderlecht Golf Club""}"
anderlecht,osm:way/28243649,Centre sportif Vogelenzang - Vogelenzang sportcentrum,,leisure=sports_centre,,,50.811265994736836,4.284808278947367,,,,NO_WEBSITE,2026-08-15T10:02:32.711791+00:00,clean,,no confident canonical category mapping,"{""leisure"": ""sports_centre"", ""name"": ""Centre sportif Vogelenzang - Vogelenzang sportcentrum""}"
anderlecht,osm:way/30147925,Centre sportif d'Anderlecht,,leisure=sports_centre,,,50.8148949875,4.2986382291666665,,,,NO_WEBSITE,2026-08-15T10:02:32.711791+00:00,clean,,no confident canonical category mapping,"{""leisure"": ""sports_centre"", ""name"": ""Centre sportif d'Anderlecht""}"
anderlecht,osm:way/30510147,Brico,,shop=doityourself,Chaussée de Mons - Bergense Steenweg 1301,,50.81751452666667,4.2883373733333325,,https://www.plan-it.be/fr/store/Bruxelles,,WEBSITE_PRESENT,2026-08-15T10:02:32.711791+00:00,clean,,no confident canonical category mapping,"{""addr:housenumber"": ""1301"", ""addr:street"": ""Chaussée de Mons - Bergense Steenweg"", ""brand"": ""Brico"", ""contact:website"": ""https://www.plan-it.be/fr/store/Bruxelles"", ""name"": ""Brico"", ""shop"": ""doityourself""}"
anderlecht,osm:way/30537682,Joseph Bracops,,amenity=hospital;healthcare=hospital,,,50.83407322413793,4.2939711551724145,+32 2 556 12 12,http://www.his-izz.be/fr/patients/infos-pratiques-et-plans-d-acces/joseph-bracops_4,,WEBSITE_PRESENT,2026-08-15T10:02:32.711791+00:00,clean,,no confident canonical category mapping,"{""amenity"": ""hospital"", ""contact:phone"": ""+32 2 556 12 12"", ""contact:website"": ""http://www.his-izz.be/fr/patients/infos-pratiques-et-plans-d-acces/joseph-bracops_4"", ""healthcare"": ""hospital"", ""name"": ""Joseph Bracops"", ""operator"": ""Hôpitaux Iris Sud - Iris Ziekenhuizen Zuid""}"
anderlecht,osm:way/30578966,Clinique Sainte-Anne Saint-Remi - Sint-Anna Sint-Remi Kliniek,,amenity=hospital;healthcare=hospital,,,50.845191539999995,4.316950013333332,,https://chirec.be/fr/contact/sar-clinique-ste-anne-st-remi/,,WEBSITE_PRESENT,2026-08-15T10:02:32.711791+00:00,clean,,no confident canonical category mapping,"{""amenity"": ""hospital"", ""contact:website"": ""https://chirec.be/fr/contact/sar-clinique-ste-anne-st-remi/"", ""healthcare"": ""hospital"", ""name"": ""Clinique Sainte-Anne Saint-Remi - Sint-Anna Sint-Remi Kliniek"", ""operator"": ""CHIREC""}"
anderlecht,osm:way/30596911,Colruyt,supermarkets,shop=supermarket,,,50.84398974049587,4.310638096694214,+32 2 524 14 28,https://www.colruyt.be/fr/recherche-de-magasin/colruyt-anderlecht,,WEBSITE_PRESENT,2026-08-15T10:02:32.711791+00:00,clean,,,"{""brand"": ""Colruyt"", ""contact:phone"": ""+32 2 524 14 28"", ""contact:website"": ""https://www.colruyt.be/fr/recherche-de-magasin/colruyt-anderlecht"", ""name"": ""Colruyt"", ""shop"": ""supermarket""}"
anderlecht,osm:way/30639703,Square Albert Ier - Albert I-square,,leisure=park,,,50.839456846153844,4.323644065384615,,,,NO_WEBSITE,2026-08-15T10:02:32.711791+00:00,clean,,no confident canonical category mapping,"{""leisure"": ""park"", ""name"": ""Square Albert Ier - Albert I-square""}"
anderlecht,osm:way/31233760,Travie,,amenity=social_facility,,,50.8340896137931,4.319684803448276,+32 2 526 20 00,https://www.travie.be,,WEBSITE_PRESENT,2026-08-15T10:02:32.711791+00:00,clean,,no confident canonical category mapping,"{""amenity"": ""social_facility"", ""contact:phone"": ""+32 2 526 20 00"", ""contact:website"": ""https://www.travie.be"", ""name"": ""Travie""}"
anderlecht,osm:way/31236581,Église Notre-Dame Immaculée - Onze-Lieve-Vrouw-Onbevlekt-Ontvangenkerk,,amenity=place_of_worship,,,50.843039507142855,4.335267628571428,,,,NO_WEBSITE,2026-08-15T10:02:32.711791+00:00,clean,,no confident canonical category mapping,"{""amenity"": ""place_of_worship"", ""name"": ""Église Notre-Dame Immaculée - Onze-Lieve-Vrouw-Onbevlekt-Ontvangenkerk""}"
anderlecht,osm:way/31790736,Collégiale Saints-Pierre-et-Guidon - Sint-Pieter-en-Sint-Guidokerk,,amenity=place_of_worship,,,50.836624645185175,4.306230562222224,,,,NO_WEBSITE,2026-08-15T10:02:32.711791+00:00,clean,,no confident canonical category mapping,"{""amenity"": ""place_of_worship"", ""name"": ""Collégiale Saints-Pierre-et-Guidon - Sint-Pieter-en-Sint-Guidokerk""}"
anderlecht,osm:way/32252331,Parc Crickx - Crickxpark,,leisure=park,,,50.83643525,4.320075083333333,,,,NO_WEBSITE,2026-08-15T10:02:32.711791+00:00,clean,,no confident canonical category mapping,"{""leisure"": ""park"", ""name"": ""Parc Crickx - Crickxpark""}"
anderlecht,osm:way/32252407,Square Émile Vandervelde - Émile Vanderveldesquare,,leisure=park,,,50.837011113513526,4.318797091891892,,,,NO_WEBSITE,2026-08-15T10:02:32.711791+00:00,clean,,no confident canonical category mapping,"{""leisure"": ""park"", ""name"": ""Square Émile Vandervelde - Émile Vanderveldesquare""}"
anderlecht,osm:way/32252612,Parc de Biestebroeck - Biestebroeckpark,,leisure=park,,,50.83447720000001,4.31173364375,,,,NO_WEBSITE,2026-08-15T10:02:32.711791+00:00,clean,,no confident canonical category mapping,"{""leisure"": ""park"", ""name"": ""Parc de Biestebroeck - Biestebroeckpark""}"
anderlecht,osm:way/32252804,Parc Scherdemael - Scherdemaelpark,,leisure=park,,,50.831913001234575,4.286871161728395,,,,NO_WEBSITE,2026-08-15T10:02:32.711791+00:00,clean,,no confident canonical category mapping,"{""leisure"": ""park"", ""name"": ""Parc Scherdemael - Scherdemaelpark""}"
anderlecht,osm:way/35631423,Royal Olympia Anderlecht Korfbalclub vzw,,leisure=sports_centre,,,50.8367186,4.288170888888889,,,,NO_WEBSITE,2026-08-15T10:02:32.711791+00:00,clean,,no confident canonical category mapping,"{""leisure"": ""sports_centre"", ""name"": ""Royal Olympia Anderlecht Korfbalclub vzw""}"
anderlecht,osm:way/35689477,Parc du bassin de Batelage - Schipperijdokpark,,leisure=park,,,50.829372715942036,4.311058789855072,,,,NO_WEBSITE,2026-08-15T10:02:32.711791+00:00,clean,,no confident canonical category mapping,"{""leisure"": ""park"", ""name"": ""Parc du bassin de Batelage - Schipperijdokpark""}"
anderlecht,osm:way/39407659,Plaine des sports Corneille Barca - Sportplein Corneille Barca,,leisure=sports_centre,,,50.818272542857144,4.256172761904761,,,,NO_WEBSITE,2026-08-15T10:02:32.711791+00:00,clean,,no confident canonical category mapping,"{""leisure"": ""sports_centre"", ""name"": ""Plaine des sports Corneille Barca - Sportplein Corneille Barca""}"
anderlecht,osm:way/40437460,Église Sainte-Bernadette - Sint-Bernadettekerk,,amenity=place_of_worship,Avenue d'Itterbeek - Itterbeekse Laan 432,,50.835372320000005,4.27573112,,,,NO_WEBSITE,2026-08-15T10:02:32.711791+00:00,clean,,no confident canonical category mapping,"{""addr:housenumber"": ""432"", ""addr:street"": ""Avenue d'Itterbeek - Itterbeekse Laan"", ""amenity"": ""place_of_worship"", ""name"": ""Église Sainte-Bernadette - Sint-Bernadettekerk""}"
anderlecht,osm:way/71381231,Aquamarine,,leisure=sports_centre,,,50.81806126363636,4.253458636363637,,,,NO_WEBSITE,2026-08-15T10:02:32.711791+00:00,clean,,no confident canonical category mapping,"{""leisure"": ""sports_centre"", ""name"": ""Aquamarine""}"
anderlecht,osm:way/117183958,Square Égide Rombaux - Égide Rombauxsquare,,leisure=park,,,50.83311979999999,4.293022985294119,,,,NO_WEBSITE,2026-08-15T10:02:32.711791+00:00,clean,,no confident canonical category mapping,"{""leisure"": ""park"", ""name"": ""Square Égide Rombaux - Égide Rombauxsquare""}"
anderlecht,osm:way/135259437,Plaine des Loisirs - Lustplein,,leisure=park,,,50.821620414285725,4.2988861285714295,,,,NO_WEBSITE,2026-08-15T10:02:32.711791+00:00,clean,,no confident canonical category mapping,"{""leisure"": ""park"", ""name"": ""Plaine des Loisirs - Lustplein""}"
anderlecht,osm:way/135517169,Parc des Résédas - Resedaspark,,leisure=park,,,50.8238629173913,4.301145560869564,,,,NO_WEBSITE,2026-08-15T10:02:32.711791+00:00,clean,,no confident canonical category mapping,"{""leisure"": ""park"", ""name"": ""Parc des Résédas - Resedaspark""}"
anderlecht,osm:way/141695484,Anderlecht Tennis,,leisure=sports_centre,,,50.83680926470589,4.289379194117648,,,,NO_WEBSITE,2026-08-15T10:02:32.711791+00:00,clean,,no confident canonical category mapping,"{""leisure"": ""sports_centre"", ""name"": ""Anderlecht Tennis""}"
anderlecht,osm:way/141695491,Anderlecht Tennis,,leisure=sports_centre,,,50.83518470555556,4.289218122222222,,,,NO_WEBSITE,2026-08-15T10:02:32.711791+00:00,clean,,no confident canonical category mapping,"{""leisure"": ""sports_centre"", ""name"": ""Anderlecht Tennis""}"
anderlecht,osm:way/147682528,Westland Shopping,,shop=mall,,,50.83936379032258,4.2866731677419345,,https://www.westlandshopping.be,,WEBSITE_PRESENT,2026-08-15T10:02:32.711791+00:00,clean,,no confident canonical category mapping,"{""contact:website"": ""https://www.westlandshopping.be"", ""name"": ""Westland Shopping"", ""shop"": ""mall""}"
anderlecht,osm:way/147682549,Stade Jean Rousseau - Jan Rousseau Stadium,,leisure=pitch,,,50.835757920000006,4.2686433,,,,NO_WEBSITE,2026-08-15T10:02:32.711791+00:00,clean,,no confident canonical category mapping,"{""leisure"": ""pitch"", ""name"": ""Stade Jean Rousseau - Jan Rousseau Stadium""}"
anderlecht,osm:way/150276005,Parc des Étangs - Vijverspark,,leisure=park,,,50.825531828571435,4.28689217755102,,,,NO_WEBSITE,2026-08-15T10:02:32.711791+00:00,clean,,no confident canonical category mapping,"{""leisure"": ""park"", ""name"": ""Parc des Étangs - Vijverspark""}"
anderlecht,osm:way/175344895,Maison d'Erasme - Erasmushuis,,tourism=museum,,,50.836539235000004,4.308174289999999,,https://www.erasmushouse.museum,,WEBSITE_PRESENT,2026-08-15T10:02:32.711791+00:00,clean,,no confident canonical category mapping,"{""contact:website"": ""https://www.erasmushouse.museum"", ""name"": ""Maison d'Erasme - Erasmushuis"", ""tourism"": ""museum""}"
anderlecht,osm:way/201502100,Shell Expres Anderlecht Veeweyde,,amenity=fuel,,,50.82807098333333,4.30193695,,,,NO_WEBSITE,2026-08-15T10:02:32.711791+00:00,clean,,no confident canonical category mapping,"{""amenity"": ""fuel"", ""brand"": ""Shell"", ""name"": ""Shell Expres Anderlecht Veeweyde"", ""operator"": ""Shell""}"
anderlecht,osm:way/201505839,Shell Prince de Liège - Shell Prins van Luik,,amenity=fuel,,,50.846660725,4.2934397375,,,,NO_WEBSITE,2026-08-15T10:02:32.711791+00:00,clean,,no confident canonical category mapping,"{""amenity"": ""fuel"", ""brand"": ""Shell express"", ""name"": ""Shell Prince de Liège - Shell Prins van Luik"", ""operator"": ""Shell""}"
anderlecht,osm:way/225240026,Tonneke,cafe,amenity=cafe,Rue de Neerpede - Neerpedestraat 378,,50.82916534666667,4.285372153333332,,,,NO_WEBSITE,2026-08-15T10:02:32.711791+00:00,clean,,,"{""addr:housenumber"": ""378"", ""addr:street"": ""Rue de Neerpede - Neerpedestraat"", ""amenity"": ""cafe"", ""name"": ""Tonneke""}"
anderlecht,osm:way/225240075,Maison verte et bleue - Groen en blauw huis,,office=association,Rue du Chaudron - Ketelstraat 1A,,50.82729998,4.2695905000000005,,https://mvb.brussels/,,WEBSITE_PRESENT,2026-08-15T10:02:32.711791+00:00,clean,,no confident canonical category mapping,"{""addr:housenumber"": ""1A"", ""addr:street"": ""Rue du Chaudron - Ketelstraat"", ""contact:website"": ""https://mvb.brussels/"", ""name"": ""Maison verte et bleue - Groen en blauw huis"", ""office"": ""association""}"
anderlecht,osm:way/226516890,Hotel Ibis Brussels Erasmus,hotel,tourism=hotel,Route de Lennik - Lennikse Baan 790,,50.81513745416665,4.272136266666667,+32 2 523 62 82,https://www.ibis.com/a990,,WEBSITE_PRESENT,2026-08-15T10:02:32.711791+00:00,clean,,,"{""addr:housenumber"": ""790"", ""addr:street"": ""Route de Lennik - Lennikse Baan"", ""contact:phone"": ""+32 2 523 62 82"", ""contact:website"": ""https://www.ibis.com/a990"", ""name"": ""Hotel Ibis Brussels Erasmus"", ""tourism"": ""hotel""}"
anderlecht,osm:way/226516894,Erasme Medical Center,,amenity=clinic;healthcare=clinic,Route de Lennik - Lennikse Baan 900,,50.81552566341464,4.260680592682926,,,,NO_WEBSITE,2026-08-15T10:02:32.711791+00:00,clean,,no confident canonical category mapping,"{""addr:housenumber"": ""900"", ""addr:street"": ""Route de Lennik - Lennikse Baan"", ""amenity"": ""clinic"", ""healthcare"": ""clinic"", ""name"": ""Erasme Medical Center"", ""operator"": ""Hôpital Érasme - Erasmusziekenhuis""}"
anderlecht,osm:way/226516915,Hall des sports FSM Sporthal (O),,leisure=sports_centre,,,50.813543075000005,4.261741358333334,,,,NO_WEBSITE,2026-08-15T10:02:32.711791+00:00,clean,,no confident canonical category mapping,"{""leisure"": ""sports_centre"", ""name"": ""Hall des sports FSM Sporthal (O)"", ""operator"": ""Université libre de Bruxelles""}"
anderlecht,osm:way/226516927,Les jardins de la mémoire,,amenity=social_facility,,,50.81501921666667,4.271264816666668,,https://www.srliving.be/fr/maisons-de-repos-et-de-soins/slg/69-tuinen-van-herinnering,,WEBSITE_PRESENT,2026-08-15T10:02:32.711791+00:00,clean,,no confident canonical category mapping,"{""amenity"": ""social_facility"", ""contact:website"": ""https://www.srliving.be/fr/maisons-de-repos-et-de-soins/slg/69-tuinen-van-herinnering"", ""name"": ""Les jardins de la mémoire""}"
anderlecht,osm:way/226517382,Bibliothèque des sciences de la santé,,amenity=library,,,50.81330402,4.268419580000001,,,,NO_WEBSITE,2026-08-15T10:02:32.711791+00:00,clean,,no confident canonical category mapping,"{""amenity"": ""library"", ""name"": ""Bibliothèque des sciences de la santé"", ""operator"": ""Université libre de Bruxelles""}"
anderlecht,osm:way/227344787,Facere,,amenity=social_facility,,,50.81195817826087,4.261028891304348,,https://www.facere.be/,,WEBSITE_PRESENT,2026-08-15T10:02:32.711791+00:00,clean,,no confident canonical category mapping,"{""amenity"": ""social_facility"", ""contact:website"": ""https://www.facere.be/"", ""name"": ""Facere""}"
anderlecht,osm:way/227344845,Résidence Alba - Residentie Alba,,amenity=social_facility,Avenue du Soldat Britannique - Britse-Soldaatlaan 24,,50.81604237241381,4.281884806896551,+32 2 520 93 06,https://www.residence-alba.be/,https://www.facebook.com/login.php?skip_api_login=1&api_key=966242223397117&signed_next=1&next=https%3A%2F%2Fwww.facebook.com%2Fsharer%2Fsharer.php%3Fu%3Dhttp%253A%252F%252Fresidence-alba.be%252Ffr%252Fms%252Fms%252Fcontact-infos-pratiques-anderlecht-1070,WEBSITE_PRESENT,2026-08-15T10:02:32.711791+00:00,clean,,no confident canonical category mapping,"{""addr:housenumber"": ""24"", ""addr:street"": ""Avenue du Soldat Britannique - Britse-Soldaatlaan"", ""amenity"": ""social_facility"", ""contact:facebook"": ""https://www.facebook.com/login.php?skip_api_login=1&api_key=966242223397117&signed_next=1&next=https%3A%2F%2Fwww.facebook.com%2Fsharer%2Fsharer.php%3Fu%3Dhttp%253A%252F%252Fresidence-alba.be%252Ffr%252Fms%252Fms%252Fcontact-infos-pratiques-anderlecht-1070"", ""contact:phone"": ""+32 2 520 93 06"", ""contact:website"": ""https://www.residence-alba.be/"", ""name"": ""Résidence Alba - Residentie Alba""}"
anderlecht,osm:way/227344848,Église Notre-Dame de la Joie - Onze-Lieve-Vrouw van Vreugdekerk,,amenity=place_of_worship,Avenue du Soldat Britannique - Britse-Soldaatlaan 29,,50.815652269230775,4.283445376923077,,,,NO_WEBSITE,2026-08-15T10:02:32.711791+00:00,clean,,no confident canonical category mapping,"{""addr:housenumber"": ""29"", ""addr:street"": ""Avenue du Soldat Britannique - Britse-Soldaatlaan"", ""amenity"": ""place_of_worship"", ""name"": ""Église Notre-Dame de la Joie - Onze-Lieve-Vrouw van Vreugdekerk""}"
anderlecht,osm:way/227344953,Église Saint-Gérard Majella - Sint-Gerardus Majellakerk,,amenity=place_of_worship,,,50.8262955,4.276969930769232,,,,NO_WEBSITE,2026-08-15T10:02:32.711791+00:00,clean,,no confident canonical category mapping,"{""amenity"": ""place_of_worship"", ""name"": ""Église Saint-Gérard Majella - Sint-Gerardus Majellakerk""}"
anderlecht,osm:way/227344975,Les Funérailles,,tourism=artwork,,,50.814518220000004,4.28137268,,,,NO_WEBSITE,2026-08-15T10:02:32.711791+00:00,clean,,no confident canonical category mapping,"{""name"": ""Les Funérailles"", ""tourism"": ""artwork""}"
anderlecht,osm:way/227645021,Coca-Cola Belgium,,office=company,Chaussée de Mons - Bergense Steenweg 1424,,50.81234419310343,4.291782403448276,,,,NO_WEBSITE,2026-08-15T10:02:32.711791+00:00,clean,,no confident canonical category mapping,"{""addr:housenumber"": ""1424"", ""addr:street"": ""Chaussée de Mons - Bergense Steenweg"", ""name"": ""Coca-Cola Belgium"", ""office"": ""company""}"
anderlecht,osm:way/227645310,PASI d'Anderlecht - VOPO van Anderlecht,,amenity=fire_station,,,50.83277754615384,4.311802392307692,+32 2 208 81 11,,,NO_WEBSITE,2026-08-15T10:02:32.711791+00:00,clean,,no confident canonical category mapping,"{""amenity"": ""fire_station"", ""contact:phone"": ""+32 2 208 81 11"", ""name"": ""PASI d'Anderlecht - VOPO van Anderlecht"", ""operator"": ""SIAMU - DBDMH""}"
anderlecht,osm:way/227923946,Bâtiment 2,,office=research,,,50.81584585238095,4.297037152380953,,,,NO_WEBSITE,2026-08-15T10:02:32.711791+00:00,clean,,no confident canonical category mapping,"{""name"": ""Bâtiment 2"", ""office"": ""research""}"
anderlecht,osm:way/227924393,Hall Omnisport,,leisure=sports_centre,,,50.812769144444445,4.297624788888889,,,,NO_WEBSITE,2026-08-15T10:02:32.711791+00:00,clean,,no confident canonical category mapping,"{""leisure"": ""sports_centre"", ""name"": ""Hall Omnisport"", ""operator"": ""CERIA - COOVI""}"
anderlecht,osm:way/228446410,Centre bruxellois d'expertise alimentaire - Brussels centrum voor voedingsmiddelenexpertise,,office=government,Boulevard Industriel - Industrielaan 200,,50.812478714893636,4.307292734042553,+32 2 800 39 00,https://goodfood.brussels,,WEBSITE_PRESENT,2026-08-15T10:02:32.711791+00:00,clean,,no confident canonical category mapping,"{""addr:housenumber"": ""200"", ""addr:street"": ""Boulevard Industriel - Industrielaan"", ""contact:phone"": ""+32 2 800 39 00"", ""contact:website"": ""https://goodfood.brussels"", ""name"": ""Centre bruxellois d'expertise alimentaire - Brussels centrum voor voedingsmiddelenexpertise"", ""office"": ""government""}"
anderlecht,osm:way/230111310,Église Saint-Joseph - Sint-Jozefskerk,,amenity=place_of_worship,Rue de la Mécanique - Werktuigkundestraat 1,,50.82279229387754,4.297362522448978,,,,NO_WEBSITE,2026-08-15T10:02:32.711791+00:00,clean,,no confident canonical category mapping,"{""addr:housenumber"": ""1"", ""addr:street"": ""Rue de la Mécanique - Werktuigkundestraat"", ""amenity"": ""place_of_worship"", ""name"": ""Église Saint-Joseph - Sint-Jozefskerk""}"
anderlecht,osm:way/230113013,Bethlehemkerk,,amenity=place_of_worship,,,50.82467890588235,4.3021271294117645,,https://sites.google.com/view/bethlehemkerk-anderlecht/homepage,,WEBSITE_PRESENT,2026-08-15T10:02:32.711791+00:00,clean,,no confident canonical category mapping,"{""amenity"": ""place_of_worship"", ""contact:website"": ""https://sites.google.com/view/bethlehemkerk-anderlecht/homepage"", ""name"": ""Bethlehemkerk""}"
anderlecht,osm:way/241845074,Lotto Park,,leisure=stadium,,,50.834095112195115,4.298384709756098,,https://www.rsca.be,,WEBSITE_PRESENT,2026-08-15T10:02:32.711791+00:00,clean,,no confident canonical category mapping,"{""contact:website"": ""https://www.rsca.be"", ""leisure"": ""stadium"", ""name"": ""Lotto Park"", ""operator"": ""RSC Anderlecht""}"
anderlecht,osm:way/243151360,Église Notre-Dame de l'Assomption - Onze-Lieve-Vrouw Hemelvaartkerk,,amenity=place_of_worship,Rue Adolphe Willemyns - Adolphe Willemynsstraat 105,,50.83898682,4.297541890000001,,,,NO_WEBSITE,2026-08-15T10:02:32.711791+00:00,clean,,no confident canonical category mapping,"{""addr:housenumber"": ""105"", ""addr:street"": ""Rue Adolphe Willemyns - Adolphe Willemynsstraat"", ""amenity"": ""place_of_worship"", ""name"": ""Église Notre-Dame de l'Assomption - Onze-Lieve-Vrouw Hemelvaartkerk""}"
anderlecht,osm:way/255767814,Église Saint-Vincent de Paul - Sint-Vincentius a Paulokerk,,leisure=sports_hall,,,50.84833424090909,4.3112605590909086,,,,NO_WEBSITE,2026-08-15T10:02:32.711791+00:00,clean,,no confident canonical category mapping,"{""leisure"": ""sports_hall"", ""name"": ""Église Saint-Vincent de Paul - Sint-Vincentius a Paulokerk""}"
anderlecht,osm:way/256735990,Parc central - Centraal park,,leisure=park,,,50.83625680588235,4.309040294117647,,,,NO_WEBSITE,2026-08-15T10:02:32.711791+00:00,clean,,no confident canonical category mapping,"{""leisure"": ""park"", ""name"": ""Parc central - Centraal park""}"
anderlecht,osm:way/256736141,Jardin d'Erasme - Tuin van het Erasmushuis,,leisure=garden,,,50.83629137941176,4.308257891176471,,,,NO_WEBSITE,2026-08-15T10:02:32.711791+00:00,clean,,no confident canonical category mapping,"{""leisure"": ""garden"", ""name"": ""Jardin d'Erasme - Tuin van het Erasmushuis""}"
anderlecht,osm:way/259906699,La Maison des Voyageurs - Het Reizigershuis,,amenity=community_centre,,,50.84506213571429,4.311621842857143,,https://www.anderlecht.be/sites/default/files/medias/Files/CP/CP410F.pdf,https://www.facebook.com/MaisondesVoyageursReizigershuis1070/,WEBSITE_PRESENT,2026-08-15T10:02:32.711791+00:00,clean,,no confident canonical category mapping,"{""amenity"": ""community_centre"", ""contact:facebook"": ""https://www.facebook.com/MaisondesVoyageursReizigershuis1070/"", ""contact:website"": ""https://www.anderlecht.be/sites/default/files/medias/Files/CP/CP410F.pdf"", ""name"": ""La Maison des Voyageurs - Het Reizigershuis""}"
anderlecht,osm:way/260065929,Église Notre-Dame du Sacré-Cœur - Onze-Lieve-Vrouw van het Heilig Hartkerk,,amenity=place_of_worship,,,50.844680870000005,4.31539455,,,,NO_WEBSITE,2026-08-15T10:02:32.711791+00:00,clean,,no confident canonical category mapping,"{""amenity"": ""place_of_worship"", ""name"": ""Église Notre-Dame du Sacré-Cœur - Onze-Lieve-Vrouw van het Heilig Hartkerk""}"
anderlecht,osm:way/260437686,Mosquée Al Amal - Al Amal Moskee,,amenity=place_of_worship,Rue du Libre Examen - Vrij-Onderzoekstraat 11,,50.83867870714285,4.3135707071428575,+32 2 522 05 43,https://www.alamal.be/,,WEBSITE_PRESENT,2026-08-15T10:02:32.711791+00:00,clean,,no confident canonical category mapping,"{""addr:housenumber"": ""11"", ""addr:street"": ""Rue du Libre Examen - Vrij-Onderzoekstraat"", ""amenity"": ""place_of_worship"", ""contact:phone"": ""+32 2 522 05 43"", ""contact:website"": ""https://www.alamal.be/"", ""name"": ""Mosquée Al Amal - Al Amal Moskee""}"
anderlecht,osm:way/263981325,Marché des Abattoirs - Abattoir Markten,,amenity=marketplace,,,50.84269328131867,4.3274510230769225,+32 2 521 54 19,https://www.abattoir.be/en/markets,,WEBSITE_PRESENT,2026-08-15T10:02:32.711791+00:00,clean,,no confident canonical category mapping,"{""amenity"": ""marketplace"", ""contact:phone"": ""+32 2 521 54 19"", ""contact:website"": ""https://www.abattoir.be/en/markets"", ""name"": ""Marché des Abattoirs - Abattoir Markten"", ""operator"": ""Abattoir""}"
anderlecht,osm:way/263997075,Communauté Israélite Orthodoxe Bruxelles - Joodse Orthodoxe Gemeenschap van Brussel,,amenity=place_of_worship,,,50.840232369999995,4.330989325,,http://www.ciobxl.com/,,WEBSITE_PRESENT,2026-08-15T10:02:32.711791+00:00,clean,,no confident canonical category mapping,"{""amenity"": ""place_of_worship"", ""name"": ""Communauté Israélite Orthodoxe Bruxelles - Joodse Orthodoxe Gemeenschap van Brussel"", ""website"": ""http://www.ciobxl.com/""}"
anderlecht,osm:way/264071250,Hôtel de l'aviation,hotel,tourism=hotel,,,50.840513487500004,4.3390937874999995,+32 2 527 01 30,https://www.aviation-hotel.com,,WEBSITE_PRESENT,2026-08-15T10:02:32.711791+00:00,clean,,,"{""contact:phone"": ""+32 2 527 01 30"", ""contact:website"": ""https://www.aviation-hotel.com"", ""name"": ""Hôtel de l'aviation"", ""tourism"": ""hotel""}"
anderlecht,osm:way/264071469,Urban Yard Hotel,hotel,tourism=hotel,,,50.84042479285714,4.339652892857143,+32 2 520 60 53,https://www.urbanyardhotel.com/,,WEBSITE_PRESENT,2026-08-15T10:02:32.711791+00:00,clean,,,"{""contact:phone"": ""+32 2 520 60 53"", ""contact:website"": ""https://www.urbanyardhotel.com/"", ""name"": ""Urban Yard Hotel"", ""tourism"": ""hotel""}"
anderlecht,osm:way/312923038,Le Kaai,cafe,amenity=cafe,,,50.841993439999996,4.32222686,,,,NO_WEBSITE,2026-08-15T10:02:32.711791+00:00,clean,,,"{""amenity"": ""cafe"", ""name"": ""Le Kaai""}"
anderlecht,osm:way/423217820,Centre Educatif Canin Anderlechtois,,amenity=animal_training,,,50.833548311111116,4.261329866666667,,http://www.ceca1103.be,,WEBSITE_PRESENT,2026-08-15T10:02:32.711791+00:00,clean,,no confident canonical category mapping,"{""amenity"": ""animal_training"", ""name"": ""Centre Educatif Canin Anderlechtois"", ""website"": ""http://www.ceca1103.be""}"
anderlecht,osm:way/451713512,C&A,clothing-store,shop=clothes,,,50.83854968333335,4.285833666666667,+32 2 523 20 17,https://www.c-and-a.com/stores/be-en/brussel/anderlecht/sylvain-dupuislaan-341.html,,WEBSITE_PRESENT,2026-08-15T10:02:32.711791+00:00,clean,,,"{""contact:phone"": ""+32 2 523 20 17"", ""contact:website"": ""https://www.c-and-a.com/stores/be-en/brussel/anderlecht/sylvain-dupuislaan-341.html"", ""name"": ""C&A"", ""shop"": ""clothes""}"
anderlecht,osm:way/451713514,Clean,,shop=dry_cleaning,,,50.83863215,4.286308066666667,,,,NO_WEBSITE,2026-08-15T10:02:32.711791+00:00,clean,,no confident canonical category mapping,"{""name"": ""Clean"", ""shop"": ""dry_cleaning""}"
anderlecht,osm:way/451713515,Club,,shop=stationery,,,50.838683471428574,4.286169628571429,+32 2 523 20 17,,,NO_WEBSITE,2026-08-15T10:02:32.711791+00:00,clean,,no confident canonical category mapping,"{""contact:phone"": ""+32 2 523 20 17"", ""name"": ""Club"", ""shop"": ""stationery""}"
anderlecht,osm:way/451713517,Histoire d'Or,jewelry-stores,shop=jewelry,,,50.83876128000001,4.286374619999999,,,,NO_WEBSITE,2026-08-15T10:02:32.711791+00:00,clean,,,"{""name"": ""Histoire d'Or"", ""shop"": ""jewelry""}"
anderlecht,osm:way/451713518,Kipling,,shop=bag,,,50.83876734,4.286317179999999,,,,NO_WEBSITE,2026-08-15T10:02:32.711791+00:00,clean,,no confident canonical category mapping,"{""name"": ""Kipling"", ""shop"": ""bag""}"
anderlecht,osm:way/452243450,L&L,,shop=boutique,,,50.83850297777778,4.287875177777778,,,,NO_WEBSITE,2026-08-15T10:02:32.711791+00:00,clean,,no confident canonical category mapping,"{""name"": ""L&L"", ""shop"": ""boutique""}"
anderlecht,osm:way/452243451,The Body Shop,beauty-salon,shop=beauty,,,50.838564760000004,4.2878235600000005,,,,NO_WEBSITE,2026-08-15T10:02:32.711791+00:00,clean,,,"{""name"": ""The Body Shop"", ""shop"": ""beauty""}"
anderlecht,osm:way/452243452,Intertoys,,shop=toys,,,50.838542759999996,4.28761442,,,,NO_WEBSITE,2026-08-15T10:02:32.711791+00:00,clean,,no confident canonical category mapping,"{""name"": ""Intertoys"", ""shop"": ""toys""}"
anderlecht,osm:way/452243453,West Optic,,shop=optician,,,50.83862113333333,4.287588783333333,,,,NO_WEBSITE,2026-08-15T10:02:32.711791+00:00,clean,,no confident canonical category mapping,"{""name"": ""West Optic"", ""shop"": ""optician""}"
anderlecht,osm:way/452243454,L'Occitane,beauty-salon,shop=beauty,,,50.838651760000005,4.28754746,,,,NO_WEBSITE,2026-08-15T10:02:32.711791+00:00,clean,,,"{""name"": ""L'Occitane"", ""shop"": ""beauty""}"
anderlecht,osm:way/452243455,Eram,shoe-stores,shop=shoes,,,50.83859592499999,4.287448250000001,,,,NO_WEBSITE,2026-08-15T10:02:32.711791+00:00,clean,,,"{""name"": ""Eram"", ""shop"": ""shoes""}"
anderlecht,osm:way/452243457,Flormar,beauty-salon,shop=beauty,,,50.83867596,4.28724794,,,,NO_WEBSITE,2026-08-15T10:02:32.711791+00:00,clean,,,"{""name"": ""Flormar"", ""shop"": ""beauty""}"
anderlecht,osm:way/452243460,Corail,jewelry-stores,shop=jewelry,,,50.83875552,4.28662822,,,,NO_WEBSITE,2026-08-15T10:02:32.711791+00:00,clean,,,"{""name"": ""Corail"", ""shop"": ""jewelry""}"
anderlecht,osm:way/452243461,Vanden Borre,electronics-stores,shop=electronics,,,50.838648600000006,4.286735090909091,,,,NO_WEBSITE,2026-08-15T10:02:32.711791+00:00,clean,,,"{""brand"": ""Vanden Borre"", ""name"": ""Vanden Borre"", ""shop"": ""electronics""}"
anderlecht,osm:way/452246784,Take-off,shoe-stores,shop=shoes,,,50.83843829999999,4.28848788,,,,NO_WEBSITE,2026-08-15T10:02:32.711791+00:00,clean,,,"{""name"": ""Take-off"", ""shop"": ""shoes""}"
anderlecht,osm:way/452246785,Jogging +,,shop=sports,,,50.838446219999994,4.2884163200000005,,,,NO_WEBSITE,2026-08-15T10:02:32.711791+00:00,clean,,no confident canonical category mapping,"{""name"": ""Jogging +"", ""shop"": ""sports""}"
anderlecht,osm:way/452246786,Pick Quick,fast-food,amenity=fast_food,,,50.83845536,4.28833326,,,,NO_WEBSITE,2026-08-15T10:02:32.711791+00:00,clean,,,"{""amenity"": ""fast_food"", ""name"": ""Pick Quick""}"
anderlecht,osm:way/452246787,Footlocker,,shop=sports,,,50.838464740000006,4.28824726,,,,NO_WEBSITE,2026-08-15T10:02:32.711791+00:00,clean,,no confident canonical category mapping,"{""name"": ""Footlocker"", ""shop"": ""sports""}"
anderlecht,osm:way/452246788,IU,beauty-salon,shop=beauty,,,50.83857042857143,4.288038614285713,,,,NO_WEBSITE,2026-08-15T10:02:32.711791+00:00,clean,,,"{""name"": ""IU"", ""shop"": ""beauty""}"
anderlecht,osm:way/452246789,Leonidas,,shop=chocolate,,,50.8386169,4.2880167,,,,NO_WEBSITE,2026-08-15T10:02:32.711791+00:00,clean,,no confident canonical category mapping,"{""brand"": ""Leonidas"", ""name"": ""Leonidas"", ""shop"": ""chocolate""}"
anderlecht,osm:way/479892524,Bon Air Sport - Goede Lucht Sport,,leisure=sports_centre,,,50.835774928571425,4.269027607142857,,,,NO_WEBSITE,2026-08-15T10:02:32.711791+00:00,clean,,no confident canonical category mapping,"{""leisure"": ""sports_centre"", ""name"": ""Bon Air Sport - Goede Lucht Sport""}"
anderlecht,osm:way/524776763,The Egg,,amenity=community_centre,,,50.83330414000001,4.326900142857143,+32 2 726 55 26,https://theeggbrussels.com/,,WEBSITE_PRESENT,2026-08-15T10:02:32.711791+00:00,clean,,no confident canonical category mapping,"{""amenity"": ""community_centre"", ""contact:phone"": ""+32 2 726 55 26"", ""contact:website"": ""https://theeggbrussels.com/"", ""name"": ""The Egg""}"
anderlecht,osm:way/552399271,Square des Martyrs Juifs - Joodse-Martelarensquare,,leisure=park,,,50.83639658666666,4.323966573333334,,,,NO_WEBSITE,2026-08-15T10:02:32.711791+00:00,clean,,no confident canonical category mapping,"{""leisure"": ""park"", ""name"": ""Square des Martyrs Juifs - Joodse-Martelarensquare""}"
anderlecht,osm:way/556952194,Place facultaire,,leisure=park,,,50.813734139999994,4.2685729199999995,,,,NO_WEBSITE,2026-08-15T10:02:32.711791+00:00,clean,,no confident canonical category mapping,"{""leisure"": ""park"", ""name"": ""Place facultaire"", ""operator"": ""Universté libre de Bruxelles""}"
anderlecht,osm:way/584174568,Centre Imedia Erasme,,healthcare=yes,Route de Lennik - Lennikse Baan 501,,50.81618945454545,4.2696265,+32 2 318 18 31,http://www.imedia-erasme.be,,WEBSITE_PRESENT,2026-08-15T10:02:32.711791+00:00,clean,,no confident canonical category mapping,"{""addr:housenumber"": ""501"", ""addr:street"": ""Route de Lennik - Lennikse Baan"", ""contact:phone"": ""+32 2 318 18 31"", ""contact:website"": ""http://www.imedia-erasme.be"", ""healthcare"": ""yes"", ""name"": ""Centre Imedia Erasme""}"
anderlecht,osm:way/671243618,Parc Astrid,pharmacy,amenity=pharmacy,,,50.83315463684212,4.302621642105263,,,,NO_WEBSITE,2026-08-15T10:02:32.711791+00:00,clean,,,"{""amenity"": ""pharmacy"", ""name"": ""Parc Astrid""}"
anderlecht,osm:way/679616095,Multipharma,pharmacy,amenity=pharmacy,Route de Lennik - Lennikse Baan 906,,50.815961755555556,4.260047688888889,,,,NO_WEBSITE,2026-08-15T10:02:32.711791+00:00,clean,,,"{""addr:housenumber"": ""906"", ""addr:street"": ""Route de Lennik - Lennikse Baan"", ""amenity"": ""pharmacy"", ""brand"": ""Multipharma"", ""healthcare"": ""pharmacy"", ""name"": ""Multipharma""}"
anderlecht,osm:way/699742804,RSCA Belfius Academy,,leisure=sports_centre,,,50.82917933589745,4.277157492307691,,,,NO_WEBSITE,2026-08-15T10:02:32.711791+00:00,clean,,no confident canonical category mapping,"{""leisure"": ""sports_centre"", ""name"": ""RSCA Belfius Academy"", ""operator"": ""RSC Anderlecht""}"
anderlecht,osm:way/705171510,Square Henri Rey - Henri Reysquare,,leisure=park,,,50.84373531860465,4.305734341860465,,,,NO_WEBSITE,2026-08-15T10:02:32.711791+00:00,clean,,no confident canonical category mapping,"{""leisure"": ""park"", ""name"": ""Square Henri Rey - Henri Reysquare""}"
anderlecht,osm:way/707596173,Square des Vétérans Coloniaux - Koloniale Veteranensquare,,leisure=park,,,50.84387498387096,4.3130383967741945,,https://www.anderlecht.be/fr/solidarite-internationale,,WEBSITE_PRESENT,2026-08-15T10:02:32.711791+00:00,clean,,no confident canonical category mapping,"{""leisure"": ""park"", ""name"": ""Square des Vétérans Coloniaux - Koloniale Veteranensquare"", ""website"": ""https://www.anderlecht.be/fr/solidarite-internationale""}"
anderlecht,osm:way/745450561,TotalEnergies,,amenity=fuel;shop=convenience,,,50.81604085384616,4.304231792307693,,https://store.totalenergies.be/fr_BE/NB000600,,WEBSITE_PRESENT,2026-08-15T10:02:32.711791+00:00,clean,,no confident canonical category mapping,"{""amenity"": ""fuel"", ""brand"": ""TotalEnergies"", ""name"": ""TotalEnergies"", ""operator"": ""TotalEnergies"", ""shop"": ""convenience"", ""website"": ""https://store.totalenergies.be/fr_BE/NB000600""}"
anderlecht,osm:way/763981420,Parc du Vogelzang - Vogelzangpark,,leisure=park,,,50.81174362119819,4.266635453456222,,,,NO_WEBSITE,2026-08-15T10:02:32.711791+00:00,clean,,no confident canonical category mapping,"{""leisure"": ""park"", ""name"": ""Parc du Vogelzang - Vogelzangpark"", ""operator"": ""Bruxelles Environnement - Leefmilieu Brussel""}"
anderlecht,osm:way/810195284,Institut Jules Bordet - Jules Bordet Instituut,,amenity=hospital,,,50.812298148648665,4.26246185945946,+32 2 541 31 11,https://www.bordet.be,,WEBSITE_PRESENT,2026-08-15T10:02:32.711791+00:00,clean,,no confident canonical category mapping,"{""amenity"": ""hospital"", ""contact:phone"": ""+32 2 541 31 11"", ""contact:website"": ""https://www.bordet.be"", ""name"": ""Institut Jules Bordet - Jules Bordet Instituut""}"
anderlecht,osm:way/822440545,BBP Port Sud,,craft=brewery,Quai de Biestebroeck - Biestebroekkaai 23,,50.83508284285715,4.3172918000000005,,https://www.beerproject.be/taproom/port-sud/,,WEBSITE_PRESENT,2026-08-15T10:02:32.711791+00:00,clean,,no confident canonical category mapping,"{""addr:housenumber"": ""23"", ""addr:street"": ""Quai de Biestebroeck - Biestebroekkaai"", ""craft"": ""brewery"", ""name"": ""BBP Port Sud"", ""operator"": ""Brussels Beer Project"", ""website"": ""https://www.beerproject.be/taproom/port-sud/""}"
anderlecht,osm:way/840072228,Jesse Owens,,leisure=sports_centre,,,50.82188396000001,4.2736337933333335,,,,NO_WEBSITE,2026-08-15T10:02:32.711791+00:00,clean,,no confident canonical category mapping,"{""leisure"": ""sports_centre"", ""name"": ""Jesse Owens""}"
anderlecht,osm:way/845660737,Natuurreservaat Koevijverdal,,leisure=nature_reserve,,,50.82316705333333,4.254962779999999,,,,NO_WEBSITE,2026-08-15T10:02:32.711791+00:00,clean,,no confident canonical category mapping,"{""leisure"": ""nature_reserve"", ""name"": ""Natuurreservaat Koevijverdal"", ""operator"": ""Natuurpunt""}"
anderlecht,osm:way/853339059,Bâtiment 4A,,office=educational_institution,,,50.81601697727274,4.295980377272728,,,,NO_WEBSITE,2026-08-15T10:02:32.711791+00:00,clean,,no confident canonical category mapping,"{""name"": ""Bâtiment 4A"", ""office"": ""educational_institution""}"
anderlecht,osm:way/902094944,Anderlecht Mini Golf,,leisure=miniature_golf,,,50.8285173,4.293727455000001,,https://anderlecht.be/fr/minigolf,,WEBSITE_PRESENT,2026-08-15T10:02:32.711791+00:00,clean,,no confident canonical category mapping,"{""leisure"": ""miniature_golf"", ""name"": ""Anderlecht Mini Golf"", ""website"": ""https://anderlecht.be/fr/minigolf""}"
anderlecht,osm:way/902098698,Parc Joseph Lemaire - Joseph Lemairepark,,leisure=park,,,50.82757889555555,4.291557571111111,,,,NO_WEBSITE,2026-08-15T10:02:32.711791+00:00,clean,,no confident canonical category mapping,"{""leisure"": ""park"", ""name"": ""Parc Joseph Lemaire - Joseph Lemairepark""}"
anderlecht,osm:way/902098699,Parc Debussy - Debussy park,,leisure=park,,,50.827719132,4.2937031,,,,NO_WEBSITE,2026-08-15T10:02:32.711791+00:00,clean,,no confident canonical category mapping,"{""leisure"": ""park"", ""name"": ""Parc Debussy - Debussy park""}"
anderlecht,osm:way/913831735,Parc Jean Vives - Jean Vivespark,,leisure=park,,,50.82686572127659,4.281693806382979,,,,NO_WEBSITE,2026-08-15T10:02:32.711791+00:00,clean,,no confident canonical category mapping,"{""leisure"": ""park"", ""name"": ""Parc Jean Vives - Jean Vivespark""}"
anderlecht,osm:way/931381787,Mehdi Bouda,,leisure=pitch,,,50.84361154285714,4.295140328571429,,,,NO_WEBSITE,2026-08-15T10:02:32.711791+00:00,clean,,no confident canonical category mapping,"{""leisure"": ""pitch"", ""name"": ""Mehdi Bouda""}"
anderlecht,osm:way/961427451,Brasserie Cantillon - Brouwerij Cantillon,,craft=brewery,,,50.84160047142857,4.335888585714286,+32 2 521 49 28,https://www.cantillon.be/,https://www.facebook.com/Brasserie-Cantillon-110627652322553,WEBSITE_PRESENT,2026-08-15T10:02:32.711791+00:00,clean,,no confident canonical category mapping,"{""contact:facebook"": ""https://www.facebook.com/Brasserie-Cantillon-110627652322553"", ""contact:phone"": ""+32 2 521 49 28"", ""contact:website"": ""https://www.cantillon.be/"", ""craft"": ""brewery"", ""name"": ""Brasserie Cantillon - Brouwerij Cantillon""}"
anderlecht,osm:way/966435326,Parc du Petit Scheut - Kleine Scheutpark,,leisure=park,Avenue de Scheut - Scheutlaan 147,,50.84525149687499,4.312745324999999,,,,NO_WEBSITE,2026-08-15T10:02:32.711791+00:00,clean,,no confident canonical category mapping,"{""addr:housenumber"": ""147"", ""addr:street"": ""Avenue de Scheut - Scheutlaan"", ""leisure"": ""park"", ""name"": ""Parc du Petit Scheut - Kleine Scheutpark""}"
anderlecht,osm:way/972016649,Hall of Fame,,tourism=museum,,,50.824937399999996,4.2801422375,,,,NO_WEBSITE,2026-08-15T10:02:32.711791+00:00,clean,,no confident canonical category mapping,"{""name"": ""Hall of Fame"", ""operator"": ""Commune d'Anderlecht - Gemeente Anderlecht"", ""tourism"": ""museum""}"
anderlecht,osm:way/972035265,De Rinck,,amenity=community_centre,,,50.83575215714286,4.307002204761905,+32 2 524 32 35,https://www.derinck.be/,GCDeRinck,WEBSITE_PRESENT,2026-08-15T10:02:32.711791+00:00,clean,,no confident canonical category mapping,"{""amenity"": ""community_centre"", ""contact:facebook"": ""GCDeRinck"", ""contact:instagram"": ""gc.derinck"", ""contact:phone"": ""+32 2 524 32 35"", ""contact:website"": ""https://www.derinck.be/"", ""name"": ""De Rinck"", ""operator"": ""Gemeenschapscentrum De Rinck""}"
anderlecht,osm:way/984752629,Mini MayFair – Picky Club,,leisure=sports_centre,,,50.827693951851856,4.270247100000001,,https://www.mayfairkidsclub.be/,,WEBSITE_PRESENT,2026-08-15T10:02:32.711791+00:00,clean,,no confident canonical category mapping,"{""contact:website"": ""https://www.mayfairkidsclub.be/"", ""leisure"": ""sports_centre"", ""name"": ""Mini MayFair – Picky Club"", ""operator"": ""asbl Centre sportif et culturel du Mayfair Anderlecht""}"
anderlecht,osm:way/1006416519,Parc des Colombophiles - Duivenmelkerspark,,leisure=park,,,50.81869493230769,4.299043464615384,,,,NO_WEBSITE,2026-08-15T10:02:32.711791+00:00,clean,,no confident canonical category mapping,"{""leisure"": ""park"", ""name"": ""Parc des Colombophiles - Duivenmelkerspark""}"
anderlecht,osm:way/1011267101,Jardin des Sens - Zintuigentuin,,leisure=park,,,50.83216764081632,4.291339224489797,,,,NO_WEBSITE,2026-08-15T10:02:32.711791+00:00,clean,,no confident canonical category mapping,"{""leisure"": ""park"", ""name"": ""Jardin des Sens - Zintuigentuin""}"
anderlecht,osm:way/1022619242,Camp in Brussels,,tourism=caravan_site,,,50.82642548571429,4.297710966666666,,https://www.campinbrussels.com,,WEBSITE_PRESENT,2026-08-15T10:02:32.711791+00:00,clean,,no confident canonical category mapping,"{""contact:website"": ""https://www.campinbrussels.com"", ""name"": ""Camp in Brussels"", ""tourism"": ""caravan_site""}"
anderlecht,osm:way/1051770786,Zinnema,,amenity=arts_centre,,,50.8341083,4.308073552777779,+32 2 555 06 00,https://www.zinnema.be/,zinnemavzw,WEBSITE_PRESENT,2026-08-15T10:02:32.711791+00:00,clean,,no confident canonical category mapping,"{""amenity"": ""arts_centre"", ""contact:facebook"": ""zinnemavzw"", ""contact:instagram"": ""zinnema.bxl"", ""contact:phone"": ""+32 2 555 06 00"", ""contact:website"": ""https://www.zinnema.be/"", ""name"": ""Zinnema"", ""operator"": ""Vlaams Huis voor Amateurkunsten in Brussel""}"
anderlecht,osm:way/1051881988,Werkplaats Walter,,amenity=arts_centre,,,50.839801571428566,4.327104414285714,,https://www.werkplaatswalter.be/,,WEBSITE_PRESENT,2026-08-15T10:02:32.711791+00:00,clean,,no confident canonical category mapping,"{""amenity"": ""arts_centre"", ""contact:website"": ""https://www.werkplaatswalter.be/"", ""name"": ""Werkplaats Walter""}"
anderlecht,osm:way/1054316823,Air Sportive Lay Kalenga,,leisure=pitch,,,50.83812246,4.2761916200000005,,,,NO_WEBSITE,2026-08-15T10:02:32.711791+00:00,clean,,no confident canonical category mapping,"{""leisure"": ""pitch"", ""name"": ""Air Sportive Lay Kalenga""}"
anderlecht,osm:way/1058491851,Lexus Brussels,car-dealers,shop=car,,,50.81325464705881,4.30768397647059,,,,NO_WEBSITE,2026-08-15T10:02:32.711791+00:00,clean,,,"{""brand"": ""Lexus"", ""name"": ""Lexus Brussels"", ""shop"": ""car""}"
anderlecht,osm:way/1060474038,LABIRIS — Unité de Biotechnologie,,amenity=research_institute,,,50.81576892037037,4.297193114814816,,,,NO_WEBSITE,2026-08-15T10:02:32.711791+00:00,clean,,no confident canonical category mapping,"{""amenity"": ""research_institute"", ""name"": ""LABIRIS — Unité de Biotechnologie""}"
anderlecht,osm:way/1062957238,Esso Express,,amenity=fuel,,,50.82119145714286,4.3077745285714295,,https://www.esso.be/fr-be/find-station/anderlecht--essoanderlechtindustr-100175609,,WEBSITE_PRESENT,2026-08-15T10:02:32.711791+00:00,clean,,no confident canonical category mapping,"{""amenity"": ""fuel"", ""brand"": ""Esso Express"", ""contact:website"": ""https://www.esso.be/fr-be/find-station/anderlecht--essoanderlechtindustr-100175609"", ""name"": ""Esso Express""}"
anderlecht,osm:way/1095568265,Érasme,,amenity=bicycle_parking,,,50.81574834,4.26484192,,https://cycloparking.brussels,,WEBSITE_PRESENT,2026-08-15T10:02:32.711791+00:00,clean,,no confident canonical category mapping,"{""amenity"": ""bicycle_parking"", ""name"": ""Érasme"", ""operator"": ""parking.brussels"", ""website"": ""https://cycloparking.brussels""}"
anderlecht,osm:way/1132987690,Centre d'arts pluriels Autonomie,,amenity=arts_centre,,,50.84028566666666,4.338509216666667,,,,NO_WEBSITE,2026-08-15T10:02:32.711791+00:00,clean,,no confident canonical category mapping,"{""amenity"": ""arts_centre"", ""name"": ""Centre d'arts pluriels Autonomie""}"
anderlecht,osm:way/1159067535,Friterie Jet 7,fast-food,amenity=fast_food,,,50.843462720000005,4.33481564,,,,NO_WEBSITE,2026-08-15T10:02:32.711791+00:00,clean,,,"{""amenity"": ""fast_food"", ""name"": ""Friterie Jet 7""}"
anderlecht,osm:way/1174258365,Parc Effort - Effort park,,leisure=park,,,50.8441310625,4.28550373125,,,,NO_WEBSITE,2026-08-15T10:02:32.711791+00:00,clean,,no confident canonical category mapping,"{""leisure"": ""park"", ""name"": ""Parc Effort - Effort park""}"
anderlecht,osm:way/1177471608,Help Animals,,amenity=animal_shelter,,,50.81504523571429,4.306834485714285,+32 2 523 44 16,https://helpanimals.be/,,WEBSITE_PRESENT,2026-08-15T10:02:32.711791+00:00,clean,,no confident canonical category mapping,"{""amenity"": ""animal_shelter"", ""contact:phone"": ""+32 2 523 44 16"", ""contact:website"": ""https://helpanimals.be/"", ""name"": ""Help Animals""}"
anderlecht,osm:way/1177490491,Veeweyde-Bruxelles - Veeweyde-Brussel,,amenity=animal_shelter,,,50.835259403030314,4.266314663636363,+32 2 527 10 50,https://www.veeweyde.be/,VeeweydeOfficiel,WEBSITE_PRESENT,2026-08-15T10:02:32.711791+00:00,clean,,no confident canonical category mapping,"{""amenity"": ""animal_shelter"", ""contact:facebook"": ""VeeweydeOfficiel"", ""contact:instagram"": ""refuge_veeweyde/"", ""contact:phone"": ""+32 2 527 10 50"", ""contact:website"": ""https://www.veeweyde.be/"", ""name"": ""Veeweyde-Bruxelles - Veeweyde-Brussel"", ""operator"": ""Société Royale Protectrice des Animaux et Société contre la Cruauté envers les Animaux (Veeweyde)""}"
anderlecht,osm:way/1183922187,Pulsar,,shop=trade,,,50.822088875000006,4.306002875,,,,NO_WEBSITE,2026-08-15T10:02:32.711791+00:00,clean,,no confident canonical category mapping,"{""name"": ""Pulsar"", ""shop"": ""trade""}"
anderlecht,osm:way/1185685466,GO! Muziekacademie Anderlecht,,amenity=music_school,,,50.835592725000005,4.307091566666666,+32 2 522 05 51,https://www.ma-an.be/,,WEBSITE_PRESENT,2026-08-15T10:02:32.711791+00:00,clean,,no confident canonical category mapping,"{""amenity"": ""music_school"", ""contact:phone"": ""+32 2 522 05 51"", ""contact:website"": ""https://www.ma-an.be/"", ""name"": ""GO! Muziekacademie Anderlecht"", ""operator"": ""GO! Scholengroep Brussel""}"
anderlecht,osm:way/1186508015,Piscine du CERIA - COOVI zwembad,,leisure=sports_centre,,,50.815814270588234,4.298226629411766,+32 2 523 11 65,https://ceria.brussels/maps-infos-piscine,,WEBSITE_PRESENT,2026-08-15T10:02:32.711791+00:00,clean,,no confident canonical category mapping,"{""contact:phone"": ""+32 2 523 11 65"", ""contact:website"": ""https://ceria.brussels/maps-infos-piscine"", ""leisure"": ""sports_centre"", ""name"": ""Piscine du CERIA - COOVI zwembad""}"
anderlecht,osm:way/1189690225,Manège Amazone,,leisure=horse_riding,,,50.82313153333334,4.260432977777778,,http://www.manegeamazone.be/,,WEBSITE_PRESENT,2026-08-15T10:02:32.711791+00:00,clean,,no confident canonical category mapping,"{""leisure"": ""horse_riding"", ""name"": ""Manège Amazone"", ""website"": ""http://www.manegeamazone.be/""}"
anderlecht,osm:way/1199754094,Smala Farming,,shop=farm,,,50.833144353846144,4.261956023076924,+32 479 42 66 77,https://smala.brussels/,,WEBSITE_PRESENT,2026-08-15T10:02:32.711791+00:00,clean,,no confident canonical category mapping,"{""contact:phone"": ""+32 479 42 66 77"", ""contact:website"": ""https://smala.brussels/"", ""name"": ""Smala Farming"", ""shop"": ""farm""}"
anderlecht,osm:way/1204268019,Van Engelandt,,shop=wholesale,,,50.84461948571428,4.327136864285714,,https://www.vanengelandt.com/,,WEBSITE_PRESENT,2026-08-15T10:02:32.711791+00:00,clean,,no confident canonical category mapping,"{""contact:website"": ""https://www.vanengelandt.com/"", ""name"": ""Van Engelandt"", ""shop"": ""wholesale""}"
anderlecht,osm:way/1211617414,UCB,,office=company,,,50.81719613728813,4.275802606779662,,,,NO_WEBSITE,2026-08-15T10:02:32.711791+00:00,clean,,no confident canonical category mapping,"{""name"": ""UCB"", ""office"": ""company""}"
anderlecht,osm:way/1216090089,European Plotkin Institute for Vaccinology,,amenity=research_institute,,,50.81557124285713,4.259692114285715,,https://www.epiv.eu/,,WEBSITE_PRESENT,2026-08-15T10:02:32.711791+00:00,clean,,no confident canonical category mapping,"{""amenity"": ""research_institute"", ""contact:website"": ""https://www.epiv.eu/"", ""name"": ""European Plotkin Institute for Vaccinology""}"
anderlecht,osm:way/1225703719,Bizet,,amenity=bicycle_parking,,,50.8256795,4.29810068,,https://cycloparking.brussels,,WEBSITE_PRESENT,2026-08-15T10:02:32.711791+00:00,clean,,no confident canonical category mapping,"{""amenity"": ""bicycle_parking"", ""name"": ""Bizet"", ""operator"": ""parking.brussels"", ""website"": ""https://cycloparking.brussels""}"
anderlecht,osm:way/1229484052,FIX,,office=company,,,50.84761913333333,4.316576724999999,+32 2 523 66 75,https://www.fixbrussel.be/,,WEBSITE_PRESENT,2026-08-15T10:02:32.711791+00:00,clean,,no confident canonical category mapping,"{""contact:phone"": ""+32 2 523 66 75"", ""contact:website"": ""https://www.fixbrussel.be/"", ""name"": ""FIX"", ""office"": ""company""}"
anderlecht,osm:way/1240181563,Roselière de Neerpede - Rietveld van Neerpede,,leisure=nature_reserve,,,50.82967566296297,4.267265370370371,,,,NO_WEBSITE,2026-08-15T10:02:32.711791+00:00,clean,,no confident canonical category mapping,"{""leisure"": ""nature_reserve"", ""name"": ""Roselière de Neerpede - Rietveld van Neerpede""}"
anderlecht,osm:way/1240944121,Meylemeersch - Mijlemeers,,leisure=nature_reserve,,,50.81430802261904,4.276527164285715,,,,NO_WEBSITE,2026-08-15T10:02:32.711791+00:00,clean,,no confident canonical category mapping,"{""leisure"": ""nature_reserve"", ""name"": ""Meylemeersch - Mijlemeers""}"
anderlecht,osm:way/1273271712,Chapelle Saint-Guidon - Sint-Guidokapel,,amenity=place_of_worship,,,50.83567454,4.29432434,,,,NO_WEBSITE,2026-08-15T10:02:32.711791+00:00,clean,,no confident canonical category mapping,"{""amenity"": ""place_of_worship"", ""name"": ""Chapelle Saint-Guidon - Sint-Guidokapel""}"
anderlecht,osm:way/1282746214,Terrain Papillons,,leisure=pitch,,,50.8319721,4.2715984,,,,NO_WEBSITE,2026-08-15T10:02:32.711791+00:00,clean,,no confident canonical category mapping,"{""leisure"": ""pitch"", ""name"": ""Terrain Papillons"", ""operator"": ""RSCA Rugby""}"
anderlecht,osm:way/1282746219,RSCA Rugby,,leisure=sports_centre,,,50.8278543,4.272173535,,,,NO_WEBSITE,2026-08-15T10:02:32.711791+00:00,clean,,no confident canonical category mapping,"{""leisure"": ""sports_centre"", ""name"": ""RSCA Rugby""}"
anderlecht,osm:way/1282746221,Pedepark,,leisure=park,,,50.82621043333334,4.271820807936506,,,,NO_WEBSITE,2026-08-15T10:02:32.711791+00:00,clean,,no confident canonical category mapping,"{""leisure"": ""park"", ""name"": ""Pedepark""}"
anderlecht,osm:way/1283192483,Terrains des Papillons,,leisure=sports_centre,,,50.83349148333334,4.2652565000000005,,,,NO_WEBSITE,2026-08-15T10:02:32.711791+00:00,clean,,no confident canonical category mapping,"{""leisure"": ""sports_centre"", ""name"": ""Terrains des Papillons"", ""operator"": ""RSCA Rugby""}"
anderlecht,osm:way/1287779033,Academie Beeldende en Audiovisuele Kunsten Anderlecht,,amenity=arts_centre,,,50.8366051,4.304371229824562,+32 2 523 03 71,https://academieanderlecht.be/,academiebeeldendekunsten.anderlecht,WEBSITE_PRESENT,2026-08-15T10:02:32.711791+00:00,clean,,no confident canonical category mapping,"{""amenity"": ""arts_centre"", ""contact:facebook"": ""academiebeeldendekunsten.anderlecht"", ""contact:instagram"": ""academie.anderlecht"", ""contact:phone"": ""+32 2 523 03 71"", ""contact:website"": ""https://academieanderlecht.be/"", ""name"": ""Academie Beeldende en Audiovisuele Kunsten Anderlecht""}"
anderlecht,osm:way/1289033565,Béguinage d'Anderlecht - Begijnhof van Anderlecht,,tourism=museum,,,50.837059073684216,4.306160226315789,+32 2 521 13 83,https://www.erasmushouse.museum/,,WEBSITE_PRESENT,2026-08-15T10:02:32.711791+00:00,clean,,no confident canonical category mapping,"{""contact:phone"": ""+32 2 521 13 83"", ""contact:website"": ""https://www.erasmushouse.museum/"", ""name"": ""Béguinage d'Anderlecht - Begijnhof van Anderlecht"", ""tourism"": ""museum""}"
anderlecht,osm:way/1324395468,Skatepark Demets,,leisure=pitch,,,50.83929505,4.3184527,,,,NO_WEBSITE,2026-08-15T10:02:32.711791+00:00,clean,,no confident canonical category mapping,"{""leisure"": ""pitch"", ""name"": ""Skatepark Demets"", ""operator"": ""Planet Park""}"
anderlecht,osm:way/1344566350,P1,,amenity=bicycle_parking,,,50.817720779999995,4.29150178,,,,NO_WEBSITE,2026-08-15T10:02:32.711791+00:00,clean,,no confident canonical category mapping,"{""amenity"": ""bicycle_parking"", ""name"": ""P1""}"
anderlecht,osm:way/1371228180,Parck(ing) Bizet,,leisure=park,,,50.82594102666666,4.298250873333332,,https://quartiers.brussels/1/q/89,,WEBSITE_PRESENT,2026-08-15T10:02:32.711791+00:00,clean,,no confident canonical category mapping,"{""leisure"": ""park"", ""name"": ""Parck(ing) Bizet"", ""website"": ""https://quartiers.brussels/1/q/89""}"
anderlecht,osm:way/1379327464,Maison communale d'Anderlecht - Gemeentehuis Anderlecht,,amenity=townhall,,,50.839083612500005,4.328961334375,,,,NO_WEBSITE,2026-08-15T10:02:32.711791+00:00,clean,,no confident canonical category mapping,"{""amenity"": ""townhall"", ""name"": ""Maison communale d'Anderlecht - Gemeentehuis Anderlecht""}"
anderlecht,osm:way/1394109077,Hall Sportif Léa Bayekula,,leisure=sports_hall,,,50.821157341176466,4.273698411764706,,,,NO_WEBSITE,2026-08-15T10:02:32.711791+00:00,clean,,no confident canonical category mapping,"{""leisure"": ""sports_hall"", ""name"": ""Hall Sportif Léa Bayekula"", ""operator"": ""Commune d'Anderlecht - Gemeente Anderlecht""}"
anderlecht,osm:way/1394109078,Boulodrome,,leisure=sports_hall,,,50.821157709090905,4.272963854545455,,,https://www.facebook.com/people/PC-Amicale-Anderlechtoise/61587195933209/,SOCIAL_ONLY,2026-08-15T10:02:32.711791+00:00,clean,,no confident canonical category mapping,"{""contact:facebook"": ""https://www.facebook.com/people/PC-Amicale-Anderlechtoise/61587195933209/"", ""leisure"": ""sports_hall"", ""name"": ""Boulodrome"", ""operator"": ""Amicale Anderlechtoise""}"
anderlecht,osm:way/1499775555,Urban Padel Brussels,,leisure=sports_centre,,,50.831364666666666,4.319701308333333,,,,NO_WEBSITE,2026-08-15T10:02:32.711791+00:00,clean,,no confident canonical category mapping,"{""leisure"": ""sports_centre"", ""name"": ""Urban Padel Brussels""}"
anderlecht,osm:way/1500716925,Cercle des Régates de Bruxelles,,leisure=sports_centre,,,50.8169082,4.299223652941176,,http://aviron-crb.weebly.com/,,WEBSITE_PRESENT,2026-08-15T10:02:32.711791+00:00,clean,,no confident canonical category mapping,"{""contact:website"": ""http://aviron-crb.weebly.com/"", ""leisure"": ""sports_centre"", ""name"": ""Cercle des Régates de Bruxelles""}"
anderlecht,osm:way/1537053814,Ceria - Coovi,,amenity=car_sharing,,,50.81632374000001,4.29270554,,,,NO_WEBSITE,2026-08-15T10:02:32.711791+00:00,clean,,no confident canonical category mapping,"{""amenity"": ""car_sharing"", ""brand"": ""Cambio"", ""name"": ""Ceria - Coovi"", ""operator"": ""cambio CarSharing""}"
anderlecht,osm:way/1547175778,Forestier 2 - Bospark 2,,leisure=dog_park,,,50.84234428888889,4.311054933333334,,,,NO_WEBSITE,2026-08-15T10:02:32.711791+00:00,clean,,no confident canonical category mapping,"{""leisure"": ""dog_park"", ""name"": ""Forestier 2 - Bospark 2"", ""operator"": ""Bruxelles Environnement - Leefmilieu Brussel""}"
anderlecht,osm:way/1547177944,Forestier 1 - Bospark 1,,leisure=dog_park,,,50.84089041666667,4.30851205,,,,NO_WEBSITE,2026-08-15T10:02:32.711791+00:00,clean,,no confident canonical category mapping,"{""leisure"": ""dog_park"", ""name"": ""Forestier 1 - Bospark 1"", ""operator"": ""Bruxelles Environnement - Leefmilieu Brussel""}"
