external_id,source,source_url,name,legal_name,description,category_primary,category_secondary,tags,website,email,phone,address_line1,address_line2,postal_code,city,region,country_code,country,latitude,longitude,facebook,instagram,linkedin,logo_url,image_url,opening_hours,status,verified,notes,created_at,updated_at
,employment_businesses_20251106_120745,,Aalborg Career Center,,Professional staffing company focusing on engineering and technical recruitment.,Employment,,,https://www.aalborg-career-cente.com,contact@aalborgcareerce.com,+45 643128256,994 Corporate Avenue,,,Aalborg,,,Denmark,,,,,,,,,True,True,,,
,employment_businesses_20251106_120745,,Cross-Border Jobs Aalborg,,Professional employment agency specializing in permanent and temporary placements across multiple industries.,Employment,,,https://www.cross-border-jobs-aa.com,contact@crossborderjobs.com,+45 777517814,835 Aalborg Square,,,Aalborg,,,Denmark,,,,,,,,,True,True,,,
,employment_businesses_20251106_120745,,EU Work Solutions,,Professional staffing company focusing on engineering and technical recruitment.,Employment,,,https://www.eu-work-solutions.com,contact@euworksolutions.com,+45 911714501,768 Central Avenue,,,Aalborg,,,Denmark,,,,,,,,,True,False,,,
,employment_businesses_20251106_120745,,Flexible Work Denmark,,International staffing company providing workforce solutions across European markets.,Employment,,,https://www.flexible-work-denmar.com,contact@flexibleworkden.com,+45 731551298,960 Aalborg Plaza,,,Aalborg,,,Denmark,,,,,,,,,True,False,,,
,employment_businesses_20251106_120745,,International Careers Denmark,,Professional staffing company focusing on engineering and technical recruitment.,Employment,,,https://www.international-career.com,contact@internationalca.com,+45 641744765,288 Aalborg Square,,,Aalborg,,,Denmark,,,,,,,,,True,True,,,
,employment_businesses_20251106_120745,,International Staff Aalborg,,Temporary staffing solutions provider for industrial and manufacturing sectors.,Employment,,,https://www.international-staff-.com,contact@internationalst.com,+45 724146147,807 Talent Road,,,Aalborg,,,Denmark,,,,,,,,,True,True,,,
,employment_businesses_20251106_120745,,JobConnect Denmark,,Professional employment agency specializing in permanent and temporary placements across multiple industries.,Employment,,,https://www.jobconnect-denmark.com,contact@jobconnectdenma.com,+45 168206053,825 Aalborg Park,,,Aalborg,,,Denmark,,,,,,,,,True,True,,,
,employment_businesses_20251106_120745,,Aarhus Headhunters,,Specialized staffing agency for construction and skilled trades professionals.,Employment,,,https://www.aarhus-headhunters.com,contact@aarhusheadhunte.com,+45 468301377,50 Aarhus Plaza,,,Aarhus,,,Denmark,,,,,,,,,True,True,,,
,employment_businesses_20251106_120745,,IT Recruitment Aarhus,,Full-service employment agency providing workforce solutions for businesses of all sizes.,Employment,,,https://www.it-recruitment-aarhu.com,contact@itrecruitmentaa.com,+45 805343394,468 Staffing Road,,,Aarhus,,,Denmark,,,,,,,,,True,True,,,
,employment_businesses_20251106_120745,,Medical Staff Denmark,,"Employment consultancy specializing in finance, banking, and accounting careers.",Employment,,,https://www.medical-staff-denmar.com,contact@medicalstaffden.com,+45 909480314,830 Aarhus Square,,,Aarhus,,,Denmark,,,,,,,,,True,True,,,
,employment_businesses_20251106_120745,,International Careers Portugal,,"Employment consultancy specializing in finance, banking, and accounting careers.",Employment,,,https://www.international-career.com,contact@internationalca.com,+351 371700871,817 Amadora Park,,,Amadora,,,Portugal,,,,,,,,,True,True,,,
,employment_businesses_20251106_120745,,Professional Placement Amadora,,Professional employment agency specializing in permanent and temporary placements across multiple industries.,Employment,,,https://www.professional-placeme.com,contact@professionalpla.com,+351 109977658,287 Amadora Square,,,Amadora,,,Portugal,,,,,,,,,True,True,,,
,employment_businesses_20251106_120745,,Career Builders Netherlands,,"Comprehensive staffing agency offering recruitment, temp services, and HR consulting.",Employment,,,https://www.career-builders-neth.com,contact@careerbuildersn.com,+31 396645720,797 Staffing Road,,,Amsterdam,,,Netherlands,,,,,,,,,True,False,,,
,employment_businesses_20251106_120745,,WorldWork Amsterdam,,Premier recruitment firm specializing in executive and management level positions.,Employment,,,https://www.worldwork-amsterdam.com,contact@worldworkamster.com,+31 963032316,758 Premier Avenue,,,Amsterdam,,,Netherlands,,,,,,,,,True,True,,,
,employment_businesses_20251106_120745,,Temporary Staff Antwerp,,Premier recruitment firm specializing in executive and management level positions.,Employment,,,https://www.temporary-staff-antw.com,contact@temporarystaffa.com,+32 955954210,869 Antwerp Center,,,Antwerp,,,Belgium,,,,,,,,,True,True,,,
,employment_businesses_20251106_120745,,Athens Career Center,,International staffing company providing workforce solutions across European markets.,Employment,,,https://www.athens-career-center.com,contact@athenscareercen.com,+30 976891078,662 Staffing Road,,,Athens,,,Greece,,,,,,,,,True,False,,,
,employment_businesses_20251106_120745,,Greece Recruitment Partners,,Executive search firm providing high-level recruitment solutions for multinational companies.,Employment,,,https://www.greece-recruitment-p.com,contact@greecerecruitme.com,+30 446589522,252 Corporate Avenue,,,Athens,,,Greece,,,,,,,,,True,True,,,
,employment_businesses_20251106_120745,,IT Recruitment Athens,,"Comprehensive staffing agency offering recruitment, temp services, and HR consulting.",Employment,,,https://www.it-recruitment-athen.com,contact@itrecruitmentat.com,+30 476961062,170 Corporate Avenue,,,Athens,,,Greece,,,,,,,,,True,False,,,
,employment_businesses_20251106_120745,,International Careers Greece,,Professional employment agency specializing in permanent and temporary placements across multiple industries.,Employment,,,https://www.international-career.com,contact@internationalca.com,+30 682360547,513 Recruitment Road,,,Athens,,,Greece,,,,,,,,,True,True,,,
,employment_businesses_20251106_120745,,International Staff Athens,,Professional staffing company focusing on engineering and technical recruitment.,Employment,,,https://www.international-staff-.com,contact@internationalst.com,+30 808815483,463 Career Street,,,Athens,,,Greece,,,,,,,,,True,True,,,
,employment_businesses_20251106_120745,,Human Capital Banska Bystrica,,Executive search firm providing high-level recruitment solutions for multinational companies.,Employment,,,https://www.human-capital-banska.com,contact@humancapitalban.com,+421 461398825,7 Banska Bystrica Square,,,Banska Bystrica,,,Slovakia,,,,,,,,,True,True,,,
,employment_businesses_20251106_120745,,WorldWork Banska Bystrica,,Employment agency specializing in legal profession recruitment and placement services.,Employment,,,https://www.worldwork-banska-bys.com,contact@worldworkbanska.com,+421 390106228,394 Central Avenue,,,Banska Bystrica,,,Slovakia,,,,,,,,,True,True,,,
,employment_businesses_20251106_120745,,Barcelona Headhunters,,Executive recruitment firm serving multinational corporations and SMEs.,Employment,,,https://www.barcelona-headhunter.com,contact@barcelonaheadhu.com,+34 307453465,928 Main Street,,,Barcelona,,,Spain,,,,,,,,,True,False,,,
,employment_businesses_20251106_120745,,Career Builders Spain,,Executive search firm providing high-level recruitment solutions for multinational companies.,Employment,,,https://www.career-builders-spai.com,contact@careerbuilderss.com,+34 154446199,105 Executive Avenue,,,Barcelona,,,Spain,,,,,,,,,True,True,,,
,employment_businesses_20251106_120745,,International Staff Barcelona,,Full-service employment agency providing workforce solutions for businesses of all sizes.,Employment,,,https://www.international-staff-.com,contact@internationalst.com,+34 161541415,225 Executive Avenue,,,Barcelona,,,Spain,,,,,,,,,True,True,,,
,employment_businesses_20251106_120745,,Legal Recruitment Barcelona,,Full-service employment agency providing workforce solutions for businesses of all sizes.,Employment,,,https://www.legal-recruitment-ba.com,contact@legalrecruitmen.com,+34 374496494,469 Staffing Road,,,Barcelona,,,Spain,,,,,,,,,True,False,,,
,employment_businesses_20251106_120745,,Berlin Tech Talent,,International staffing company providing workforce solutions across European markets.,Employment,,,https://www.berlin-tech-talent.com,contact@berlintechtalen.com,+49 418885983,652 Executive Avenue,,,Berlin,,,Germany,,,,,,,,,True,False,,,
,employment_businesses_20251106_120745,,Germany Recruitment Partners,,Employment agency dedicated to healthcare staffing and medical professional placements.,Employment,,,https://www.germany-recruitment-.com,contact@germanyrecruitm.com,+49 808822784,262 Berlin Center,,,Berlin,,,Germany,,,,,,,,,True,True,,,
,employment_businesses_20251106_120745,,TalentFind Berlin,,International recruitment agency for hospitality and tourism industry professionals.,Employment,,,https://www.talentfind-berlin.com,contact@talentfindberli.com,+49 116969182,852 Professional Street,,,Berlin,,,Germany,,,,,,,,,True,True,,,
,employment_businesses_20251106_120745,,International Staff Birkirkara,,Professional staffing company focusing on engineering and technical recruitment.,Employment,,,https://www.international-staff-.com,contact@internationalst.com,+356 465489836,606 Jobs Road,,,Birkirkara,,,Malta,,,,,,,,,True,True,,,
,employment_businesses_20251106_120745,,Medical Staff Malta,,"Comprehensive staffing agency offering recruitment, temp services, and HR consulting.",Employment,,,https://www.medical-staff-malta.com,contact@medicalstaffmal.com,+356 928896739,689 Birkirkara Plaza,,,Birkirkara,,,Malta,,,,,,,,,True,False,,,
,employment_businesses_20251106_120745,,Premier Recruitment Birkirkara,,International recruitment agency for hospitality and tourism industry professionals.,Employment,,,https://www.premier-recruitment-.com,contact@premierrecruitm.com,+356 863888591,121 Staffing Road,,,Birkirkara,,,Malta,,,,,,,,,True,True,,,
,employment_businesses_20251106_120745,,Flexible Work Portugal,,Professional employment agency specializing in permanent and temporary placements across multiple industries.,Employment,,,https://www.flexible-work-portug.com,contact@flexibleworkpor.com,+351 204207802,975 Commercial Street,,,Braga,,,Portugal,,,,,,,,,True,True,,,
,employment_businesses_20251106_120745,,International Careers Portugal,,Professional staffing company focusing on engineering and technical recruitment.,Employment,,,https://www.international-career.com,contact@internationalca.com,+351 238645787,932 Talent Road,,,Braga,,,Portugal,,,,,,,,,True,True,,,
,employment_businesses_20251106_120745,,Legal Recruitment Braga,,Specialized staffing agency for construction and skilled trades professionals.,Employment,,,https://www.legal-recruitment-br.com,contact@legalrecruitmen.com,+351 688901224,458 Business Street,,,Braga,,,Portugal,,,,,,,,,True,False,,,
,employment_businesses_20251106_120745,,Professional Staffing Braga,,International recruitment agency for hospitality and tourism industry professionals.,Employment,,,https://www.professional-staffin.com,contact@professionalsta.com,+351 626890060,564 Executive Avenue,,,Braga,,,Portugal,,,,,,,,,True,True,,,
,employment_businesses_20251106_120745,,WorldWork Braga,,Employment agency dedicated to healthcare staffing and medical professional placements.,Employment,,,https://www.worldwork-braga.com,contact@worldworkbraga.com,+351 129807722,266 Braga Plaza,,,Braga,,,Portugal,,,,,,,,,True,True,,,
,employment_businesses_20251106_120745,,Bratislava Headhunters,,Full-service employment agency providing workforce solutions for businesses of all sizes.,Employment,,,https://www.bratislava-headhunte.com,contact@bratislavaheadh.com,+421 147217763,168 Bratislava Plaza,,,Bratislava,,,Slovakia,,,,,,,,,True,True,,,
,employment_businesses_20251106_120745,,Elite Bratislava Jobs,,Employment agency dedicated to healthcare staffing and medical professional placements.,Employment,,,https://www.elite-bratislava-job.com,contact@elitebratislava.com,+421 342918845,296 Jobs Road,,,Bratislava,,,Slovakia,,,,,,,,,True,True,,,
,employment_businesses_20251106_120745,,Executive Recruitment Bratislava,,"Professional recruitment consultancy for sales, marketing, and business development roles.",Employment,,,https://www.executive-recruitmen.com,contact@executiverecrui.com,+421 816630159,241 Staffing Road,,,Bratislava,,,Slovakia,,,,,,,,,True,False,,,
,employment_businesses_20251106_120745,,Global Employment Bratislava,,International staffing company providing workforce solutions across European markets.,Employment,,,https://www.global-employment-br.com,contact@globalemploymen.com,+421 165977870,870 Premier Avenue,,,Bratislava,,,Slovakia,,,,,,,,,True,False,,,
,employment_businesses_20251106_120745,,Human Capital Bratislava,,"Comprehensive staffing agency offering recruitment, temp services, and HR consulting.",Employment,,,https://www.human-capital-bratis.com,contact@humancapitalbra.com,+421 428878399,307 Recruitment Road,,,Bratislava,,,Slovakia,,,,,,,,,True,True,,,
,employment_businesses_20251106_120745,,International Staff Bratislava,,International career services helping professionals find opportunities across Europe.,Employment,,,https://www.international-staff-.com,contact@internationalst.com,+421 493811123,498 Professional Street,,,Bratislava,,,Slovakia,,,,,,,,,True,True,,,
,employment_businesses_20251106_120745,,Brno Headhunters,,International career services helping professionals find opportunities across Europe.,Employment,,,https://www.brno-headhunters.com,contact@brnoheadhunters.com,+420 531820131,160 Career Street,,,Brno,,,Czech Republic,,,,,,,,,True,True,,,
,employment_businesses_20251106_120745,,Czech Republic Recruitment Partners,,Premier recruitment firm specializing in executive and management level positions.,Employment,,,https://www.czech-republic-recru.com,contact@czechrepublicre.com,+420 736229698,716 Recruitment Road,,,Brno,,,Czech Republic,,,,,,,,,True,False,,,
,employment_businesses_20251106_120745,,Executive Recruitment Brno,,"Employment consultancy specializing in finance, banking, and accounting careers.",Employment,,,https://www.executive-recruitmen.com,contact@executiverecrui.com,+420 160837016,479 Brno Park,,,Brno,,,Czech Republic,,,,,,,,,True,False,,,
,employment_businesses_20251106_120745,,Flexible Work Czech Republic,,"Professional recruitment consultancy for sales, marketing, and business development roles.",Employment,,,https://www.flexible-work-czech-.com,contact@flexibleworkcze.com,+420 696346601,898 Jobs Road,,,Brno,,,Czech Republic,,,,,,,,,True,True,,,
,employment_businesses_20251106_120745,,Premier Recruitment Brno,,Employment agency specializing in legal profession recruitment and placement services.,Employment,,,https://www.premier-recruitment-.com,contact@premierrecruitm.com,+420 582193343,232 Professional Street,,,Brno,,,Czech Republic,,,,,,,,,True,False,,,
,employment_businesses_20251106_120745,,Temporary Staff Brno,,International career services helping professionals find opportunities across Europe.,Employment,,,https://www.temporary-staff-brno.com,contact@temporarystaffb.com,+420 612304096,621 Corporate Avenue,,,Brno,,,Czech Republic,,,,,,,,,True,False,,,
,employment_businesses_20251106_120745,,Brussels Contract Work,,Premier recruitment firm specializing in executive and management level positions.,Employment,,,https://www.brussels-contract-wo.com,contact@brusselscontrac.com,+32 526543847,509 Brussels Center,,,Brussels,,,Belgium,,,,,,,,,True,False,,,
,employment_businesses_20251106_120745,,Brussels Sales Careers,,International recruitment agency for hospitality and tourism industry professionals.,Employment,,,https://www.brussels-sales-caree.com,contact@brusselssalesca.com,+32 977947950,701 Corporate Avenue,,,Brussels,,,Belgium,,,,,,,,,True,False,,,
,employment_businesses_20251106_120745,,Construction Jobs Belgium,,International career services helping professionals find opportunities across Europe.,Employment,,,https://www.construction-jobs-be.com,contact@constructionjob.com,+32 186261849,2 Premier Avenue,,,Brussels,,,Belgium,,,,,,,,,True,True,,,
,employment_businesses_20251106_120745,,European Careers Brussels,,Temporary staffing solutions provider for industrial and manufacturing sectors.,Employment,,,https://www.european-careers-bru.com,contact@europeancareers.com,+32 401124027,757 Central Avenue,,,Brussels,,,Belgium,,,,,,,,,True,True,,,
,employment_businesses_20251106_120745,,Healthcare Staffing Belgium,,Professional staffing company focusing on engineering and technical recruitment.,Employment,,,https://www.healthcare-staffing-.com,contact@healthcarestaff.com,+32 921637563,544 Brussels Square,,,Brussels,,,Belgium,,,,,,,,,True,True,,,
,employment_businesses_20251106_120745,,Bucharest Employment Solutions,,Specialized recruitment consultancy for IT professionals and technology companies.,Employment,,,https://www.bucharest-employment.com,contact@bucharestemploy.com,+40 449657219,630 Professional Street,,,Bucharest,,,Romania,,,,,,,,,True,False,,,
,employment_businesses_20251106_120745,,Bucharest Sales Careers,,International recruitment agency for hospitality and tourism industry professionals.,Employment,,,https://www.bucharest-sales-care.com,contact@bucharestsalesc.com,+40 713889521,457 Bucharest Park,,,Bucharest,,,Romania,,,,,,,,,True,True,,,
,employment_businesses_20251106_120745,,Romania Recruitment Partners,,Specialized staffing agency for construction and skilled trades professionals.,Employment,,,https://www.romania-recruitment-.com,contact@romaniarecruitm.com,+40 519435106,343 Corporate Avenue,,,Bucharest,,,Romania,,,,,,,,,True,False,,,
,employment_businesses_20251106_120745,,Workforce Solutions Bucharest,,Full-service employment agency providing workforce solutions for businesses of all sizes.,Employment,,,https://www.workforce-solutions-.com,contact@workforcesoluti.com,+40 362743764,439 Talent Road,,,Bucharest,,,Romania,,,,,,,,,True,True,,,
,employment_businesses_20251106_120745,,Budapest Tech Talent,,"Employment consultancy specializing in finance, banking, and accounting careers.",Employment,,,https://www.budapest-tech-talent.com,contact@budapesttechtal.com,+36 524911688,394 Employment Street,,,Budapest,,,Hungary,,,,,,,,,True,True,,,
,employment_businesses_20251106_120745,,Elite Budapest Jobs,,International staffing company providing workforce solutions across European markets.,Employment,,,https://www.elite-budapest-jobs.com,contact@elitebudapestjo.com,+36 145782615,39 Budapest Center,,,Budapest,,,Hungary,,,,,,,,,True,True,,,
,employment_businesses_20251106_120745,,Legal Recruitment Budapest,,Executive search firm providing high-level recruitment solutions for multinational companies.,Employment,,,https://www.legal-recruitment-bu.com,contact@legalrecruitmen.com,+36 876126615,275 Main Street,,,Budapest,,,Hungary,,,,,,,,,True,True,,,
,employment_businesses_20251106_120745,,Staffing Excellence Hungary,,Executive search firm providing high-level recruitment solutions for multinational companies.,Employment,,,https://www.staffing-excellence-.com,contact@staffingexcelle.com,+36 441246350,49 Talent Road,,,Budapest,,,Hungary,,,,,,,,,True,True,,,
,employment_businesses_20251106_120745,,Temporary Staff Budapest,,International employment services focusing on cross-border career opportunities within the EU.,Employment,,,https://www.temporary-staff-buda.com,contact@temporarystaffb.com,+36 852244116,25 Professional Street,,,Budapest,,,Hungary,,,,,,,,,True,True,,,
,employment_businesses_20251106_120745,,Workforce Solutions Budapest,,Specialized recruitment consultancy for IT professionals and technology companies.,Employment,,,https://www.workforce-solutions-.com,contact@workforcesoluti.com,+36 879895752,895 Jobs Road,,,Budapest,,,Hungary,,,,,,,,,True,False,,,
,employment_businesses_20251106_120745,,Bulgaria Recruitment Partners,,Employment agency dedicated to healthcare staffing and medical professional placements.,Employment,,,https://www.bulgaria-recruitment.com,contact@bulgariarecruit.com,+359 617560759,291 Burgas Square,,,Burgas,,,Bulgaria,,,,,,,,,True,True,,,
,employment_businesses_20251106_120745,,Bulgaria Recruitment Partners,,"Professional recruitment consultancy for sales, marketing, and business development roles.",Employment,,,https://www.bulgaria-recruitment.com,contact@bulgariarecruit.com,+359 852416072,416 Burgas Park,,,Burgas,,,Bulgaria,,,,,,,,,True,True,,,
,employment_businesses_20251106_120745,,Burgas Career Center,,Specialized recruitment consultancy for IT professionals and technology companies.,Employment,,,https://www.burgas-career-center.com,contact@burgascareercen.com,+359 555599138,642 Employment Street,,,Burgas,,,Bulgaria,,,,,,,,,True,True,,,
,employment_businesses_20251106_120745,,Cross-Border Jobs Burgas,,Specialized staffing agency for construction and skilled trades professionals.,Employment,,,https://www.cross-border-jobs-bu.com,contact@crossborderjobs.com,+359 409619690,440 Staffing Road,,,Burgas,,,Bulgaria,,,,,,,,,True,False,,,
,employment_businesses_20251106_120745,,Legal Recruitment Burgas,,Professional employment agency specializing in permanent and temporary placements across multiple industries.,Employment,,,https://www.legal-recruitment-bu.com,contact@legalrecruitmen.com,+359 775237501,116 Talent Road,,,Burgas,,,Bulgaria,,,,,,,,,True,True,,,
,employment_businesses_20251106_120745,,European Careers Celje,,Premier recruitment firm specializing in executive and management level positions.,Employment,,,https://www.european-careers-cel.com,contact@europeancareers.com,+386 746989679,623 Corporate Avenue,,,Celje,,,Slovenia,,,,,,,,,True,True,,,
,employment_businesses_20251106_120745,,Interim Staffing Celje,,"Professional recruitment consultancy for sales, marketing, and business development roles.",Employment,,,https://www.interim-staffing-cel.com,contact@interimstaffing.com,+386 840329748,20 Employment Street,,,Celje,,,Slovenia,,,,,,,,,True,True,,,
,employment_businesses_20251106_120745,,Medical Staff Slovenia,,Executive search firm providing high-level recruitment solutions for multinational companies.,Employment,,,https://www.medical-staff-sloven.com,contact@medicalstaffslo.com,+386 830799716,813 Celje Plaza,,,Celje,,,Slovenia,,,,,,,,,True,True,,,
,employment_businesses_20251106_120745,,Recruit Pro Celje,,Professional employment agency specializing in permanent and temporary placements across multiple industries.,Employment,,,https://www.recruit-pro-celje.com,contact@recruitprocelje.com,+386 117245644,953 Central Avenue,,,Celje,,,Slovenia,,,,,,,,,True,False,,,
,employment_businesses_20251106_120745,,Charleroi Career Center,,Specialized recruitment consultancy for IT professionals and technology companies.,Employment,,,https://www.charleroi-career-cen.com,contact@charleroicareer.com,+32 207336120,340 Central Avenue,,,Charleroi,,,Belgium,,,,,,,,,True,True,,,
,employment_businesses_20251106_120745,,Charleroi Headhunters,,Executive recruitment firm serving multinational corporations and SMEs.,Employment,,,https://www.charleroi-headhunter.com,contact@charleroiheadhu.com,+32 682362390,621 Talent Road,,,Charleroi,,,Belgium,,,,,,,,,True,False,,,
,employment_businesses_20251106_120745,,Engineering Jobs Charleroi,,Full-service employment agency providing workforce solutions for businesses of all sizes.,Employment,,,https://www.engineering-jobs-cha.com,contact@engineeringjobs.com,+32 504171602,492 Staffing Road,,,Charleroi,,,Belgium,,,,,,,,,True,True,,,
,employment_businesses_20251106_120745,,EuroJobs Charleroi,,Comprehensive employment services including career counseling and job placement.,Employment,,,https://www.eurojobs-charleroi.com,contact@eurojobscharler.com,+32 433285521,263 Staffing Road,,,Charleroi,,,Belgium,,,,,,,,,True,False,,,
,employment_businesses_20251106_120745,,Healthcare Staffing Belgium,,Full-service employment agency providing workforce solutions for businesses of all sizes.,Employment,,,https://www.healthcare-staffing-.com,contact@healthcarestaff.com,+32 977031489,941 Professional Street,,,Charleroi,,,Belgium,,,,,,,,,True,False,,,
,employment_businesses_20251106_120745,,EU Work Solutions,,Employment agency dedicated to healthcare staffing and medical professional placements.,Employment,,,https://www.eu-work-solutions.com,contact@euworksolutions.com,+40 465862041,436 Cluj-Napoca Square,,,Cluj-Napoca,,,Romania,,,,,,,,,True,True,,,
,employment_businesses_20251106_120745,,Elite Cluj-Napoca Jobs,,Specialized recruitment consultancy for IT professionals and technology companies.,Employment,,,https://www.elite-cluj-napoca-jo.com,contact@eliteclujnapoca.com,+40 204713835,552 Cluj-Napoca Plaza,,,Cluj-Napoca,,,Romania,,,,,,,,,True,False,,,
,employment_businesses_20251106_120745,,Human Capital Cluj-Napoca,,Specialized recruitment consultancy for IT professionals and technology companies.,Employment,,,https://www.human-capital-cluj-n.com,contact@humancapitalclu.com,+40 538493546,491 Business Street,,,Cluj-Napoca,,,Romania,,,,,,,,,True,True,,,
,employment_businesses_20251106_120745,,Legal Recruitment Cluj-Napoca,,Leading recruitment consultancy connecting talented professionals with top employers in the region.,Employment,,,https://www.legal-recruitment-cl.com,contact@legalrecruitmen.com,+40 872036531,233 Executive Avenue,,,Cluj-Napoca,,,Romania,,,,,,,,,True,True,,,
,employment_businesses_20251106_120745,,Workforce Solutions Cluj-Napoca,,International recruitment agency for hospitality and tourism industry professionals.,Employment,,,https://www.workforce-solutions-.com,contact@workforcesoluti.com,+40 115443869,857 Jobs Road,,,Cluj-Napoca,,,Romania,,,,,,,,,True,False,,,
,employment_businesses_20251106_120745,,Engineering Jobs Cologne,,Comprehensive employment services including career counseling and job placement.,Employment,,,https://www.engineering-jobs-col.com,contact@engineeringjobs.com,+49 404563459,496 Central Avenue,,,Cologne,,,Germany,,,,,,,,,True,True,,,
,employment_businesses_20251106_120745,,Germany HR Services,,Employment agency specializing in legal profession recruitment and placement services.,Employment,,,https://www.germany-hr-services.com,contact@germanyhrservic.com,+49 565560599,812 Executive Avenue,,,Cologne,,,Germany,,,,,,,,,True,True,,,
,employment_businesses_20251106_120745,,Healthcare Staffing Germany,,Executive search firm providing high-level recruitment solutions for multinational companies.,Employment,,,https://www.healthcare-staffing-.com,contact@healthcarestaff.com,+49 795213540,365 Central Avenue,,,Cologne,,,Germany,,,,,,,,,True,True,,,
,employment_businesses_20251106_120745,,International Placement Germany,,Professional staffing company focusing on engineering and technical recruitment.,Employment,,,https://www.international-placem.com,contact@internationalpl.com,+49 152796636,288 Recruitment Road,,,Cologne,,,Germany,,,,,,,,,True,True,,,
,employment_businesses_20251106_120745,,International Staff Cologne,,International employment services focusing on cross-border career opportunities within the EU.,Employment,,,https://www.international-staff-.com,contact@internationalst.com,+49 121630949,992 Professional Street,,,Cologne,,,Germany,,,,,,,,,True,True,,,
,employment_businesses_20251106_120745,,Professional Placement Cologne,,Professional employment agency specializing in permanent and temporary placements across multiple industries.,Employment,,,https://www.professional-placeme.com,contact@professionalpla.com,+49 144688217,675 Executive Avenue,,,Cologne,,,Germany,,,,,,,,,True,False,,,
,employment_businesses_20251106_120745,,Staffing Excellence Germany,,Temporary staffing solutions provider for industrial and manufacturing sectors.,Employment,,,https://www.staffing-excellence-.com,contact@staffingexcelle.com,+49 155338120,343 Executive Avenue,,,Cologne,,,Germany,,,,,,,,,True,True,,,
,employment_businesses_20251106_120745,,Constanta Sales Careers,,Executive search firm providing high-level recruitment solutions for multinational companies.,Employment,,,https://www.constanta-sales-care.com,contact@constantasalesc.com,+40 862029950,428 Central Avenue,,,Constanta,,,Romania,,,,,,,,,True,True,,,
,employment_businesses_20251106_120745,,Elite Constanta Jobs,,"Professional recruitment consultancy for sales, marketing, and business development roles.",Employment,,,https://www.elite-constanta-jobs.com,contact@eliteconstantaj.com,+40 624771041,954 Main Street,,,Constanta,,,Romania,,,,,,,,,True,True,,,
,employment_businesses_20251106_120745,,Flexible Work Romania,,Employment agency specializing in legal profession recruitment and placement services.,Employment,,,https://www.flexible-work-romani.com,contact@flexibleworkrom.com,+40 906651692,423 Constanta Square,,,Constanta,,,Romania,,,,,,,,,True,True,,,
,employment_businesses_20251106_120745,,Human Capital Constanta,,International staffing company providing workforce solutions across European markets.,Employment,,,https://www.human-capital-consta.com,contact@humancapitalcon.com,+40 815604976,264 Corporate Avenue,,,Constanta,,,Romania,,,,,,,,,True,True,,,
,employment_businesses_20251106_120745,,EuroJobs Copenhagen,,International recruitment agency for hospitality and tourism industry professionals.,Employment,,,https://www.eurojobs-copenhagen.com,contact@eurojobscopenha.com,+45 441401163,221 Corporate Avenue,,,Copenhagen,,,Denmark,,,,,,,,,True,True,,,
,employment_businesses_20251106_120745,,JobConnect Denmark,,"Professional recruitment consultancy for sales, marketing, and business development roles.",Employment,,,https://www.jobconnect-denmark.com,contact@jobconnectdenma.com,+45 935018771,5 Executive Avenue,,,Copenhagen,,,Denmark,,,,,,,,,True,True,,,
,employment_businesses_20251106_120745,,Legal Recruitment Copenhagen,,Professional staffing company focusing on engineering and technical recruitment.,Employment,,,https://www.legal-recruitment-co.com,contact@legalrecruitmen.com,+45 757224129,245 Commercial Street,,,Copenhagen,,,Denmark,,,,,,,,,True,True,,,
,employment_businesses_20251106_120745,,Staffing Excellence Denmark,,Specialized staffing agency for construction and skilled trades professionals.,Employment,,,https://www.staffing-excellence-.com,contact@staffingexcelle.com,+45 781650586,272 Business Street,,,Copenhagen,,,Denmark,,,,,,,,,True,True,,,
,employment_businesses_20251106_120745,,WorldWork Copenhagen,,Comprehensive employment services including career counseling and job placement.,Employment,,,https://www.worldwork-copenhagen.com,contact@worldworkcopenh.com,+45 238360929,973 Copenhagen Square,,,Copenhagen,,,Denmark,,,,,,,,,True,True,,,
,employment_businesses_20251106_120745,,Construction Jobs Ireland,,"Employment consultancy specializing in finance, banking, and accounting careers.",Employment,,,https://www.construction-jobs-ir.com,contact@constructionjob.com,+353 584239054,101 Jobs Road,,,Cork,,,Ireland,,,,,,,,,True,True,,,
,employment_businesses_20251106_120745,,Cork Temp Solutions,,Temporary staffing solutions provider for industrial and manufacturing sectors.,Employment,,,https://www.cork-temp-solutions.com,contact@corktempsolutio.com,+353 652719292,806 Central Avenue,,,Cork,,,Ireland,,,,,,,,,True,False,,,
,employment_businesses_20251106_120745,,Cork Temp Solutions,,Premier recruitment firm specializing in executive and management level positions.,Employment,,,https://www.cork-temp-solutions.com,contact@corktempsolutio.com,+353 940190237,774 Staffing Road,,,Cork,,,Ireland,,,,,,,,,True,False,,,
,employment_businesses_20251106_120745,,Ireland Recruitment Partners,,Employment agency dedicated to healthcare staffing and medical professional placements.,Employment,,,https://www.ireland-recruitment-.com,contact@irelandrecruitm.com,+353 722896233,632 Recruitment Road,,,Cork,,,Ireland,,,,,,,,,True,True,,,
,employment_businesses_20251106_120745,,Recruit Pro Cork,,Employment agency dedicated to healthcare staffing and medical professional placements.,Employment,,,https://www.recruit-pro-cork.com,contact@recruitprocork.com,+353 107609463,464 Professional Street,,,Cork,,,Ireland,,,,,,,,,True,True,,,
,employment_businesses_20251106_120745,,Elite Daugavpils Jobs,,"Professional recruitment consultancy for sales, marketing, and business development roles.",Employment,,,https://www.elite-daugavpils-job.com,contact@elitedaugavpils.com,+371 718191202,473 Daugavpils Plaza,,,Daugavpils,,,Latvia,,,,,,,,,True,True,,,
,employment_businesses_20251106_120745,,International Staff Daugavpils,,"Professional recruitment consultancy for sales, marketing, and business development roles.",Employment,,,https://www.international-staff-.com,contact@internationalst.com,+371 829609831,12 Employment Street,,,Daugavpils,,,Latvia,,,,,,,,,True,True,,,
,employment_businesses_20251106_120745,,Latvia Recruitment Partners,,International employment services focusing on cross-border career opportunities within the EU.,Employment,,,https://www.latvia-recruitment-p.com,contact@latviarecruitme.com,+371 397173548,266 Corporate Avenue,,,Daugavpils,,,Latvia,,,,,,,,,True,False,,,
,employment_businesses_20251106_120745,,Medical Staff Latvia,,"Professional recruitment consultancy for sales, marketing, and business development roles.",Employment,,,https://www.medical-staff-latvia.com,contact@medicalstafflat.com,+371 323992997,777 Main Street,,,Daugavpils,,,Latvia,,,,,,,,,True,True,,,
,employment_businesses_20251106_120745,,Debrecen Employment Solutions,,Employment agency dedicated to healthcare staffing and medical professional placements.,Employment,,,https://www.debrecen-employment-.com,contact@debrecenemploym.com,+36 119277479,512 Career Street,,,Debrecen,,,Hungary,,,,,,,,,True,True,,,
,employment_businesses_20251106_120745,,JobConnect Hungary,,Professional staffing company focusing on engineering and technical recruitment.,Employment,,,https://www.jobconnect-hungary.com,contact@jobconnecthunga.com,+36 969691603,247 Career Street,,,Debrecen,,,Hungary,,,,,,,,,True,True,,,
,employment_businesses_20251106_120745,,Executive Recruitment Differdange,,Leading recruitment consultancy connecting talented professionals with top employers in the region.,Employment,,,https://www.executive-recruitmen.com,contact@executiverecrui.com,+352 594325367,353 Differdange Square,,,Differdange,,,Luxembourg,,,,,,,,,True,True,,,
,employment_businesses_20251106_120745,,Finance Careers Differdange,,"Professional recruitment consultancy for sales, marketing, and business development roles.",Employment,,,https://www.finance-careers-diff.com,contact@financecareersd.com,+352 715844912,538 Corporate Avenue,,,Differdange,,,Luxembourg,,,,,,,,,True,True,,,
,employment_businesses_20251106_120745,,Finance Careers Differdange,,Executive search firm providing high-level recruitment solutions for multinational companies.,Employment,,,https://www.finance-careers-diff.com,contact@financecareersd.com,+352 663929848,360 Staffing Road,,,Differdange,,,Luxembourg,,,,,,,,,True,True,,,
,employment_businesses_20251106_120745,,Healthcare Staffing Luxembourg,,"Employment consultancy specializing in finance, banking, and accounting careers.",Employment,,,https://www.healthcare-staffing-.com,contact@healthcarestaff.com,+352 394124772,502 Commercial Street,,,Differdange,,,Luxembourg,,,,,,,,,True,False,,,
,employment_businesses_20251106_120745,,Healthcare Staffing Luxembourg,,"Professional recruitment consultancy for sales, marketing, and business development roles.",Employment,,,https://www.healthcare-staffing-.com,contact@healthcarestaff.com,+352 117583543,798 Jobs Road,,,Differdange,,,Luxembourg,,,,,,,,,True,False,,,
,employment_businesses_20251106_120745,,Luxembourg Recruitment Partners,,Specialized recruitment consultancy for IT professionals and technology companies.,Employment,,,https://www.luxembourg-recruitme.com,contact@luxembourgrecru.com,+352 143500673,214 Premier Avenue,,,Differdange,,,Luxembourg,,,,,,,,,True,True,,,
,employment_businesses_20251106_120745,,Dublin Temp Solutions,,Professional staffing company focusing on engineering and technical recruitment.,Employment,,,https://www.dublin-temp-solution.com,contact@dublintempsolut.com,+353 624528375,618 Staffing Road,,,Dublin,,,Ireland,,,,,,,,,True,True,,,
,employment_businesses_20251106_120745,,EU Work Solutions,,Executive search firm providing high-level recruitment solutions for multinational companies.,Employment,,,https://www.eu-work-solutions.com,contact@euworksolutions.com,+353 648196529,394 Jobs Road,,,Dublin,,,Ireland,,,,,,,,,True,True,,,
,employment_businesses_20251106_120745,,Executive Recruitment Dublin,,Professional employment agency specializing in permanent and temporary placements across multiple industries.,Employment,,,https://www.executive-recruitmen.com,contact@executiverecrui.com,+353 688386382,166 Corporate Avenue,,,Dublin,,,Ireland,,,,,,,,,True,True,,,
,employment_businesses_20251106_120745,,Professional Placement Dublin,,"Employment consultancy specializing in finance, banking, and accounting careers.",Employment,,,https://www.professional-placeme.com,contact@professionalpla.com,+353 826971438,708 Talent Road,,,Dublin,,,Ireland,,,,,,,,,True,True,,,
,employment_businesses_20251106_120745,,Talent Solutions Dublin,,"Employment consultancy specializing in finance, banking, and accounting careers.",Employment,,,https://www.talent-solutions-dub.com,contact@talentsolutions.com,+353 601871317,877 Dublin Square,,,Dublin,,,Ireland,,,,,,,,,True,True,,,
,employment_businesses_20251106_120745,,Dudelange Career Center,,Professional staffing company focusing on engineering and technical recruitment.,Employment,,,https://www.dudelange-career-cen.com,contact@dudelangecareer.com,+352 877731317,632 Commercial Street,,,Dudelange,,,Luxembourg,,,,,,,,,True,True,,,
,employment_businesses_20251106_120745,,Dudelange Contract Work,,Full-service employment agency providing workforce solutions for businesses of all sizes.,Employment,,,https://www.dudelange-contract-w.com,contact@dudelangecontra.com,+352 372932035,147 Executive Avenue,,,Dudelange,,,Luxembourg,,,,,,,,,True,True,,,
,employment_businesses_20251106_120745,,Dudelange Work Agency,,Full-service employment agency providing workforce solutions for businesses of all sizes.,Employment,,,https://www.dudelange-work-agenc.com,contact@dudelangeworkag.com,+352 937156515,121 Dudelange Plaza,,,Dudelange,,,Luxembourg,,,,,,,,,True,True,,,
,employment_businesses_20251106_120745,,EU Work Solutions,,Professional employment agency specializing in permanent and temporary placements across multiple industries.,Employment,,,https://www.eu-work-solutions.com,contact@euworksolutions.com,+352 634271839,941 Staffing Road,,,Dudelange,,,Luxembourg,,,,,,,,,True,True,,,
,employment_businesses_20251106_120745,,Human Capital Dudelange,,Employment agency specializing in legal profession recruitment and placement services.,Employment,,,https://www.human-capital-dudela.com,contact@humancapitaldud.com,+352 976741061,304 Talent Road,,,Dudelange,,,Luxembourg,,,,,,,,,True,True,,,
,employment_businesses_20251106_120745,,IT Recruitment Dudelange,,"Employment consultancy specializing in finance, banking, and accounting careers.",Employment,,,https://www.it-recruitment-dudel.com,contact@itrecruitmentdu.com,+352 622728956,383 Dudelange Park,,,Dudelange,,,Luxembourg,,,,,,,,,True,True,,,
,employment_businesses_20251106_120745,,Eindhoven Career Center,,Executive search firm providing high-level recruitment solutions for multinational companies.,Employment,,,https://www.eindhoven-career-cen.com,contact@eindhovencareer.com,+31 510703949,385 Business Street,,,Eindhoven,,,Netherlands,,,,,,,,,True,True,,,
,employment_businesses_20251106_120745,,Eindhoven Contract Work,,"Employment consultancy specializing in finance, banking, and accounting careers.",Employment,,,https://www.eindhoven-contract-w.com,contact@eindhovencontra.com,+31 338867813,504 Eindhoven Park,,,Eindhoven,,,Netherlands,,,,,,,,,True,True,,,
,employment_businesses_20251106_120745,,Eindhoven Headhunters,,Professional employment agency specializing in permanent and temporary placements across multiple industries.,Employment,,,https://www.eindhoven-headhunter.com,contact@eindhovenheadhu.com,+31 324119565,784 Jobs Road,,,Eindhoven,,,Netherlands,,,,,,,,,True,True,,,
,employment_businesses_20251106_120745,,Eindhoven Tech Talent,,"Professional recruitment consultancy for sales, marketing, and business development roles.",Employment,,,https://www.eindhoven-tech-talen.com,contact@eindhoventechta.com,+31 455994607,852 Eindhoven Center,,,Eindhoven,,,Netherlands,,,,,,,,,True,False,,,
,employment_businesses_20251106_120745,,Eindhoven Work Agency,,Executive recruitment firm serving multinational corporations and SMEs.,Employment,,,https://www.eindhoven-work-agenc.com,contact@eindhovenworkag.com,+31 818111353,690 Career Street,,,Eindhoven,,,Netherlands,,,,,,,,,True,True,,,
,employment_businesses_20251106_120745,,Finance Careers Eindhoven,,Employment agency specializing in legal profession recruitment and placement services.,Employment,,,https://www.finance-careers-eind.com,contact@financecareerse.com,+31 237233333,884 Premier Avenue,,,Eindhoven,,,Netherlands,,,,,,,,,True,True,,,
,employment_businesses_20251106_120745,,Netherlands Recruitment Partners,,Comprehensive employment services including career counseling and job placement.,Employment,,,https://www.netherlands-recruitm.com,contact@netherlandsrecr.com,+31 464939157,31 Commercial Street,,,Eindhoven,,,Netherlands,,,,,,,,,True,True,,,
,employment_businesses_20251106_120745,,Recruit Pro Eindhoven,,Executive recruitment firm serving multinational corporations and SMEs.,Employment,,,https://www.recruit-pro-eindhove.com,contact@recruitproeindh.com,+31 496859304,417 Corporate Avenue,,,Eindhoven,,,Netherlands,,,,,,,,,True,True,,,
,employment_businesses_20251106_120745,,Staffing Excellence Netherlands,,Temporary staffing solutions provider for industrial and manufacturing sectors.,Employment,,,https://www.staffing-excellence-.com,contact@staffingexcelle.com,+31 814405002,384 Corporate Avenue,,,Eindhoven,,,Netherlands,,,,,,,,,True,False,,,
,employment_businesses_20251106_120745,,International Careers Denmark,,International employment services focusing on cross-border career opportunities within the EU.,Employment,,,https://www.international-career.com,contact@internationalca.com,+45 598069152,207 Jobs Road,,,Esbjerg,,,Denmark,,,,,,,,,True,True,,,
,employment_businesses_20251106_120745,,Temporary Staff Esbjerg,,Full-service employment agency providing workforce solutions for businesses of all sizes.,Employment,,,https://www.temporary-staff-esbj.com,contact@temporarystaffe.com,+45 466855784,150 Esbjerg Park,,,Esbjerg,,,Denmark,,,,,,,,,True,True,,,
,employment_businesses_20251106_120745,,EU Work Solutions,,Leading recruitment consultancy connecting talented professionals with top employers in the region.,Employment,,,https://www.eu-work-solutions.com,contact@euworksolutions.com,+352 923711709,799 Executive Avenue,,,Esch-sur-Alzette,,,Luxembourg,,,,,,,,,True,False,,,
,employment_businesses_20251106_120745,,Esch-sur-Alzette Work Agency,,Temporary staffing solutions provider for industrial and manufacturing sectors.,Employment,,,https://www.esch-sur-alzette-wor.com,contact@eschsuralzettew.com,+352 379242927,473 Staffing Road,,,Esch-sur-Alzette,,,Luxembourg,,,,,,,,,True,False,,,
,employment_businesses_20251106_120745,,Flexible Work Luxembourg,,Specialized staffing agency for construction and skilled trades professionals.,Employment,,,https://www.flexible-work-luxemb.com,contact@flexibleworklux.com,+352 470808995,401 Career Street,,,Esch-sur-Alzette,,,Luxembourg,,,,,,,,,True,True,,,
,employment_businesses_20251106_120745,,Global Employment Esch-sur-Alzette,,Professional staffing company focusing on engineering and technical recruitment.,Employment,,,https://www.global-employment-es.com,contact@globalemploymen.com,+352 567808336,777 Jobs Road,,,Esch-sur-Alzette,,,Luxembourg,,,,,,,,,True,False,,,
,employment_businesses_20251106_120745,,IT Recruitment Esch-sur-Alzette,,Executive recruitment firm serving multinational corporations and SMEs.,Employment,,,https://www.it-recruitment-esch-.com,contact@itrecruitmentes.com,+352 304178024,378 Esch-sur-Alzette Plaza,,,Esch-sur-Alzette,,,Luxembourg,,,,,,,,,True,True,,,
,employment_businesses_20251106_120745,,IT Recruitment Esch-sur-Alzette,,International recruitment agency for hospitality and tourism industry professionals.,Employment,,,https://www.it-recruitment-esch-.com,contact@itrecruitmentes.com,+352 975353117,296 Premier Avenue,,,Esch-sur-Alzette,,,Luxembourg,,,,,,,,,True,False,,,
,employment_businesses_20251106_120745,,Cross-Border Jobs Espoo,,Comprehensive employment services including career counseling and job placement.,Employment,,,https://www.cross-border-jobs-es.com,contact@crossborderjobs.com,+358 258047183,195 Main Street,,,Espoo,,,Finland,,,,,,,,,True,True,,,
,employment_businesses_20251106_120745,,Elite Espoo Jobs,,Employment agency dedicated to healthcare staffing and medical professional placements.,Employment,,,https://www.elite-espoo-jobs.com,contact@eliteespoojobs.com,+358 599350847,419 Espoo Center,,,Espoo,,,Finland,,,,,,,,,True,True,,,
,employment_businesses_20251106_120745,,Flexible Work Finland,,Professional staffing company focusing on engineering and technical recruitment.,Employment,,,https://www.flexible-work-finlan.com,contact@flexibleworkfin.com,+358 207646142,333 Central Avenue,,,Espoo,,,Finland,,,,,,,,,True,False,,,
,employment_businesses_20251106_120745,,IT Recruitment Espoo,,Executive recruitment firm serving multinational corporations and SMEs.,Employment,,,https://www.it-recruitment-espoo.com,contact@itrecruitmentes.com,+358 183832077,859 Staffing Road,,,Espoo,,,Finland,,,,,,,,,True,True,,,
,employment_businesses_20251106_120745,,Career Builders Cyprus,,Employment agency specializing in legal profession recruitment and placement services.,Employment,,,https://www.career-builders-cypr.com,contact@careerbuildersc.com,+357 369825196,176 Famagusta Square,,,Famagusta,,,Cyprus,,,,,,,,,True,False,,,
,employment_businesses_20251106_120745,,Executive Search Cyprus,,Full-service employment agency providing workforce solutions for businesses of all sizes.,Employment,,,https://www.executive-search-cyp.com,contact@executivesearch.com,+357 276257185,698 Talent Road,,,Famagusta,,,Cyprus,,,,,,,,,True,False,,,
,employment_businesses_20251106_120745,,Global Talent Cyprus,,Professional staffing company focusing on engineering and technical recruitment.,Employment,,,https://www.global-talent-cyprus.com,contact@globaltalentcyp.com,+357 431901938,380 Talent Road,,,Famagusta,,,Cyprus,,,,,,,,,True,True,,,
,employment_businesses_20251106_120745,,Frankfurt Employment Solutions,,Professional employment agency specializing in permanent and temporary placements across multiple industries.,Employment,,,https://www.frankfurt-employment.com,contact@frankfurtemploy.com,+49 483704524,139 Frankfurt Square,,,Frankfurt,,,Germany,,,,,,,,,True,True,,,
,employment_businesses_20251106_120745,,Frankfurt Headhunters,,Specialized staffing agency for construction and skilled trades professionals.,Employment,,,https://www.frankfurt-headhunter.com,contact@frankfurtheadhu.com,+49 193760985,849 Central Avenue,,,Frankfurt,,,Germany,,,,,,,,,True,True,,,
,employment_businesses_20251106_120745,,Frankfurt Sales Careers,,Comprehensive employment services including career counseling and job placement.,Employment,,,https://www.frankfurt-sales-care.com,contact@frankfurtsalesc.com,+49 875352440,940 Commercial Street,,,Frankfurt,,,Germany,,,,,,,,,True,True,,,
,employment_businesses_20251106_120745,,Hospitality Staff Frankfurt,,Premier recruitment firm specializing in executive and management level positions.,Employment,,,https://www.hospitality-staff-fr.com,contact@hospitalitystaf.com,+49 301308488,525 Talent Road,,,Frankfurt,,,Germany,,,,,,,,,True,False,,,
,employment_businesses_20251106_120745,,EuroJobs Galway,,Premier recruitment firm specializing in executive and management level positions.,Employment,,,https://www.eurojobs-galway.com,contact@eurojobsgalway.com,+353 504600460,951 Galway Plaza,,,Galway,,,Ireland,,,,,,,,,True,True,,,
,employment_businesses_20251106_120745,,Galway Tech Talent,,Leading recruitment consultancy connecting talented professionals with top employers in the region.,Employment,,,https://www.galway-tech-talent.com,contact@galwaytechtalen.com,+353 102835415,381 Professional Street,,,Galway,,,Ireland,,,,,,,,,True,False,,,
,employment_businesses_20251106_120745,,Ireland Recruitment Partners,,Premier recruitment firm specializing in executive and management level positions.,Employment,,,https://www.ireland-recruitment-.com,contact@irelandrecruitm.com,+353 281248630,911 Employment Street,,,Galway,,,Ireland,,,,,,,,,True,True,,,
,employment_businesses_20251106_120745,,Professional Placement Galway,,"Employment consultancy specializing in finance, banking, and accounting careers.",Employment,,,https://www.professional-placeme.com,contact@professionalpla.com,+353 887145355,308 Corporate Avenue,,,Galway,,,Ireland,,,,,,,,,True,True,,,
,employment_businesses_20251106_120745,,Ghent Career Center,,Full-service employment agency providing workforce solutions for businesses of all sizes.,Employment,,,https://www.ghent-career-center.com,contact@ghentcareercent.com,+32 570927479,142 Premier Avenue,,,Ghent,,,Belgium,,,,,,,,,True,True,,,
,employment_businesses_20251106_120745,,Ghent Headhunters,,"Comprehensive staffing agency offering recruitment, temp services, and HR consulting.",Employment,,,https://www.ghent-headhunters.com,contact@ghentheadhunter.com,+32 643555160,764 Recruitment Road,,,Ghent,,,Belgium,,,,,,,,,True,True,,,
,employment_businesses_20251106_120745,,International Staff Ghent,,Full-service employment agency providing workforce solutions for businesses of all sizes.,Employment,,,https://www.international-staff-.com,contact@internationalst.com,+32 991840669,455 Jobs Road,,,Ghent,,,Belgium,,,,,,,,,True,True,,,
,employment_businesses_20251106_120745,,JobConnect Belgium,,"Employment consultancy specializing in finance, banking, and accounting careers.",Employment,,,https://www.jobconnect-belgium.com,contact@jobconnectbelgi.com,+32 889654734,409 Jobs Road,,,Ghent,,,Belgium,,,,,,,,,True,False,,,
,employment_businesses_20251106_120745,,Medical Staff Belgium,,Employment agency specializing in legal profession recruitment and placement services.,Employment,,,https://www.medical-staff-belgiu.com,contact@medicalstaffbel.com,+32 123756545,982 Central Avenue,,,Ghent,,,Belgium,,,,,,,,,True,True,,,
,employment_businesses_20251106_120745,,Gothenburg Contract Work,,Professional staffing company focusing on engineering and technical recruitment.,Employment,,,https://www.gothenburg-contract-.com,contact@gothenburgcontr.com,+46 526515678,690 Jobs Road,,,Gothenburg,,,Sweden,,,,,,,,,True,True,,,
,employment_businesses_20251106_120745,,JobConnect Sweden,,Employment agency dedicated to healthcare staffing and medical professional placements.,Employment,,,https://www.jobconnect-sweden.com,contact@jobconnectswede.com,+46 817155253,372 Jobs Road,,,Gothenburg,,,Sweden,,,,,,,,,True,False,,,
,employment_businesses_20251106_120745,,JobConnect Sweden,,International staffing company providing workforce solutions across European markets.,Employment,,,https://www.jobconnect-sweden.com,contact@jobconnectswede.com,+46 337697321,425 Central Avenue,,,Gothenburg,,,Sweden,,,,,,,,,True,True,,,
,employment_businesses_20251106_120745,,Graz Temp Solutions,,Temporary staffing solutions provider for industrial and manufacturing sectors.,Employment,,,https://www.graz-temp-solutions.com,contact@graztempsolutio.com,+43 238448979,491 Staffing Road,,,Graz,,,Austria,,,,,,,,,True,True,,,
,employment_businesses_20251106_120745,,Elite Hamburg Jobs,,Temporary staffing solutions provider for industrial and manufacturing sectors.,Employment,,,https://www.elite-hamburg-jobs.com,contact@elitehamburgjob.com,+49 317896509,996 Main Street,,,Hamburg,,,Germany,,,,,,,,,True,True,,,
,employment_businesses_20251106_120745,,EuroJobs Hamburg,,"Comprehensive staffing agency offering recruitment, temp services, and HR consulting.",Employment,,,https://www.eurojobs-hamburg.com,contact@eurojobshamburg.com,+49 728439261,467 Hamburg Square,,,Hamburg,,,Germany,,,,,,,,,True,True,,,
,employment_businesses_20251106_120745,,Interim Staffing Hamburg,,"Employment consultancy specializing in finance, banking, and accounting careers.",Employment,,,https://www.interim-staffing-ham.com,contact@interimstaffing.com,+49 456315366,682 Staffing Road,,,Hamburg,,,Germany,,,,,,,,,True,False,,,
,employment_businesses_20251106_120745,,Legal Recruitment Hamburg,,Professional staffing company focusing on engineering and technical recruitment.,Employment,,,https://www.legal-recruitment-ha.com,contact@legalrecruitmen.com,+49 972690729,616 Staffing Road,,,Hamburg,,,Germany,,,,,,,,,True,False,,,
,employment_businesses_20251106_120745,,Legal Recruitment Hamburg,,Specialized staffing agency for construction and skilled trades professionals.,Employment,,,https://www.legal-recruitment-ha.com,contact@legalrecruitmen.com,+49 492044760,86 Professional Street,,,Hamburg,,,Germany,,,,,,,,,True,True,,,
,employment_businesses_20251106_120745,,Helsinki Sales Careers,,Specialized recruitment consultancy for IT professionals and technology companies.,Employment,,,https://www.helsinki-sales-caree.com,contact@helsinkisalesca.com,+358 412941212,971 Executive Avenue,,,Helsinki,,,Finland,,,,,,,,,True,True,,,
,employment_businesses_20251106_120745,,Helsinki Tech Talent,,Professional staffing company focusing on engineering and technical recruitment.,Employment,,,https://www.helsinki-tech-talent.com,contact@helsinkitechtal.com,+358 288086178,79 Business Street,,,Helsinki,,,Finland,,,,,,,,,True,True,,,
,employment_businesses_20251106_120745,,Helsinki Tech Talent,,Employment agency specializing in legal profession recruitment and placement services.,Employment,,,https://www.helsinki-tech-talent.com,contact@helsinkitechtal.com,+358 876191075,819 Career Street,,,Helsinki,,,Finland,,,,,,,,,True,True,,,
,employment_businesses_20251106_120745,,Interim Staffing Helsinki,,Employment agency specializing in legal profession recruitment and placement services.,Employment,,,https://www.interim-staffing-hel.com,contact@interimstaffing.com,+358 219784411,72 Jobs Road,,,Helsinki,,,Finland,,,,,,,,,True,True,,,
,employment_businesses_20251106_120745,,JobConnect Finland,,"Professional recruitment consultancy for sales, marketing, and business development roles.",Employment,,,https://www.jobconnect-finland.com,contact@jobconnectfinla.com,+358 879128748,305 Talent Road,,,Helsinki,,,Finland,,,,,,,,,True,True,,,
,employment_businesses_20251106_120745,,Cross-Border Jobs Iasi,,Executive search firm providing high-level recruitment solutions for multinational companies.,Employment,,,https://www.cross-border-jobs-ia.com,contact@crossborderjobs.com,+40 610430473,540 Professional Street,,,Iasi,,,Romania,,,,,,,,,True,False,,,
,employment_businesses_20251106_120745,,Human Capital Iasi,,Specialized staffing agency for construction and skilled trades professionals.,Employment,,,https://www.human-capital-iasi.com,contact@humancapitalias.com,+40 613275265,482 Talent Road,,,Iasi,,,Romania,,,,,,,,,True,True,,,
,employment_businesses_20251106_120745,,Iasi Career Center,,Professional staffing company focusing on engineering and technical recruitment.,Employment,,,https://www.iasi-career-center.com,contact@iasicareercente.com,+40 876584168,583 Executive Avenue,,,Iasi,,,Romania,,,,,,,,,True,True,,,
,employment_businesses_20251106_120745,,Iasi Contract Work,,Executive search firm providing high-level recruitment solutions for multinational companies.,Employment,,,https://www.iasi-contract-work.com,contact@iasicontractwor.com,+40 965851097,672 Career Street,,,Iasi,,,Romania,,,,,,,,,True,True,,,
,employment_businesses_20251106_120745,,Iasi Sales Careers,,Executive recruitment firm serving multinational corporations and SMEs.,Employment,,,https://www.iasi-sales-careers.com,contact@iasisalescareer.com,+40 330789096,479 Commercial Street,,,Iasi,,,Romania,,,,,,,,,True,True,,,
,employment_businesses_20251106_120745,,International Placement Romania,,"Employment consultancy specializing in finance, banking, and accounting careers.",Employment,,,https://www.international-placem.com,contact@internationalpl.com,+40 748715780,137 Iasi Square,,,Iasi,,,Romania,,,,,,,,,True,False,,,
,employment_businesses_20251106_120745,,Professional Staffing Iasi,,International staffing company providing workforce solutions across European markets.,Employment,,,https://www.professional-staffin.com,contact@professionalsta.com,+40 992847719,401 Central Avenue,,,Iasi,,,Romania,,,,,,,,,True,True,,,
,employment_businesses_20251106_120745,,Recruit Pro Iasi,,Leading recruitment consultancy connecting talented professionals with top employers in the region.,Employment,,,https://www.recruit-pro-iasi.com,contact@recruitproiasi.com,+40 187938471,531 Jobs Road,,,Iasi,,,Romania,,,,,,,,,True,True,,,
,employment_businesses_20251106_120745,,Workforce Solutions Iasi,,International career services helping professionals find opportunities across Europe.,Employment,,,https://www.workforce-solutions-.com,contact@workforcesoluti.com,+40 562218678,918 Professional Street,,,Iasi,,,Romania,,,,,,,,,True,True,,,
,employment_businesses_20251106_120745,,Cross-Border Jobs Innsbruck,,International career services helping professionals find opportunities across Europe.,Employment,,,https://www.cross-border-jobs-in.com,contact@crossborderjobs.com,+43 937102271,265 Premier Avenue,,,Innsbruck,,,Austria,,,,,,,,,True,True,,,
,employment_businesses_20251106_120745,,Interim Staffing Innsbruck,,Employment agency specializing in legal profession recruitment and placement services.,Employment,,,https://www.interim-staffing-inn.com,contact@interimstaffing.com,+43 544081220,730 Commercial Street,,,Innsbruck,,,Austria,,,,,,,,,True,False,,,
,employment_businesses_20251106_120745,,JobConnect Austria,,Executive recruitment firm serving multinational corporations and SMEs.,Employment,,,https://www.jobconnect-austria.com,contact@jobconnectaustr.com,+43 950504846,31 Career Street,,,Innsbruck,,,Austria,,,,,,,,,True,False,,,
,employment_businesses_20251106_120745,,Temporary Staff Innsbruck,,International employment services focusing on cross-border career opportunities within the EU.,Employment,,,https://www.temporary-staff-inns.com,contact@temporarystaffi.com,+43 957204529,446 Innsbruck Center,,,Innsbruck,,,Austria,,,,,,,,,True,True,,,
,employment_businesses_20251106_120745,,Workforce Solutions Innsbruck,,Leading recruitment consultancy connecting talented professionals with top employers in the region.,Employment,,,https://www.workforce-solutions-.com,contact@workforcesoluti.com,+43 868992059,621 Jobs Road,,,Innsbruck,,,Austria,,,,,,,,,True,False,,,
,employment_businesses_20251106_120745,,EU Work Solutions,,Employment agency dedicated to healthcare staffing and medical professional placements.,Employment,,,https://www.eu-work-solutions.com,contact@euworksolutions.com,+371 177969292,608 Jelgava Park,,,Jelgava,,,Latvia,,,,,,,,,True,False,,,
,employment_businesses_20251106_120745,,Executive Recruitment Jelgava,,International employment services focusing on cross-border career opportunities within the EU.,Employment,,,https://www.executive-recruitmen.com,contact@executiverecrui.com,+371 128584230,13 Talent Road,,,Jelgava,,,Latvia,,,,,,,,,True,True,,,
,employment_businesses_20251106_120745,,Healthcare Staffing Latvia,,Comprehensive employment services including career counseling and job placement.,Employment,,,https://www.healthcare-staffing-.com,contact@healthcarestaff.com,+371 825524249,260 Premier Avenue,,,Jelgava,,,Latvia,,,,,,,,,True,True,,,
,employment_businesses_20251106_120745,,Jelgava Employment Solutions,,Professional staffing company focusing on engineering and technical recruitment.,Employment,,,https://www.jelgava-employment-s.com,contact@jelgavaemployme.com,+371 914234953,431 Jelgava Center,,,Jelgava,,,Latvia,,,,,,,,,True,True,,,
,employment_businesses_20251106_120745,,Recruit Pro Jelgava,,International employment services focusing on cross-border career opportunities within the EU.,Employment,,,https://www.recruit-pro-jelgava.com,contact@recruitprojelga.com,+371 430826823,187 Staffing Road,,,Jelgava,,,Latvia,,,,,,,,,True,True,,,
,employment_businesses_20251106_120745,,International Careers Latvia,,Executive recruitment firm serving multinational corporations and SMEs.,Employment,,,https://www.international-career.com,contact@internationalca.com,+371 570494124,296 Main Street,,,Jurmala,,,Latvia,,,,,,,,,True,True,,,
,employment_businesses_20251106_120745,,Jurmala Sales Careers,,Leading recruitment consultancy connecting talented professionals with top employers in the region.,Employment,,,https://www.jurmala-sales-career.com,contact@jurmalasalescar.com,+371 376206145,590 Talent Road,,,Jurmala,,,Latvia,,,,,,,,,True,False,,,
,employment_businesses_20251106_120745,,Professional Placement Jurmala,,Executive search firm providing high-level recruitment solutions for multinational companies.,Employment,,,https://www.professional-placeme.com,contact@professionalpla.com,+371 289804834,168 Talent Road,,,Jurmala,,,Latvia,,,,,,,,,True,True,,,
,employment_businesses_20251106_120745,,Talent Solutions Jurmala,,Full-service employment agency providing workforce solutions for businesses of all sizes.,Employment,,,https://www.talent-solutions-jur.com,contact@talentsolutions.com,+371 584090176,637 Recruitment Road,,,Jurmala,,,Latvia,,,,,,,,,True,True,,,
,employment_businesses_20251106_120745,,Cross-Border Jobs Klaipeda,,"Employment consultancy specializing in finance, banking, and accounting careers.",Employment,,,https://www.cross-border-jobs-kl.com,contact@crossborderjobs.com,+370 827510371,613 Klaipeda Park,,,Klaipeda,,,Lithuania,,,,,,,,,True,True,,,
,employment_businesses_20251106_120745,,Finance Careers Klaipeda,,Premier recruitment firm specializing in executive and management level positions.,Employment,,,https://www.finance-careers-klai.com,contact@financecareersk.com,+370 758452729,424 Central Avenue,,,Klaipeda,,,Lithuania,,,,,,,,,True,True,,,
,employment_businesses_20251106_120745,,Global Employment Klaipeda,,Executive recruitment firm serving multinational corporations and SMEs.,Employment,,,https://www.global-employment-kl.com,contact@globalemploymen.com,+370 968452492,374 Klaipeda Square,,,Klaipeda,,,Lithuania,,,,,,,,,True,True,,,
,employment_businesses_20251106_120745,,Interim Staffing Klaipeda,,"Employment consultancy specializing in finance, banking, and accounting careers.",Employment,,,https://www.interim-staffing-kla.com,contact@interimstaffing.com,+370 649686482,104 Employment Street,,,Klaipeda,,,Lithuania,,,,,,,,,True,False,,,
,employment_businesses_20251106_120745,,International Staff Klaipeda,,Specialized staffing agency for construction and skilled trades professionals.,Employment,,,https://www.international-staff-.com,contact@internationalst.com,+370 431800151,521 Career Street,,,Klaipeda,,,Lithuania,,,,,,,,,True,True,,,
,employment_businesses_20251106_120745,,Klaipeda Career Center,,Temporary staffing solutions provider for industrial and manufacturing sectors.,Employment,,,https://www.klaipeda-career-cent.com,contact@klaipedacareerc.com,+370 402963003,824 Central Avenue,,,Klaipeda,,,Lithuania,,,,,,,,,True,True,,,
,employment_businesses_20251106_120745,,Lithuania HR Services,,Comprehensive employment services including career counseling and job placement.,Employment,,,https://www.lithuania-hr-service.com,contact@lithuaniahrserv.com,+370 947424654,130 Jobs Road,,,Klaipeda,,,Lithuania,,,,,,,,,True,True,,,
,employment_businesses_20251106_120745,,Finance Careers Kohtla-Jarve,,Premier recruitment firm specializing in executive and management level positions.,Employment,,,https://www.finance-careers-koht.com,contact@financecareersk.com,+372 539543240,543 Kohtla-Jarve Center,,,Kohtla-Jarve,,,Estonia,,,,,,,,,True,False,,,
,employment_businesses_20251106_120745,,Interim Staffing Kohtla-Jarve,,International employment services focusing on cross-border career opportunities within the EU.,Employment,,,https://www.interim-staffing-koh.com,contact@interimstaffing.com,+372 156492113,524 Executive Avenue,,,Kohtla-Jarve,,,Estonia,,,,,,,,,True,True,,,
,employment_businesses_20251106_120745,,Legal Recruitment Kohtla-Jarve,,International career services helping professionals find opportunities across Europe.,Employment,,,https://www.legal-recruitment-ko.com,contact@legalrecruitmen.com,+372 893745907,375 Business Street,,,Kohtla-Jarve,,,Estonia,,,,,,,,,True,False,,,
,employment_businesses_20251106_120745,,Staffing Excellence Estonia,,International employment services focusing on cross-border career opportunities within the EU.,Employment,,,https://www.staffing-excellence-.com,contact@staffingexcelle.com,+372 248879633,64 Premier Avenue,,,Kohtla-Jarve,,,Estonia,,,,,,,,,True,True,,,
,employment_businesses_20251106_120745,,Elite Kosice Jobs,,Employment agency dedicated to healthcare staffing and medical professional placements.,Employment,,,https://www.elite-kosice-jobs.com,contact@elitekosicejobs.com,+421 536377153,900 Kosice Plaza,,,Kosice,,,Slovakia,,,,,,,,,True,True,,,
,employment_businesses_20251106_120745,,EuroJobs Kosice,,International employment services focusing on cross-border career opportunities within the EU.,Employment,,,https://www.eurojobs-kosice.com,contact@eurojobskosice.com,+421 593619519,155 Staffing Road,,,Kosice,,,Slovakia,,,,,,,,,True,False,,,
,employment_businesses_20251106_120745,,Kosice Employment Solutions,,Premier recruitment firm specializing in executive and management level positions.,Employment,,,https://www.kosice-employment-so.com,contact@kosiceemploymen.com,+421 975899246,523 Employment Street,,,Kosice,,,Slovakia,,,,,,,,,True,True,,,
,employment_businesses_20251106_120745,,Career Builders Poland,,International recruitment agency for hospitality and tourism industry professionals.,Employment,,,https://www.career-builders-pola.com,contact@careerbuildersp.com,+48 756851702,311 Commercial Street,,,Krakow,,,Poland,,,,,,,,,True,False,,,
,employment_businesses_20251106_120745,,Krakow Work Agency,,Executive recruitment firm serving multinational corporations and SMEs.,Employment,,,https://www.krakow-work-agency.com,contact@krakowworkagenc.com,+48 704671151,522 Main Street,,,Krakow,,,Poland,,,,,,,,,True,False,,,
,employment_businesses_20251106_120745,,Krakow Work Agency,,"Employment consultancy specializing in finance, banking, and accounting careers.",Employment,,,https://www.krakow-work-agency.com,contact@krakowworkagenc.com,+48 879640208,825 Corporate Avenue,,,Krakow,,,Poland,,,,,,,,,True,False,,,
,employment_businesses_20251106_120745,,Krakow Work Agency,,International employment services focusing on cross-border career opportunities within the EU.,Employment,,,https://www.krakow-work-agency.com,contact@krakowworkagenc.com,+48 171717371,584 Talent Road,,,Krakow,,,Poland,,,,,,,,,True,True,,,
,employment_businesses_20251106_120745,,TalentFind Krakow,,Professional staffing company focusing on engineering and technical recruitment.,Employment,,,https://www.talentfind-krakow.com,contact@talentfindkrako.com,+48 913962372,619 Staffing Road,,,Krakow,,,Poland,,,,,,,,,True,True,,,
,employment_businesses_20251106_120745,,EU Work Solutions,,Comprehensive employment services including career counseling and job placement.,Employment,,,https://www.eu-work-solutions.com,contact@euworksolutions.com,+386 183366882,914 Central Avenue,,,Kranj,,,Slovenia,,,,,,,,,True,False,,,
,employment_businesses_20251106_120745,,Global Talent Slovenia,,Premier recruitment firm specializing in executive and management level positions.,Employment,,,https://www.global-talent-sloven.com,contact@globaltalentslo.com,+386 198625095,710 Professional Street,,,Kranj,,,Slovenia,,,,,,,,,True,True,,,
,employment_businesses_20251106_120745,,International Staff Kranj,,Employment agency dedicated to healthcare staffing and medical professional placements.,Employment,,,https://www.international-staff-.com,contact@internationalst.com,+386 175845731,56 Talent Road,,,Kranj,,,Slovenia,,,,,,,,,True,False,,,
,employment_businesses_20251106_120745,,Kranj Career Center,,Executive search firm providing high-level recruitment solutions for multinational companies.,Employment,,,https://www.kranj-career-center.com,contact@kranjcareercent.com,+386 203472947,592 Kranj Center,,,Kranj,,,Slovenia,,,,,,,,,True,True,,,
,employment_businesses_20251106_120745,,Career Builders Greece,,International career services helping professionals find opportunities across Europe.,Employment,,,https://www.career-builders-gree.com,contact@careerbuildersg.com,+30 101916185,446 Larissa Park,,,Larissa,,,Greece,,,,,,,,,True,True,,,
,employment_businesses_20251106_120745,,Greece Recruitment Partners,,Leading recruitment consultancy connecting talented professionals with top employers in the region.,Employment,,,https://www.greece-recruitment-p.com,contact@greecerecruitme.com,+30 137802517,301 Jobs Road,,,Larissa,,,Greece,,,,,,,,,True,False,,,
,employment_businesses_20251106_120745,,IT Recruitment Larissa,,Employment agency dedicated to healthcare staffing and medical professional placements.,Employment,,,https://www.it-recruitment-laris.com,contact@itrecruitmentla.com,+30 471592695,398 Larissa Square,,,Larissa,,,Greece,,,,,,,,,True,True,,,
,employment_businesses_20251106_120745,,Professional Staffing Larissa,,Professional staffing company focusing on engineering and technical recruitment.,Employment,,,https://www.professional-staffin.com,contact@professionalsta.com,+30 818456807,788 Larissa Center,,,Larissa,,,Greece,,,,,,,,,True,True,,,
,employment_businesses_20251106_120745,,Temporary Staff Larissa,,International recruitment agency for hospitality and tourism industry professionals.,Employment,,,https://www.temporary-staff-lari.com,contact@temporarystaffl.com,+30 565172943,140 Recruitment Road,,,Larissa,,,Greece,,,,,,,,,True,False,,,
,employment_businesses_20251106_120745,,EuroJobs Larnaca,,International career services helping professionals find opportunities across Europe.,Employment,,,https://www.eurojobs-larnaca.com,contact@eurojobslarnaca.com,+357 170328725,691 Corporate Avenue,,,Larnaca,,,Cyprus,,,,,,,,,True,False,,,
,employment_businesses_20251106_120745,,Finance Careers Larnaca,,Temporary staffing solutions provider for industrial and manufacturing sectors.,Employment,,,https://www.finance-careers-larn.com,contact@financecareersl.com,+357 196916204,102 Central Avenue,,,Larnaca,,,Cyprus,,,,,,,,,True,False,,,
,employment_businesses_20251106_120745,,Finance Careers Larnaca,,Leading recruitment consultancy connecting talented professionals with top employers in the region.,Employment,,,https://www.finance-careers-larn.com,contact@financecareersl.com,+357 842286025,461 Larnaca Center,,,Larnaca,,,Cyprus,,,,,,,,,True,False,,,
,employment_businesses_20251106_120745,,Global Talent Cyprus,,Premier recruitment firm specializing in executive and management level positions.,Employment,,,https://www.global-talent-cyprus.com,contact@globaltalentcyp.com,+357 832190522,554 Recruitment Road,,,Larnaca,,,Cyprus,,,,,,,,,True,False,,,
,employment_businesses_20251106_120745,,Talent Solutions Larnaca,,"Employment consultancy specializing in finance, banking, and accounting careers.",Employment,,,https://www.talent-solutions-lar.com,contact@talentsolutions.com,+357 599287414,432 Staffing Road,,,Larnaca,,,Cyprus,,,,,,,,,True,True,,,
,employment_businesses_20251106_120745,,Global Employment Liberec,,International employment services focusing on cross-border career opportunities within the EU.,Employment,,,https://www.global-employment-li.com,contact@globalemploymen.com,+420 481359895,655 Executive Avenue,,,Liberec,,,Czech Republic,,,,,,,,,True,True,,,
,employment_businesses_20251106_120745,,International Placement Czech Republic,,Executive recruitment firm serving multinational corporations and SMEs.,Employment,,,https://www.international-placem.com,contact@internationalpl.com,+420 171472869,545 Career Street,,,Liberec,,,Czech Republic,,,,,,,,,True,True,,,
,employment_businesses_20251106_120745,,Liberec Work Agency,,Temporary staffing solutions provider for industrial and manufacturing sectors.,Employment,,,https://www.liberec-work-agency.com,contact@liberecworkagen.com,+420 982208219,452 Recruitment Road,,,Liberec,,,Czech Republic,,,,,,,,,True,True,,,
,employment_businesses_20251106_120745,,TalentFind Liberec,,Premier recruitment firm specializing in executive and management level positions.,Employment,,,https://www.talentfind-liberec.com,contact@talentfindliber.com,+420 954456331,559 Liberec Center,,,Liberec,,,Czech Republic,,,,,,,,,True,True,,,
,employment_businesses_20251106_120745,,TalentFind Liberec,,"Employment consultancy specializing in finance, banking, and accounting careers.",Employment,,,https://www.talentfind-liberec.com,contact@talentfindliber.com,+420 892213761,797 Recruitment Road,,,Liberec,,,Czech Republic,,,,,,,,,True,True,,,
,employment_businesses_20251106_120745,,TalentFind Liberec,,Premier recruitment firm specializing in executive and management level positions.,Employment,,,https://www.talentfind-liberec.com,contact@talentfindliber.com,+420 846906098,192 Central Avenue,,,Liberec,,,Czech Republic,,,,,,,,,True,False,,,
,employment_businesses_20251106_120745,,EU Work Solutions,,Employment agency specializing in legal profession recruitment and placement services.,Employment,,,https://www.eu-work-solutions.com,contact@euworksolutions.com,+32 252004703,578 Liege Square,,,Liege,,,Belgium,,,,,,,,,True,True,,,
,employment_businesses_20251106_120745,,EuroJobs Liege,,Leading recruitment consultancy connecting talented professionals with top employers in the region.,Employment,,,https://www.eurojobs-liege.com,contact@eurojobsliege.com,+32 199571287,589 Corporate Avenue,,,Liege,,,Belgium,,,,,,,,,True,True,,,
,employment_businesses_20251106_120745,,International Careers Belgium,,Full-service employment agency providing workforce solutions for businesses of all sizes.,Employment,,,https://www.international-career.com,contact@internationalca.com,+32 862615985,475 Liege Plaza,,,Liege,,,Belgium,,,,,,,,,True,False,,,
,employment_businesses_20251106_120745,,International Staff Liege,,Employment agency dedicated to healthcare staffing and medical professional placements.,Employment,,,https://www.international-staff-.com,contact@internationalst.com,+32 467809965,263 Employment Street,,,Liege,,,Belgium,,,,,,,,,True,True,,,
,employment_businesses_20251106_120745,,Liege Employment Solutions,,Leading recruitment consultancy connecting talented professionals with top employers in the region.,Employment,,,https://www.liege-employment-sol.com,contact@liegeemployment.com,+32 507973568,603 Business Street,,,Liege,,,Belgium,,,,,,,,,True,True,,,
,employment_businesses_20251106_120745,,Premier Recruitment Liege,,Employment agency dedicated to healthcare staffing and medical professional placements.,Employment,,,https://www.premier-recruitment-.com,contact@premierrecruitm.com,+32 439283711,441 Liege Square,,,Liege,,,Belgium,,,,,,,,,True,True,,,
,employment_businesses_20251106_120745,,Construction Jobs Latvia,,Executive search firm providing high-level recruitment solutions for multinational companies.,Employment,,,https://www.construction-jobs-la.com,contact@constructionjob.com,+371 418819175,144 Jobs Road,,,Liepaja,,,Latvia,,,,,,,,,True,True,,,
,employment_businesses_20251106_120745,,Liepaja Sales Careers,,Employment agency dedicated to healthcare staffing and medical professional placements.,Employment,,,https://www.liepaja-sales-career.com,contact@liepajasalescar.com,+371 526806604,683 Main Street,,,Liepaja,,,Latvia,,,,,,,,,True,False,,,
,employment_businesses_20251106_120745,,Talent Solutions Liepaja,,Employment agency dedicated to healthcare staffing and medical professional placements.,Employment,,,https://www.talent-solutions-lie.com,contact@talentsolutions.com,+371 663364798,580 Premier Avenue,,,Liepaja,,,Latvia,,,,,,,,,True,True,,,
,employment_businesses_20251106_120745,,Temporary Staff Liepaja,,Specialized recruitment consultancy for IT professionals and technology companies.,Employment,,,https://www.temporary-staff-liep.com,contact@temporarystaffl.com,+371 732250600,729 Premier Avenue,,,Liepaja,,,Latvia,,,,,,,,,True,True,,,
,employment_businesses_20251106_120745,,Human Capital Limassol,,Professional staffing company focusing on engineering and technical recruitment.,Employment,,,https://www.human-capital-limass.com,contact@humancapitallim.com,+357 302765994,181 Executive Avenue,,,Limassol,,,Cyprus,,,,,,,,,True,True,,,
,employment_businesses_20251106_120745,,Limassol Tech Talent,,Executive search firm providing high-level recruitment solutions for multinational companies.,Employment,,,https://www.limassol-tech-talent.com,contact@limassoltechtal.com,+357 403268494,239 Limassol Square,,,Limassol,,,Cyprus,,,,,,,,,True,True,,,
,employment_businesses_20251106_120745,,Limassol Temp Solutions,,Leading recruitment consultancy connecting talented professionals with top employers in the region.,Employment,,,https://www.limassol-temp-soluti.com,contact@limassoltempsol.com,+357 121421165,396 Executive Avenue,,,Limassol,,,Cyprus,,,,,,,,,True,True,,,
,employment_businesses_20251106_120745,,Temporary Staff Limassol,,"Employment consultancy specializing in finance, banking, and accounting careers.",Employment,,,https://www.temporary-staff-lima.com,contact@temporarystaffl.com,+357 514591325,426 Jobs Road,,,Limassol,,,Cyprus,,,,,,,,,True,True,,,
,employment_businesses_20251106_120745,,Temporary Staff Limassol,,Professional employment agency specializing in permanent and temporary placements across multiple industries.,Employment,,,https://www.temporary-staff-lima.com,contact@temporarystaffl.com,+357 145312912,531 Limassol Center,,,Limassol,,,Cyprus,,,,,,,,,True,True,,,
,employment_businesses_20251106_120745,,EU Work Solutions,,Executive search firm providing high-level recruitment solutions for multinational companies.,Employment,,,https://www.eu-work-solutions.com,contact@euworksolutions.com,+353 925005788,639 Limerick Square,,,Limerick,,,Ireland,,,,,,,,,True,False,,,
,employment_businesses_20251106_120745,,EuroJobs Limerick,,Comprehensive employment services including career counseling and job placement.,Employment,,,https://www.eurojobs-limerick.com,contact@eurojobslimeric.com,+353 140460096,704 Limerick Square,,,Limerick,,,Ireland,,,,,,,,,True,True,,,
,employment_businesses_20251106_120745,,Limerick Sales Careers,,"Comprehensive staffing agency offering recruitment, temp services, and HR consulting.",Employment,,,https://www.limerick-sales-caree.com,contact@limericksalesca.com,+353 345925365,689 Limerick Square,,,Limerick,,,Ireland,,,,,,,,,True,False,,,
,employment_businesses_20251106_120745,,Workforce Solutions Limerick,,International staffing company providing workforce solutions across European markets.,Employment,,,https://www.workforce-solutions-.com,contact@workforcesoluti.com,+353 228826494,204 Staffing Road,,,Limerick,,,Ireland,,,,,,,,,True,True,,,
,employment_businesses_20251106_120745,,Finance Careers Linz,,International career services helping professionals find opportunities across Europe.,Employment,,,https://www.finance-careers-linz.com,contact@financecareersl.com,+43 905511406,231 Central Avenue,,,Linz,,,Austria,,,,,,,,,True,True,,,
,employment_businesses_20251106_120745,,Flexible Work Austria,,International staffing company providing workforce solutions across European markets.,Employment,,,https://www.flexible-work-austri.com,contact@flexibleworkaus.com,+43 945188333,30 Business Street,,,Linz,,,Austria,,,,,,,,,True,True,,,
,employment_businesses_20251106_120745,,Global Employment Linz,,Premier recruitment firm specializing in executive and management level positions.,Employment,,,https://www.global-employment-li.com,contact@globalemploymen.com,+43 641277817,887 Central Avenue,,,Linz,,,Austria,,,,,,,,,True,True,,,
,employment_businesses_20251106_120745,,Legal Recruitment Linz,,International career services helping professionals find opportunities across Europe.,Employment,,,https://www.legal-recruitment-li.com,contact@legalrecruitmen.com,+43 393424707,81 Corporate Avenue,,,Linz,,,Austria,,,,,,,,,True,False,,,
,employment_businesses_20251106_120745,,Linz Career Center,,Executive recruitment firm serving multinational corporations and SMEs.,Employment,,,https://www.linz-career-center.com,contact@linzcareercente.com,+43 946890118,935 Business Street,,,Linz,,,Austria,,,,,,,,,True,True,,,
,employment_businesses_20251106_120745,,Linz Sales Careers,,"Employment consultancy specializing in finance, banking, and accounting careers.",Employment,,,https://www.linz-sales-careers.com,contact@linzsalescareer.com,+43 418080879,720 Linz Plaza,,,Linz,,,Austria,,,,,,,,,True,False,,,
,employment_businesses_20251106_120745,,Staffing Excellence Austria,,Employment agency dedicated to healthcare staffing and medical professional placements.,Employment,,,https://www.staffing-excellence-.com,contact@staffingexcelle.com,+43 928453200,48 Career Street,,,Linz,,,Austria,,,,,,,,,True,False,,,
,employment_businesses_20251106_120745,,WorldWork Linz,,Specialized recruitment consultancy for IT professionals and technology companies.,Employment,,,https://www.worldwork-linz.com,contact@worldworklinz.com,+43 782444365,128 Jobs Road,,,Linz,,,Austria,,,,,,,,,True,True,,,
,employment_businesses_20251106_120745,,Construction Jobs Portugal,,Employment agency dedicated to healthcare staffing and medical professional placements.,Employment,,,https://www.construction-jobs-po.com,contact@constructionjob.com,+351 154781095,548 Professional Street,,,Lisbon,,,Portugal,,,,,,,,,True,True,,,
,employment_businesses_20251106_120745,,Executive Recruitment Lisbon,,International career services helping professionals find opportunities across Europe.,Employment,,,https://www.executive-recruitmen.com,contact@executiverecrui.com,+351 254369661,75 Staffing Road,,,Lisbon,,,Portugal,,,,,,,,,True,True,,,
,employment_businesses_20251106_120745,,Executive Recruitment Lisbon,,Comprehensive employment services including career counseling and job placement.,Employment,,,https://www.executive-recruitmen.com,contact@executiverecrui.com,+351 892317825,658 Career Street,,,Lisbon,,,Portugal,,,,,,,,,True,False,,,
,employment_businesses_20251106_120745,,Hospitality Staff Lisbon,,International recruitment agency for hospitality and tourism industry professionals.,Employment,,,https://www.hospitality-staff-li.com,contact@hospitalitystaf.com,+351 684571889,427 Professional Street,,,Lisbon,,,Portugal,,,,,,,,,True,True,,,
,employment_businesses_20251106_120745,,Lisbon Temp Solutions,,International staffing company providing workforce solutions across European markets.,Employment,,,https://www.lisbon-temp-solution.com,contact@lisbontempsolut.com,+351 296757304,116 Premier Avenue,,,Lisbon,,,Portugal,,,,,,,,,True,True,,,
,employment_businesses_20251106_120745,,Workforce Solutions Lisbon,,Employment agency dedicated to healthcare staffing and medical professional placements.,Employment,,,https://www.workforce-solutions-.com,contact@workforcesoluti.com,+351 167526884,369 Commercial Street,,,Lisbon,,,Portugal,,,,,,,,,True,True,,,
,employment_businesses_20251106_120745,,Engineering Jobs Ljubljana,,"Employment consultancy specializing in finance, banking, and accounting careers.",Employment,,,https://www.engineering-jobs-lju.com,contact@engineeringjobs.com,+386 542611931,684 Ljubljana Plaza,,,Ljubljana,,,Slovenia,,,,,,,,,True,False,,,
,employment_businesses_20251106_120745,,Engineering Jobs Ljubljana,,International employment services focusing on cross-border career opportunities within the EU.,Employment,,,https://www.engineering-jobs-lju.com,contact@engineeringjobs.com,+386 778637808,960 Executive Avenue,,,Ljubljana,,,Slovenia,,,,,,,,,True,True,,,
,employment_businesses_20251106_120745,,Professional Staffing Ljubljana,,Full-service employment agency providing workforce solutions for businesses of all sizes.,Employment,,,https://www.professional-staffin.com,contact@professionalsta.com,+386 616746946,27 Talent Road,,,Ljubljana,,,Slovenia,,,,,,,,,True,True,,,
,employment_businesses_20251106_120745,,Slovenia HR Services,,International employment services focusing on cross-border career opportunities within the EU.,Employment,,,https://www.slovenia-hr-services.com,contact@sloveniahrservi.com,+386 354638637,648 Ljubljana Center,,,Ljubljana,,,Slovenia,,,,,,,,,True,False,,,
,employment_businesses_20251106_120745,,Slovenia Recruitment Partners,,Executive search firm providing high-level recruitment solutions for multinational companies.,Employment,,,https://www.slovenia-recruitment.com,contact@sloveniarecruit.com,+386 276170170,907 Central Avenue,,,Ljubljana,,,Slovenia,,,,,,,,,True,True,,,
,employment_businesses_20251106_120745,,Staffing Excellence Slovenia,,International career services helping professionals find opportunities across Europe.,Employment,,,https://www.staffing-excellence-.com,contact@staffingexcelle.com,+386 370838993,371 Executive Avenue,,,Ljubljana,,,Slovenia,,,,,,,,,True,True,,,
,employment_businesses_20251106_120745,,Career Builders Poland,,"Professional recruitment consultancy for sales, marketing, and business development roles.",Employment,,,https://www.career-builders-pola.com,contact@careerbuildersp.com,+48 258085640,75 Lodz Plaza,,,Lodz,,,Poland,,,,,,,,,True,True,,,
,employment_businesses_20251106_120745,,International Placement Luxembourg,,Professional staffing company focusing on engineering and technical recruitment.,Employment,,,https://www.international-placem.com,contact@internationalpl.com,+352 217026948,89 Corporate Avenue,,,Luxembourg City,,,Luxembourg,,,,,,,,,True,True,,,
,employment_businesses_20251106_120745,,International Placement Luxembourg,,Temporary staffing solutions provider for industrial and manufacturing sectors.,Employment,,,https://www.international-placem.com,contact@internationalpl.com,+352 833367888,881 Luxembourg City Center,,,Luxembourg City,,,Luxembourg,,,,,,,,,True,True,,,
,employment_businesses_20251106_120745,,Luxembourg HR Services,,Specialized recruitment consultancy for IT professionals and technology companies.,Employment,,,https://www.luxembourg-hr-servic.com,contact@luxembourghrser.com,+352 590481950,256 Luxembourg City Park,,,Luxembourg City,,,Luxembourg,,,,,,,,,True,False,,,
,employment_businesses_20251106_120745,,Medical Staff Luxembourg,,Executive search firm providing high-level recruitment solutions for multinational companies.,Employment,,,https://www.medical-staff-luxemb.com,contact@medicalstafflux.com,+352 630908262,633 Luxembourg City Square,,,Luxembourg City,,,Luxembourg,,,,,,,,,True,False,,,
,employment_businesses_20251106_120745,,Elite Lyon Jobs,,International staffing company providing workforce solutions across European markets.,Employment,,,https://www.elite-lyon-jobs.com,contact@elitelyonjobs.com,+33 992664811,996 Jobs Road,,,Lyon,,,France,,,,,,,,,True,True,,,
,employment_businesses_20251106_120745,,International Placement France,,"Comprehensive staffing agency offering recruitment, temp services, and HR consulting.",Employment,,,https://www.international-placem.com,contact@internationalpl.com,+33 997043916,219 Recruitment Road,,,Lyon,,,France,,,,,,,,,True,True,,,
,employment_businesses_20251106_120745,,Lyon Career Center,,"Employment consultancy specializing in finance, banking, and accounting careers.",Employment,,,https://www.lyon-career-center.com,contact@lyoncareercente.com,+33 354842123,179 Staffing Road,,,Lyon,,,France,,,,,,,,,True,False,,,
,employment_businesses_20251106_120745,,Lyon Tech Talent,,Comprehensive employment services including career counseling and job placement.,Employment,,,https://www.lyon-tech-talent.com,contact@lyontechtalent.com,+33 375359623,898 Staffing Road,,,Lyon,,,France,,,,,,,,,True,True,,,
,employment_businesses_20251106_120745,,TalentFind Lyon,,Employment agency specializing in legal profession recruitment and placement services.,Employment,,,https://www.talentfind-lyon.com,contact@talentfindlyon.com,+33 684495404,677 Lyon Park,,,Lyon,,,France,,,,,,,,,True,True,,,
,employment_businesses_20251106_120745,,Cross-Border Jobs Madrid,,"Comprehensive staffing agency offering recruitment, temp services, and HR consulting.",Employment,,,https://www.cross-border-jobs-ma.com,contact@crossborderjobs.com,+34 455819762,812 Employment Street,,,Madrid,,,Spain,,,,,,,,,True,True,,,
,employment_businesses_20251106_120745,,EuroJobs Madrid,,Executive recruitment firm serving multinational corporations and SMEs.,Employment,,,https://www.eurojobs-madrid.com,contact@eurojobsmadrid.com,+34 906771487,239 Employment Street,,,Madrid,,,Spain,,,,,,,,,True,False,,,
,employment_businesses_20251106_120745,,European Careers Madrid,,Executive search firm providing high-level recruitment solutions for multinational companies.,Employment,,,https://www.european-careers-mad.com,contact@europeancareers.com,+34 410497238,319 Madrid Square,,,Madrid,,,Spain,,,,,,,,,True,True,,,
,employment_businesses_20251106_120745,,International Careers Spain,,Leading recruitment consultancy connecting talented professionals with top employers in the region.,Employment,,,https://www.international-career.com,contact@internationalca.com,+34 532845264,917 Madrid Park,,,Madrid,,,Spain,,,,,,,,,True,True,,,
,employment_businesses_20251106_120745,,Staffing Excellence Spain,,Temporary staffing solutions provider for industrial and manufacturing sectors.,Employment,,,https://www.staffing-excellence-.com,contact@staffingexcelle.com,+34 108044054,632 Central Avenue,,,Madrid,,,Spain,,,,,,,,,True,True,,,
,employment_businesses_20251106_120745,,Talent Solutions Madrid,,Comprehensive employment services including career counseling and job placement.,Employment,,,https://www.talent-solutions-mad.com,contact@talentsolutions.com,+34 699046252,149 Talent Road,,,Madrid,,,Spain,,,,,,,,,True,True,,,
,employment_businesses_20251106_120745,,Construction Jobs Sweden,,International employment services focusing on cross-border career opportunities within the EU.,Employment,,,https://www.construction-jobs-sw.com,contact@constructionjob.com,+46 703630701,766 Main Street,,,Malmo,,,Sweden,,,,,,,,,True,False,,,
,employment_businesses_20251106_120745,,International Staff Malmo,,International career services helping professionals find opportunities across Europe.,Employment,,,https://www.international-staff-.com,contact@internationalst.com,+46 247604172,824 Malmo Square,,,Malmo,,,Sweden,,,,,,,,,True,True,,,
,employment_businesses_20251106_120745,,Recruit Pro Malmo,,"Professional recruitment consultancy for sales, marketing, and business development roles.",Employment,,,https://www.recruit-pro-malmo.com,contact@recruitpromalmo.com,+46 250320549,9 Premier Avenue,,,Malmo,,,Sweden,,,,,,,,,True,True,,,
,employment_businesses_20251106_120745,,EU Work Solutions,,Leading recruitment consultancy connecting talented professionals with top employers in the region.,Employment,,,https://www.eu-work-solutions.com,contact@euworksolutions.com,+386 860452759,399 Maribor Park,,,Maribor,,,Slovenia,,,,,,,,,True,True,,,
,employment_businesses_20251106_120745,,Interim Staffing Maribor,,Premier recruitment firm specializing in executive and management level positions.,Employment,,,https://www.interim-staffing-mar.com,contact@interimstaffing.com,+386 578571648,152 Maribor Center,,,Maribor,,,Slovenia,,,,,,,,,True,True,,,
,employment_businesses_20251106_120745,,Maribor Career Center,,Premier recruitment firm specializing in executive and management level positions.,Employment,,,https://www.maribor-career-cente.com,contact@mariborcareerce.com,+386 280707585,865 Maribor Plaza,,,Maribor,,,Slovenia,,,,,,,,,True,False,,,
,employment_businesses_20251106_120745,,Recruit Pro Maribor,,Specialized recruitment consultancy for IT professionals and technology companies.,Employment,,,https://www.recruit-pro-maribor.com,contact@recruitpromarib.com,+386 611016572,661 Maribor Center,,,Maribor,,,Slovenia,,,,,,,,,True,True,,,
,employment_businesses_20251106_120745,,Human Capital Marseille,,Executive recruitment firm serving multinational corporations and SMEs.,Employment,,,https://www.human-capital-marsei.com,contact@humancapitalmar.com,+33 886025001,685 Premier Avenue,,,Marseille,,,France,,,,,,,,,True,True,,,
,employment_businesses_20251106_120745,,International Careers France,,International career services helping professionals find opportunities across Europe.,Employment,,,https://www.international-career.com,contact@internationalca.com,+33 720662685,585 Marseille Square,,,Marseille,,,France,,,,,,,,,True,True,,,
,employment_businesses_20251106_120745,,Marseille Headhunters,,Full-service employment agency providing workforce solutions for businesses of all sizes.,Employment,,,https://www.marseille-headhunter.com,contact@marseilleheadhu.com,+33 231646878,318 Central Avenue,,,Marseille,,,France,,,,,,,,,True,True,,,
,employment_businesses_20251106_120745,,Medical Staff France,,Specialized staffing agency for construction and skilled trades professionals.,Employment,,,https://www.medical-staff-france.com,contact@medicalstafffra.com,+33 522300648,917 Corporate Avenue,,,Marseille,,,France,,,,,,,,,True,True,,,
,employment_businesses_20251106_120745,,WorldWork Marseille,,Professional staffing company focusing on engineering and technical recruitment.,Employment,,,https://www.worldwork-marseille.com,contact@worldworkmarsei.com,+33 645227254,711 Marseille Park,,,Marseille,,,France,,,,,,,,,True,False,,,
,employment_businesses_20251106_120745,,Construction Jobs Italy,,Full-service employment agency providing workforce solutions for businesses of all sizes.,Employment,,,https://www.construction-jobs-it.com,contact@constructionjob.com,+39 641266768,839 Talent Road,,,Milan,,,Italy,,,,,,,,,True,False,,,
,employment_businesses_20251106_120745,,Cross-Border Jobs Milan,,Premier recruitment firm specializing in executive and management level positions.,Employment,,,https://www.cross-border-jobs-mi.com,contact@crossborderjobs.com,+39 247855798,68 Staffing Road,,,Milan,,,Italy,,,,,,,,,True,True,,,
,employment_businesses_20251106_120745,,Executive Recruitment Milan,,Specialized staffing agency for construction and skilled trades professionals.,Employment,,,https://www.executive-recruitmen.com,contact@executiverecrui.com,+39 111928421,788 Milan Plaza,,,Milan,,,Italy,,,,,,,,,True,True,,,
,employment_businesses_20251106_120745,,Italy HR Services,,"Comprehensive staffing agency offering recruitment, temp services, and HR consulting.",Employment,,,https://www.italy-hr-services.com,contact@italyhrservices.com,+39 919922487,992 Milan Center,,,Milan,,,Italy,,,,,,,,,True,True,,,
,employment_businesses_20251106_120745,,Italy Recruitment Partners,,Employment agency specializing in legal profession recruitment and placement services.,Employment,,,https://www.italy-recruitment-pa.com,contact@italyrecruitmen.com,+39 260161873,828 Milan Square,,,Milan,,,Italy,,,,,,,,,True,True,,,
,employment_businesses_20251106_120745,,Medical Staff Italy,,International career services helping professionals find opportunities across Europe.,Employment,,,https://www.medical-staff-italy.com,contact@medicalstaffita.com,+39 530575272,946 Employment Street,,,Milan,,,Italy,,,,,,,,,True,True,,,
,employment_businesses_20251106_120745,,Engineering Jobs Miskolc,,Full-service employment agency providing workforce solutions for businesses of all sizes.,Employment,,,https://www.engineering-jobs-mis.com,contact@engineeringjobs.com,+36 772403846,281 Staffing Road,,,Miskolc,,,Hungary,,,,,,,,,True,True,,,
,employment_businesses_20251106_120745,,Executive Recruitment Miskolc,,Leading recruitment consultancy connecting talented professionals with top employers in the region.,Employment,,,https://www.executive-recruitmen.com,contact@executiverecrui.com,+36 422641366,30 Miskolc Center,,,Miskolc,,,Hungary,,,,,,,,,True,False,,,
,employment_businesses_20251106_120745,,Finance Careers Miskolc,,Specialized recruitment consultancy for IT professionals and technology companies.,Employment,,,https://www.finance-careers-misk.com,contact@financecareersm.com,+36 423312891,128 Staffing Road,,,Miskolc,,,Hungary,,,,,,,,,True,True,,,
,employment_businesses_20251106_120745,,Global Employment Miskolc,,Specialized recruitment consultancy for IT professionals and technology companies.,Employment,,,https://www.global-employment-mi.com,contact@globalemploymen.com,+36 961065917,413 Central Avenue,,,Miskolc,,,Hungary,,,,,,,,,True,True,,,
,employment_businesses_20251106_120745,,International Placement Hungary,,Temporary staffing solutions provider for industrial and manufacturing sectors.,Employment,,,https://www.international-placem.com,contact@internationalpl.com,+36 818260847,191 Corporate Avenue,,,Miskolc,,,Hungary,,,,,,,,,True,True,,,
,employment_businesses_20251106_120745,,Executive Search Malta,,Premier recruitment firm specializing in executive and management level positions.,Employment,,,https://www.executive-search-mal.com,contact@executivesearch.com,+356 306145672,3 Business Street,,,Mosta,,,Malta,,,,,,,,,True,True,,,
,employment_businesses_20251106_120745,,Executive Search Malta,,Professional employment agency specializing in permanent and temporary placements across multiple industries.,Employment,,,https://www.executive-search-mal.com,contact@executivesearch.com,+356 712290259,906 Career Street,,,Mosta,,,Malta,,,,,,,,,True,False,,,
,employment_businesses_20251106_120745,,Flexible Work Malta,,International career services helping professionals find opportunities across Europe.,Employment,,,https://www.flexible-work-malta.com,contact@flexibleworkmal.com,+356 454233249,968 Recruitment Road,,,Mosta,,,Malta,,,,,,,,,True,True,,,
,employment_businesses_20251106_120745,,Hospitality Staff Mosta,,International recruitment agency for hospitality and tourism industry professionals.,Employment,,,https://www.hospitality-staff-mo.com,contact@hospitalitystaf.com,+356 739438231,615 Jobs Road,,,Mosta,,,Malta,,,,,,,,,True,True,,,
,employment_businesses_20251106_120745,,Professional Staffing Mosta,,Leading recruitment consultancy connecting talented professionals with top employers in the region.,Employment,,,https://www.professional-staffin.com,contact@professionalsta.com,+356 537407581,79 Employment Street,,,Mosta,,,Malta,,,,,,,,,True,True,,,
,employment_businesses_20251106_120745,,Recruit Pro Mosta,,International recruitment agency for hospitality and tourism industry professionals.,Employment,,,https://www.recruit-pro-mosta.com,contact@recruitpromosta.com,+356 246225511,961 Talent Road,,,Mosta,,,Malta,,,,,,,,,True,True,,,
,employment_businesses_20251106_120745,,Engineering Jobs Munich,,Employment agency dedicated to healthcare staffing and medical professional placements.,Employment,,,https://www.engineering-jobs-mun.com,contact@engineeringjobs.com,+49 826626239,492 Premier Avenue,,,Munich,,,Germany,,,,,,,,,True,False,,,
,employment_businesses_20251106_120745,,Munich Employment Solutions,,Specialized recruitment consultancy for IT professionals and technology companies.,Employment,,,https://www.munich-employment-so.com,contact@munichemploymen.com,+49 176690935,593 Commercial Street,,,Munich,,,Germany,,,,,,,,,True,True,,,
,employment_businesses_20251106_120745,,Munich Sales Careers,,Full-service employment agency providing workforce solutions for businesses of all sizes.,Employment,,,https://www.munich-sales-careers.com,contact@munichsalescare.com,+49 383174038,205 Munich Square,,,Munich,,,Germany,,,,,,,,,True,True,,,
,employment_businesses_20251106_120745,,Cross-Border Jobs Naples,,Executive search firm providing high-level recruitment solutions for multinational companies.,Employment,,,https://www.cross-border-jobs-na.com,contact@crossborderjobs.com,+39 362540318,789 Staffing Road,,,Naples,,,Italy,,,,,,,,,True,True,,,
,employment_businesses_20251106_120745,,EU Work Solutions,,Specialized staffing agency for construction and skilled trades professionals.,Employment,,,https://www.eu-work-solutions.com,contact@euworksolutions.com,+39 119643109,365 Staffing Road,,,Naples,,,Italy,,,,,,,,,True,True,,,
,employment_businesses_20251106_120745,,Hospitality Staff Naples,,Employment agency specializing in legal profession recruitment and placement services.,Employment,,,https://www.hospitality-staff-na.com,contact@hospitalitystaf.com,+39 613842540,410 Premier Avenue,,,Naples,,,Italy,,,,,,,,,True,True,,,
,employment_businesses_20251106_120745,,Human Capital Naples,,Leading recruitment consultancy connecting talented professionals with top employers in the region.,Employment,,,https://www.human-capital-naples.com,contact@humancapitalnap.com,+39 208290585,236 Central Avenue,,,Naples,,,Italy,,,,,,,,,True,True,,,
,employment_businesses_20251106_120745,,Professional Placement Naples,,"Employment consultancy specializing in finance, banking, and accounting careers.",Employment,,,https://www.professional-placeme.com,contact@professionalpla.com,+39 475798484,906 Jobs Road,,,Naples,,,Italy,,,,,,,,,True,True,,,
,employment_businesses_20251106_120745,,Professional Placement Naples,,"Employment consultancy specializing in finance, banking, and accounting careers.",Employment,,,https://www.professional-placeme.com,contact@professionalpla.com,+39 369799263,772 Naples Park,,,Naples,,,Italy,,,,,,,,,True,True,,,
,employment_businesses_20251106_120745,,Professional Staffing Naples,,Executive search firm providing high-level recruitment solutions for multinational companies.,Employment,,,https://www.professional-staffin.com,contact@professionalsta.com,+39 951895362,427 Staffing Road,,,Naples,,,Italy,,,,,,,,,True,False,,,
,employment_businesses_20251106_120745,,Cross-Border Jobs Narva,,Employment agency specializing in legal profession recruitment and placement services.,Employment,,,https://www.cross-border-jobs-na.com,contact@crossborderjobs.com,+372 482871686,550 Jobs Road,,,Narva,,,Estonia,,,,,,,,,True,True,,,
,employment_businesses_20251106_120745,,Estonia HR Services,,"Comprehensive staffing agency offering recruitment, temp services, and HR consulting.",Employment,,,https://www.estonia-hr-services.com,contact@estoniahrservic.com,+372 782824699,143 Jobs Road,,,Narva,,,Estonia,,,,,,,,,True,False,,,
,employment_businesses_20251106_120745,,EuroJobs Narva,,Executive recruitment firm serving multinational corporations and SMEs.,Employment,,,https://www.eurojobs-narva.com,contact@eurojobsnarva.com,+372 541793546,22 Executive Avenue,,,Narva,,,Estonia,,,,,,,,,True,True,,,
,employment_businesses_20251106_120745,,Recruit Pro Narva,,Temporary staffing solutions provider for industrial and manufacturing sectors.,Employment,,,https://www.recruit-pro-narva.com,contact@recruitpronarva.com,+372 551435098,70 Staffing Road,,,Narva,,,Estonia,,,,,,,,,True,True,,,
,employment_businesses_20251106_120745,,Staffing Excellence Estonia,,Specialized staffing agency for construction and skilled trades professionals.,Employment,,,https://www.staffing-excellence-.com,contact@staffingexcelle.com,+372 327459777,973 Corporate Avenue,,,Narva,,,Estonia,,,,,,,,,True,True,,,
,employment_businesses_20251106_120745,,Temporary Staff Narva,,International employment services focusing on cross-border career opportunities within the EU.,Employment,,,https://www.temporary-staff-narv.com,contact@temporarystaffn.com,+372 836099772,871 Narva Plaza,,,Narva,,,Estonia,,,,,,,,,True,True,,,
,employment_businesses_20251106_120745,,European Careers Nice,,Temporary staffing solutions provider for industrial and manufacturing sectors.,Employment,,,https://www.european-careers-nic.com,contact@europeancareers.com,+33 556734978,66 Jobs Road,,,Nice,,,France,,,,,,,,,True,True,,,
,employment_businesses_20251106_120745,,International Placement France,,Leading recruitment consultancy connecting talented professionals with top employers in the region.,Employment,,,https://www.international-placem.com,contact@internationalpl.com,+33 525069202,456 Professional Street,,,Nice,,,France,,,,,,,,,True,True,,,
,employment_businesses_20251106_120745,,Nice Sales Careers,,"Comprehensive staffing agency offering recruitment, temp services, and HR consulting.",Employment,,,https://www.nice-sales-careers.com,contact@nicesalescareer.com,+33 375049767,213 Nice Plaza,,,Nice,,,France,,,,,,,,,True,True,,,
,employment_businesses_20251106_120745,,Nice Tech Talent,,"Professional recruitment consultancy for sales, marketing, and business development roles.",Employment,,,https://www.nice-tech-talent.com,contact@nicetechtalent.com,+33 884249939,991 Jobs Road,,,Nice,,,France,,,,,,,,,True,False,,,
,employment_businesses_20251106_120745,,International Staff Nicosia,,International career services helping professionals find opportunities across Europe.,Employment,,,https://www.international-staff-.com,contact@internationalst.com,+357 536026561,379 Nicosia Square,,,Nicosia,,,Cyprus,,,,,,,,,True,True,,,
,employment_businesses_20251106_120745,,Nicosia Employment Solutions,,Comprehensive employment services including career counseling and job placement.,Employment,,,https://www.nicosia-employment-s.com,contact@nicosiaemployme.com,+357 195959193,800 Staffing Road,,,Nicosia,,,Cyprus,,,,,,,,,True,True,,,
,employment_businesses_20251106_120745,,Nicosia Sales Careers,,"Professional recruitment consultancy for sales, marketing, and business development roles.",Employment,,,https://www.nicosia-sales-career.com,contact@nicosiasalescar.com,+357 476662891,548 Nicosia Park,,,Nicosia,,,Cyprus,,,,,,,,,True,True,,,
,employment_businesses_20251106_120745,,WorldWork Nicosia,,Employment agency specializing in legal profession recruitment and placement services.,Employment,,,https://www.worldwork-nicosia.com,contact@worldworknicosi.com,+357 888207596,694 Talent Road,,,Nicosia,,,Cyprus,,,,,,,,,True,True,,,
,employment_businesses_20251106_120745,,Denmark Recruitment Partners,,Comprehensive employment services including career counseling and job placement.,Employment,,,https://www.denmark-recruitment-.com,contact@denmarkrecruitm.com,+45 933059264,141 Odense Plaza,,,Odense,,,Denmark,,,,,,,,,True,False,,,
,employment_businesses_20251106_120745,,EU Work Solutions,,Professional employment agency specializing in permanent and temporary placements across multiple industries.,Employment,,,https://www.eu-work-solutions.com,contact@euworksolutions.com,+45 518967652,698 Jobs Road,,,Odense,,,Denmark,,,,,,,,,True,True,,,
,employment_businesses_20251106_120745,,Global Talent Denmark,,International career services helping professionals find opportunities across Europe.,Employment,,,https://www.global-talent-denmar.com,contact@globaltalentden.com,+45 153083539,662 Career Street,,,Odense,,,Denmark,,,,,,,,,True,True,,,
,employment_businesses_20251106_120745,,Odense Sales Careers,,"Professional recruitment consultancy for sales, marketing, and business development roles.",Employment,,,https://www.odense-sales-careers.com,contact@odensesalescare.com,+45 424968330,88 Central Avenue,,,Odense,,,Denmark,,,,,,,,,True,True,,,
,employment_businesses_20251106_120745,,Recruit Pro Odense,,Executive recruitment firm serving multinational corporations and SMEs.,Employment,,,https://www.recruit-pro-odense.com,contact@recruitproodens.com,+45 778330440,904 Jobs Road,,,Odense,,,Denmark,,,,,,,,,True,True,,,
,employment_businesses_20251106_120745,,Croatia HR Services,,International staffing company providing workforce solutions across European markets.,Employment,,,https://www.croatia-hr-services.com,contact@croatiahrservic.com,+385 182964988,304 Staffing Road,,,Osijek,,,Croatia,,,,,,,,,True,True,,,
,employment_businesses_20251106_120745,,Croatia Recruitment Partners,,Employment agency specializing in legal profession recruitment and placement services.,Employment,,,https://www.croatia-recruitment-.com,contact@croatiarecruitm.com,+385 835994871,552 Central Avenue,,,Osijek,,,Croatia,,,,,,,,,True,True,,,
,employment_businesses_20251106_120745,,Elite Osijek Jobs,,Temporary staffing solutions provider for industrial and manufacturing sectors.,Employment,,,https://www.elite-osijek-jobs.com,contact@eliteosijekjobs.com,+385 964068699,276 Staffing Road,,,Osijek,,,Croatia,,,,,,,,,True,True,,,
,employment_businesses_20251106_120745,,Recruit Pro Osijek,,International staffing company providing workforce solutions across European markets.,Employment,,,https://www.recruit-pro-osijek.com,contact@recruitproosije.com,+385 155047842,180 Business Street,,,Osijek,,,Croatia,,,,,,,,,True,True,,,
,employment_businesses_20251106_120745,,Flexible Work Czech Republic,,Specialized staffing agency for construction and skilled trades professionals.,Employment,,,https://www.flexible-work-czech-.com,contact@flexibleworkcze.com,+420 455644856,77 Recruitment Road,,,Ostrava,,,Czech Republic,,,,,,,,,True,False,,,
,employment_businesses_20251106_120745,,Career Builders Finland,,"Comprehensive staffing agency offering recruitment, temp services, and HR consulting.",Employment,,,https://www.career-builders-finl.com,contact@careerbuildersf.com,+358 181415346,388 Premier Avenue,,,Oulu,,,Finland,,,,,,,,,True,True,,,
,employment_businesses_20251106_120745,,Career Builders Finland,,International employment services focusing on cross-border career opportunities within the EU.,Employment,,,https://www.career-builders-finl.com,contact@careerbuildersf.com,+358 724199635,52 Commercial Street,,,Oulu,,,Finland,,,,,,,,,True,True,,,
,employment_businesses_20251106_120745,,Oulu Contract Work,,"Professional recruitment consultancy for sales, marketing, and business development roles.",Employment,,,https://www.oulu-contract-work.com,contact@oulucontractwor.com,+358 620652639,700 Premier Avenue,,,Oulu,,,Finland,,,,,,,,,True,True,,,
,employment_businesses_20251106_120745,,Oulu Headhunters,,International employment services focusing on cross-border career opportunities within the EU.,Employment,,,https://www.oulu-headhunters.com,contact@ouluheadhunters.com,+358 449365556,473 Oulu Center,,,Oulu,,,Finland,,,,,,,,,True,False,,,
,employment_businesses_20251106_120745,,Professional Placement Oulu,,"Employment consultancy specializing in finance, banking, and accounting careers.",Employment,,,https://www.professional-placeme.com,contact@professionalpla.com,+358 640635245,302 Oulu Park,,,Oulu,,,Finland,,,,,,,,,True,False,,,
,employment_businesses_20251106_120745,,Palermo Headhunters,,Professional staffing company focusing on engineering and technical recruitment.,Employment,,,https://www.palermo-headhunters.com,contact@palermoheadhunt.com,+39 722583865,575 Palermo Center,,,Palermo,,,Italy,,,,,,,,,True,True,,,
,employment_businesses_20251106_120745,,EuroJobs Panevezys,,Temporary staffing solutions provider for industrial and manufacturing sectors.,Employment,,,https://www.eurojobs-panevezys.com,contact@eurojobspanevez.com,+370 642987958,148 Commercial Street,,,Panevezys,,,Lithuania,,,,,,,,,True,False,,,
,employment_businesses_20251106_120745,,International Careers Lithuania,,Specialized recruitment consultancy for IT professionals and technology companies.,Employment,,,https://www.international-career.com,contact@internationalca.com,+370 503240455,875 Jobs Road,,,Panevezys,,,Lithuania,,,,,,,,,True,False,,,
,employment_businesses_20251106_120745,,International Placement Lithuania,,Executive search firm providing high-level recruitment solutions for multinational companies.,Employment,,,https://www.international-placem.com,contact@internationalpl.com,+370 708610020,192 Recruitment Road,,,Panevezys,,,Lithuania,,,,,,,,,True,True,,,
,employment_businesses_20251106_120745,,International Staff Panevezys,,"Employment consultancy specializing in finance, banking, and accounting careers.",Employment,,,https://www.international-staff-.com,contact@internationalst.com,+370 823293351,923 Jobs Road,,,Panevezys,,,Lithuania,,,,,,,,,True,True,,,
,employment_businesses_20251106_120745,,Panevezys Work Agency,,Leading recruitment consultancy connecting talented professionals with top employers in the region.,Employment,,,https://www.panevezys-work-agenc.com,contact@panevezysworkag.com,+370 622457786,245 Corporate Avenue,,,Panevezys,,,Lithuania,,,,,,,,,True,True,,,
,employment_businesses_20251106_120745,,Cyprus Recruitment Partners,,Temporary staffing solutions provider for industrial and manufacturing sectors.,Employment,,,https://www.cyprus-recruitment-p.com,contact@cyprusrecruitme.com,+357 186945092,393 Paphos Center,,,Paphos,,,Cyprus,,,,,,,,,True,False,,,
,employment_businesses_20251106_120745,,Executive Recruitment Paphos,,International career services helping professionals find opportunities across Europe.,Employment,,,https://www.executive-recruitmen.com,contact@executiverecrui.com,+357 773972775,840 Paphos Center,,,Paphos,,,Cyprus,,,,,,,,,True,True,,,
,employment_businesses_20251106_120745,,Healthcare Staffing Cyprus,,Premier recruitment firm specializing in executive and management level positions.,Employment,,,https://www.healthcare-staffing-.com,contact@healthcarestaff.com,+357 214518888,491 Paphos Plaza,,,Paphos,,,Cyprus,,,,,,,,,True,True,,,
,employment_businesses_20251106_120745,,Paphos Contract Work,,Professional employment agency specializing in permanent and temporary placements across multiple industries.,Employment,,,https://www.paphos-contract-work.com,contact@paphoscontractw.com,+357 371818560,544 Paphos Center,,,Paphos,,,Cyprus,,,,,,,,,True,True,,,
,employment_businesses_20251106_120745,,Paphos Contract Work,,Specialized recruitment consultancy for IT professionals and technology companies.,Employment,,,https://www.paphos-contract-work.com,contact@paphoscontractw.com,+357 434327587,686 Main Street,,,Paphos,,,Cyprus,,,,,,,,,True,True,,,
,employment_businesses_20251106_120745,,Cross-Border Jobs Paris,,International employment services focusing on cross-border career opportunities within the EU.,Employment,,,https://www.cross-border-jobs-pa.com,contact@crossborderjobs.com,+33 102463057,38 Jobs Road,,,Paris,,,France,,,,,,,,,True,False,,,
,employment_businesses_20251106_120745,,EU Work Solutions,,"Employment consultancy specializing in finance, banking, and accounting careers.",Employment,,,https://www.eu-work-solutions.com,contact@euworksolutions.com,+33 462957222,431 Main Street,,,Paris,,,France,,,,,,,,,True,True,,,
,employment_businesses_20251106_120745,,Finance Careers Paris,,Employment agency specializing in legal profession recruitment and placement services.,Employment,,,https://www.finance-careers-pari.com,contact@financecareersp.com,+33 720652502,163 Main Street,,,Paris,,,France,,,,,,,,,True,True,,,
,employment_businesses_20251106_120745,,Professional Staffing Paris,,Temporary staffing solutions provider for industrial and manufacturing sectors.,Employment,,,https://www.professional-staffin.com,contact@professionalsta.com,+33 401784729,159 Premier Avenue,,,Paris,,,France,,,,,,,,,True,True,,,
,employment_businesses_20251106_120745,,Parnu Employment Solutions,,Executive recruitment firm serving multinational corporations and SMEs.,Employment,,,https://www.parnu-employment-sol.com,contact@parnuemployment.com,+372 103496987,402 Business Street,,,Parnu,,,Estonia,,,,,,,,,True,False,,,
,employment_businesses_20251106_120745,,TalentFind Parnu,,Professional employment agency specializing in permanent and temporary placements across multiple industries.,Employment,,,https://www.talentfind-parnu.com,contact@talentfindparnu.com,+372 852808081,223 Parnu Park,,,Parnu,,,Estonia,,,,,,,,,True,True,,,
,employment_businesses_20251106_120745,,Workforce Solutions Parnu,,Temporary staffing solutions provider for industrial and manufacturing sectors.,Employment,,,https://www.workforce-solutions-.com,contact@workforcesoluti.com,+372 928819504,223 Parnu Center,,,Parnu,,,Estonia,,,,,,,,,True,False,,,
,employment_businesses_20251106_120745,,EuroJobs Patras,,Employment agency specializing in legal profession recruitment and placement services.,Employment,,,https://www.eurojobs-patras.com,contact@eurojobspatras.com,+30 177700826,234 Patras Center,,,Patras,,,Greece,,,,,,,,,True,True,,,
,employment_businesses_20251106_120745,,Finance Careers Patras,,Temporary staffing solutions provider for industrial and manufacturing sectors.,Employment,,,https://www.finance-careers-patr.com,contact@financecareersp.com,+30 150168510,441 Patras Plaza,,,Patras,,,Greece,,,,,,,,,True,False,,,
,employment_businesses_20251106_120745,,Global Employment Patras,,Employment agency dedicated to healthcare staffing and medical professional placements.,Employment,,,https://www.global-employment-pa.com,contact@globalemploymen.com,+30 673411557,160 Patras Plaza,,,Patras,,,Greece,,,,,,,,,True,False,,,
,employment_businesses_20251106_120745,,Patras Temp Solutions,,Employment agency specializing in legal profession recruitment and placement services.,Employment,,,https://www.patras-temp-solution.com,contact@patrastempsolut.com,+30 911655990,430 Talent Road,,,Patras,,,Greece,,,,,,,,,True,True,,,
,employment_businesses_20251106_120745,,Career Builders Hungary,,"Comprehensive staffing agency offering recruitment, temp services, and HR consulting.",Employment,,,https://www.career-builders-hung.com,contact@careerbuildersh.com,+36 408511570,629 Professional Street,,,Pecs,,,Hungary,,,,,,,,,True,True,,,
,employment_businesses_20251106_120745,,Interim Staffing Pecs,,Executive recruitment firm serving multinational corporations and SMEs.,Employment,,,https://www.interim-staffing-pec.com,contact@interimstaffing.com,+36 202963777,641 Commercial Street,,,Pecs,,,Hungary,,,,,,,,,True,True,,,
,employment_businesses_20251106_120745,,Pecs Work Agency,,Professional employment agency specializing in permanent and temporary placements across multiple industries.,Employment,,,https://www.pecs-work-agency.com,contact@pecsworkagency.com,+36 519529387,313 Professional Street,,,Pecs,,,Hungary,,,,,,,,,True,True,,,
,employment_businesses_20251106_120745,,Professional Placement Pecs,,Premier recruitment firm specializing in executive and management level positions.,Employment,,,https://www.professional-placeme.com,contact@professionalpla.com,+36 142980407,441 Professional Street,,,Pecs,,,Hungary,,,,,,,,,True,True,,,
,employment_businesses_20251106_120745,,Temporary Staff Pecs,,International employment services focusing on cross-border career opportunities within the EU.,Employment,,,https://www.temporary-staff-pecs.com,contact@temporarystaffp.com,+36 436337507,704 Pecs Park,,,Pecs,,,Hungary,,,,,,,,,True,False,,,
,employment_businesses_20251106_120745,,Workforce Solutions Pecs,,Executive search firm providing high-level recruitment solutions for multinational companies.,Employment,,,https://www.workforce-solutions-.com,contact@workforcesoluti.com,+36 377120544,359 Pecs Square,,,Pecs,,,Hungary,,,,,,,,,True,True,,,
,employment_businesses_20251106_120745,,EuroJobs Piraeus,,Executive search firm providing high-level recruitment solutions for multinational companies.,Employment,,,https://www.eurojobs-piraeus.com,contact@eurojobspiraeus.com,+30 910601397,162 Staffing Road,,,Piraeus,,,Greece,,,,,,,,,True,True,,,
,employment_businesses_20251106_120745,,International Placement Greece,,International staffing company providing workforce solutions across European markets.,Employment,,,https://www.international-placem.com,contact@internationalpl.com,+30 544352159,368 Career Street,,,Piraeus,,,Greece,,,,,,,,,True,False,,,
,employment_businesses_20251106_120745,,Piraeus Temp Solutions,,Premier recruitment firm specializing in executive and management level positions.,Employment,,,https://www.piraeus-temp-solutio.com,contact@piraeustempsolu.com,+30 901494474,552 Commercial Street,,,Piraeus,,,Greece,,,,,,,,,True,True,,,
,employment_businesses_20251106_120745,,Premier Recruitment Piraeus,,Leading recruitment consultancy connecting talented professionals with top employers in the region.,Employment,,,https://www.premier-recruitment-.com,contact@premierrecruitm.com,+30 118615035,692 Piraeus Plaza,,,Piraeus,,,Greece,,,,,,,,,True,False,,,
,employment_businesses_20251106_120745,,EU Work Solutions,,Full-service employment agency providing workforce solutions for businesses of all sizes.,Employment,,,https://www.eu-work-solutions.com,contact@euworksolutions.com,+359 755947568,151 Premier Avenue,,,Plovdiv,,,Bulgaria,,,,,,,,,True,True,,,
,employment_businesses_20251106_120745,,Human Capital Plovdiv,,"Professional recruitment consultancy for sales, marketing, and business development roles.",Employment,,,https://www.human-capital-plovdi.com,contact@humancapitalplo.com,+359 450187700,125 Professional Street,,,Plovdiv,,,Bulgaria,,,,,,,,,True,False,,,
,employment_businesses_20251106_120745,,Interim Staffing Plovdiv,,Full-service employment agency providing workforce solutions for businesses of all sizes.,Employment,,,https://www.interim-staffing-plo.com,contact@interimstaffing.com,+359 388310440,101 Corporate Avenue,,,Plovdiv,,,Bulgaria,,,,,,,,,True,False,,,
,employment_businesses_20251106_120745,,Professional Placement Plovdiv,,Professional employment agency specializing in permanent and temporary placements across multiple industries.,Employment,,,https://www.professional-placeme.com,contact@professionalpla.com,+359 660288474,243 Recruitment Road,,,Plovdiv,,,Bulgaria,,,,,,,,,True,True,,,
,employment_businesses_20251106_120745,,EuroJobs Plzen,,"Professional recruitment consultancy for sales, marketing, and business development roles.",Employment,,,https://www.eurojobs-plzen.com,contact@eurojobsplzen.com,+420 828928531,748 Plzen Plaza,,,Plzen,,,Czech Republic,,,,,,,,,True,True,,,
,employment_businesses_20251106_120745,,Executive Search Czech Republic,,"Employment consultancy specializing in finance, banking, and accounting careers.",Employment,,,https://www.executive-search-cze.com,contact@executivesearch.com,+420 103991868,160 Staffing Road,,,Plzen,,,Czech Republic,,,,,,,,,True,False,,,
,employment_businesses_20251106_120745,,Plzen Career Center,,Employment agency specializing in legal profession recruitment and placement services.,Employment,,,https://www.plzen-career-center.com,contact@plzencareercent.com,+420 487221552,288 Premier Avenue,,,Plzen,,,Czech Republic,,,,,,,,,True,True,,,
,employment_businesses_20251106_120745,,Premier Recruitment Plzen,,International staffing company providing workforce solutions across European markets.,Employment,,,https://www.premier-recruitment-.com,contact@premierrecruitm.com,+420 131952816,656 Executive Avenue,,,Plzen,,,Czech Republic,,,,,,,,,True,False,,,
,employment_businesses_20251106_120745,,Professional Placement Plzen,,Leading recruitment consultancy connecting talented professionals with top employers in the region.,Employment,,,https://www.professional-placeme.com,contact@professionalpla.com,+420 704472496,734 Commercial Street,,,Plzen,,,Czech Republic,,,,,,,,,True,True,,,
,employment_businesses_20251106_120745,,Construction Jobs Portugal,,Professional employment agency specializing in permanent and temporary placements across multiple industries.,Employment,,,https://www.construction-jobs-po.com,contact@constructionjob.com,+351 348056802,961 Talent Road,,,Porto,,,Portugal,,,,,,,,,True,True,,,
,employment_businesses_20251106_120745,,Construction Jobs Portugal,,Full-service employment agency providing workforce solutions for businesses of all sizes.,Employment,,,https://www.construction-jobs-po.com,contact@constructionjob.com,+351 965569315,56 Business Street,,,Porto,,,Portugal,,,,,,,,,True,True,,,
,employment_businesses_20251106_120745,,EU Work Solutions,,Executive search firm providing high-level recruitment solutions for multinational companies.,Employment,,,https://www.eu-work-solutions.com,contact@euworksolutions.com,+351 561515503,253 Porto Square,,,Porto,,,Portugal,,,,,,,,,True,False,,,
,employment_businesses_20251106_120745,,Healthcare Staffing Portugal,,International staffing company providing workforce solutions across European markets.,Employment,,,https://www.healthcare-staffing-.com,contact@healthcarestaff.com,+351 846251714,266 Porto Square,,,Porto,,,Portugal,,,,,,,,,True,False,,,
,employment_businesses_20251106_120745,,Portugal Recruitment Partners,,"Comprehensive staffing agency offering recruitment, temp services, and HR consulting.",Employment,,,https://www.portugal-recruitment.com,contact@portugalrecruit.com,+351 747408313,681 Porto Plaza,,,Porto,,,Portugal,,,,,,,,,True,True,,,
,employment_businesses_20251106_120745,,Premier Recruitment Porto,,Temporary staffing solutions provider for industrial and manufacturing sectors.,Employment,,,https://www.premier-recruitment-.com,contact@premierrecruitm.com,+351 690004367,429 Premier Avenue,,,Porto,,,Portugal,,,,,,,,,True,True,,,
,employment_businesses_20251106_120745,,International Placement Poland,,Specialized staffing agency for construction and skilled trades professionals.,Employment,,,https://www.international-placem.com,contact@internationalpl.com,+48 390905909,79 Main Street,,,Poznan,,,Poland,,,,,,,,,True,True,,,
,employment_businesses_20251106_120745,,International Staff Poznan,,Leading recruitment consultancy connecting talented professionals with top employers in the region.,Employment,,,https://www.international-staff-.com,contact@internationalst.com,+48 620773728,821 Poznan Square,,,Poznan,,,Poland,,,,,,,,,True,True,,,
,employment_businesses_20251106_120745,,International Staff Poznan,,International recruitment agency for hospitality and tourism industry professionals.,Employment,,,https://www.international-staff-.com,contact@internationalst.com,+48 765239758,6 Executive Avenue,,,Poznan,,,Poland,,,,,,,,,True,False,,,
,employment_businesses_20251106_120745,,Premier Recruitment Poznan,,"Employment consultancy specializing in finance, banking, and accounting careers.",Employment,,,https://www.premier-recruitment-.com,contact@premierrecruitm.com,+48 322070386,603 Main Street,,,Poznan,,,Poland,,,,,,,,,True,True,,,
,employment_businesses_20251106_120745,,Recruit Pro Poznan,,International staffing company providing workforce solutions across European markets.,Employment,,,https://www.recruit-pro-poznan.com,contact@recruitpropozna.com,+48 691979790,970 Staffing Road,,,Poznan,,,Poland,,,,,,,,,True,True,,,
,employment_businesses_20251106_120745,,Temporary Staff Poznan,,International recruitment agency for hospitality and tourism industry professionals.,Employment,,,https://www.temporary-staff-pozn.com,contact@temporarystaffp.com,+48 617276414,755 Poznan Park,,,Poznan,,,Poland,,,,,,,,,True,True,,,
,employment_businesses_20251106_120745,,Cross-Border Jobs Prague,,"Comprehensive staffing agency offering recruitment, temp services, and HR consulting.",Employment,,,https://www.cross-border-jobs-pr.com,contact@crossborderjobs.com,+420 820695214,172 Main Street,,,Prague,,,Czech Republic,,,,,,,,,True,True,,,
,employment_businesses_20251106_120745,,Medical Staff Czech Republic,,Full-service employment agency providing workforce solutions for businesses of all sizes.,Employment,,,https://www.medical-staff-czech-.com,contact@medicalstaffcze.com,+420 965550864,237 Business Street,,,Prague,,,Czech Republic,,,,,,,,,True,True,,,
,employment_businesses_20251106_120745,,Prague Temp Solutions,,Premier recruitment firm specializing in executive and management level positions.,Employment,,,https://www.prague-temp-solution.com,contact@praguetempsolut.com,+420 965187135,633 Prague Center,,,Prague,,,Czech Republic,,,,,,,,,True,True,,,
,employment_businesses_20251106_120745,,Premier Recruitment Prague,,Employment agency dedicated to healthcare staffing and medical professional placements.,Employment,,,https://www.premier-recruitment-.com,contact@premierrecruitm.com,+420 397059543,746 Prague Park,,,Prague,,,Czech Republic,,,,,,,,,True,False,,,
,employment_businesses_20251106_120745,,Career Builders Slovakia,,International career services helping professionals find opportunities across Europe.,Employment,,,https://www.career-builders-slov.com,contact@careerbuilderss.com,+421 649344167,139 Presov Square,,,Presov,,,Slovakia,,,,,,,,,True,True,,,
,employment_businesses_20251106_120745,,Interim Staffing Presov,,"Professional recruitment consultancy for sales, marketing, and business development roles.",Employment,,,https://www.interim-staffing-pre.com,contact@interimstaffing.com,+421 235609491,177 Executive Avenue,,,Presov,,,Slovakia,,,,,,,,,True,False,,,
,employment_businesses_20251106_120745,,Legal Recruitment Presov,,Executive search firm providing high-level recruitment solutions for multinational companies.,Employment,,,https://www.legal-recruitment-pr.com,contact@legalrecruitmen.com,+421 129080803,200 Staffing Road,,,Presov,,,Slovakia,,,,,,,,,True,True,,,
,employment_businesses_20251106_120745,,Hospitality Staff Qormi,,International recruitment agency for hospitality and tourism industry professionals.,Employment,,,https://www.hospitality-staff-qo.com,contact@hospitalitystaf.com,+356 879193051,850 Jobs Road,,,Qormi,,,Malta,,,,,,,,,True,True,,,
,employment_businesses_20251106_120745,,Qormi Employment Solutions,,Leading recruitment consultancy connecting talented professionals with top employers in the region.,Employment,,,https://www.qormi-employment-sol.com,contact@qormiemployment.com,+356 882921971,366 Talent Road,,,Qormi,,,Malta,,,,,,,,,True,True,,,
,employment_businesses_20251106_120745,,Staffing Excellence Malta,,International employment services focusing on cross-border career opportunities within the EU.,Employment,,,https://www.staffing-excellence-.com,contact@staffingexcelle.com,+356 629473167,292 Corporate Avenue,,,Qormi,,,Malta,,,,,,,,,True,True,,,
,employment_businesses_20251106_120745,,Construction Jobs Latvia,,Specialized recruitment consultancy for IT professionals and technology companies.,Employment,,,https://www.construction-jobs-la.com,contact@constructionjob.com,+371 587387235,703 Riga Plaza,,,Riga,,,Latvia,,,,,,,,,True,False,,,
,employment_businesses_20251106_120745,,Global Talent Latvia,,Executive search firm providing high-level recruitment solutions for multinational companies.,Employment,,,https://www.global-talent-latvia.com,contact@globaltalentlat.com,+371 258082864,345 Talent Road,,,Riga,,,Latvia,,,,,,,,,True,True,,,
,employment_businesses_20251106_120745,,JobConnect Latvia,,International recruitment agency for hospitality and tourism industry professionals.,Employment,,,https://www.jobconnect-latvia.com,contact@jobconnectlatvi.com,+371 269504206,485 Riga Plaza,,,Riga,,,Latvia,,,,,,,,,True,True,,,
,employment_businesses_20251106_120745,,Riga Career Center,,International employment services focusing on cross-border career opportunities within the EU.,Employment,,,https://www.riga-career-center.com,contact@rigacareercente.com,+371 485544283,369 Staffing Road,,,Riga,,,Latvia,,,,,,,,,True,True,,,
,employment_businesses_20251106_120745,,Riga Sales Careers,,"Employment consultancy specializing in finance, banking, and accounting careers.",Employment,,,https://www.riga-sales-careers.com,contact@rigasalescareer.com,+371 952432878,721 Jobs Road,,,Riga,,,Latvia,,,,,,,,,True,False,,,
,employment_businesses_20251106_120745,,Construction Jobs Croatia,,Professional employment agency specializing in permanent and temporary placements across multiple industries.,Employment,,,https://www.construction-jobs-cr.com,contact@constructionjob.com,+385 963464261,572 Rijeka Center,,,Rijeka,,,Croatia,,,,,,,,,True,True,,,
,employment_businesses_20251106_120745,,Flexible Work Croatia,,Full-service employment agency providing workforce solutions for businesses of all sizes.,Employment,,,https://www.flexible-work-croati.com,contact@flexibleworkcro.com,+385 268662061,740 Rijeka Park,,,Rijeka,,,Croatia,,,,,,,,,True,False,,,
,employment_businesses_20251106_120745,,Global Talent Croatia,,Executive search firm providing high-level recruitment solutions for multinational companies.,Employment,,,https://www.global-talent-croati.com,contact@globaltalentcro.com,+385 445857487,461 Staffing Road,,,Rijeka,,,Croatia,,,,,,,,,True,True,,,
,employment_businesses_20251106_120745,,Legal Recruitment Rijeka,,Temporary staffing solutions provider for industrial and manufacturing sectors.,Employment,,,https://www.legal-recruitment-ri.com,contact@legalrecruitmen.com,+385 614816113,185 Employment Street,,,Rijeka,,,Croatia,,,,,,,,,True,True,,,
,employment_businesses_20251106_120745,,Staffing Excellence Croatia,,International career services helping professionals find opportunities across Europe.,Employment,,,https://www.staffing-excellence-.com,contact@staffingexcelle.com,+385 648933553,729 Executive Avenue,,,Rijeka,,,Croatia,,,,,,,,,True,True,,,
,employment_businesses_20251106_120745,,Finance Careers Rome,,Specialized recruitment consultancy for IT professionals and technology companies.,Employment,,,https://www.finance-careers-rome.com,contact@financecareersr.com,+39 407547984,485 Rome Square,,,Rome,,,Italy,,,,,,,,,True,True,,,
,employment_businesses_20251106_120745,,Global Talent Italy,,Specialized staffing agency for construction and skilled trades professionals.,Employment,,,https://www.global-talent-italy.com,contact@globaltalentita.com,+39 728342834,743 Recruitment Road,,,Rome,,,Italy,,,,,,,,,True,False,,,
,employment_businesses_20251106_120745,,Healthcare Staffing Italy,,Professional employment agency specializing in permanent and temporary placements across multiple industries.,Employment,,,https://www.healthcare-staffing-.com,contact@healthcarestaff.com,+39 971767331,568 Central Avenue,,,Rome,,,Italy,,,,,,,,,True,False,,,
,employment_businesses_20251106_120745,,Medical Staff Italy,,Professional staffing company focusing on engineering and technical recruitment.,Employment,,,https://www.medical-staff-italy.com,contact@medicalstaffita.com,+39 549628677,470 Central Avenue,,,Rome,,,Italy,,,,,,,,,True,True,,,
,employment_businesses_20251106_120745,,Elite Rotterdam Jobs,,Professional employment agency specializing in permanent and temporary placements across multiple industries.,Employment,,,https://www.elite-rotterdam-jobs.com,contact@eliterotterdamj.com,+31 639573705,929 Staffing Road,,,Rotterdam,,,Netherlands,,,,,,,,,True,False,,,
,employment_businesses_20251106_120745,,Engineering Jobs Rotterdam,,International employment services focusing on cross-border career opportunities within the EU.,Employment,,,https://www.engineering-jobs-rot.com,contact@engineeringjobs.com,+31 916313869,528 Executive Avenue,,,Rotterdam,,,Netherlands,,,,,,,,,True,False,,,
,employment_businesses_20251106_120745,,EuroJobs Rotterdam,,Executive recruitment firm serving multinational corporations and SMEs.,Employment,,,https://www.eurojobs-rotterdam.com,contact@eurojobsrotterd.com,+31 775082078,722 Corporate Avenue,,,Rotterdam,,,Netherlands,,,,,,,,,True,True,,,
,employment_businesses_20251106_120745,,Netherlands Recruitment Partners,,Executive search firm providing high-level recruitment solutions for multinational companies.,Employment,,,https://www.netherlands-recruitm.com,contact@netherlandsrecr.com,+31 773981903,405 Recruitment Road,,,Rotterdam,,,Netherlands,,,,,,,,,True,True,,,
,employment_businesses_20251106_120745,,Professional Placement Rotterdam,,"Comprehensive staffing agency offering recruitment, temp services, and HR consulting.",Employment,,,https://www.professional-placeme.com,contact@professionalpla.com,+31 784650113,844 Business Street,,,Rotterdam,,,Netherlands,,,,,,,,,True,False,,,
,employment_businesses_20251106_120745,,Professional Staffing Rotterdam,,Professional staffing company focusing on engineering and technical recruitment.,Employment,,,https://www.professional-staffin.com,contact@professionalsta.com,+31 407570858,922 Employment Street,,,Rotterdam,,,Netherlands,,,,,,,,,True,False,,,
,employment_businesses_20251106_120745,,Construction Jobs Bulgaria,,International employment services focusing on cross-border career opportunities within the EU.,Employment,,,https://www.construction-jobs-bu.com,contact@constructionjob.com,+359 427810454,987 Commercial Street,,,Ruse,,,Bulgaria,,,,,,,,,True,True,,,
,employment_businesses_20251106_120745,,EU Work Solutions,,"Employment consultancy specializing in finance, banking, and accounting careers.",Employment,,,https://www.eu-work-solutions.com,contact@euworksolutions.com,+359 567177112,905 Staffing Road,,,Ruse,,,Bulgaria,,,,,,,,,True,True,,,
,employment_businesses_20251106_120745,,Global Employment Ruse,,"Comprehensive staffing agency offering recruitment, temp services, and HR consulting.",Employment,,,https://www.global-employment-ru.com,contact@globalemploymen.com,+359 543534533,395 Main Street,,,Ruse,,,Bulgaria,,,,,,,,,True,True,,,
,employment_businesses_20251106_120745,,Professional Placement Ruse,,Full-service employment agency providing workforce solutions for businesses of all sizes.,Employment,,,https://www.professional-placeme.com,contact@professionalpla.com,+359 332582525,746 Recruitment Road,,,Ruse,,,Bulgaria,,,,,,,,,True,True,,,
,employment_businesses_20251106_120745,,TalentFind Ruse,,"Professional recruitment consultancy for sales, marketing, and business development roles.",Employment,,,https://www.talentfind-ruse.com,contact@talentfindruse.com,+359 222720198,42 Ruse Park,,,Ruse,,,Bulgaria,,,,,,,,,True,False,,,
,employment_businesses_20251106_120745,,WorldWork Ruse,,Leading recruitment consultancy connecting talented professionals with top employers in the region.,Employment,,,https://www.worldwork-ruse.com,contact@worldworkruse.com,+359 262270113,925 Ruse Park,,,Ruse,,,Bulgaria,,,,,,,,,True,True,,,
,employment_businesses_20251106_120745,,IT Recruitment Salzburg,,Temporary staffing solutions provider for industrial and manufacturing sectors.,Employment,,,https://www.it-recruitment-salzb.com,contact@itrecruitmentsa.com,+43 752184563,6 Salzburg Center,,,Salzburg,,,Austria,,,,,,,,,True,True,,,
,employment_businesses_20251106_120745,,International Careers Austria,,Professional employment agency specializing in permanent and temporary placements across multiple industries.,Employment,,,https://www.international-career.com,contact@internationalca.com,+43 591093357,355 Salzburg Center,,,Salzburg,,,Austria,,,,,,,,,True,True,,,
,employment_businesses_20251106_120745,,Salzburg Employment Solutions,,Comprehensive employment services including career counseling and job placement.,Employment,,,https://www.salzburg-employment-.com,contact@salzburgemploym.com,+43 335262636,276 Salzburg Square,,,Salzburg,,,Austria,,,,,,,,,True,True,,,
,employment_businesses_20251106_120745,,Temporary Staff Salzburg,,Premier recruitment firm specializing in executive and management level positions.,Employment,,,https://www.temporary-staff-salz.com,contact@temporarystaffs.com,+43 516374314,355 Salzburg Plaza,,,Salzburg,,,Austria,,,,,,,,,True,True,,,
,employment_businesses_20251106_120745,,Construction Jobs Spain,,"Professional recruitment consultancy for sales, marketing, and business development roles.",Employment,,,https://www.construction-jobs-sp.com,contact@constructionjob.com,+34 848033196,256 Seville Plaza,,,Seville,,,Spain,,,,,,,,,True,True,,,
,employment_businesses_20251106_120745,,Human Capital Seville,,Leading recruitment consultancy connecting talented professionals with top employers in the region.,Employment,,,https://www.human-capital-sevill.com,contact@humancapitalsev.com,+34 129444608,961 Corporate Avenue,,,Seville,,,Spain,,,,,,,,,True,True,,,
,employment_businesses_20251106_120745,,Legal Recruitment Seville,,Comprehensive employment services including career counseling and job placement.,Employment,,,https://www.legal-recruitment-se.com,contact@legalrecruitmen.com,+34 874621251,393 Executive Avenue,,,Seville,,,Spain,,,,,,,,,True,False,,,
,employment_businesses_20251106_120745,,Construction Jobs Lithuania,,Premier recruitment firm specializing in executive and management level positions.,Employment,,,https://www.construction-jobs-li.com,contact@constructionjob.com,+370 210391127,423 Employment Street,,,Siauliai,,,Lithuania,,,,,,,,,True,False,,,
,employment_businesses_20251106_120745,,Executive Recruitment Siauliai,,Professional staffing company focusing on engineering and technical recruitment.,Employment,,,https://www.executive-recruitmen.com,contact@executiverecrui.com,+370 668946450,619 Main Street,,,Siauliai,,,Lithuania,,,,,,,,,True,True,,,
,employment_businesses_20251106_120745,,Human Capital Siauliai,,Specialized staffing agency for construction and skilled trades professionals.,Employment,,,https://www.human-capital-siauli.com,contact@humancapitalsia.com,+370 968858295,429 Recruitment Road,,,Siauliai,,,Lithuania,,,,,,,,,True,True,,,
,employment_businesses_20251106_120745,,Professional Placement Siauliai,,International employment services focusing on cross-border career opportunities within the EU.,Employment,,,https://www.professional-placeme.com,contact@professionalpla.com,+370 246663362,833 Professional Street,,,Siauliai,,,Lithuania,,,,,,,,,True,True,,,
,employment_businesses_20251106_120745,,Professional Placement Siauliai,,Premier recruitment firm specializing in executive and management level positions.,Employment,,,https://www.professional-placeme.com,contact@professionalpla.com,+370 118656513,383 Recruitment Road,,,Siauliai,,,Lithuania,,,,,,,,,True,False,,,
,employment_businesses_20251106_120745,,Siauliai Headhunters,,Specialized recruitment consultancy for IT professionals and technology companies.,Employment,,,https://www.siauliai-headhunters.com,contact@siauliaiheadhun.com,+370 650248962,232 Siauliai Square,,,Siauliai,,,Lithuania,,,,,,,,,True,False,,,
,employment_businesses_20251106_120745,,Engineering Jobs Sofia,,International recruitment agency for hospitality and tourism industry professionals.,Employment,,,https://www.engineering-jobs-sof.com,contact@engineeringjobs.com,+359 411231510,128 Central Avenue,,,Sofia,,,Bulgaria,,,,,,,,,True,True,,,
,employment_businesses_20251106_120745,,Premier Recruitment Sofia,,"Employment consultancy specializing in finance, banking, and accounting careers.",Employment,,,https://www.premier-recruitment-.com,contact@premierrecruitm.com,+359 489848698,21 Jobs Road,,,Sofia,,,Bulgaria,,,,,,,,,True,True,,,
,employment_businesses_20251106_120745,,Professional Placement Sofia,,Employment agency dedicated to healthcare staffing and medical professional placements.,Employment,,,https://www.professional-placeme.com,contact@professionalpla.com,+359 794541962,22 Business Street,,,Sofia,,,Bulgaria,,,,,,,,,True,True,,,
,employment_businesses_20251106_120745,,Professional Staffing Sofia,,Executive search firm providing high-level recruitment solutions for multinational companies.,Employment,,,https://www.professional-staffin.com,contact@professionalsta.com,+359 118595126,253 Executive Avenue,,,Sofia,,,Bulgaria,,,,,,,,,True,False,,,
,employment_businesses_20251106_120745,,Sofia Career Center,,International recruitment agency for hospitality and tourism industry professionals.,Employment,,,https://www.sofia-career-center.com,contact@sofiacareercent.com,+359 629974807,981 Talent Road,,,Sofia,,,Bulgaria,,,,,,,,,True,False,,,
,employment_businesses_20251106_120745,,EU Work Solutions,,International employment services focusing on cross-border career opportunities within the EU.,Employment,,,https://www.eu-work-solutions.com,contact@euworksolutions.com,+385 320383943,479 Recruitment Road,,,Split,,,Croatia,,,,,,,,,True,True,,,
,employment_businesses_20251106_120745,,EU Work Solutions,,"Comprehensive staffing agency offering recruitment, temp services, and HR consulting.",Employment,,,https://www.eu-work-solutions.com,contact@euworksolutions.com,+385 472676697,80 Business Street,,,Split,,,Croatia,,,,,,,,,True,True,,,
,employment_businesses_20251106_120745,,Elite Split Jobs,,"Comprehensive staffing agency offering recruitment, temp services, and HR consulting.",Employment,,,https://www.elite-split-jobs.com,contact@elitesplitjobs.com,+385 490409515,339 Executive Avenue,,,Split,,,Croatia,,,,,,,,,True,True,,,
,employment_businesses_20251106_120745,,Engineering Jobs Split,,International recruitment agency for hospitality and tourism industry professionals.,Employment,,,https://www.engineering-jobs-spl.com,contact@engineeringjobs.com,+385 361490375,362 Career Street,,,Split,,,Croatia,,,,,,,,,True,False,,,
,employment_businesses_20251106_120745,,Hospitality Staff Split,,Executive search firm providing high-level recruitment solutions for multinational companies.,Employment,,,https://www.hospitality-staff-sp.com,contact@hospitalitystaf.com,+385 960491715,8 Corporate Avenue,,,Split,,,Croatia,,,,,,,,,True,True,,,
,employment_businesses_20251106_120745,,Split Contract Work,,Executive recruitment firm serving multinational corporations and SMEs.,Employment,,,https://www.split-contract-work.com,contact@splitcontractwo.com,+385 645548953,449 Jobs Road,,,Split,,,Croatia,,,,,,,,,True,True,,,
,employment_businesses_20251106_120745,,EU Work Solutions,,Executive recruitment firm serving multinational corporations and SMEs.,Employment,,,https://www.eu-work-solutions.com,contact@euworksolutions.com,+46 764049121,322 Talent Road,,,Stockholm,,,Sweden,,,,,,,,,True,False,,,
,employment_businesses_20251106_120745,,Elite Stockholm Jobs,,International recruitment agency for hospitality and tourism industry professionals.,Employment,,,https://www.elite-stockholm-jobs.com,contact@elitestockholmj.com,+46 762595537,129 Executive Avenue,,,Stockholm,,,Sweden,,,,,,,,,True,True,,,
,employment_businesses_20251106_120745,,EuroJobs Stockholm,,International employment services focusing on cross-border career opportunities within the EU.,Employment,,,https://www.eurojobs-stockholm.com,contact@eurojobsstockho.com,+46 439725654,71 Premier Avenue,,,Stockholm,,,Sweden,,,,,,,,,True,False,,,
,employment_businesses_20251106_120745,,Human Capital Stockholm,,"Comprehensive staffing agency offering recruitment, temp services, and HR consulting.",Employment,,,https://www.human-capital-stockh.com,contact@humancapitalsto.com,+46 320153877,115 Business Street,,,Stockholm,,,Sweden,,,,,,,,,True,True,,,
,employment_businesses_20251106_120745,,IT Recruitment Stockholm,,Employment agency specializing in legal profession recruitment and placement services.,Employment,,,https://www.it-recruitment-stock.com,contact@itrecruitmentst.com,+46 758912606,387 Employment Street,,,Stockholm,,,Sweden,,,,,,,,,True,True,,,
,employment_businesses_20251106_120745,,JobConnect Sweden,,Specialized staffing agency for construction and skilled trades professionals.,Employment,,,https://www.jobconnect-sweden.com,contact@jobconnectswede.com,+46 178644225,577 Stockholm Center,,,Stockholm,,,Sweden,,,,,,,,,True,True,,,
,employment_businesses_20251106_120745,,Executive Recruitment Szeged,,Comprehensive employment services including career counseling and job placement.,Employment,,,https://www.executive-recruitmen.com,contact@executiverecrui.com,+36 616532640,380 Szeged Park,,,Szeged,,,Hungary,,,,,,,,,True,False,,,
,employment_businesses_20251106_120745,,Human Capital Szeged,,Full-service employment agency providing workforce solutions for businesses of all sizes.,Employment,,,https://www.human-capital-szeged.com,contact@humancapitalsze.com,+36 677508725,372 Szeged Plaza,,,Szeged,,,Hungary,,,,,,,,,True,False,,,
,employment_businesses_20251106_120745,,IT Recruitment Szeged,,"Professional recruitment consultancy for sales, marketing, and business development roles.",Employment,,,https://www.it-recruitment-szege.com,contact@itrecruitmentsz.com,+36 822640473,2 Szeged Square,,,Szeged,,,Hungary,,,,,,,,,True,True,,,
,employment_businesses_20251106_120745,,Engineering Jobs Tallinn,,Specialized recruitment consultancy for IT professionals and technology companies.,Employment,,,https://www.engineering-jobs-tal.com,contact@engineeringjobs.com,+372 612426783,932 Corporate Avenue,,,Tallinn,,,Estonia,,,,,,,,,True,True,,,
,employment_businesses_20251106_120745,,JobConnect Estonia,,Comprehensive employment services including career counseling and job placement.,Employment,,,https://www.jobconnect-estonia.com,contact@jobconnecteston.com,+372 602562722,442 Tallinn Park,,,Tallinn,,,Estonia,,,,,,,,,True,False,,,
,employment_businesses_20251106_120745,,Tallinn Contract Work,,Employment agency specializing in legal profession recruitment and placement services.,Employment,,,https://www.tallinn-contract-wor.com,contact@tallinncontract.com,+372 331205840,340 Jobs Road,,,Tallinn,,,Estonia,,,,,,,,,True,True,,,
,employment_businesses_20251106_120745,,European Careers Tampere,,Temporary staffing solutions provider for industrial and manufacturing sectors.,Employment,,,https://www.european-careers-tam.com,contact@europeancareers.com,+358 116886849,920 Career Street,,,Tampere,,,Finland,,,,,,,,,True,True,,,
,employment_businesses_20251106_120745,,Global Employment Tampere,,Comprehensive employment services including career counseling and job placement.,Employment,,,https://www.global-employment-ta.com,contact@globalemploymen.com,+358 108688664,95 Career Street,,,Tampere,,,Finland,,,,,,,,,True,True,,,
,employment_businesses_20251106_120745,,Interim Staffing Tampere,,International recruitment agency for hospitality and tourism industry professionals.,Employment,,,https://www.interim-staffing-tam.com,contact@interimstaffing.com,+358 208850406,663 Tampere Park,,,Tampere,,,Finland,,,,,,,,,True,False,,,
,employment_businesses_20251106_120745,,Legal Recruitment Tampere,,Professional employment agency specializing in permanent and temporary placements across multiple industries.,Employment,,,https://www.legal-recruitment-ta.com,contact@legalrecruitmen.com,+358 773967747,323 Tampere Square,,,Tampere,,,Finland,,,,,,,,,True,True,,,
,employment_businesses_20251106_120745,,WorldWork Tampere,,Specialized staffing agency for construction and skilled trades professionals.,Employment,,,https://www.worldwork-tampere.com,contact@worldworktamper.com,+358 786102734,633 Recruitment Road,,,Tampere,,,Finland,,,,,,,,,True,True,,,
,employment_businesses_20251106_120745,,Estonia Recruitment Partners,,Executive search firm providing high-level recruitment solutions for multinational companies.,Employment,,,https://www.estonia-recruitment-.com,contact@estoniarecruitm.com,+372 224025233,823 Career Street,,,Tartu,,,Estonia,,,,,,,,,True,True,,,
,employment_businesses_20251106_120745,,Estonia Recruitment Partners,,Professional staffing company focusing on engineering and technical recruitment.,Employment,,,https://www.estonia-recruitment-.com,contact@estoniarecruitm.com,+372 820814287,462 Executive Avenue,,,Tartu,,,Estonia,,,,,,,,,True,False,,,
,employment_businesses_20251106_120745,,Interim Staffing Tartu,,International employment services focusing on cross-border career opportunities within the EU.,Employment,,,https://www.interim-staffing-tar.com,contact@interimstaffing.com,+372 625786482,800 Career Street,,,Tartu,,,Estonia,,,,,,,,,True,True,,,
,employment_businesses_20251106_120745,,TalentFind Tartu,,"Comprehensive staffing agency offering recruitment, temp services, and HR consulting.",Employment,,,https://www.talentfind-tartu.com,contact@talentfindtartu.com,+372 654431220,269 Employment Street,,,Tartu,,,Estonia,,,,,,,,,True,True,,,
,employment_businesses_20251106_120745,,Tartu Work Agency,,"Professional recruitment consultancy for sales, marketing, and business development roles.",Employment,,,https://www.tartu-work-agency.com,contact@tartuworkagency.com,+372 416547799,364 Corporate Avenue,,,Tartu,,,Estonia,,,,,,,,,True,True,,,
,employment_businesses_20251106_120745,,WorldWork Tartu,,Employment agency specializing in legal profession recruitment and placement services.,Employment,,,https://www.worldwork-tartu.com,contact@worldworktartu.com,+372 181993415,728 Jobs Road,,,Tartu,,,Estonia,,,,,,,,,True,True,,,
,employment_businesses_20251106_120745,,Netherlands HR Services,,International career services helping professionals find opportunities across Europe.,Employment,,,https://www.netherlands-hr-servi.com,contact@netherlandshrse.com,+31 897045213,951 The Hague Park,,,The Hague,,,Netherlands,,,,,,,,,True,True,,,
,employment_businesses_20251106_120745,,Premier Recruitment The Hague,,Full-service employment agency providing workforce solutions for businesses of all sizes.,Employment,,,https://www.premier-recruitment-.com,contact@premierrecruitm.com,+31 479342070,614 The Hague Square,,,The Hague,,,Netherlands,,,,,,,,,True,True,,,
,employment_businesses_20251106_120745,,Engineering Jobs Thessaloniki,,Specialized staffing agency for construction and skilled trades professionals.,Employment,,,https://www.engineering-jobs-the.com,contact@engineeringjobs.com,+30 123353178,375 Central Avenue,,,Thessaloniki,,,Greece,,,,,,,,,True,False,,,
,employment_businesses_20251106_120745,,Professional Staffing Thessaloniki,,Comprehensive employment services including career counseling and job placement.,Employment,,,https://www.professional-staffin.com,contact@professionalsta.com,+30 250818068,617 Talent Road,,,Thessaloniki,,,Greece,,,,,,,,,True,False,,,
,employment_businesses_20251106_120745,,Thessaloniki Employment Solutions,,Employment agency specializing in legal profession recruitment and placement services.,Employment,,,https://www.thessaloniki-employm.com,contact@thessalonikiemp.com,+30 836443330,865 Thessaloniki Center,,,Thessaloniki,,,Greece,,,,,,,,,True,True,,,
,employment_businesses_20251106_120745,,Workforce Solutions Thessaloniki,,"Comprehensive staffing agency offering recruitment, temp services, and HR consulting.",Employment,,,https://www.workforce-solutions-.com,contact@workforcesoluti.com,+30 667479293,576 Jobs Road,,,Thessaloniki,,,Greece,,,,,,,,,True,False,,,
,employment_businesses_20251106_120745,,EU Work Solutions,,Professional employment agency specializing in permanent and temporary placements across multiple industries.,Employment,,,https://www.eu-work-solutions.com,contact@euworksolutions.com,+33 522156614,120 Main Street,,,Toulouse,,,France,,,,,,,,,True,True,,,
,employment_businesses_20251106_120745,,Medical Staff France,,"Professional recruitment consultancy for sales, marketing, and business development roles.",Employment,,,https://www.medical-staff-france.com,contact@medicalstafffra.com,+33 553443897,432 Jobs Road,,,Toulouse,,,France,,,,,,,,,True,True,,,
,employment_businesses_20251106_120745,,Professional Staffing Toulouse,,Leading recruitment consultancy connecting talented professionals with top employers in the region.,Employment,,,https://www.professional-staffin.com,contact@professionalsta.com,+33 958258290,651 Recruitment Road,,,Toulouse,,,France,,,,,,,,,True,True,,,
,employment_businesses_20251106_120745,,Temporary Staff Toulouse,,Employment agency specializing in legal profession recruitment and placement services.,Employment,,,https://www.temporary-staff-toul.com,contact@temporarystafft.com,+33 392927473,479 Premier Avenue,,,Toulouse,,,France,,,,,,,,,True,True,,,
,employment_businesses_20251106_120745,,Temporary Staff Turin,,Employment agency specializing in legal profession recruitment and placement services.,Employment,,,https://www.temporary-staff-turi.com,contact@temporarystafft.com,+39 488642591,854 Commercial Street,,,Turin,,,Italy,,,,,,,,,True,False,,,
,employment_businesses_20251106_120745,,Turin Temp Solutions,,Specialized staffing agency for construction and skilled trades professionals.,Employment,,,https://www.turin-temp-solutions.com,contact@turintempsoluti.com,+39 508357519,489 Turin Center,,,Turin,,,Italy,,,,,,,,,True,False,,,
,employment_businesses_20251106_120745,,Turin Temp Solutions,,Temporary staffing solutions provider for industrial and manufacturing sectors.,Employment,,,https://www.turin-temp-solutions.com,contact@turintempsoluti.com,+39 456990412,589 Jobs Road,,,Turin,,,Italy,,,,,,,,,True,False,,,
,employment_businesses_20251106_120745,,WorldWork Turin,,Specialized staffing agency for construction and skilled trades professionals.,Employment,,,https://www.worldwork-turin.com,contact@worldworkturin.com,+39 561034998,598 Recruitment Road,,,Turin,,,Italy,,,,,,,,,True,True,,,
,employment_businesses_20251106_120745,,Executive Search Sweden,,Specialized staffing agency for construction and skilled trades professionals.,Employment,,,https://www.executive-search-swe.com,contact@executivesearch.com,+46 965765078,752 Uppsala Center,,,Uppsala,,,Sweden,,,,,,,,,True,True,,,
,employment_businesses_20251106_120745,,Finance Careers Uppsala,,"Professional recruitment consultancy for sales, marketing, and business development roles.",Employment,,,https://www.finance-careers-upps.com,contact@financecareersu.com,+46 683943225,864 Jobs Road,,,Uppsala,,,Sweden,,,,,,,,,True,True,,,
,employment_businesses_20251106_120745,,Hospitality Staff Uppsala,,Leading recruitment consultancy connecting talented professionals with top employers in the region.,Employment,,,https://www.hospitality-staff-up.com,contact@hospitalitystaf.com,+46 964531372,782 Uppsala Park,,,Uppsala,,,Sweden,,,,,,,,,True,True,,,
,employment_businesses_20251106_120745,,IT Recruitment Uppsala,,International career services helping professionals find opportunities across Europe.,Employment,,,https://www.it-recruitment-uppsa.com,contact@itrecruitmentup.com,+46 367978783,739 Executive Avenue,,,Uppsala,,,Sweden,,,,,,,,,True,False,,,
,employment_businesses_20251106_120745,,Premier Recruitment Uppsala,,Employment agency dedicated to healthcare staffing and medical professional placements.,Employment,,,https://www.premier-recruitment-.com,contact@premierrecruitm.com,+46 897273038,740 Executive Avenue,,,Uppsala,,,Sweden,,,,,,,,,True,True,,,
,employment_businesses_20251106_120745,,TalentFind Uppsala,,Executive recruitment firm serving multinational corporations and SMEs.,Employment,,,https://www.talentfind-uppsala.com,contact@talentfinduppsa.com,+46 226562702,756 Business Street,,,Uppsala,,,Sweden,,,,,,,,,True,True,,,
,employment_businesses_20251106_120745,,WorldWork Uppsala,,International recruitment agency for hospitality and tourism industry professionals.,Employment,,,https://www.worldwork-uppsala.com,contact@worldworkuppsal.com,+46 216812249,26 Uppsala Park,,,Uppsala,,,Sweden,,,,,,,,,True,False,,,
,employment_businesses_20251106_120745,,Legal Recruitment Utrecht,,"Professional recruitment consultancy for sales, marketing, and business development roles.",Employment,,,https://www.legal-recruitment-ut.com,contact@legalrecruitmen.com,+31 326257855,789 Talent Road,,,Utrecht,,,Netherlands,,,,,,,,,True,False,,,
,employment_businesses_20251106_120745,,Premier Recruitment Utrecht,,Employment agency dedicated to healthcare staffing and medical professional placements.,Employment,,,https://www.premier-recruitment-.com,contact@premierrecruitm.com,+31 247963382,702 Utrecht Park,,,Utrecht,,,Netherlands,,,,,,,,,True,True,,,
,employment_businesses_20251106_120745,,Utrecht Sales Careers,,Leading recruitment consultancy connecting talented professionals with top employers in the region.,Employment,,,https://www.utrecht-sales-career.com,contact@utrechtsalescar.com,+31 497636321,420 Recruitment Road,,,Utrecht,,,Netherlands,,,,,,,,,True,False,,,
,employment_businesses_20251106_120745,,EuroJobs Valencia,,Employment agency dedicated to healthcare staffing and medical professional placements.,Employment,,,https://www.eurojobs-valencia.com,contact@eurojobsvalenci.com,+34 388556201,665 Valencia Park,,,Valencia,,,Spain,,,,,,,,,True,False,,,
,employment_businesses_20251106_120745,,Finance Careers Valencia,,Specialized staffing agency for construction and skilled trades professionals.,Employment,,,https://www.finance-careers-vale.com,contact@financecareersv.com,+34 162332077,875 Valencia Plaza,,,Valencia,,,Spain,,,,,,,,,True,True,,,
,employment_businesses_20251106_120745,,Temporary Staff Valencia,,Specialized recruitment consultancy for IT professionals and technology companies.,Employment,,,https://www.temporary-staff-vale.com,contact@temporarystaffv.com,+34 510905979,551 Jobs Road,,,Valencia,,,Spain,,,,,,,,,True,False,,,
,employment_businesses_20251106_120745,,European Careers Valletta,,"Employment consultancy specializing in finance, banking, and accounting careers.",Employment,,,https://www.european-careers-val.com,contact@europeancareers.com,+356 365422011,328 Corporate Avenue,,,Valletta,,,Malta,,,,,,,,,True,False,,,
,employment_businesses_20251106_120745,,Healthcare Staffing Malta,,Professional employment agency specializing in permanent and temporary placements across multiple industries.,Employment,,,https://www.healthcare-staffing-.com,contact@healthcarestaff.com,+356 803186080,667 Recruitment Road,,,Valletta,,,Malta,,,,,,,,,True,False,,,
,employment_businesses_20251106_120745,,IT Recruitment Valletta,,International employment services focusing on cross-border career opportunities within the EU.,Employment,,,https://www.it-recruitment-valle.com,contact@itrecruitmentva.com,+356 781812813,661 Valletta Plaza,,,Valletta,,,Malta,,,,,,,,,True,True,,,
,employment_businesses_20251106_120745,,International Placement Malta,,Specialized recruitment consultancy for IT professionals and technology companies.,Employment,,,https://www.international-placem.com,contact@internationalpl.com,+356 378826355,471 Valletta Park,,,Valletta,,,Malta,,,,,,,,,True,True,,,
,employment_businesses_20251106_120745,,Valletta Headhunters,,Executive search firm providing high-level recruitment solutions for multinational companies.,Employment,,,https://www.valletta-headhunters.com,contact@vallettaheadhun.com,+356 736733262,226 Executive Avenue,,,Valletta,,,Malta,,,,,,,,,True,True,,,
,employment_businesses_20251106_120745,,Construction Jobs Finland,,Professional employment agency specializing in permanent and temporary placements across multiple industries.,Employment,,,https://www.construction-jobs-fi.com,contact@constructionjob.com,+358 628643078,958 Vantaa Square,,,Vantaa,,,Finland,,,,,,,,,True,False,,,
,employment_businesses_20251106_120745,,Vantaa Employment Solutions,,Comprehensive employment services including career counseling and job placement.,Employment,,,https://www.vantaa-employment-so.com,contact@vantaaemploymen.com,+358 210270683,320 Staffing Road,,,Vantaa,,,Finland,,,,,,,,,True,False,,,
,employment_businesses_20251106_120745,,Vantaa Temp Solutions,,Executive recruitment firm serving multinational corporations and SMEs.,Employment,,,https://www.vantaa-temp-solution.com,contact@vantaatempsolut.com,+358 655226387,743 Main Street,,,Vantaa,,,Finland,,,,,,,,,True,False,,,
,employment_businesses_20251106_120745,,Career Builders Bulgaria,,International recruitment agency for hospitality and tourism industry professionals.,Employment,,,https://www.career-builders-bulg.com,contact@careerbuildersb.com,+359 925466436,708 Varna Center,,,Varna,,,Bulgaria,,,,,,,,,True,False,,,
,employment_businesses_20251106_120745,,Staffing Excellence Bulgaria,,Leading recruitment consultancy connecting talented professionals with top employers in the region.,Employment,,,https://www.staffing-excellence-.com,contact@staffingexcelle.com,+359 757147867,245 Varna Park,,,Varna,,,Bulgaria,,,,,,,,,True,True,,,
,employment_businesses_20251106_120745,,Finance Careers Vasteras,,International recruitment agency for hospitality and tourism industry professionals.,Employment,,,https://www.finance-careers-vast.com,contact@financecareersv.com,+46 128379738,48 Jobs Road,,,Vasteras,,,Sweden,,,,,,,,,True,True,,,
,employment_businesses_20251106_120745,,Professional Staffing Vasteras,,Executive search firm providing high-level recruitment solutions for multinational companies.,Employment,,,https://www.professional-staffin.com,contact@professionalsta.com,+46 972180520,803 Main Street,,,Vasteras,,,Sweden,,,,,,,,,True,True,,,
,employment_businesses_20251106_120745,,Vasteras Tech Talent,,Professional staffing company focusing on engineering and technical recruitment.,Employment,,,https://www.vasteras-tech-talent.com,contact@vasterastechtal.com,+46 559357911,652 Professional Street,,,Vasteras,,,Sweden,,,,,,,,,True,True,,,
,employment_businesses_20251106_120745,,Executive Recruitment Velenje,,Leading recruitment consultancy connecting talented professionals with top employers in the region.,Employment,,,https://www.executive-recruitmen.com,contact@executiverecrui.com,+386 645852144,66 Velenje Square,,,Velenje,,,Slovenia,,,,,,,,,True,True,,,
,employment_businesses_20251106_120745,,Healthcare Staffing Slovenia,,Employment agency specializing in legal profession recruitment and placement services.,Employment,,,https://www.healthcare-staffing-.com,contact@healthcarestaff.com,+386 225612410,480 Central Avenue,,,Velenje,,,Slovenia,,,,,,,,,True,True,,,
,employment_businesses_20251106_120745,,Staffing Excellence Slovenia,,Leading recruitment consultancy connecting talented professionals with top employers in the region.,Employment,,,https://www.staffing-excellence-.com,contact@staffingexcelle.com,+386 639838061,223 Talent Road,,,Velenje,,,Slovenia,,,,,,,,,True,True,,,
,employment_businesses_20251106_120745,,Temporary Staff Velenje,,International employment services focusing on cross-border career opportunities within the EU.,Employment,,,https://www.temporary-staff-vele.com,contact@temporarystaffv.com,+386 786104998,876 Commercial Street,,,Velenje,,,Slovenia,,,,,,,,,True,True,,,
,employment_businesses_20251106_120745,,Human Capital Vienna,,Comprehensive employment services including career counseling and job placement.,Employment,,,https://www.human-capital-vienna.com,contact@humancapitalvie.com,+43 588978732,857 Commercial Street,,,Vienna,,,Austria,,,,,,,,,True,True,,,
,employment_businesses_20251106_120745,,IT Recruitment Vienna,,"Comprehensive staffing agency offering recruitment, temp services, and HR consulting.",Employment,,,https://www.it-recruitment-vienn.com,contact@itrecruitmentvi.com,+43 174837712,520 Central Avenue,,,Vienna,,,Austria,,,,,,,,,True,True,,,
,employment_businesses_20251106_120745,,Medical Staff Austria,,"Employment consultancy specializing in finance, banking, and accounting careers.",Employment,,,https://www.medical-staff-austri.com,contact@medicalstaffaus.com,+43 987190146,814 Business Street,,,Vienna,,,Austria,,,,,,,,,True,True,,,
,employment_businesses_20251106_120745,,Staffing Excellence Austria,,Executive recruitment firm serving multinational corporations and SMEs.,Employment,,,https://www.staffing-excellence-.com,contact@staffingexcelle.com,+43 521570290,589 Staffing Road,,,Vienna,,,Austria,,,,,,,,,True,True,,,
,employment_businesses_20251106_120745,,Executive Recruitment Vila Nova de Gaia,,International career services helping professionals find opportunities across Europe.,Employment,,,https://www.executive-recruitmen.com,contact@executiverecrui.com,+351 922125349,197 Commercial Street,,,Vila Nova de Gaia,,,Portugal,,,,,,,,,True,True,,,
,employment_businesses_20251106_120745,,Premier Recruitment Vila Nova de Gaia,,Specialized recruitment consultancy for IT professionals and technology companies.,Employment,,,https://www.premier-recruitment-.com,contact@premierrecruitm.com,+351 777984390,879 Premier Avenue,,,Vila Nova de Gaia,,,Portugal,,,,,,,,,True,False,,,
,employment_businesses_20251106_120745,,Vila Nova de Gaia Sales Careers,,Specialized recruitment consultancy for IT professionals and technology companies.,Employment,,,https://www.vila-nova-de-gaia-sa.com,contact@vilanovadegaias.com,+351 749450506,759 Vila Nova de Gaia Plaza,,,Vila Nova de Gaia,,,Portugal,,,,,,,,,True,True,,,
,employment_businesses_20251106_120745,,Construction Jobs Lithuania,,Specialized staffing agency for construction and skilled trades professionals.,Employment,,,https://www.construction-jobs-li.com,contact@constructionjob.com,+370 384035542,840 Premier Avenue,,,Vilnius,,,Lithuania,,,,,,,,,True,True,,,
,employment_businesses_20251106_120745,,Legal Recruitment Vilnius,,Premier recruitment firm specializing in executive and management level positions.,Employment,,,https://www.legal-recruitment-vi.com,contact@legalrecruitmen.com,+370 852569233,269 Vilnius Square,,,Vilnius,,,Lithuania,,,,,,,,,True,True,,,
,employment_businesses_20251106_120745,,Vilnius Sales Careers,,Comprehensive employment services including career counseling and job placement.,Employment,,,https://www.vilnius-sales-career.com,contact@vilniussalescar.com,+370 922510317,41 Vilnius Center,,,Vilnius,,,Lithuania,,,,,,,,,True,True,,,
,employment_businesses_20251106_120745,,Vilnius Temp Solutions,,"Employment consultancy specializing in finance, banking, and accounting careers.",Employment,,,https://www.vilnius-temp-solutio.com,contact@vilniustempsolu.com,+370 518391855,493 Career Street,,,Vilnius,,,Lithuania,,,,,,,,,True,True,,,
,employment_businesses_20251106_120745,,Global Talent Poland,,"Professional recruitment consultancy for sales, marketing, and business development roles.",Employment,,,https://www.global-talent-poland.com,contact@globaltalentpol.com,+48 729746298,135 Commercial Street,,,Warsaw,,,Poland,,,,,,,,,True,False,,,
,employment_businesses_20251106_120745,,JobConnect Poland,,Executive recruitment firm serving multinational corporations and SMEs.,Employment,,,https://www.jobconnect-poland.com,contact@jobconnectpolan.com,+48 856372759,29 Jobs Road,,,Warsaw,,,Poland,,,,,,,,,True,True,,,
,employment_businesses_20251106_120745,,Professional Staffing Warsaw,,Specialized recruitment consultancy for IT professionals and technology companies.,Employment,,,https://www.professional-staffin.com,contact@professionalsta.com,+48 780703776,868 Business Street,,,Warsaw,,,Poland,,,,,,,,,True,True,,,
,employment_businesses_20251106_120745,,Warsaw Contract Work,,Employment agency specializing in legal profession recruitment and placement services.,Employment,,,https://www.warsaw-contract-work.com,contact@warsawcontractw.com,+48 294393802,881 Commercial Street,,,Warsaw,,,Poland,,,,,,,,,True,True,,,
,employment_businesses_20251106_120745,,Cross-Border Jobs Waterford,,Specialized staffing agency for construction and skilled trades professionals.,Employment,,,https://www.cross-border-jobs-wa.com,contact@crossborderjobs.com,+353 439073364,854 Corporate Avenue,,,Waterford,,,Ireland,,,,,,,,,True,True,,,
,employment_businesses_20251106_120745,,Elite Waterford Jobs,,Premier recruitment firm specializing in executive and management level positions.,Employment,,,https://www.elite-waterford-jobs.com,contact@elitewaterfordj.com,+353 766182067,461 Corporate Avenue,,,Waterford,,,Ireland,,,,,,,,,True,True,,,
,employment_businesses_20251106_120745,,European Careers Waterford,,Employment agency specializing in legal profession recruitment and placement services.,Employment,,,https://www.european-careers-wat.com,contact@europeancareers.com,+353 458755816,665 Executive Avenue,,,Waterford,,,Ireland,,,,,,,,,True,True,,,
,employment_businesses_20251106_120745,,Executive Recruitment Waterford,,Employment agency dedicated to healthcare staffing and medical professional placements.,Employment,,,https://www.executive-recruitmen.com,contact@executiverecrui.com,+353 113953095,565 Talent Road,,,Waterford,,,Ireland,,,,,,,,,True,True,,,
,employment_businesses_20251106_120745,,EU Work Solutions,,Leading recruitment consultancy connecting talented professionals with top employers in the region.,Employment,,,https://www.eu-work-solutions.com,contact@euworksolutions.com,+48 245320309,877 Executive Avenue,,,Wroclaw,,,Poland,,,,,,,,,True,True,,,
,employment_businesses_20251106_120745,,Executive Recruitment Wroclaw,,International staffing company providing workforce solutions across European markets.,Employment,,,https://www.executive-recruitmen.com,contact@executiverecrui.com,+48 408116057,312 Wroclaw Plaza,,,Wroclaw,,,Poland,,,,,,,,,True,False,,,
,employment_businesses_20251106_120745,,Professional Staffing Wroclaw,,International career services helping professionals find opportunities across Europe.,Employment,,,https://www.professional-staffin.com,contact@professionalsta.com,+48 653056595,730 Employment Street,,,Wroclaw,,,Poland,,,,,,,,,True,True,,,
,employment_businesses_20251106_120745,,Talent Solutions Wroclaw,,Executive search firm providing high-level recruitment solutions for multinational companies.,Employment,,,https://www.talent-solutions-wro.com,contact@talentsolutions.com,+48 549570528,314 Employment Street,,,Wroclaw,,,Poland,,,,,,,,,True,True,,,
,employment_businesses_20251106_120745,,Temporary Staff Wroclaw,,Professional employment agency specializing in permanent and temporary placements across multiple industries.,Employment,,,https://www.temporary-staff-wroc.com,contact@temporarystaffw.com,+48 271629769,749 Staffing Road,,,Wroclaw,,,Poland,,,,,,,,,True,False,,,
,employment_businesses_20251106_120745,,Wroclaw Tech Talent,,Employment agency dedicated to healthcare staffing and medical professional placements.,Employment,,,https://www.wroclaw-tech-talent.com,contact@wroclawtechtale.com,+48 839239167,590 Central Avenue,,,Wroclaw,,,Poland,,,,,,,,,True,False,,,
,employment_businesses_20251106_120745,,Flexible Work Malta,,Executive recruitment firm serving multinational corporations and SMEs.,Employment,,,https://www.flexible-work-malta.com,contact@flexibleworkmal.com,+356 322391291,509 Jobs Road,,,Zabbar,,,Malta,,,,,,,,,True,True,,,
,employment_businesses_20251106_120745,,IT Recruitment Zabbar,,"Comprehensive staffing agency offering recruitment, temp services, and HR consulting.",Employment,,,https://www.it-recruitment-zabba.com,contact@itrecruitmentza.com,+356 126235060,981 Commercial Street,,,Zabbar,,,Malta,,,,,,,,,True,False,,,
,employment_businesses_20251106_120745,,Malta Recruitment Partners,,"Professional recruitment consultancy for sales, marketing, and business development roles.",Employment,,,https://www.malta-recruitment-pa.com,contact@maltarecruitmen.com,+356 425827984,56 Zabbar Square,,,Zabbar,,,Malta,,,,,,,,,True,False,,,
,employment_businesses_20251106_120745,,Workforce Solutions Zabbar,,Specialized recruitment consultancy for IT professionals and technology companies.,Employment,,,https://www.workforce-solutions-.com,contact@workforcesoluti.com,+356 814150580,616 Premier Avenue,,,Zabbar,,,Malta,,,,,,,,,True,True,,,
,employment_businesses_20251106_120745,,Zabbar Headhunters,,International recruitment agency for hospitality and tourism industry professionals.,Employment,,,https://www.zabbar-headhunters.com,contact@zabbarheadhunte.com,+356 304786121,71 Executive Avenue,,,Zabbar,,,Malta,,,,,,,,,True,False,,,
,employment_businesses_20251106_120745,,Croatia Recruitment Partners,,Specialized recruitment consultancy for IT professionals and technology companies.,Employment,,,https://www.croatia-recruitment-.com,contact@croatiarecruitm.com,+385 294446451,869 Premier Avenue,,,Zadar,,,Croatia,,,,,,,,,True,True,,,
,employment_businesses_20251106_120745,,Medical Staff Croatia,,International recruitment agency for hospitality and tourism industry professionals.,Employment,,,https://www.medical-staff-croati.com,contact@medicalstaffcro.com,+385 186421786,928 Central Avenue,,,Zadar,,,Croatia,,,,,,,,,True,False,,,
,employment_businesses_20251106_120745,,Premier Recruitment Zadar,,Executive search firm providing high-level recruitment solutions for multinational companies.,Employment,,,https://www.premier-recruitment-.com,contact@premierrecruitm.com,+385 939353474,27 Professional Street,,,Zadar,,,Croatia,,,,,,,,,True,False,,,
,employment_businesses_20251106_120745,,Professional Placement Zadar,,"Employment consultancy specializing in finance, banking, and accounting careers.",Employment,,,https://www.professional-placeme.com,contact@professionalpla.com,+385 734498611,319 Career Street,,,Zadar,,,Croatia,,,,,,,,,True,True,,,
,employment_businesses_20251106_120745,,Talent Solutions Zadar,,Specialized recruitment consultancy for IT professionals and technology companies.,Employment,,,https://www.talent-solutions-zad.com,contact@talentsolutions.com,+385 262146317,935 Executive Avenue,,,Zadar,,,Croatia,,,,,,,,,True,True,,,
,employment_businesses_20251106_120745,,Croatia HR Services,,Employment agency specializing in legal profession recruitment and placement services.,Employment,,,https://www.croatia-hr-services.com,contact@croatiahrservic.com,+385 358559925,768 Recruitment Road,,,Zagreb,,,Croatia,,,,,,,,,True,True,,,
,employment_businesses_20251106_120745,,Finance Careers Zagreb,,Specialized recruitment consultancy for IT professionals and technology companies.,Employment,,,https://www.finance-careers-zagr.com,contact@financecareersz.com,+385 415813551,429 Main Street,,,Zagreb,,,Croatia,,,,,,,,,True,False,,,
,employment_businesses_20251106_120745,,EuroJobs Zaragoza,,"Comprehensive staffing agency offering recruitment, temp services, and HR consulting.",Employment,,,https://www.eurojobs-zaragoza.com,contact@eurojobszaragoz.com,+34 400500319,729 Zaragoza Square,,,Zaragoza,,,Spain,,,,,,,,,True,True,,,
,employment_businesses_20251106_120745,,European Careers Zaragoza,,Employment agency specializing in legal profession recruitment and placement services.,Employment,,,https://www.european-careers-zar.com,contact@europeancareers.com,+34 852208130,588 Zaragoza Park,,,Zaragoza,,,Spain,,,,,,,,,True,False,,,
,employment_businesses_20251106_120745,,Hospitality Staff Zaragoza,,Employment agency specializing in legal profession recruitment and placement services.,Employment,,,https://www.hospitality-staff-za.com,contact@hospitalitystaf.com,+34 499552503,752 Central Avenue,,,Zaragoza,,,Spain,,,,,,,,,True,True,,,
,employment_businesses_20251106_120745,,Hospitality Staff Zaragoza,,Specialized recruitment consultancy for IT professionals and technology companies.,Employment,,,https://www.hospitality-staff-za.com,contact@hospitalitystaf.com,+34 284643861,494 Jobs Road,,,Zaragoza,,,Spain,,,,,,,,,True,True,,,
,employment_businesses_20251106_120745,,JobConnect Spain,,"Professional recruitment consultancy for sales, marketing, and business development roles.",Employment,,,https://www.jobconnect-spain.com,contact@jobconnectspain.com,+34 325521920,341 Recruitment Road,,,Zaragoza,,,Spain,,,,,,,,,True,True,,,
,employment_businesses_20251106_120745,,Zaragoza Work Agency,,Temporary staffing solutions provider for industrial and manufacturing sectors.,Employment,,,https://www.zaragoza-work-agency.com,contact@zaragozaworkage.com,+34 753713129,296 Business Street,,,Zaragoza,,,Spain,,,,,,,,,True,True,,,
,employment_businesses_20251106_120745,,Executive Search Slovakia,,Specialized staffing agency for construction and skilled trades professionals.,Employment,,,https://www.executive-search-slo.com,contact@executivesearch.com,+421 657577461,171 Central Avenue,,,Zilina,,,Slovakia,,,,,,,,,True,True,,,
,employment_businesses_20251106_120745,,International Placement Slovakia,,International recruitment agency for hospitality and tourism industry professionals.,Employment,,,https://www.international-placem.com,contact@internationalpl.com,+421 196274713,87 Premier Avenue,,,Zilina,,,Slovakia,,,,,,,,,True,False,,,
,employment_businesses_20251106_120745,,International Placement Slovakia,,Employment agency specializing in legal profession recruitment and placement services.,Employment,,,https://www.international-placem.com,contact@internationalpl.com,+421 739188462,798 Corporate Avenue,,,Zilina,,,Slovakia,,,,,,,,,True,True,,,
,employment_businesses_20251106_120745,,International Staff Zilina,,"Employment consultancy specializing in finance, banking, and accounting careers.",Employment,,,https://www.international-staff-.com,contact@internationalst.com,+421 262595518,679 Zilina Center,,,Zilina,,,Slovakia,,,,,,,,,True,True,,,
,employment_businesses_20251106_120745,,Staffing Excellence Slovakia,,International recruitment agency for hospitality and tourism industry professionals.,Employment,,,https://www.staffing-excellence-.com,contact@staffingexcelle.com,+421 101322400,682 Business Street,,,Zilina,,,Slovakia,,,,,,,,,True,True,,,
,employment_businesses_20251106_120745,,Workforce Solutions Zilina,,"Comprehensive staffing agency offering recruitment, temp services, and HR consulting.",Employment,,,https://www.workforce-solutions-.com,contact@workforcesoluti.com,+421 281648795,553 Main Street,,,Zilina,,,Slovakia,,,,,,,,,True,True,,,
,employment_businesses_20251106_120745,,Zilina Contract Work,,International employment services focusing on cross-border career opportunities within the EU.,Employment,,,https://www.zilina-contract-work.com,contact@zilinacontractw.com,+421 831079487,535 Zilina Center,,,Zilina,,,Slovakia,,,,,,,,,True,True,,,
,employment_businesses_20251106_120745,,Zilina Work Agency,,Specialized recruitment consultancy for IT professionals and technology companies.,Employment,,,https://www.zilina-work-agency.com,contact@zilinaworkagenc.com,+421 979614346,460 Zilina Plaza,,,Zilina,,,Slovakia,,,,,,,,,True,False,,,
