source,source_external_id,name,description,category_primary,tags,website,email,phone,address_line1,postal_code,town,city,region,country_code,latitude,longitude,logo_url,status,notes
eu_businesses_comprehensive_20251106_114856,,Vienna IT Services,"Quality technology services in Vienna, Austria. Professional and reliable business serving the local community.",,,https://www.viennaitservices.com,info@viennaitservices.com,+41-181-6821,785 King Street,54015,,Vienna,,AT,38.121408,12.399913,,active,
eu_businesses_comprehensive_20251106_114856,,Innovation Varna,"Quality technology services in Varna, Bulgaria. Professional and reliable business serving the local community.",,,https://www.innovationvarna.com,info@innovationvarna.com,+53-986-1765,14 King Street,71896,,Varna,,BG,38.964588,6.671686,,active,
eu_businesses_comprehensive_20251106_114856,,Digital Split,"Quality technology services in Split, Croatia. Professional and reliable business serving the local community.",,,https://www.digitalsplit.com,info@digitalsplit.com,+70-145-1874,224 Queen Street,60507,,Split,,HR,63.182904,3.308137,,active,
eu_businesses_comprehensive_20251106_114856,,TechSolutions Paphos,"Quality technology services in Paphos, Cyprus. Professional and reliable business serving the local community.",,,https://www.techsolutionspaphos.com,info@techsolutionspaphos.com,+30-478-8435,92 Queen Street,62518,,Paphos,,CY,60.653494,27.38139,,active,
eu_businesses_comprehensive_20251106_114856,,Smart Brno,"Quality technology services in Brno, Czech Republic. Professional and reliable business serving the local community.",,,https://www.smartbrno.com,info@smartbrno.com,+96-813-8708,937 Main Street,16116,,Brno,,CZ,67.574547,-2.776344,,active,
eu_businesses_comprehensive_20251106_114856,,Digital Esbjerg,"Quality technology services in Esbjerg, Denmark. Professional and reliable business serving the local community.",,,https://www.digitalesbjerg.com,info@digitalesbjerg.com,+38-740-4461,76 King Street,66803,,Esbjerg,,DK,63.511181,-8.993258,,active,
eu_businesses_comprehensive_20251106_114856,,Innovation Tallinn,"Quality technology services in Tallinn, Estonia. Professional and reliable business serving the local community.",,,https://www.innovationtallinn.com,info@innovationtallinn.com,+78-896-4148,626 Main Street,85745,,Tallinn,,EE,52.245028,-5.528654,,active,
eu_businesses_comprehensive_20251106_114856,,Oulu IT Services,"Quality technology services in Oulu, Finland. Professional and reliable business serving the local community.",,,https://www.ouluitservices.com,info@ouluitservices.com,+83-366-1565,477 Main Street,36865,,Oulu,,FI,58.977012,7.981743,,active,
eu_businesses_comprehensive_20251106_114856,,Innovation Heraklion,"Quality technology services in Heraklion, Greece. Professional and reliable business serving the local community.",,,https://www.innovationheraklion.com,info@innovationheraklion.com,+64-198-4392,968 King Street,71932,,Heraklion,,GR,41.049548,-1.082101,,active,
eu_businesses_comprehensive_20251106_114856,,Innovation Budapest,"Quality technology services in Budapest, Hungary. Professional and reliable business serving the local community.",,,https://www.innovationbudapest.com,info@innovationbudapest.com,+68-610-6924,702 King Street,53773,,Budapest,,HU,38.048769,9.677096,,active,
eu_businesses_comprehensive_20251106_114856,,Smart Cork,"Quality technology services in Cork, Ireland. Professional and reliable business serving the local community.",,,https://www.smartcork.com,info@smartcork.com,+41-905-1138,512 Queen Street,21600,,Cork,,IE,49.040495,5.623694,,active,
eu_businesses_comprehensive_20251106_114856,,Innovation Turin,"Quality technology services in Turin, Italy. Professional and reliable business serving the local community.",,,https://www.innovationturin.com,info@innovationturin.com,+54-643-2710,774 Queen Street,87321,,Turin,,IT,65.036514,4.443071,,active,
eu_businesses_comprehensive_20251106_114856,,Digital Jūrmala,"Quality technology services in Jūrmala, Latvia. Professional and reliable business serving the local community.",,,https://www.digitaljūrmala.com,info@digitaljūrmala.com,+96-321-4667,429 Queen Street,29351,,Jūrmala,,LV,66.245156,9.513663,,active,
eu_businesses_comprehensive_20251106_114856,,TechSolutions Klaipėda,"Quality technology services in Klaipėda, Lithuania. Professional and reliable business serving the local community.",,,https://www.techsolutionsklaipėda.com,info@techsolutionsklaipėda.com,+60-194-1627,748 Main Street,73262,,Klaipėda,,LT,63.447836,3.585803,,active,
eu_businesses_comprehensive_20251106_114856,,TechSolutions Luxembourg City,"Quality technology services in Luxembourg City, Luxembourg. Professional and reliable business serving the local community.",,,https://www.techsolutionsluxembourgcity.com,info@techsolutionsluxembourgcity.com,+99-231-2344,525 Main Street,70048,,Luxembourg City,,LU,52.007335,-8.853596,,active,
eu_businesses_comprehensive_20251106_114856,,Innovation Qormi,"Quality technology services in Qormi, Malta. Professional and reliable business serving the local community.",,,https://www.innovationqormi.com,info@innovationqormi.com,+87-255-5533,668 Queen Street,70778,,Qormi,,MT,66.775772,26.668981,,active,
eu_businesses_comprehensive_20251106_114856,,Smart Wrocław,"Quality technology services in Wrocław, Poland. Professional and reliable business serving the local community.",,,https://www.smartwrocław.com,info@smartwrocław.com,+54-252-7858,772 High Street,64530,,Wrocław,,PL,50.722662,17.766888,,active,
eu_businesses_comprehensive_20251106_114856,,Digital Iași,"Quality technology services in Iași, Romania. Professional and reliable business serving the local community.",,,https://www.digitaliași.com,info@digitaliași.com,+86-109-4789,41 High Street,80398,,Iași,,RO,55.726578,10.487588,,active,
eu_businesses_comprehensive_20251106_114856,,Innovation Žilina,"Quality technology services in Žilina, Slovakia. Professional and reliable business serving the local community.",,,https://www.innovationžilina.com,info@innovationžilina.com,+33-846-7719,76 Queen Street,35299,,Žilina,,SK,47.545519,8.04313,,active,
eu_businesses_comprehensive_20251106_114856,,Innovation Ljubljana,"Quality technology services in Ljubljana, Slovenia. Professional and reliable business serving the local community.",,,https://www.innovationljubljana.com,info@innovationljubljana.com,+91-452-9007,631 Church Street,59738,,Ljubljana,,SI,57.72248,29.292678,,active,
eu_businesses_comprehensive_20251106_114856,,Smart Gothenburg,"Quality technology services in Gothenburg, Sweden. Professional and reliable business serving the local community.",,,https://www.smartgothenburg.com,info@smartgothenburg.com,+41-452-8863,374 High Street,63859,,Gothenburg,,SE,50.806059,3.860782,,active,
eu_businesses_comprehensive_20251106_114856,,Linz Financial,"Quality accounting firms services in Linz, Austria. Professional and reliable business serving the local community.",,,https://www.linzfinancial.com,info@linzfinancial.com,+78-793-7523,16 High Street,91765,,Linz,,AT,67.235476,13.864932,,active,
eu_businesses_comprehensive_20251106_114856,,Tax Experts Sofia,"Quality accounting firms services in Sofia, Bulgaria. Professional and reliable business serving the local community.",,,https://www.taxexpertssofia.com,info@taxexpertssofia.com,+82-985-6161,34 Main Street,49983,,Sofia,,BG,51.364895,-2.421245,,active,
eu_businesses_comprehensive_20251106_114856,,Zadar Financial,"Quality accounting firms services in Zadar, Croatia. Professional and reliable business serving the local community.",,,https://www.zadarfinancial.com,info@zadarfinancial.com,+76-124-3803,120 King Street,88212,,Zadar,,HR,59.635323,20.616317,,active,
eu_businesses_comprehensive_20251106_114856,,Fiscal Larnaca,"Quality accounting firms services in Larnaca, Cyprus. Professional and reliable business serving the local community.",,,https://www.fiscallarnaca.com,info@fiscallarnaca.com,+39-784-6977,114 Main Street,89963,,Larnaca,,CY,65.841424,-8.524845,,active,
eu_businesses_comprehensive_20251106_114856,,Tax Experts Brno,"Quality accounting firms services in Brno, Czech Republic. Professional and reliable business serving the local community.",,,https://www.taxexpertsbrno.com,info@taxexpertsbrno.com,+90-652-6348,278 Main Street,44324,,Brno,,CZ,46.94849,5.96456,,active,
eu_businesses_comprehensive_20251106_114856,,Accounting Plus Aalborg,"Quality accounting firms services in Aalborg, Denmark. Professional and reliable business serving the local community.",,,https://www.accountingplusaalborg.com,info@accountingplusaalborg.com,+94-461-3723,652 High Street,91522,,Aalborg,,DK,62.484732,0.513202,,active,
eu_businesses_comprehensive_20251106_114856,,Narva Accounting,"Quality accounting firms services in Narva, Estonia. Professional and reliable business serving the local community.",,,https://www.narvaaccounting.com,info@narvaaccounting.com,+75-916-1634,909 Church Street,31686,,Narva,,EE,62.94154,3.58317,,active,
eu_businesses_comprehensive_20251106_114856,,Helsinki Financial,"Quality accounting firms services in Helsinki, Finland. Professional and reliable business serving the local community.",,,https://www.helsinkifinancial.com,info@helsinkifinancial.com,+44-991-3797,798 Queen Street,58866,,Helsinki,,FI,57.891876,27.191074,,active,
eu_businesses_comprehensive_20251106_114856,,Fiscal Heraklion,"Quality accounting firms services in Heraklion, Greece. Professional and reliable business serving the local community.",,,https://www.fiscalheraklion.com,info@fiscalheraklion.com,+68-414-3201,490 Main Street,80258,,Heraklion,,GR,54.88149,4.88903,,active,
eu_businesses_comprehensive_20251106_114856,,Fiscal Budapest,"Quality accounting firms services in Budapest, Hungary. Professional and reliable business serving the local community.",,,https://www.fiscalbudapest.com,info@fiscalbudapest.com,+48-576-5812,542 Church Street,96123,,Budapest,,HU,42.013003,23.862139,,active,
eu_businesses_comprehensive_20251106_114856,,Waterford Financial,"Quality accounting firms services in Waterford, Ireland. Professional and reliable business serving the local community.",,,https://www.waterfordfinancial.com,info@waterfordfinancial.com,+95-239-4147,162 High Street,32050,,Waterford,,IE,38.711636,11.26918,,active,
eu_businesses_comprehensive_20251106_114856,,Fiscal Milan,"Quality accounting firms services in Milan, Italy. Professional and reliable business serving the local community.",,,https://www.fiscalmilan.com,info@fiscalmilan.com,+75-576-1132,683 High Street,59916,,Milan,,IT,40.194201,10.073677,,active,
eu_businesses_comprehensive_20251106_114856,,Daugavpils Financial,"Quality accounting firms services in Daugavpils, Latvia. Professional and reliable business serving the local community.",,,https://www.daugavpilsfinancial.com,info@daugavpilsfinancial.com,+68-453-4097,167 Main Street,55625,,Daugavpils,,LV,67.399886,-1.058156,,active,
eu_businesses_comprehensive_20251106_114856,,Accounting Plus Kaunas,"Quality accounting firms services in Kaunas, Lithuania. Professional and reliable business serving the local community.",,,https://www.accountingpluskaunas.com,info@accountingpluskaunas.com,+76-188-1448,104 Main Street,78619,,Kaunas,,LT,42.099136,7.554784,,active,
eu_businesses_comprehensive_20251106_114856,,Tax Experts Differdange,"Quality accounting firms services in Differdange, Luxembourg. Professional and reliable business serving the local community.",,,https://www.taxexpertsdifferdange.com,info@taxexpertsdifferdange.com,+81-583-3122,484 King Street,17204,,Differdange,,LU,49.296154,26.521358,,active,
eu_businesses_comprehensive_20251106_114856,,St. Julian's Accounting,"Quality accounting firms services in St. Julian's, Malta. Professional and reliable business serving the local community.",,,https://www.st.julian'saccounting.com,info@st.julian'saccounting.com,+92-676-6106,448 Church Street,89042,,St. Julian's,,MT,64.200528,16.601293,,active,
eu_businesses_comprehensive_20251106_114856,,Accounting Plus Łódź,"Quality accounting firms services in Łódź, Poland. Professional and reliable business serving the local community.",,,https://www.accountingplusłódź.com,info@accountingplusłódź.com,+43-261-4994,594 Main Street,83891,,Łódź,,PL,38.02643,-3.081351,,active,
eu_businesses_comprehensive_20251106_114856,,Iași Financial,"Quality accounting firms services in Iași, Romania. Professional and reliable business serving the local community.",,,https://www.iașifinancial.com,info@iașifinancial.com,+47-443-4344,234 King Street,62174,,Iași,,RO,56.795648,12.659817,,active,
eu_businesses_comprehensive_20251106_114856,,Košice Financial,"Quality accounting firms services in Košice, Slovakia. Professional and reliable business serving the local community.",,,https://www.košicefinancial.com,info@košicefinancial.com,+57-135-9346,692 High Street,72677,,Košice,,SK,37.849632,-7.218047,,active,
eu_businesses_comprehensive_20251106_114856,,Velenje Accounting,"Quality accounting firms services in Velenje, Slovenia. Professional and reliable business serving the local community.",,,https://www.velenjeaccounting.com,info@velenjeaccounting.com,+35-843-2183,350 High Street,79160,,Velenje,,SI,51.179976,8.816202,,active,
eu_businesses_comprehensive_20251106_114856,,Tax Experts Uppsala,"Quality accounting firms services in Uppsala, Sweden. Professional and reliable business serving the local community.",,,https://www.taxexpertsuppsala.com,info@taxexpertsuppsala.com,+32-365-6962,161 High Street,65116,,Uppsala,,SE,35.018673,-0.474108,,active,
eu_businesses_comprehensive_20251106_114856,,Gallery Graz,"Quality art galleries services in Graz, Austria. Professional and reliable business serving the local community.",,,https://www.gallerygraz.com,info@gallerygraz.com,+68-979-3705,736 High Street,23857,,Graz,,AT,45.317406,20.875725,,active,
eu_businesses_comprehensive_20251106_114856,,Art Space Plovdiv,"Quality art galleries services in Plovdiv, Bulgaria. Professional and reliable business serving the local community.",,,https://www.artspaceplovdiv.com,info@artspaceplovdiv.com,+59-283-9677,741 High Street,38185,,Plovdiv,,BG,43.159959,15.727092,,active,
eu_businesses_comprehensive_20251106_114856,,Atelier Osijek,"Quality art galleries services in Osijek, Croatia. Professional and reliable business serving the local community.",,,https://www.atelierosijek.com,info@atelierosijek.com,+91-748-7996,25 High Street,54059,,Osijek,,HR,39.448381,16.109041,,active,
eu_businesses_comprehensive_20251106_114856,,Gallery Paphos,"Quality art galleries services in Paphos, Cyprus. Professional and reliable business serving the local community.",,,https://www.gallerypaphos.com,info@gallerypaphos.com,+50-648-5433,498 King Street,97583,,Paphos,,CY,63.563944,12.525835,,active,
eu_businesses_comprehensive_20251106_114856,,Creative Plzen,"Quality art galleries services in Plzen, Czech Republic. Professional and reliable business serving the local community.",,,https://www.creativeplzen.com,info@creativeplzen.com,+72-797-7110,239 Main Street,66299,,Plzen,,CZ,61.943887,-7.954975,,active,
eu_businesses_comprehensive_20251106_114856,,Gallery Copenhagen,"Quality art galleries services in Copenhagen, Denmark. Professional and reliable business serving the local community.",,,https://www.gallerycopenhagen.com,info@gallerycopenhagen.com,+56-976-7698,667 High Street,42197,,Copenhagen,,DK,64.567121,-2.357916,,active,
eu_businesses_comprehensive_20251106_114856,,Narva Arts,"Quality art galleries services in Narva, Estonia. Professional and reliable business serving the local community.",,,https://www.narvaarts.com,info@narvaarts.com,+93-990-2190,365 High Street,17905,,Narva,,EE,47.921045,14.04205,,active,
eu_businesses_comprehensive_20251106_114856,,Creative Espoo,"Quality art galleries services in Espoo, Finland. Professional and reliable business serving the local community.",,,https://www.creativeespoo.com,info@creativeespoo.com,+40-108-1231,150 Main Street,65739,,Espoo,,FI,63.840676,12.943799,,active,
eu_businesses_comprehensive_20251106_114856,,Thessaloniki Arts,"Quality art galleries services in Thessaloniki, Greece. Professional and reliable business serving the local community.",,,https://www.thessalonikiarts.com,info@thessalonikiarts.com,+86-213-8368,597 King Street,35455,,Thessaloniki,,GR,58.51458,14.966748,,active,
eu_businesses_comprehensive_20251106_114856,,Szeged Arts,"Quality art galleries services in Szeged, Hungary. Professional and reliable business serving the local community.",,,https://www.szegedarts.com,info@szegedarts.com,+87-249-1815,888 King Street,18911,,Szeged,,HU,61.814885,6.443902,,active,
eu_businesses_comprehensive_20251106_114856,,Gallery Cork,"Quality art galleries services in Cork, Ireland. Professional and reliable business serving the local community.",,,https://www.gallerycork.com,info@gallerycork.com,+85-539-4233,577 Church Street,79130,,Cork,,IE,59.043828,14.691687,,active,
eu_businesses_comprehensive_20251106_114856,,Atelier Naples,"Quality art galleries services in Naples, Italy. Professional and reliable business serving the local community.",,,https://www.ateliernaples.com,info@ateliernaples.com,+39-103-8063,455 Queen Street,65778,,Naples,,IT,65.981554,20.354983,,active,
eu_businesses_comprehensive_20251106_114856,,Daugavpils Arts,"Quality art galleries services in Daugavpils, Latvia. Professional and reliable business serving the local community.",,,https://www.daugavpilsarts.com,info@daugavpilsarts.com,+57-726-5998,714 King Street,75757,,Daugavpils,,LV,35.242573,29.494244,,active,
eu_businesses_comprehensive_20251106_114856,,Gallery Vilnius,"Quality art galleries services in Vilnius, Lithuania. Professional and reliable business serving the local community.",,,https://www.galleryvilnius.com,info@galleryvilnius.com,+86-995-3697,869 King Street,74310,,Vilnius,,LT,38.22585,21.534458,,active,
eu_businesses_comprehensive_20251106_114856,,Art Space Luxembourg City,"Quality art galleries services in Luxembourg City, Luxembourg. Professional and reliable business serving the local community.",,,https://www.artspaceluxembourgcity.com,info@artspaceluxembourgcity.com,+49-951-2749,954 Main Street,72832,,Luxembourg City,,LU,69.86756,-9.307291,,active,
eu_businesses_comprehensive_20251106_114856,,Art Space Birkirkara,"Quality art galleries services in Birkirkara, Malta. Professional and reliable business serving the local community.",,,https://www.artspacebirkirkara.com,info@artspacebirkirkara.com,+67-973-8000,402 High Street,61607,,Birkirkara,,MT,60.574026,14.632621,,active,
eu_businesses_comprehensive_20251106_114856,,Atelier Wrocław,"Quality art galleries services in Wrocław, Poland. Professional and reliable business serving the local community.",,,https://www.atelierwrocław.com,info@atelierwrocław.com,+53-113-6989,529 Queen Street,81317,,Wrocław,,PL,49.10018,10.765615,,active,
eu_businesses_comprehensive_20251106_114856,,Creative Cluj-Napoca,"Quality art galleries services in Cluj-Napoca, Romania. Professional and reliable business serving the local community.",,,https://www.creativecluj-napoca.com,info@creativecluj-napoca.com,+98-947-1038,551 Queen Street,91023,,Cluj-Napoca,,RO,53.696974,9.210441,,active,
eu_businesses_comprehensive_20251106_114856,,Gallery Prešov,"Quality art galleries services in Prešov, Slovakia. Professional and reliable business serving the local community.",,,https://www.galleryprešov.com,info@galleryprešov.com,+78-250-5232,555 Queen Street,87180,,Prešov,,SK,38.590491,2.132007,,active,
eu_businesses_comprehensive_20251106_114856,,Gallery Ljubljana,"Quality art galleries services in Ljubljana, Slovenia. Professional and reliable business serving the local community.",,,https://www.galleryljubljana.com,info@galleryljubljana.com,+88-921-8896,622 Main Street,80741,,Ljubljana,,SI,50.919448,9.830299,,active,
eu_businesses_comprehensive_20251106_114856,,Creative Västerås,"Quality art galleries services in Västerås, Sweden. Professional and reliable business serving the local community.",,,https://www.creativevästerås.com,info@creativevästerås.com,+48-727-6162,413 King Street,48480,,Västerås,,SE,50.687191,15.159148,,active,
eu_businesses_comprehensive_20251106_114856,,Graz Kitchen,"Quality asian restaurants services in Graz, Austria. Professional and reliable business serving the local community.",,,https://www.grazkitchen.com,info@grazkitchen.com,+30-102-4410,620 King Street,88901,,Graz,,AT,51.227532,26.170125,,active,
eu_businesses_comprehensive_20251106_114856,,Orient Ruse,"Quality asian restaurants services in Ruse, Bulgaria. Professional and reliable business serving the local community.",,,https://www.orientruse.com,info@orientruse.com,+96-285-5412,840 High Street,53657,,Ruse,,BG,44.015422,2.709143,,active,
eu_businesses_comprehensive_20251106_114856,,Orient Zadar,"Quality asian restaurants services in Zadar, Croatia. Professional and reliable business serving the local community.",,,https://www.orientzadar.com,info@orientzadar.com,+79-932-2818,570 High Street,78582,,Zadar,,HR,47.279079,-5.869914,,active,
eu_businesses_comprehensive_20251106_114856,,Asian Fusion Larnaca,"Quality asian restaurants services in Larnaca, Cyprus. Professional and reliable business serving the local community.",,,https://www.asianfusionlarnaca.com,info@asianfusionlarnaca.com,+51-217-6725,334 King Street,59051,,Larnaca,,CY,46.133366,6.733723,,active,
eu_businesses_comprehensive_20251106_114856,,Bamboo Brno,"Quality asian restaurants services in Brno, Czech Republic. Professional and reliable business serving the local community.",,,https://www.bamboobrno.com,info@bamboobrno.com,+51-367-7846,536 Main Street,18608,,Brno,,CZ,36.784505,29.863954,,active,
eu_businesses_comprehensive_20251106_114856,,Asian Fusion Aalborg,"Quality asian restaurants services in Aalborg, Denmark. Professional and reliable business serving the local community.",,,https://www.asianfusionaalborg.com,info@asianfusionaalborg.com,+42-235-8430,779 Church Street,81255,,Aalborg,,DK,35.093382,16.532931,,active,
eu_businesses_comprehensive_20251106_114856,,Bamboo Kohtla-Järve,"Quality asian restaurants services in Kohtla-Järve, Estonia. Professional and reliable business serving the local community.",,,https://www.bambookohtla-järve.com,info@bambookohtla-järve.com,+67-399-6033,815 Main Street,30807,,Kohtla-Järve,,EE,60.780174,20.749378,,active,
eu_businesses_comprehensive_20251106_114856,,Asian Fusion Tampere,"Quality asian restaurants services in Tampere, Finland. Professional and reliable business serving the local community.",,,https://www.asianfusiontampere.com,info@asianfusiontampere.com,+37-591-7230,466 Queen Street,32621,,Tampere,,FI,54.308207,25.410857,,active,
eu_businesses_comprehensive_20251106_114856,,Bamboo Heraklion,"Quality asian restaurants services in Heraklion, Greece. Professional and reliable business serving the local community.",,,https://www.bambooheraklion.com,info@bambooheraklion.com,+40-720-2575,791 Main Street,64970,,Heraklion,,GR,52.013328,20.270955,,active,
eu_businesses_comprehensive_20251106_114856,,Bamboo Miskolc,"Quality asian restaurants services in Miskolc, Hungary. Professional and reliable business serving the local community.",,,https://www.bamboomiskolc.com,info@bamboomiskolc.com,+61-647-2915,118 Queen Street,70823,,Miskolc,,HU,35.762339,23.466724,,active,
eu_businesses_comprehensive_20251106_114856,,Limerick Kitchen,"Quality asian restaurants services in Limerick, Ireland. Professional and reliable business serving the local community.",,,https://www.limerickkitchen.com,info@limerickkitchen.com,+79-206-7392,934 Queen Street,96880,,Limerick,,IE,46.663028,6.225039,,active,
eu_businesses_comprehensive_20251106_114856,,Dragon Milan,"Quality asian restaurants services in Milan, Italy. Professional and reliable business serving the local community.",,,https://www.dragonmilan.com,info@dragonmilan.com,+58-110-2907,227 High Street,77215,,Milan,,IT,63.417416,27.422963,,active,
eu_businesses_comprehensive_20251106_114856,,Dragon Jūrmala,"Quality asian restaurants services in Jūrmala, Latvia. Professional and reliable business serving the local community.",,,https://www.dragonjūrmala.com,info@dragonjūrmala.com,+73-864-6234,586 Church Street,47891,,Jūrmala,,LV,38.99669,-6.96211,,active,
eu_businesses_comprehensive_20251106_114856,,Orient Panevėžys,"Quality asian restaurants services in Panevėžys, Lithuania. Professional and reliable business serving the local community.",,,https://www.orientpanevėžys.com,info@orientpanevėžys.com,+45-295-8777,222 High Street,83297,,Panevėžys,,LT,67.258532,15.952238,,active,
eu_businesses_comprehensive_20251106_114856,,Bamboo Differdange,"Quality asian restaurants services in Differdange, Luxembourg. Professional and reliable business serving the local community.",,,https://www.bamboodifferdange.com,info@bamboodifferdange.com,+83-310-6413,463 Main Street,48862,,Differdange,,LU,61.023989,-8.587631,,active,
eu_businesses_comprehensive_20251106_114856,,Bamboo Valletta,"Quality asian restaurants services in Valletta, Malta. Professional and reliable business serving the local community.",,,https://www.bamboovalletta.com,info@bamboovalletta.com,+74-174-9135,472 Church Street,67518,,Valletta,,MT,53.395756,4.957639,,active,
eu_businesses_comprehensive_20251106_114856,,Poznań Kitchen,"Quality asian restaurants services in Poznań, Poland. Professional and reliable business serving the local community.",,,https://www.poznańkitchen.com,info@poznańkitchen.com,+99-952-5086,636 King Street,92261,,Poznań,,PL,54.030361,-5.672553,,active,
eu_businesses_comprehensive_20251106_114856,,Asian Fusion Constanța,"Quality asian restaurants services in Constanța, Romania. Professional and reliable business serving the local community.",,,https://www.asianfusionconstanța.com,info@asianfusionconstanța.com,+96-204-3786,555 High Street,18849,,Constanța,,RO,56.884316,23.597792,,active,
eu_businesses_comprehensive_20251106_114856,,Bamboo Prešov,"Quality asian restaurants services in Prešov, Slovakia. Professional and reliable business serving the local community.",,,https://www.bambooprešov.com,info@bambooprešov.com,+55-806-5986,601 Church Street,70092,,Prešov,,SK,59.28592,0.837301,,active,
eu_businesses_comprehensive_20251106_114856,,Bamboo Kranj,"Quality asian restaurants services in Kranj, Slovenia. Professional and reliable business serving the local community.",,,https://www.bambookranj.com,info@bambookranj.com,+86-892-1388,105 Main Street,49230,,Kranj,,SI,45.429707,8.919952,,active,
eu_businesses_comprehensive_20251106_114856,,Västerås Kitchen,"Quality asian restaurants services in Västerås, Sweden. Professional and reliable business serving the local community.",,,https://www.västeråskitchen.com,info@västeråskitchen.com,+55-483-4414,36 High Street,43898,,Västerås,,SE,59.874228,26.016051,,active,
eu_businesses_comprehensive_20251106_114856,,Repair Innsbruck,"Quality auto repair services in Innsbruck, Austria. Professional and reliable business serving the local community.",,,https://www.repairinnsbruck.com,info@repairinnsbruck.com,+75-852-1495,411 Queen Street,56788,,Innsbruck,,AT,69.673349,3.886797,,active,
eu_businesses_comprehensive_20251106_114856,,Garage Plovdiv,"Quality auto repair services in Plovdiv, Bulgaria. Professional and reliable business serving the local community.",,,https://www.garageplovdiv.com,info@garageplovdiv.com,+77-707-8545,3 King Street,48311,,Plovdiv,,BG,64.317925,20.060082,,active,
eu_businesses_comprehensive_20251106_114856,,Repair Zagreb,"Quality auto repair services in Zagreb, Croatia. Professional and reliable business serving the local community.",,,https://www.repairzagreb.com,info@repairzagreb.com,+95-174-2431,813 King Street,61385,,Zagreb,,HR,44.285534,1.731839,,active,
eu_businesses_comprehensive_20251106_114856,,Repair Larnaca,"Quality auto repair services in Larnaca, Cyprus. Professional and reliable business serving the local community.",,,https://www.repairlarnaca.com,info@repairlarnaca.com,+63-654-6374,670 Church Street,25835,,Larnaca,,CY,61.516591,-6.192445,,active,
eu_businesses_comprehensive_20251106_114856,,Garage Liberec,"Quality auto repair services in Liberec, Czech Republic. Professional and reliable business serving the local community.",,,https://www.garageliberec.com,info@garageliberec.com,+65-772-3628,930 King Street,39265,,Liberec,,CZ,43.059114,-8.445187,,active,
eu_businesses_comprehensive_20251106_114856,,Garage Esbjerg,"Quality auto repair services in Esbjerg, Denmark. Professional and reliable business serving the local community.",,,https://www.garageesbjerg.com,info@garageesbjerg.com,+70-477-9076,504 Queen Street,33057,,Esbjerg,,DK,65.751679,1.345407,,active,
eu_businesses_comprehensive_20251106_114856,,CarCare Pärnu,"Quality auto repair services in Pärnu, Estonia. Professional and reliable business serving the local community.",,,https://www.carcarepärnu.com,info@carcarepärnu.com,+98-246-7166,962 Church Street,24221,,Pärnu,,EE,40.783072,19.720977,,active,
eu_businesses_comprehensive_20251106_114856,,CarCare Tampere,"Quality auto repair services in Tampere, Finland. Professional and reliable business serving the local community.",,,https://www.carcaretampere.com,info@carcaretampere.com,+84-232-8551,800 King Street,44388,,Tampere,,FI,48.042915,17.622195,,active,
eu_businesses_comprehensive_20251106_114856,,Garage Heraklion,"Quality auto repair services in Heraklion, Greece. Professional and reliable business serving the local community.",,,https://www.garageheraklion.com,info@garageheraklion.com,+91-408-4031,231 Queen Street,44064,,Heraklion,,GR,58.974417,23.621017,,active,
eu_businesses_comprehensive_20251106_114856,,Szeged Motors,"Quality auto repair services in Szeged, Hungary. Professional and reliable business serving the local community.",,,https://www.szegedmotors.com,info@szegedmotors.com,+42-994-2632,577 Church Street,28035,,Szeged,,HU,56.77809,27.11461,,active,
eu_businesses_comprehensive_20251106_114856,,CarCare Waterford,"Quality auto repair services in Waterford, Ireland. Professional and reliable business serving the local community.",,,https://www.carcarewaterford.com,info@carcarewaterford.com,+42-177-4623,74 Church Street,53204,,Waterford,,IE,43.81643,16.65762,,active,
eu_businesses_comprehensive_20251106_114856,,Repair Milan,"Quality auto repair services in Milan, Italy. Professional and reliable business serving the local community.",,,https://www.repairmilan.com,info@repairmilan.com,+93-710-2201,376 Main Street,29459,,Milan,,IT,56.713541,21.518399,,active,
eu_businesses_comprehensive_20251106_114856,,CarCare Liepāja,"Quality auto repair services in Liepāja, Latvia. Professional and reliable business serving the local community.",,,https://www.carcareliepāja.com,info@carcareliepāja.com,+83-335-9472,877 Queen Street,96418,,Liepāja,,LV,49.801686,-0.746211,,active,
eu_businesses_comprehensive_20251106_114856,,CarCare Klaipėda,"Quality auto repair services in Klaipėda, Lithuania. Professional and reliable business serving the local community.",,,https://www.carcareklaipėda.com,info@carcareklaipėda.com,+75-413-3310,965 King Street,64888,,Klaipėda,,LT,56.683786,18.015558,,active,
eu_businesses_comprehensive_20251106_114856,,CarCare Dudelange,"Quality auto repair services in Dudelange, Luxembourg. Professional and reliable business serving the local community.",,,https://www.carcaredudelange.com,info@carcaredudelange.com,+94-613-5180,161 Church Street,20767,,Dudelange,,LU,37.965097,-9.697854,,active,
eu_businesses_comprehensive_20251106_114856,,CarCare Sliema,"Quality auto repair services in Sliema, Malta. Professional and reliable business serving the local community.",,,https://www.carcaresliema.com,info@carcaresliema.com,+86-872-2756,351 Queen Street,94743,,Sliema,,MT,37.688484,-3.052426,,active,
eu_businesses_comprehensive_20251106_114856,,Wrocław Motors,"Quality auto repair services in Wrocław, Poland. Professional and reliable business serving the local community.",,,https://www.wrocławmotors.com,info@wrocławmotors.com,+70-516-2912,177 High Street,71543,,Wrocław,,PL,45.869427,15.653833,,active,
eu_businesses_comprehensive_20251106_114856,,AutoFix Iași,"Quality auto repair services in Iași, Romania. Professional and reliable business serving the local community.",,,https://www.autofixiași.com,info@autofixiași.com,+52-824-2180,27 King Street,85025,,Iași,,RO,41.483291,1.148657,,active,
eu_businesses_comprehensive_20251106_114856,,Repair Banská Bystrica,"Quality auto repair services in Banská Bystrica, Slovakia. Professional and reliable business serving the local community.",,,https://www.repairbanskábystrica.com,info@repairbanskábystrica.com,+92-343-9659,932 King Street,59869,,Banská Bystrica,,SK,67.295936,-4.783465,,active,
eu_businesses_comprehensive_20251106_114856,,Koper Motors,"Quality auto repair services in Koper, Slovenia. Professional and reliable business serving the local community.",,,https://www.kopermotors.com,info@kopermotors.com,+82-810-9948,127 Queen Street,76830,,Koper,,SI,69.313257,26.34109,,active,
eu_businesses_comprehensive_20251106_114856,,CarCare Uppsala,"Quality auto repair services in Uppsala, Sweden. Professional and reliable business serving the local community.",,,https://www.carcareuppsala.com,info@carcareuppsala.com,+86-357-4443,419 King Street,47762,,Uppsala,,SE,59.618789,7.112377,,active,
eu_businesses_comprehensive_20251106_114856,,Linz Cars,"Quality automotive services in Linz, Austria. Professional and reliable business serving the local community.",,,https://www.linzcars.com,info@linzcars.com,+65-796-7973,434 High Street,83558,,Linz,,AT,48.910714,-8.315023,,active,
eu_businesses_comprehensive_20251106_114856,,Auto Sofia,"Quality automotive services in Sofia, Bulgaria. Professional and reliable business serving the local community.",,,https://www.autosofia.com,info@autosofia.com,+85-346-2501,524 Church Street,83755,,Sofia,,BG,56.686004,1.386069,,active,
eu_businesses_comprehensive_20251106_114856,,Auto Osijek,"Quality automotive services in Osijek, Croatia. Professional and reliable business serving the local community.",,,https://www.autoosijek.com,info@autoosijek.com,+83-430-5400,398 Church Street,13676,,Osijek,,HR,64.985237,-8.269799,,active,
eu_businesses_comprehensive_20251106_114856,,Vehicle Famagusta,"Quality automotive services in Famagusta, Cyprus. Professional and reliable business serving the local community.",,,https://www.vehiclefamagusta.com,info@vehiclefamagusta.com,+39-676-2833,780 High Street,75695,,Famagusta,,CY,65.963623,18.367098,,active,
eu_businesses_comprehensive_20251106_114856,,Auto Brno,"Quality automotive services in Brno, Czech Republic. Professional and reliable business serving the local community.",,,https://www.autobrno.com,info@autobrno.com,+60-511-3029,819 Church Street,17460,,Brno,,CZ,47.835945,17.4565,,active,
eu_businesses_comprehensive_20251106_114856,,Aarhus Cars,"Quality automotive services in Aarhus, Denmark. Professional and reliable business serving the local community.",,,https://www.aarhuscars.com,info@aarhuscars.com,+50-558-3350,130 Main Street,25164,,Aarhus,,DK,63.016108,-1.725107,,active,
eu_businesses_comprehensive_20251106_114856,,Vehicle Tallinn,"Quality automotive services in Tallinn, Estonia. Professional and reliable business serving the local community.",,,https://www.vehicletallinn.com,info@vehicletallinn.com,+77-627-9041,66 King Street,57704,,Tallinn,,EE,67.66952,9.078298,,active,
eu_businesses_comprehensive_20251106_114856,,Tampere Cars,"Quality automotive services in Tampere, Finland. Professional and reliable business serving the local community.",,,https://www.tamperecars.com,info@tamperecars.com,+43-864-5798,967 Main Street,17666,,Tampere,,FI,35.112606,17.395247,,active,
eu_businesses_comprehensive_20251106_114856,,Motors Athens,"Quality automotive services in Athens, Greece. Professional and reliable business serving the local community.",,,https://www.motorsathens.com,info@motorsathens.com,+67-639-1818,181 Queen Street,58402,,Athens,,GR,52.578185,4.567351,,active,
eu_businesses_comprehensive_20251106_114856,,Motors Szeged,"Quality automotive services in Szeged, Hungary. Professional and reliable business serving the local community.",,,https://www.motorsszeged.com,info@motorsszeged.com,+46-379-8640,308 High Street,56902,,Szeged,,HU,56.790511,-6.153086,,active,
eu_businesses_comprehensive_20251106_114856,,Vehicle Galway,"Quality automotive services in Galway, Ireland. Professional and reliable business serving the local community.",,,https://www.vehiclegalway.com,info@vehiclegalway.com,+33-820-5843,662 Church Street,40013,,Galway,,IE,42.79368,-6.741822,,active,
eu_businesses_comprehensive_20251106_114856,,Motors Milan,"Quality automotive services in Milan, Italy. Professional and reliable business serving the local community.",,,https://www.motorsmilan.com,info@motorsmilan.com,+49-721-4623,763 High Street,53983,,Milan,,IT,65.055324,25.759446,,active,
eu_businesses_comprehensive_20251106_114856,,Liepāja Cars,"Quality automotive services in Liepāja, Latvia. Professional and reliable business serving the local community.",,,https://www.liepājacars.com,info@liepājacars.com,+31-785-4408,216 Main Street,22372,,Liepāja,,LV,55.616412,22.057494,,active,
eu_businesses_comprehensive_20251106_114856,,Motors Šiauliai,"Quality automotive services in Šiauliai, Lithuania. Professional and reliable business serving the local community.",,,https://www.motorsšiauliai.com,info@motorsšiauliai.com,+58-812-1546,122 Main Street,84775,,Šiauliai,,LT,53.130656,-2.75164,,active,
eu_businesses_comprehensive_20251106_114856,,Auto Differdange,"Quality automotive services in Differdange, Luxembourg. Professional and reliable business serving the local community.",,,https://www.autodifferdange.com,info@autodifferdange.com,+32-446-3225,128 King Street,49495,,Differdange,,LU,62.20202,27.800005,,active,
eu_businesses_comprehensive_20251106_114856,,Drive Sliema,"Quality automotive services in Sliema, Malta. Professional and reliable business serving the local community.",,,https://www.drivesliema.com,info@drivesliema.com,+99-450-7923,679 Main Street,72777,,Sliema,,MT,51.811098,0.540053,,active,
eu_businesses_comprehensive_20251106_114856,,Vehicle Łódź,"Quality automotive services in Łódź, Poland. Professional and reliable business serving the local community.",,,https://www.vehiclełódź.com,info@vehiclełódź.com,+86-693-2239,127 High Street,78463,,Łódź,,PL,66.321265,4.787875,,active,
eu_businesses_comprehensive_20251106_114856,,Motors Iași,"Quality automotive services in Iași, Romania. Professional and reliable business serving the local community.",,,https://www.motorsiași.com,info@motorsiași.com,+66-345-8335,229 Queen Street,42687,,Iași,,RO,55.49703,18.920254,,active,
eu_businesses_comprehensive_20251106_114856,,Auto Bratislava,"Quality automotive services in Bratislava, Slovakia. Professional and reliable business serving the local community.",,,https://www.autobratislava.com,info@autobratislava.com,+83-103-4038,786 High Street,30774,,Bratislava,,SK,65.236708,13.002875,,active,
eu_businesses_comprehensive_20251106_114856,,Auto Koper,"Quality automotive services in Koper, Slovenia. Professional and reliable business serving the local community.",,,https://www.autokoper.com,info@autokoper.com,+98-833-1813,207 Main Street,69993,,Koper,,SI,46.716537,22.844009,,active,
eu_businesses_comprehensive_20251106_114856,,Uppsala Cars,"Quality automotive services in Uppsala, Sweden. Professional and reliable business serving the local community.",,,https://www.uppsalacars.com,info@uppsalacars.com,+35-710-6071,161 Queen Street,65950,,Uppsala,,SE,66.08105,0.545244,,active,
eu_businesses_comprehensive_20251106_114856,,Graz Financial,"Quality bank services in Graz, Austria. Professional and reliable business serving the local community.",,,https://www.grazfinancial.com,info@grazfinancial.com,+65-610-7182,440 King Street,86573,,Graz,,AT,38.820668,12.48168,,active,
eu_businesses_comprehensive_20251106_114856,,Bank Ruse,"Quality bank services in Ruse, Bulgaria. Professional and reliable business serving the local community.",,,https://www.bankruse.com,info@bankruse.com,+49-671-6514,84 King Street,43890,,Ruse,,BG,48.331786,1.483664,,active,
eu_businesses_comprehensive_20251106_114856,,Finance Osijek,"Quality bank services in Osijek, Croatia. Professional and reliable business serving the local community.",,,https://www.financeosijek.com,info@financeosijek.com,+80-621-4081,395 King Street,33074,,Osijek,,HR,68.536801,10.112044,,active,
eu_businesses_comprehensive_20251106_114856,,Credit Limassol,"Quality bank services in Limassol, Cyprus. Professional and reliable business serving the local community.",,,https://www.creditlimassol.com,info@creditlimassol.com,+75-738-1297,613 Queen Street,96287,,Limassol,,CY,69.417641,3.449241,,active,
eu_businesses_comprehensive_20251106_114856,,Credit Plzen,"Quality bank services in Plzen, Czech Republic. Professional and reliable business serving the local community.",,,https://www.creditplzen.com,info@creditplzen.com,+52-551-7517,422 High Street,11515,,Plzen,,CZ,59.705364,3.946647,,active,
eu_businesses_comprehensive_20251106_114856,,Credit Odense,"Quality bank services in Odense, Denmark. Professional and reliable business serving the local community.",,,https://www.creditodense.com,info@creditodense.com,+58-537-5737,201 King Street,20011,,Odense,,DK,48.798217,29.281504,,active,
eu_businesses_comprehensive_20251106_114856,,Capital Narva,"Quality bank services in Narva, Estonia. Professional and reliable business serving the local community.",,,https://www.capitalnarva.com,info@capitalnarva.com,+55-512-6965,753 King Street,12380,,Narva,,EE,39.103457,3.651429,,active,
eu_businesses_comprehensive_20251106_114856,,Capital Tampere,"Quality bank services in Tampere, Finland. Professional and reliable business serving the local community.",,,https://www.capitaltampere.com,info@capitaltampere.com,+31-197-6750,379 King Street,15194,,Tampere,,FI,60.78576,-3.714644,,active,
eu_businesses_comprehensive_20251106_114856,,Capital Larissa,"Quality bank services in Larissa, Greece. Professional and reliable business serving the local community.",,,https://www.capitallarissa.com,info@capitallarissa.com,+59-172-5837,173 King Street,15326,,Larissa,,GR,47.051326,21.379571,,active,
eu_businesses_comprehensive_20251106_114856,,Bank Miskolc,"Quality bank services in Miskolc, Hungary. Professional and reliable business serving the local community.",,,https://www.bankmiskolc.com,info@bankmiskolc.com,+46-147-6526,377 High Street,15362,,Miskolc,,HU,62.108721,6.621578,,active,
eu_businesses_comprehensive_20251106_114856,,Bank Cork,"Quality bank services in Cork, Ireland. Professional and reliable business serving the local community.",,,https://www.bankcork.com,info@bankcork.com,+57-659-1028,543 Main Street,74166,,Cork,,IE,51.000767,-9.873131,,active,
eu_businesses_comprehensive_20251106_114856,,Turin Financial,"Quality bank services in Turin, Italy. Professional and reliable business serving the local community.",,,https://www.turinfinancial.com,info@turinfinancial.com,+67-385-4773,837 Queen Street,97656,,Turin,,IT,50.109709,29.126823,,active,
eu_businesses_comprehensive_20251106_114856,,Capital Daugavpils,"Quality bank services in Daugavpils, Latvia. Professional and reliable business serving the local community.",,,https://www.capitaldaugavpils.com,info@capitaldaugavpils.com,+36-655-1269,486 High Street,81132,,Daugavpils,,LV,48.307249,-1.054059,,active,
eu_businesses_comprehensive_20251106_114856,,Capital Kaunas,"Quality bank services in Kaunas, Lithuania. Professional and reliable business serving the local community.",,,https://www.capitalkaunas.com,info@capitalkaunas.com,+85-180-1026,838 Queen Street,63550,,Kaunas,,LT,35.460634,-0.608844,,active,
eu_businesses_comprehensive_20251106_114856,,Dudelange Financial,"Quality bank services in Dudelange, Luxembourg. Professional and reliable business serving the local community.",,,https://www.dudelangefinancial.com,info@dudelangefinancial.com,+64-124-1836,561 King Street,23448,,Dudelange,,LU,41.565856,2.376478,,active,
eu_businesses_comprehensive_20251106_114856,,Capital Birkirkara,"Quality bank services in Birkirkara, Malta. Professional and reliable business serving the local community.",,,https://www.capitalbirkirkara.com,info@capitalbirkirkara.com,+78-619-2645,490 Queen Street,25507,,Birkirkara,,MT,49.53632,26.448803,,active,
eu_businesses_comprehensive_20251106_114856,,Finance Wrocław,"Quality bank services in Wrocław, Poland. Professional and reliable business serving the local community.",,,https://www.financewrocław.com,info@financewrocław.com,+49-893-3378,103 Queen Street,63024,,Wrocław,,PL,58.174434,13.390564,,active,
eu_businesses_comprehensive_20251106_114856,,Credit Iași,"Quality bank services in Iași, Romania. Professional and reliable business serving the local community.",,,https://www.creditiași.com,info@creditiași.com,+97-282-5215,304 Church Street,65743,,Iași,,RO,38.550972,-3.504175,,active,
eu_businesses_comprehensive_20251106_114856,,Credit Prešov,"Quality bank services in Prešov, Slovakia. Professional and reliable business serving the local community.",,,https://www.creditprešov.com,info@creditprešov.com,+73-287-3353,328 King Street,52021,,Prešov,,SK,50.264771,18.015593,,active,
eu_businesses_comprehensive_20251106_114856,,Koper Financial,"Quality bank services in Koper, Slovenia. Professional and reliable business serving the local community.",,,https://www.koperfinancial.com,info@koperfinancial.com,+72-209-3901,38 Main Street,74705,,Koper,,SI,62.847871,7.212354,,active,
eu_businesses_comprehensive_20251106_114856,,Capital Västerås,"Quality bank services in Västerås, Sweden. Professional and reliable business serving the local community.",,,https://www.capitalvästerås.com,info@capitalvästerås.com,+63-146-6420,927 Main Street,92994,,Västerås,,SE,39.934826,-8.078157,,active,
eu_businesses_comprehensive_20251106_114856,,Bar Salzburg,"Quality bars & pubs services in Salzburg, Austria. Professional and reliable business serving the local community.",,,https://www.barsalzburg.com,info@barsalzburg.com,+98-932-7697,607 High Street,47609,,Salzburg,,AT,66.880346,-0.205687,,active,
eu_businesses_comprehensive_20251106_114856,,Bar Ruse,"Quality bars & pubs services in Ruse, Bulgaria. Professional and reliable business serving the local community.",,,https://www.barruse.com,info@barruse.com,+53-168-8334,963 Church Street,46324,,Ruse,,BG,67.914996,26.262258,,active,
eu_businesses_comprehensive_20251106_114856,,Bar Zagreb,"Quality bars & pubs services in Zagreb, Croatia. Professional and reliable business serving the local community.",,,https://www.barzagreb.com,info@barzagreb.com,+52-244-9708,282 High Street,31185,,Zagreb,,HR,38.111407,15.331945,,active,
eu_businesses_comprehensive_20251106_114856,,Pub Nicosia,"Quality bars & pubs services in Nicosia, Cyprus. Professional and reliable business serving the local community.",,,https://www.pubnicosia.com,info@pubnicosia.com,+96-877-2787,989 High Street,54105,,Nicosia,,CY,54.853632,29.326289,,active,
eu_businesses_comprehensive_20251106_114856,,Brewery Ostrava,"Quality bars & pubs services in Ostrava, Czech Republic. Professional and reliable business serving the local community.",,,https://www.breweryostrava.com,info@breweryostrava.com,+63-240-8877,601 King Street,34886,,Ostrava,,CZ,42.834133,7.042137,,active,
eu_businesses_comprehensive_20251106_114856,,Pub Copenhagen,"Quality bars & pubs services in Copenhagen, Denmark. Professional and reliable business serving the local community.",,,https://www.pubcopenhagen.com,info@pubcopenhagen.com,+54-949-7708,565 High Street,35102,,Copenhagen,,DK,52.219484,20.132839,,active,
eu_businesses_comprehensive_20251106_114856,,Kohtla-Järve Lounge,"Quality bars & pubs services in Kohtla-Järve, Estonia. Professional and reliable business serving the local community.",,,https://www.kohtla-järvelounge.com,info@kohtla-järvelounge.com,+88-630-9662,738 High Street,46196,,Kohtla-Järve,,EE,49.984138,13.624343,,active,
eu_businesses_comprehensive_20251106_114856,,Brewery Tampere,"Quality bars & pubs services in Tampere, Finland. Professional and reliable business serving the local community.",,,https://www.brewerytampere.com,info@brewerytampere.com,+49-793-5330,370 Main Street,22518,,Tampere,,FI,62.153621,17.937142,,active,
eu_businesses_comprehensive_20251106_114856,,Brewery Larissa,"Quality bars & pubs services in Larissa, Greece. Professional and reliable business serving the local community.",,,https://www.brewerylarissa.com,info@brewerylarissa.com,+71-900-8721,384 High Street,32736,,Larissa,,GR,39.465541,1.298718,,active,
eu_businesses_comprehensive_20251106_114856,,Pécs Lounge,"Quality bars & pubs services in Pécs, Hungary. Professional and reliable business serving the local community.",,,https://www.pécslounge.com,info@pécslounge.com,+94-396-4485,832 High Street,52768,,Pécs,,HU,50.156493,-6.76498,,active,
eu_businesses_comprehensive_20251106_114856,,Bar Cork,"Quality bars & pubs services in Cork, Ireland. Professional and reliable business serving the local community.",,,https://www.barcork.com,info@barcork.com,+56-960-5661,588 King Street,18509,,Cork,,IE,39.557587,-5.415449,,active,
eu_businesses_comprehensive_20251106_114856,,Pub Palermo,"Quality bars & pubs services in Palermo, Italy. Professional and reliable business serving the local community.",,,https://www.pubpalermo.com,info@pubpalermo.com,+60-519-6665,750 Queen Street,91136,,Palermo,,IT,51.529222,-8.717182,,active,
eu_businesses_comprehensive_20251106_114856,,Pub Riga,"Quality bars & pubs services in Riga, Latvia. Professional and reliable business serving the local community.",,,https://www.pubriga.com,info@pubriga.com,+48-661-4486,45 Main Street,42508,,Riga,,LV,45.476175,-2.198395,,active,
eu_businesses_comprehensive_20251106_114856,,Pub Panevėžys,"Quality bars & pubs services in Panevėžys, Lithuania. Professional and reliable business serving the local community.",,,https://www.pubpanevėžys.com,info@pubpanevėžys.com,+61-143-7867,204 King Street,88933,,Panevėžys,,LT,53.026101,16.822152,,active,
eu_businesses_comprehensive_20251106_114856,,Pub Luxembourg City,"Quality bars & pubs services in Luxembourg City, Luxembourg. Professional and reliable business serving the local community.",,,https://www.publuxembourgcity.com,info@publuxembourgcity.com,+52-892-4899,405 Main Street,66892,,Luxembourg City,,LU,50.197296,-1.575785,,active,
eu_businesses_comprehensive_20251106_114856,,Bar Sliema,"Quality bars & pubs services in Sliema, Malta. Professional and reliable business serving the local community.",,,https://www.barsliema.com,info@barsliema.com,+52-518-5607,580 High Street,64153,,Sliema,,MT,66.578445,14.924329,,active,
eu_businesses_comprehensive_20251106_114856,,Tavern Warsaw,"Quality bars & pubs services in Warsaw, Poland. Professional and reliable business serving the local community.",,,https://www.tavernwarsaw.com,info@tavernwarsaw.com,+44-982-4181,519 Main Street,58472,,Warsaw,,PL,58.869296,9.292981,,active,
eu_businesses_comprehensive_20251106_114856,,Brewery Cluj-Napoca,"Quality bars & pubs services in Cluj-Napoca, Romania. Professional and reliable business serving the local community.",,,https://www.brewerycluj-napoca.com,info@brewerycluj-napoca.com,+50-439-3548,803 Church Street,23265,,Cluj-Napoca,,RO,41.788121,1.270299,,active,
eu_businesses_comprehensive_20251106_114856,,Pub Banská Bystrica,"Quality bars & pubs services in Banská Bystrica, Slovakia. Professional and reliable business serving the local community.",,,https://www.pubbanskábystrica.com,info@pubbanskábystrica.com,+48-874-7430,361 High Street,62652,,Banská Bystrica,,SK,43.684828,11.232952,,active,
eu_businesses_comprehensive_20251106_114856,,Bar Koper,"Quality bars & pubs services in Koper, Slovenia. Professional and reliable business serving the local community.",,,https://www.barkoper.com,info@barkoper.com,+95-318-2071,587 Church Street,19583,,Koper,,SI,63.416653,-6.089511,,active,
eu_businesses_comprehensive_20251106_114856,,Stockholm Lounge,"Quality bars & pubs services in Stockholm, Sweden. Professional and reliable business serving the local community.",,,https://www.stockholmlounge.com,info@stockholmlounge.com,+68-629-1316,278 High Street,71623,,Stockholm,,SE,56.889025,15.536955,,active,
eu_businesses_comprehensive_20251106_114856,,Glow Graz,"Quality beauty & wellness services in Graz, Austria. Professional and reliable business serving the local community.",,,https://www.glowgraz.com,info@glowgraz.com,+53-778-6092,27 King Street,94893,,Graz,,AT,37.160059,7.607295,,active,
eu_businesses_comprehensive_20251106_114856,,Sofia Spa,"Quality beauty & wellness services in Sofia, Bulgaria. Professional and reliable business serving the local community.",,,https://www.sofiaspa.com,info@sofiaspa.com,+79-793-7729,961 Main Street,45063,,Sofia,,BG,60.34534,23.275939,,active,
eu_businesses_comprehensive_20251106_114856,,Relax Zagreb,"Quality beauty & wellness services in Zagreb, Croatia. Professional and reliable business serving the local community.",,,https://www.relaxzagreb.com,info@relaxzagreb.com,+67-253-3680,662 Main Street,43413,,Zagreb,,HR,65.60027,8.93779,,active,
eu_businesses_comprehensive_20251106_114856,,Wellness Larnaca,"Quality beauty & wellness services in Larnaca, Cyprus. Professional and reliable business serving the local community.",,,https://www.wellnesslarnaca.com,info@wellnesslarnaca.com,+88-497-3160,540 High Street,29513,,Larnaca,,CY,62.00926,-9.22612,,active,
eu_businesses_comprehensive_20251106_114856,,Brno Spa,"Quality beauty & wellness services in Brno, Czech Republic. Professional and reliable business serving the local community.",,,https://www.brnospa.com,info@brnospa.com,+89-800-9473,670 Main Street,46229,,Brno,,CZ,40.908259,16.429616,,active,
eu_businesses_comprehensive_20251106_114856,,Glow Aarhus,"Quality beauty & wellness services in Aarhus, Denmark. Professional and reliable business serving the local community.",,,https://www.glowaarhus.com,info@glowaarhus.com,+76-418-4558,99 Main Street,67245,,Aarhus,,DK,63.880218,12.037993,,active,
eu_businesses_comprehensive_20251106_114856,,Glow Tallinn,"Quality beauty & wellness services in Tallinn, Estonia. Professional and reliable business serving the local community.",,,https://www.glowtallinn.com,info@glowtallinn.com,+73-788-4046,154 Church Street,63355,,Tallinn,,EE,62.334907,-9.05236,,active,
eu_businesses_comprehensive_20251106_114856,,Relax Helsinki,"Quality beauty & wellness services in Helsinki, Finland. Professional and reliable business serving the local community.",,,https://www.relaxhelsinki.com,info@relaxhelsinki.com,+52-473-4210,640 Church Street,71827,,Helsinki,,FI,47.07775,-3.372061,,active,
eu_businesses_comprehensive_20251106_114856,,Thessaloniki Spa,"Quality beauty & wellness services in Thessaloniki, Greece. Professional and reliable business serving the local community.",,,https://www.thessalonikispa.com,info@thessalonikispa.com,+43-956-3801,412 Church Street,68273,,Thessaloniki,,GR,59.346568,9.513377,,active,
eu_businesses_comprehensive_20251106_114856,,Wellness Debrecen,"Quality beauty & wellness services in Debrecen, Hungary. Professional and reliable business serving the local community.",,,https://www.wellnessdebrecen.com,info@wellnessdebrecen.com,+53-150-6855,263 Church Street,76538,,Debrecen,,HU,64.472036,-5.314058,,active,
eu_businesses_comprehensive_20251106_114856,,Cork Spa,"Quality beauty & wellness services in Cork, Ireland. Professional and reliable business serving the local community.",,,https://www.corkspa.com,info@corkspa.com,+80-910-6652,556 High Street,85398,,Cork,,IE,46.499092,19.759985,,active,
eu_businesses_comprehensive_20251106_114856,,Wellness Palermo,"Quality beauty & wellness services in Palermo, Italy. Professional and reliable business serving the local community.",,,https://www.wellnesspalermo.com,info@wellnesspalermo.com,+71-818-3035,178 King Street,20510,,Palermo,,IT,47.354838,-8.52091,,active,
eu_businesses_comprehensive_20251106_114856,,Beauty Jelgava,"Quality beauty & wellness services in Jelgava, Latvia. Professional and reliable business serving the local community.",,,https://www.beautyjelgava.com,info@beautyjelgava.com,+99-758-8734,431 Queen Street,71085,,Jelgava,,LV,41.429962,-8.443853,,active,
eu_businesses_comprehensive_20251106_114856,,Glow Panevėžys,"Quality beauty & wellness services in Panevėžys, Lithuania. Professional and reliable business serving the local community.",,,https://www.glowpanevėžys.com,info@glowpanevėžys.com,+56-724-3982,624 Main Street,81655,,Panevėžys,,LT,69.321015,3.822997,,active,
eu_businesses_comprehensive_20251106_114856,,Relax Esch-sur-Alzette,"Quality beauty & wellness services in Esch-sur-Alzette, Luxembourg. Professional and reliable business serving the local community.",,,https://www.relaxesch-sur-alzette.com,info@relaxesch-sur-alzette.com,+95-318-9883,661 King Street,90133,,Esch-sur-Alzette,,LU,68.291604,27.55031,,active,
eu_businesses_comprehensive_20251106_114856,,Relax Qormi,"Quality beauty & wellness services in Qormi, Malta. Professional and reliable business serving the local community.",,,https://www.relaxqormi.com,info@relaxqormi.com,+61-833-4606,688 Church Street,37229,,Qormi,,MT,40.612852,27.014738,,active,
eu_businesses_comprehensive_20251106_114856,,Glow Wrocław,"Quality beauty & wellness services in Wrocław, Poland. Professional and reliable business serving the local community.",,,https://www.glowwrocław.com,info@glowwrocław.com,+60-473-6124,737 Church Street,70149,,Wrocław,,PL,55.387892,-8.762989,,active,
eu_businesses_comprehensive_20251106_114856,,Timișoara Spa,"Quality beauty & wellness services in Timișoara, Romania. Professional and reliable business serving the local community.",,,https://www.timișoaraspa.com,info@timișoaraspa.com,+51-628-5555,523 High Street,90976,,Timișoara,,RO,48.860281,7.333507,,active,
eu_businesses_comprehensive_20251106_114856,,Wellness Prešov,"Quality beauty & wellness services in Prešov, Slovakia. Professional and reliable business serving the local community.",,,https://www.wellnessprešov.com,info@wellnessprešov.com,+47-905-3285,752 Church Street,95741,,Prešov,,SK,39.033773,20.811194,,active,
eu_businesses_comprehensive_20251106_114856,,Beauty Maribor,"Quality beauty & wellness services in Maribor, Slovenia. Professional and reliable business serving the local community.",,,https://www.beautymaribor.com,info@beautymaribor.com,+80-673-3076,635 Main Street,10065,,Maribor,,SI,51.744316,28.928445,,active,
eu_businesses_comprehensive_20251106_114856,,Gothenburg Spa,"Quality beauty & wellness services in Gothenburg, Sweden. Professional and reliable business serving the local community.",,,https://www.gothenburgspa.com,info@gothenburgspa.com,+89-716-7065,414 High Street,23143,,Gothenburg,,SE,51.101236,11.157875,,active,
eu_businesses_comprehensive_20251106_114856,,Graz Style,"Quality beauty salon services in Graz, Austria. Professional and reliable business serving the local community.",,,https://www.grazstyle.com,info@grazstyle.com,+93-543-8004,616 High Street,29755,,Graz,,AT,60.969945,5.844939,,active,
eu_businesses_comprehensive_20251106_114856,,Chic Burgas,"Quality beauty salon services in Burgas, Bulgaria. Professional and reliable business serving the local community.",,,https://www.chicburgas.com,info@chicburgas.com,+88-647-1206,621 Church Street,50456,,Burgas,,BG,55.835348,-2.958771,,active,
eu_businesses_comprehensive_20251106_114856,,Zadar Style,"Quality beauty salon services in Zadar, Croatia. Professional and reliable business serving the local community.",,,https://www.zadarstyle.com,info@zadarstyle.com,+31-696-8027,318 Main Street,42368,,Zadar,,HR,39.068589,9.146819,,active,
eu_businesses_comprehensive_20251106_114856,,Glamour Larnaca,"Quality beauty salon services in Larnaca, Cyprus. Professional and reliable business serving the local community.",,,https://www.glamourlarnaca.com,info@glamourlarnaca.com,+46-511-9202,899 High Street,81476,,Larnaca,,CY,37.084787,-9.975745,,active,
eu_businesses_comprehensive_20251106_114856,,Beauty Ostrava,"Quality beauty salon services in Ostrava, Czech Republic. Professional and reliable business serving the local community.",,,https://www.beautyostrava.com,info@beautyostrava.com,+84-796-7855,509 Church Street,97513,,Ostrava,,CZ,68.376683,8.862352,,active,
eu_businesses_comprehensive_20251106_114856,,Chic Copenhagen,"Quality beauty salon services in Copenhagen, Denmark. Professional and reliable business serving the local community.",,,https://www.chiccopenhagen.com,info@chiccopenhagen.com,+66-277-1639,220 Main Street,51038,,Copenhagen,,DK,39.805284,20.556837,,active,
eu_businesses_comprehensive_20251106_114856,,Glamour Tartu,"Quality beauty salon services in Tartu, Estonia. Professional and reliable business serving the local community.",,,https://www.glamourtartu.com,info@glamourtartu.com,+67-370-3254,477 Main Street,20353,,Tartu,,EE,39.273364,13.259779,,active,
eu_businesses_comprehensive_20251106_114856,,Vantaa Style,"Quality beauty salon services in Vantaa, Finland. Professional and reliable business serving the local community.",,,https://www.vantaastyle.com,info@vantaastyle.com,+64-341-3753,890 Church Street,91237,,Vantaa,,FI,57.162527,17.357558,,active,
eu_businesses_comprehensive_20251106_114856,,Glamour Heraklion,"Quality beauty salon services in Heraklion, Greece. Professional and reliable business serving the local community.",,,https://www.glamourheraklion.com,info@glamourheraklion.com,+84-831-4339,24 Queen Street,83129,,Heraklion,,GR,61.703112,0.965215,,active,
eu_businesses_comprehensive_20251106_114856,,Miskolc Style,"Quality beauty salon services in Miskolc, Hungary. Professional and reliable business serving the local community.",,,https://www.miskolcstyle.com,info@miskolcstyle.com,+76-487-8296,928 Queen Street,73057,,Miskolc,,HU,63.128615,15.419552,,active,
eu_businesses_comprehensive_20251106_114856,,Beauty Limerick,"Quality beauty salon services in Limerick, Ireland. Professional and reliable business serving the local community.",,,https://www.beautylimerick.com,info@beautylimerick.com,+34-653-5333,651 Church Street,35831,,Limerick,,IE,42.304456,-4.869291,,active,
eu_businesses_comprehensive_20251106_114856,,Chic Rome,"Quality beauty salon services in Rome, Italy. Professional and reliable business serving the local community.",,,https://www.chicrome.com,info@chicrome.com,+89-306-7135,277 King Street,39441,,Rome,,IT,61.40278,-1.097971,,active,
eu_businesses_comprehensive_20251106_114856,,Beauty Riga,"Quality beauty salon services in Riga, Latvia. Professional and reliable business serving the local community.",,,https://www.beautyriga.com,info@beautyriga.com,+89-307-8569,818 King Street,54422,,Riga,,LV,65.904358,26.078323,,active,
eu_businesses_comprehensive_20251106_114856,,Salon Panevėžys,"Quality beauty salon services in Panevėžys, Lithuania. Professional and reliable business serving the local community.",,,https://www.salonpanevėžys.com,info@salonpanevėžys.com,+59-853-1711,673 High Street,31935,,Panevėžys,,LT,41.811974,-7.244891,,active,
eu_businesses_comprehensive_20251106_114856,,Salon Differdange,"Quality beauty salon services in Differdange, Luxembourg. Professional and reliable business serving the local community.",,,https://www.salondifferdange.com,info@salondifferdange.com,+74-990-2949,67 Church Street,92371,,Differdange,,LU,58.220158,-6.409577,,active,
eu_businesses_comprehensive_20251106_114856,,Salon Sliema,"Quality beauty salon services in Sliema, Malta. Professional and reliable business serving the local community.",,,https://www.salonsliema.com,info@salonsliema.com,+50-697-4927,437 Queen Street,85630,,Sliema,,MT,45.478744,14.779719,,active,
eu_businesses_comprehensive_20251106_114856,,Chic Warsaw,"Quality beauty salon services in Warsaw, Poland. Professional and reliable business serving the local community.",,,https://www.chicwarsaw.com,info@chicwarsaw.com,+38-562-1395,11 Queen Street,60500,,Warsaw,,PL,46.288013,11.684629,,active,
eu_businesses_comprehensive_20251106_114856,,Glamour Iași,"Quality beauty salon services in Iași, Romania. Professional and reliable business serving the local community.",,,https://www.glamouriași.com,info@glamouriași.com,+39-487-8665,986 Church Street,96081,,Iași,,RO,47.251623,20.522933,,active,
eu_businesses_comprehensive_20251106_114856,,Salon Bratislava,"Quality beauty salon services in Bratislava, Slovakia. Professional and reliable business serving the local community.",,,https://www.salonbratislava.com,info@salonbratislava.com,+91-402-5567,712 Main Street,10647,,Bratislava,,SK,51.398915,26.137344,,active,
eu_businesses_comprehensive_20251106_114856,,Velenje Style,"Quality beauty salon services in Velenje, Slovenia. Professional and reliable business serving the local community.",,,https://www.velenjestyle.com,info@velenjestyle.com,+43-633-7892,730 King Street,94920,,Velenje,,SI,40.357007,25.501536,,active,
eu_businesses_comprehensive_20251106_114856,,Uppsala Style,"Quality beauty salon services in Uppsala, Sweden. Professional and reliable business serving the local community.",,,https://www.uppsalastyle.com,info@uppsalastyle.com,+72-437-9559,651 High Street,56839,,Uppsala,,SE,48.609316,3.400397,,active,
eu_businesses_comprehensive_20251106_114856,,B&B Linz,"Quality bed & breakfasts services in Linz, Austria. Professional and reliable business serving the local community.",,,https://www.bblinz.com,info@bblinz.com,+89-701-4893,274 Church Street,22674,,Linz,,AT,42.864037,19.557297,,active,
eu_businesses_comprehensive_20251106_114856,,Ruse Inn,"Quality bed & breakfasts services in Ruse, Bulgaria. Professional and reliable business serving the local community.",,,https://www.ruseinn.com,info@ruseinn.com,+37-354-6659,214 High Street,67364,,Ruse,,BG,65.541179,18.682345,,active,
eu_businesses_comprehensive_20251106_114856,,Guesthouse Split,"Quality bed & breakfasts services in Split, Croatia. Professional and reliable business serving the local community.",,,https://www.guesthousesplit.com,info@guesthousesplit.com,+50-539-3185,565 High Street,44315,,Split,,HR,60.806772,0.385798,,active,
eu_businesses_comprehensive_20251106_114856,,B&B Famagusta,"Quality bed & breakfasts services in Famagusta, Cyprus. Professional and reliable business serving the local community.",,,https://www.bbfamagusta.com,info@bbfamagusta.com,+87-717-3298,411 Church Street,65595,,Famagusta,,CY,59.531231,-0.484734,,active,
eu_businesses_comprehensive_20251106_114856,,B&B Ostrava,"Quality bed & breakfasts services in Ostrava, Czech Republic. Professional and reliable business serving the local community.",,,https://www.bbostrava.com,info@bbostrava.com,+96-199-8897,396 King Street,63538,,Ostrava,,CZ,53.117969,-8.715378,,active,
eu_businesses_comprehensive_20251106_114856,,Stay Odense,"Quality bed & breakfasts services in Odense, Denmark. Professional and reliable business serving the local community.",,,https://www.stayodense.com,info@stayodense.com,+35-732-4419,229 Church Street,19135,,Odense,,DK,56.646204,1.98793,,active,
eu_businesses_comprehensive_20251106_114856,,Guesthouse Pärnu,"Quality bed & breakfasts services in Pärnu, Estonia. Professional and reliable business serving the local community.",,,https://www.guesthousepärnu.com,info@guesthousepärnu.com,+73-902-6816,542 High Street,67995,,Pärnu,,EE,56.574,20.972526,,active,
eu_businesses_comprehensive_20251106_114856,,Guesthouse Tampere,"Quality bed & breakfasts services in Tampere, Finland. Professional and reliable business serving the local community.",,,https://www.guesthousetampere.com,info@guesthousetampere.com,+40-991-3090,171 King Street,56191,,Tampere,,FI,54.549012,0.645596,,active,
eu_businesses_comprehensive_20251106_114856,,Guesthouse Patras,"Quality bed & breakfasts services in Patras, Greece. Professional and reliable business serving the local community.",,,https://www.guesthousepatras.com,info@guesthousepatras.com,+42-890-4454,927 King Street,87121,,Patras,,GR,65.463041,17.331999,,active,
eu_businesses_comprehensive_20251106_114856,,B&B Miskolc,"Quality bed & breakfasts services in Miskolc, Hungary. Professional and reliable business serving the local community.",,,https://www.bbmiskolc.com,info@bbmiskolc.com,+77-375-4122,88 Queen Street,71533,,Miskolc,,HU,46.085251,10.332001,,active,
eu_businesses_comprehensive_20251106_114856,,Stay Dublin,"Quality bed & breakfasts services in Dublin, Ireland. Professional and reliable business serving the local community.",,,https://www.staydublin.com,info@staydublin.com,+63-622-7595,328 High Street,39783,,Dublin,,IE,40.487107,29.703518,,active,
eu_businesses_comprehensive_20251106_114856,,Turin Inn,"Quality bed & breakfasts services in Turin, Italy. Professional and reliable business serving the local community.",,,https://www.turininn.com,info@turininn.com,+84-685-1009,485 Queen Street,50211,,Turin,,IT,66.923985,13.530449,,active,
eu_businesses_comprehensive_20251106_114856,,B&B Riga,"Quality bed & breakfasts services in Riga, Latvia. Professional and reliable business serving the local community.",,,https://www.bbriga.com,info@bbriga.com,+69-347-5476,534 Church Street,45737,,Riga,,LV,67.011324,16.249888,,active,
eu_businesses_comprehensive_20251106_114856,,B&B Klaipėda,"Quality bed & breakfasts services in Klaipėda, Lithuania. Professional and reliable business serving the local community.",,,https://www.bbklaipėda.com,info@bbklaipėda.com,+30-673-6353,241 Main Street,76502,,Klaipėda,,LT,50.197332,21.505752,,active,
eu_businesses_comprehensive_20251106_114856,,Rest Dudelange,"Quality bed & breakfasts services in Dudelange, Luxembourg. Professional and reliable business serving the local community.",,,https://www.restdudelange.com,info@restdudelange.com,+75-976-2908,878 High Street,98350,,Dudelange,,LU,44.893685,-0.377712,,active,
eu_businesses_comprehensive_20251106_114856,,Stay Birkirkara,"Quality bed & breakfasts services in Birkirkara, Malta. Professional and reliable business serving the local community.",,,https://www.staybirkirkara.com,info@staybirkirkara.com,+80-584-7481,824 Church Street,68077,,Birkirkara,,MT,54.48665,17.986529,,active,
eu_businesses_comprehensive_20251106_114856,,B&B Poznań,"Quality bed & breakfasts services in Poznań, Poland. Professional and reliable business serving the local community.",,,https://www.bbpoznań.com,info@bbpoznań.com,+40-260-2789,239 Main Street,11430,,Poznań,,PL,59.014196,5.86409,,active,
eu_businesses_comprehensive_20251106_114856,,Stay Constanța,"Quality bed & breakfasts services in Constanța, Romania. Professional and reliable business serving the local community.",,,https://www.stayconstanța.com,info@stayconstanța.com,+44-182-3685,798 Queen Street,38342,,Constanța,,RO,67.846228,14.980518,,active,
eu_businesses_comprehensive_20251106_114856,,Guesthouse Banská Bystrica,"Quality bed & breakfasts services in Banská Bystrica, Slovakia. Professional and reliable business serving the local community.",,,https://www.guesthousebanskábystrica.com,info@guesthousebanskábystrica.com,+39-489-5501,525 Church Street,94605,,Banská Bystrica,,SK,46.479239,4.996322,,active,
eu_businesses_comprehensive_20251106_114856,,B&B Velenje,"Quality bed & breakfasts services in Velenje, Slovenia. Professional and reliable business serving the local community.",,,https://www.bbvelenje.com,info@bbvelenje.com,+37-874-3030,946 Queen Street,68953,,Velenje,,SI,67.348075,-7.844758,,active,
eu_businesses_comprehensive_20251106_114856,,B&B Västerås,"Quality bed & breakfasts services in Västerås, Sweden. Professional and reliable business serving the local community.",,,https://www.bbvästerås.com,info@bbvästerås.com,+73-526-2269,644 Queen Street,43472,,Västerås,,SE,36.153414,-4.025491,,active,
eu_businesses_comprehensive_20251106_114856,,Salzburg Digital,"Quality blockchain services services in Salzburg, Austria. Professional and reliable business serving the local community.",,,https://www.salzburgdigital.com,info@salzburgdigital.com,+44-890-8683,800 King Street,21995,,Salzburg,,AT,61.040307,10.58731,,active,
eu_businesses_comprehensive_20251106_114856,,Burgas Digital,"Quality blockchain services services in Burgas, Bulgaria. Professional and reliable business serving the local community.",,,https://www.burgasdigital.com,info@burgasdigital.com,+32-860-4587,894 Queen Street,22733,,Burgas,,BG,61.6335,25.338089,,active,
eu_businesses_comprehensive_20251106_114856,,Blockchain Osijek,"Quality blockchain services services in Osijek, Croatia. Professional and reliable business serving the local community.",,,https://www.blockchainosijek.com,info@blockchainosijek.com,+32-143-3730,846 King Street,68295,,Osijek,,HR,56.919244,0.903015,,active,
eu_businesses_comprehensive_20251106_114856,,Blockchain Nicosia,"Quality blockchain services services in Nicosia, Cyprus. Professional and reliable business serving the local community.",,,https://www.blockchainnicosia.com,info@blockchainnicosia.com,+51-237-3820,318 Church Street,78364,,Nicosia,,CY,69.969012,-8.903527,,active,
eu_businesses_comprehensive_20251106_114856,,Plzen Digital,"Quality blockchain services services in Plzen, Czech Republic. Professional and reliable business serving the local community.",,,https://www.plzendigital.com,info@plzendigital.com,+93-711-1095,348 King Street,53240,,Plzen,,CZ,60.235652,22.233021,,active,
eu_businesses_comprehensive_20251106_114856,,Crypto Esbjerg,"Quality blockchain services services in Esbjerg, Denmark. Professional and reliable business serving the local community.",,,https://www.cryptoesbjerg.com,info@cryptoesbjerg.com,+92-547-4136,755 Main Street,56007,,Esbjerg,,DK,53.00509,9.336002,,active,
eu_businesses_comprehensive_20251106_114856,,Chain Kohtla-Järve,"Quality blockchain services services in Kohtla-Järve, Estonia. Professional and reliable business serving the local community.",,,https://www.chainkohtla-järve.com,info@chainkohtla-järve.com,+72-825-9230,556 Queen Street,67418,,Kohtla-Järve,,EE,45.805339,-0.762086,,active,
eu_businesses_comprehensive_20251106_114856,,Crypto Vantaa,"Quality blockchain services services in Vantaa, Finland. Professional and reliable business serving the local community.",,,https://www.cryptovantaa.com,info@cryptovantaa.com,+52-290-4217,345 Church Street,25202,,Vantaa,,FI,66.881887,-3.195918,,active,
eu_businesses_comprehensive_20251106_114856,,Chain Athens,"Quality blockchain services services in Athens, Greece. Professional and reliable business serving the local community.",,,https://www.chainathens.com,info@chainathens.com,+65-269-1656,328 Main Street,60193,,Athens,,GR,45.084435,-8.771691,,active,
eu_businesses_comprehensive_20251106_114856,,Token Miskolc,"Quality blockchain services services in Miskolc, Hungary. Professional and reliable business serving the local community.",,,https://www.tokenmiskolc.com,info@tokenmiskolc.com,+48-510-3331,238 Church Street,27062,,Miskolc,,HU,38.263218,4.88604,,active,
eu_businesses_comprehensive_20251106_114856,,Dublin Digital,"Quality blockchain services services in Dublin, Ireland. Professional and reliable business serving the local community.",,,https://www.dublindigital.com,info@dublindigital.com,+71-764-3596,930 Queen Street,11628,,Dublin,,IE,39.612429,4.76463,,active,
eu_businesses_comprehensive_20251106_114856,,Milan Digital,"Quality blockchain services services in Milan, Italy. Professional and reliable business serving the local community.",,,https://www.milandigital.com,info@milandigital.com,+49-826-6598,673 King Street,51894,,Milan,,IT,53.163699,24.781322,,active,
eu_businesses_comprehensive_20251106_114856,,Jūrmala Digital,"Quality blockchain services services in Jūrmala, Latvia. Professional and reliable business serving the local community.",,,https://www.jūrmaladigital.com,info@jūrmaladigital.com,+66-801-3157,704 High Street,80346,,Jūrmala,,LV,37.031035,13.790036,,active,
eu_businesses_comprehensive_20251106_114856,,Chain Šiauliai,"Quality blockchain services services in Šiauliai, Lithuania. Professional and reliable business serving the local community.",,,https://www.chainšiauliai.com,info@chainšiauliai.com,+38-602-1606,216 Church Street,20605,,Šiauliai,,LT,37.254779,10.426365,,active,
eu_businesses_comprehensive_20251106_114856,,Esch-sur-Alzette Digital,"Quality blockchain services services in Esch-sur-Alzette, Luxembourg. Professional and reliable business serving the local community.",,,https://www.esch-sur-alzettedigital.com,info@esch-sur-alzettedigital.com,+47-993-4067,917 High Street,63053,,Esch-sur-Alzette,,LU,37.548154,17.231055,,active,
eu_businesses_comprehensive_20251106_114856,,Chain Valletta,"Quality blockchain services services in Valletta, Malta. Professional and reliable business serving the local community.",,,https://www.chainvalletta.com,info@chainvalletta.com,+38-458-2391,653 King Street,17703,,Valletta,,MT,59.780815,25.596015,,active,
eu_businesses_comprehensive_20251106_114856,,Chain Wrocław,"Quality blockchain services services in Wrocław, Poland. Professional and reliable business serving the local community.",,,https://www.chainwrocław.com,info@chainwrocław.com,+49-167-9132,495 High Street,72660,,Wrocław,,PL,46.381081,-6.289329,,active,
eu_businesses_comprehensive_20251106_114856,,Token Cluj-Napoca,"Quality blockchain services services in Cluj-Napoca, Romania. Professional and reliable business serving the local community.",,,https://www.tokencluj-napoca.com,info@tokencluj-napoca.com,+97-549-5663,535 Church Street,31612,,Cluj-Napoca,,RO,67.236619,23.150939,,active,
eu_businesses_comprehensive_20251106_114856,,Žilina Digital,"Quality blockchain services services in Žilina, Slovakia. Professional and reliable business serving the local community.",,,https://www.žilinadigital.com,info@žilinadigital.com,+82-872-9024,169 Queen Street,11865,,Žilina,,SK,45.856524,9.116709,,active,
eu_businesses_comprehensive_20251106_114856,,Token Kranj,"Quality blockchain services services in Kranj, Slovenia. Professional and reliable business serving the local community.",,,https://www.tokenkranj.com,info@tokenkranj.com,+94-706-1230,424 Church Street,19919,,Kranj,,SI,49.943371,17.632575,,active,
eu_businesses_comprehensive_20251106_114856,,Token Malmö,"Quality blockchain services services in Malmö, Sweden. Professional and reliable business serving the local community.",,,https://www.tokenmalmö.com,info@tokenmalmö.com,+91-717-8035,531 Church Street,86959,,Malmö,,SE,57.676043,11.934637,,active,
eu_businesses_comprehensive_20251106_114856,,Story Innsbruck,"Quality books & media services in Innsbruck, Austria. Professional and reliable business serving the local community.",,,https://www.storyinnsbruck.com,info@storyinnsbruck.com,+56-472-4266,508 Main Street,50564,,Innsbruck,,AT,37.328443,8.455325,,active,
eu_businesses_comprehensive_20251106_114856,,Media Varna,"Quality books & media services in Varna, Bulgaria. Professional and reliable business serving the local community.",,,https://www.mediavarna.com,info@mediavarna.com,+36-344-1524,76 Queen Street,53517,,Varna,,BG,60.229964,4.131678,,active,
eu_businesses_comprehensive_20251106_114856,,Story Osijek,"Quality books & media services in Osijek, Croatia. Professional and reliable business serving the local community.",,,https://www.storyosijek.com,info@storyosijek.com,+70-428-3210,662 King Street,23725,,Osijek,,HR,44.015524,10.545348,,active,
eu_businesses_comprehensive_20251106_114856,,Nicosia Library,"Quality books & media services in Nicosia, Cyprus. Professional and reliable business serving the local community.",,,https://www.nicosialibrary.com,info@nicosialibrary.com,+66-214-8956,720 King Street,11527,,Nicosia,,CY,53.66844,12.473061,,active,
eu_businesses_comprehensive_20251106_114856,,Prague Library,"Quality books & media services in Prague, Czech Republic. Professional and reliable business serving the local community.",,,https://www.praguelibrary.com,info@praguelibrary.com,+58-795-2683,215 Church Street,85229,,Prague,,CZ,63.555897,-4.158537,,active,
eu_businesses_comprehensive_20251106_114856,,Story Odense,"Quality books & media services in Odense, Denmark. Professional and reliable business serving the local community.",,,https://www.storyodense.com,info@storyodense.com,+78-817-2068,916 Main Street,32694,,Odense,,DK,47.674883,29.418826,,active,
eu_businesses_comprehensive_20251106_114856,,Books Pärnu,"Quality books & media services in Pärnu, Estonia. Professional and reliable business serving the local community.",,,https://www.bookspärnu.com,info@bookspärnu.com,+56-120-5974,855 Queen Street,56116,,Pärnu,,EE,40.167517,-7.509701,,active,
eu_businesses_comprehensive_20251106_114856,,Books Oulu,"Quality books & media services in Oulu, Finland. Professional and reliable business serving the local community.",,,https://www.booksoulu.com,info@booksoulu.com,+99-226-3327,309 Queen Street,88837,,Oulu,,FI,61.613446,-8.202321,,active,
eu_businesses_comprehensive_20251106_114856,,Larissa Library,"Quality books & media services in Larissa, Greece. Professional and reliable business serving the local community.",,,https://www.larissalibrary.com,info@larissalibrary.com,+85-304-8882,665 Church Street,93135,,Larissa,,GR,51.99124,-8.979637,,active,
eu_businesses_comprehensive_20251106_114856,,Media Pécs,"Quality books & media services in Pécs, Hungary. Professional and reliable business serving the local community.",,,https://www.mediapécs.com,info@mediapécs.com,+72-734-7012,280 High Street,44201,,Pécs,,HU,55.436388,-0.460834,,active,
eu_businesses_comprehensive_20251106_114856,,Books Waterford,"Quality books & media services in Waterford, Ireland. Professional and reliable business serving the local community.",,,https://www.bookswaterford.com,info@bookswaterford.com,+92-834-6363,382 Main Street,94834,,Waterford,,IE,38.164256,15.25556,,active,
eu_businesses_comprehensive_20251106_114856,,Turin Library,"Quality books & media services in Turin, Italy. Professional and reliable business serving the local community.",,,https://www.turinlibrary.com,info@turinlibrary.com,+33-917-5633,1 Church Street,85755,,Turin,,IT,52.500335,7.005088,,active,
eu_businesses_comprehensive_20251106_114856,,Media Jūrmala,"Quality books & media services in Jūrmala, Latvia. Professional and reliable business serving the local community.",,,https://www.mediajūrmala.com,info@mediajūrmala.com,+69-194-8259,979 High Street,84397,,Jūrmala,,LV,36.107315,20.846017,,active,
eu_businesses_comprehensive_20251106_114856,,Media Panevėžys,"Quality books & media services in Panevėžys, Lithuania. Professional and reliable business serving the local community.",,,https://www.mediapanevėžys.com,info@mediapanevėžys.com,+96-853-9670,935 Church Street,49391,,Panevėžys,,LT,43.049435,29.439361,,active,
eu_businesses_comprehensive_20251106_114856,,Books Differdange,"Quality books & media services in Differdange, Luxembourg. Professional and reliable business serving the local community.",,,https://www.booksdifferdange.com,info@booksdifferdange.com,+84-167-4510,878 High Street,89083,,Differdange,,LU,53.516973,-6.121769,,active,
eu_businesses_comprehensive_20251106_114856,,Sliema Library,"Quality books & media services in Sliema, Malta. Professional and reliable business serving the local community.",,,https://www.sliemalibrary.com,info@sliemalibrary.com,+65-856-4239,48 High Street,79168,,Sliema,,MT,38.272091,10.241797,,active,
eu_businesses_comprehensive_20251106_114856,,Media Łódź,"Quality books & media services in Łódź, Poland. Professional and reliable business serving the local community.",,,https://www.mediałódź.com,info@mediałódź.com,+31-539-3015,989 Church Street,66662,,Łódź,,PL,35.047628,-7.216108,,active,
eu_businesses_comprehensive_20251106_114856,,Books Cluj-Napoca,"Quality books & media services in Cluj-Napoca, Romania. Professional and reliable business serving the local community.",,,https://www.bookscluj-napoca.com,info@bookscluj-napoca.com,+90-364-4270,2 King Street,70143,,Cluj-Napoca,,RO,53.3988,11.440848,,active,
eu_businesses_comprehensive_20251106_114856,,Banská Bystrica Library,"Quality books & media services in Banská Bystrica, Slovakia. Professional and reliable business serving the local community.",,,https://www.banskábystricalibrary.com,info@banskábystricalibrary.com,+98-415-5742,15 High Street,72681,,Banská Bystrica,,SK,67.106462,23.408983,,active,
eu_businesses_comprehensive_20251106_114856,,Read Koper,"Quality books & media services in Koper, Slovenia. Professional and reliable business serving the local community.",,,https://www.readkoper.com,info@readkoper.com,+99-938-9643,373 Queen Street,28048,,Koper,,SI,54.607551,-3.395022,,active,
eu_businesses_comprehensive_20251106_114856,,Media Malmö,"Quality books & media services in Malmö, Sweden. Professional and reliable business serving the local community.",,,https://www.mediamalmö.com,info@mediamalmö.com,+38-326-1743,671 High Street,14669,,Malmö,,SE,54.712023,5.450467,,active,
eu_businesses_comprehensive_20251106_114856,,Novel Salzburg,"Quality bookstore services in Salzburg, Austria. Professional and reliable business serving the local community.",,,https://www.novelsalzburg.com,info@novelsalzburg.com,+79-399-1354,71 King Street,47176,,Salzburg,,AT,46.400952,8.926169,,active,
eu_businesses_comprehensive_20251106_114856,,Bookstore Plovdiv,"Quality bookstore services in Plovdiv, Bulgaria. Professional and reliable business serving the local community.",,,https://www.bookstoreplovdiv.com,info@bookstoreplovdiv.com,+65-864-8506,89 High Street,60669,,Plovdiv,,BG,54.774854,-0.033725,,active,
eu_businesses_comprehensive_20251106_114856,,Split Books,"Quality bookstore services in Split, Croatia. Professional and reliable business serving the local community.",,,https://www.splitbooks.com,info@splitbooks.com,+72-773-6228,797 Main Street,13893,,Split,,HR,44.419657,-4.986165,,active,
eu_businesses_comprehensive_20251106_114856,,Read Nicosia,"Quality bookstore services in Nicosia, Cyprus. Professional and reliable business serving the local community.",,,https://www.readnicosia.com,info@readnicosia.com,+31-733-5889,935 King Street,16519,,Nicosia,,CY,61.754099,-3.148976,,active,
eu_businesses_comprehensive_20251106_114856,,Ostrava Books,"Quality bookstore services in Ostrava, Czech Republic. Professional and reliable business serving the local community.",,,https://www.ostravabooks.com,info@ostravabooks.com,+97-521-7537,626 Church Street,64364,,Ostrava,,CZ,65.171995,-2.714169,,active,
eu_businesses_comprehensive_20251106_114856,,Bookstore Odense,"Quality bookstore services in Odense, Denmark. Professional and reliable business serving the local community.",,,https://www.bookstoreodense.com,info@bookstoreodense.com,+52-577-9945,626 Main Street,20406,,Odense,,DK,54.639509,8.678179,,active,
eu_businesses_comprehensive_20251106_114856,,Library Kohtla-Järve,"Quality bookstore services in Kohtla-Järve, Estonia. Professional and reliable business serving the local community.",,,https://www.librarykohtla-järve.com,info@librarykohtla-järve.com,+74-861-1753,939 High Street,31723,,Kohtla-Järve,,EE,36.133082,14.801595,,active,
eu_businesses_comprehensive_20251106_114856,,Read Vantaa,"Quality bookstore services in Vantaa, Finland. Professional and reliable business serving the local community.",,,https://www.readvantaa.com,info@readvantaa.com,+43-698-5692,775 Main Street,14233,,Vantaa,,FI,51.123667,28.709257,,active,
eu_businesses_comprehensive_20251106_114856,,Patras Books,"Quality bookstore services in Patras, Greece. Professional and reliable business serving the local community.",,,https://www.patrasbooks.com,info@patrasbooks.com,+89-623-8735,811 Queen Street,97810,,Patras,,GR,69.182954,8.759732,,active,
eu_businesses_comprehensive_20251106_114856,,Read Budapest,"Quality bookstore services in Budapest, Hungary. Professional and reliable business serving the local community.",,,https://www.readbudapest.com,info@readbudapest.com,+55-490-5627,897 Queen Street,29051,,Budapest,,HU,47.822155,-3.753032,,active,
eu_businesses_comprehensive_20251106_114856,,Read Waterford,"Quality bookstore services in Waterford, Ireland. Professional and reliable business serving the local community.",,,https://www.readwaterford.com,info@readwaterford.com,+84-429-9420,97 Main Street,55192,,Waterford,,IE,49.734328,-2.24004,,active,
eu_businesses_comprehensive_20251106_114856,,Bookstore Naples,"Quality bookstore services in Naples, Italy. Professional and reliable business serving the local community.",,,https://www.bookstorenaples.com,info@bookstorenaples.com,+47-313-3651,316 Church Street,53321,,Naples,,IT,39.838909,-0.510971,,active,
eu_businesses_comprehensive_20251106_114856,,Library Liepāja,"Quality bookstore services in Liepāja, Latvia. Professional and reliable business serving the local community.",,,https://www.libraryliepāja.com,info@libraryliepāja.com,+55-410-5509,182 Queen Street,47437,,Liepāja,,LV,44.528994,3.97422,,active,
eu_businesses_comprehensive_20251106_114856,,Bookstore Kaunas,"Quality bookstore services in Kaunas, Lithuania. Professional and reliable business serving the local community.",,,https://www.bookstorekaunas.com,info@bookstorekaunas.com,+71-848-9439,28 Queen Street,28139,,Kaunas,,LT,44.88322,15.774104,,active,
eu_businesses_comprehensive_20251106_114856,,Library Luxembourg City,"Quality bookstore services in Luxembourg City, Luxembourg. Professional and reliable business serving the local community.",,,https://www.libraryluxembourgcity.com,info@libraryluxembourgcity.com,+40-927-2383,313 High Street,97636,,Luxembourg City,,LU,52.912788,15.62719,,active,
eu_businesses_comprehensive_20251106_114856,,Novel Qormi,"Quality bookstore services in Qormi, Malta. Professional and reliable business serving the local community.",,,https://www.novelqormi.com,info@novelqormi.com,+74-372-7208,994 Church Street,41082,,Qormi,,MT,55.225744,4.890888,,active,
eu_businesses_comprehensive_20251106_114856,,Novel Łódź,"Quality bookstore services in Łódź, Poland. Professional and reliable business serving the local community.",,,https://www.novelłódź.com,info@novelłódź.com,+89-329-3557,145 Main Street,95777,,Łódź,,PL,58.515616,22.038604,,active,
eu_businesses_comprehensive_20251106_114856,,Bookstore Timișoara,"Quality bookstore services in Timișoara, Romania. Professional and reliable business serving the local community.",,,https://www.bookstoretimișoara.com,info@bookstoretimișoara.com,+62-697-5811,522 Queen Street,68413,,Timișoara,,RO,48.741513,-3.111485,,active,
eu_businesses_comprehensive_20251106_114856,,Read Žilina,"Quality bookstore services in Žilina, Slovakia. Professional and reliable business serving the local community.",,,https://www.readžilina.com,info@readžilina.com,+70-169-1008,420 Church Street,73665,,Žilina,,SK,36.809421,6.441784,,active,
eu_businesses_comprehensive_20251106_114856,,Novel Ljubljana,"Quality bookstore services in Ljubljana, Slovenia. Professional and reliable business serving the local community.",,,https://www.novelljubljana.com,info@novelljubljana.com,+91-389-5065,929 High Street,34900,,Ljubljana,,SI,65.664863,7.595861,,active,
eu_businesses_comprehensive_20251106_114856,,Library Malmö,"Quality bookstore services in Malmö, Sweden. Professional and reliable business serving the local community.",,,https://www.librarymalmö.com,info@librarymalmö.com,+93-813-5777,96 Main Street,27503,,Malmö,,SE,43.677158,21.039109,,active,
eu_businesses_comprehensive_20251106_114856,,Pin Vienna,"Quality bowling alleys services in Vienna, Austria. Professional and reliable business serving the local community.",,,https://www.pinvienna.com,info@pinvienna.com,+95-562-4477,527 Queen Street,54266,,Vienna,,AT,35.176675,14.824885,,active,
eu_businesses_comprehensive_20251106_114856,,Bowl Sofia,"Quality bowling alleys services in Sofia, Bulgaria. Professional and reliable business serving the local community.",,,https://www.bowlsofia.com,info@bowlsofia.com,+96-268-1902,252 Church Street,50899,,Sofia,,BG,38.000497,17.902036,,active,
eu_businesses_comprehensive_20251106_114856,,Strike Zadar,"Quality bowling alleys services in Zadar, Croatia. Professional and reliable business serving the local community.",,,https://www.strikezadar.com,info@strikezadar.com,+60-801-4871,904 High Street,87824,,Zadar,,HR,39.707983,-6.54716,,active,
eu_businesses_comprehensive_20251106_114856,,Famagusta Lanes,"Quality bowling alleys services in Famagusta, Cyprus. Professional and reliable business serving the local community.",,,https://www.famagustalanes.com,info@famagustalanes.com,+75-873-8622,134 Main Street,13346,,Famagusta,,CY,58.102878,-5.911393,,active,
eu_businesses_comprehensive_20251106_114856,,Bowl Brno,"Quality bowling alleys services in Brno, Czech Republic. Professional and reliable business serving the local community.",,,https://www.bowlbrno.com,info@bowlbrno.com,+32-161-7619,901 High Street,45370,,Brno,,CZ,56.568374,14.144604,,active,
eu_businesses_comprehensive_20251106_114856,,Bowl Aalborg,"Quality bowling alleys services in Aalborg, Denmark. Professional and reliable business serving the local community.",,,https://www.bowlaalborg.com,info@bowlaalborg.com,+99-406-7394,982 Main Street,90731,,Aalborg,,DK,60.061184,-1.30215,,active,
eu_businesses_comprehensive_20251106_114856,,Strike Tallinn,"Quality bowling alleys services in Tallinn, Estonia. Professional and reliable business serving the local community.",,,https://www.striketallinn.com,info@striketallinn.com,+66-611-8972,566 King Street,39898,,Tallinn,,EE,64.571044,15.540884,,active,
eu_businesses_comprehensive_20251106_114856,,Strike Espoo,"Quality bowling alleys services in Espoo, Finland. Professional and reliable business serving the local community.",,,https://www.strikeespoo.com,info@strikeespoo.com,+61-835-7245,849 Church Street,16780,,Espoo,,FI,38.692579,6.880434,,active,
eu_businesses_comprehensive_20251106_114856,,Larissa Lanes,"Quality bowling alleys services in Larissa, Greece. Professional and reliable business serving the local community.",,,https://www.larissalanes.com,info@larissalanes.com,+70-609-2721,211 Church Street,71345,,Larissa,,GR,50.148794,3.366477,,active,
eu_businesses_comprehensive_20251106_114856,,Pin Pécs,"Quality bowling alleys services in Pécs, Hungary. Professional and reliable business serving the local community.",,,https://www.pinpécs.com,info@pinpécs.com,+95-619-4130,42 Queen Street,27843,,Pécs,,HU,44.605961,13.351098,,active,
eu_businesses_comprehensive_20251106_114856,,Limerick Lanes,"Quality bowling alleys services in Limerick, Ireland. Professional and reliable business serving the local community.",,,https://www.limericklanes.com,info@limericklanes.com,+70-733-5207,992 King Street,52006,,Limerick,,IE,52.790776,5.198908,,active,
eu_businesses_comprehensive_20251106_114856,,Bowl Milan,"Quality bowling alleys services in Milan, Italy. Professional and reliable business serving the local community.",,,https://www.bowlmilan.com,info@bowlmilan.com,+60-805-8529,122 Church Street,15492,,Milan,,IT,39.099798,6.989546,,active,
eu_businesses_comprehensive_20251106_114856,,Jūrmala Lanes,"Quality bowling alleys services in Jūrmala, Latvia. Professional and reliable business serving the local community.",,,https://www.jūrmalalanes.com,info@jūrmalalanes.com,+82-274-9505,2 Church Street,16373,,Jūrmala,,LV,55.076548,26.558852,,active,
eu_businesses_comprehensive_20251106_114856,,Strike Panevėžys,"Quality bowling alleys services in Panevėžys, Lithuania. Professional and reliable business serving the local community.",,,https://www.strikepanevėžys.com,info@strikepanevėžys.com,+67-147-1320,998 Church Street,21542,,Panevėžys,,LT,48.349808,29.759772,,active,
eu_businesses_comprehensive_20251106_114856,,Esch-sur-Alzette Lanes,"Quality bowling alleys services in Esch-sur-Alzette, Luxembourg. Professional and reliable business serving the local community.",,,https://www.esch-sur-alzettelanes.com,info@esch-sur-alzettelanes.com,+91-685-7465,638 Church Street,39791,,Esch-sur-Alzette,,LU,47.701252,14.686137,,active,
eu_businesses_comprehensive_20251106_114856,,Bowl Valletta,"Quality bowling alleys services in Valletta, Malta. Professional and reliable business serving the local community.",,,https://www.bowlvalletta.com,info@bowlvalletta.com,+33-132-1258,564 King Street,26110,,Valletta,,MT,65.168071,9.206083,,active,
eu_businesses_comprehensive_20251106_114856,,Wrocław Lanes,"Quality bowling alleys services in Wrocław, Poland. Professional and reliable business serving the local community.",,,https://www.wrocławlanes.com,info@wrocławlanes.com,+43-853-1278,103 Church Street,19709,,Wrocław,,PL,48.295142,-8.403067,,active,
eu_businesses_comprehensive_20251106_114856,,Alley Timișoara,"Quality bowling alleys services in Timișoara, Romania. Professional and reliable business serving the local community.",,,https://www.alleytimișoara.com,info@alleytimișoara.com,+58-379-9946,664 Church Street,29751,,Timișoara,,RO,41.212317,12.670873,,active,
eu_businesses_comprehensive_20251106_114856,,Banská Bystrica Lanes,"Quality bowling alleys services in Banská Bystrica, Slovakia. Professional and reliable business serving the local community.",,,https://www.banskábystricalanes.com,info@banskábystricalanes.com,+80-856-8753,816 King Street,53445,,Banská Bystrica,,SK,49.575745,13.009937,,active,
eu_businesses_comprehensive_20251106_114856,,Alley Ljubljana,"Quality bowling alleys services in Ljubljana, Slovenia. Professional and reliable business serving the local community.",,,https://www.alleyljubljana.com,info@alleyljubljana.com,+91-252-1623,639 King Street,60685,,Ljubljana,,SI,65.818366,2.345864,,active,
eu_businesses_comprehensive_20251106_114856,,Alley Stockholm,"Quality bowling alleys services in Stockholm, Sweden. Professional and reliable business serving the local community.",,,https://www.alleystockholm.com,info@alleystockholm.com,+31-105-5321,132 King Street,71720,,Stockholm,,SE,68.21912,-9.497322,,active,
eu_businesses_comprehensive_20251106_114856,,Expert Graz,"Quality business consultants services in Graz, Austria. Professional and reliable business serving the local community.",,,https://www.expertgraz.com,info@expertgraz.com,+98-230-6078,784 King Street,82326,,Graz,,AT,47.62109,-5.112012,,active,
eu_businesses_comprehensive_20251106_114856,,Expert Burgas,"Quality business consultants services in Burgas, Bulgaria. Professional and reliable business serving the local community.",,,https://www.expertburgas.com,info@expertburgas.com,+33-730-3146,934 King Street,19237,,Burgas,,BG,67.454782,-9.959993,,active,
eu_businesses_comprehensive_20251106_114856,,Expert Zagreb,"Quality business consultants services in Zagreb, Croatia. Professional and reliable business serving the local community.",,,https://www.expertzagreb.com,info@expertzagreb.com,+87-812-7286,810 High Street,69361,,Zagreb,,HR,49.727751,0.542317,,active,
eu_businesses_comprehensive_20251106_114856,,Consult Nicosia,"Quality business consultants services in Nicosia, Cyprus. Professional and reliable business serving the local community.",,,https://www.consultnicosia.com,info@consultnicosia.com,+66-300-5329,709 High Street,80481,,Nicosia,,CY,49.382546,6.5508,,active,
eu_businesses_comprehensive_20251106_114856,,Business Brno,"Quality business consultants services in Brno, Czech Republic. Professional and reliable business serving the local community.",,,https://www.businessbrno.com,info@businessbrno.com,+52-599-1552,468 King Street,13739,,Brno,,CZ,40.968938,-7.884522,,active,
eu_businesses_comprehensive_20251106_114856,,Strategy Esbjerg,"Quality business consultants services in Esbjerg, Denmark. Professional and reliable business serving the local community.",,,https://www.strategyesbjerg.com,info@strategyesbjerg.com,+49-477-2282,932 Main Street,83166,,Esbjerg,,DK,37.893041,-7.847125,,active,
eu_businesses_comprehensive_20251106_114856,,Expert Narva,"Quality business consultants services in Narva, Estonia. Professional and reliable business serving the local community.",,,https://www.expertnarva.com,info@expertnarva.com,+63-119-5614,424 Main Street,82938,,Narva,,EE,58.826834,28.755147,,active,
eu_businesses_comprehensive_20251106_114856,,Consult Espoo,"Quality business consultants services in Espoo, Finland. Professional and reliable business serving the local community.",,,https://www.consultespoo.com,info@consultespoo.com,+54-149-5763,835 Church Street,98860,,Espoo,,FI,47.332774,-5.381307,,active,
eu_businesses_comprehensive_20251106_114856,,Expert Heraklion,"Quality business consultants services in Heraklion, Greece. Professional and reliable business serving the local community.",,,https://www.expertheraklion.com,info@expertheraklion.com,+69-813-5168,260 King Street,21353,,Heraklion,,GR,39.166497,15.107411,,active,
eu_businesses_comprehensive_20251106_114856,,Strategy Pécs,"Quality business consultants services in Pécs, Hungary. Professional and reliable business serving the local community.",,,https://www.strategypécs.com,info@strategypécs.com,+83-562-1580,774 High Street,21465,,Pécs,,HU,55.960498,-3.617266,,active,
eu_businesses_comprehensive_20251106_114856,,Expert Waterford,"Quality business consultants services in Waterford, Ireland. Professional and reliable business serving the local community.",,,https://www.expertwaterford.com,info@expertwaterford.com,+37-423-9917,635 High Street,92640,,Waterford,,IE,40.94242,20.663045,,active,
eu_businesses_comprehensive_20251106_114856,,Business Palermo,"Quality business consultants services in Palermo, Italy. Professional and reliable business serving the local community.",,,https://www.businesspalermo.com,info@businesspalermo.com,+75-924-6232,730 High Street,88258,,Palermo,,IT,35.067673,-8.256776,,active,
eu_businesses_comprehensive_20251106_114856,,Strategy Jūrmala,"Quality business consultants services in Jūrmala, Latvia. Professional and reliable business serving the local community.",,,https://www.strategyjūrmala.com,info@strategyjūrmala.com,+87-631-7424,595 Main Street,55746,,Jūrmala,,LV,65.322833,4.369507,,active,
eu_businesses_comprehensive_20251106_114856,,Business Kaunas,"Quality business consultants services in Kaunas, Lithuania. Professional and reliable business serving the local community.",,,https://www.businesskaunas.com,info@businesskaunas.com,+50-820-7819,798 Church Street,19241,,Kaunas,,LT,61.439509,-3.833992,,active,
eu_businesses_comprehensive_20251106_114856,,Consult Dudelange,"Quality business consultants services in Dudelange, Luxembourg. Professional and reliable business serving the local community.",,,https://www.consultdudelange.com,info@consultdudelange.com,+48-190-8576,889 Church Street,73116,,Dudelange,,LU,41.066131,-6.012438,,active,
eu_businesses_comprehensive_20251106_114856,,Strategy Valletta,"Quality business consultants services in Valletta, Malta. Professional and reliable business serving the local community.",,,https://www.strategyvalletta.com,info@strategyvalletta.com,+42-380-9460,97 Main Street,37198,,Valletta,,MT,36.275212,7.83787,,active,
eu_businesses_comprehensive_20251106_114856,,Strategy Łódź,"Quality business consultants services in Łódź, Poland. Professional and reliable business serving the local community.",,,https://www.strategyłódź.com,info@strategyłódź.com,+69-292-5628,971 Church Street,62344,,Łódź,,PL,38.893798,5.79749,,active,
eu_businesses_comprehensive_20251106_114856,,Consult Cluj-Napoca,"Quality business consultants services in Cluj-Napoca, Romania. Professional and reliable business serving the local community.",,,https://www.consultcluj-napoca.com,info@consultcluj-napoca.com,+51-855-9542,643 Queen Street,34248,,Cluj-Napoca,,RO,57.557827,1.351542,,active,
eu_businesses_comprehensive_20251106_114856,,Expert Prešov,"Quality business consultants services in Prešov, Slovakia. Professional and reliable business serving the local community.",,,https://www.expertprešov.com,info@expertprešov.com,+78-864-7925,761 King Street,68451,,Prešov,,SK,56.562652,20.46096,,active,
eu_businesses_comprehensive_20251106_114856,,Expert Ljubljana,"Quality business consultants services in Ljubljana, Slovenia. Professional and reliable business serving the local community.",,,https://www.expertljubljana.com,info@expertljubljana.com,+93-212-2543,50 Church Street,55429,,Ljubljana,,SI,51.768028,-8.232684,,active,
eu_businesses_comprehensive_20251106_114856,,Consult Stockholm,"Quality business consultants services in Stockholm, Sweden. Professional and reliable business serving the local community.",,,https://www.consultstockholm.com,info@consultstockholm.com,+41-191-1037,714 King Street,65718,,Stockholm,,SE,66.448378,18.139036,,active,
eu_businesses_comprehensive_20251106_114856,,Bean Graz,"Quality cafes services in Graz, Austria. Professional and reliable business serving the local community.",,,https://www.beangraz.com,info@beangraz.com,+41-203-3399,422 Queen Street,74942,,Graz,,AT,52.876465,21.400424,,active,
eu_businesses_comprehensive_20251106_114856,,Bean Burgas,"Quality cafes services in Burgas, Bulgaria. Professional and reliable business serving the local community.",,,https://www.beanburgas.com,info@beanburgas.com,+63-430-2263,355 Church Street,78138,,Burgas,,BG,54.381907,-6.134332,,active,
eu_businesses_comprehensive_20251106_114856,,Zagreb Brew,"Quality cafes services in Zagreb, Croatia. Professional and reliable business serving the local community.",,,https://www.zagrebbrew.com,info@zagrebbrew.com,+44-315-5833,300 Queen Street,36837,,Zagreb,,HR,64.805047,-9.768242,,active,
eu_businesses_comprehensive_20251106_114856,,Coffee Paphos,"Quality cafes services in Paphos, Cyprus. Professional and reliable business serving the local community.",,,https://www.coffeepaphos.com,info@coffeepaphos.com,+69-972-1903,232 High Street,71199,,Paphos,,CY,46.876459,4.933701,,active,
eu_businesses_comprehensive_20251106_114856,,Coffee Prague,"Quality cafes services in Prague, Czech Republic. Professional and reliable business serving the local community.",,,https://www.coffeeprague.com,info@coffeeprague.com,+61-252-1273,731 Main Street,18203,,Prague,,CZ,57.204925,9.910054,,active,
eu_businesses_comprehensive_20251106_114856,,Espresso Aalborg,"Quality cafes services in Aalborg, Denmark. Professional and reliable business serving the local community.",,,https://www.espressoaalborg.com,info@espressoaalborg.com,+52-845-9641,198 Church Street,83008,,Aalborg,,DK,66.721806,-9.027921,,active,
eu_businesses_comprehensive_20251106_114856,,Tallinn Brew,"Quality cafes services in Tallinn, Estonia. Professional and reliable business serving the local community.",,,https://www.tallinnbrew.com,info@tallinnbrew.com,+83-139-4550,789 Queen Street,72511,,Tallinn,,EE,63.526948,0.389128,,active,
eu_businesses_comprehensive_20251106_114856,,Oulu Brew,"Quality cafes services in Oulu, Finland. Professional and reliable business serving the local community.",,,https://www.oulubrew.com,info@oulubrew.com,+38-394-9919,202 Church Street,78934,,Oulu,,FI,54.126424,23.671907,,active,
eu_businesses_comprehensive_20251106_114856,,Heraklion Brew,"Quality cafes services in Heraklion, Greece. Professional and reliable business serving the local community.",,,https://www.heraklionbrew.com,info@heraklionbrew.com,+85-623-4071,999 Queen Street,27961,,Heraklion,,GR,45.479918,2.807124,,active,
eu_businesses_comprehensive_20251106_114856,,Café Pécs,"Quality cafes services in Pécs, Hungary. Professional and reliable business serving the local community.",,,https://www.cafépécs.com,info@cafépécs.com,+40-479-8255,216 Main Street,47244,,Pécs,,HU,63.935425,9.814393,,active,
eu_businesses_comprehensive_20251106_114856,,Espresso Waterford,"Quality cafes services in Waterford, Ireland. Professional and reliable business serving the local community.",,,https://www.espressowaterford.com,info@espressowaterford.com,+73-416-7012,112 Queen Street,40015,,Waterford,,IE,40.114807,25.525436,,active,
eu_businesses_comprehensive_20251106_114856,,Naples Brew,"Quality cafes services in Naples, Italy. Professional and reliable business serving the local community.",,,https://www.naplesbrew.com,info@naplesbrew.com,+39-201-5778,799 King Street,79896,,Naples,,IT,68.819968,2.666938,,active,
eu_businesses_comprehensive_20251106_114856,,Coffee Daugavpils,"Quality cafes services in Daugavpils, Latvia. Professional and reliable business serving the local community.",,,https://www.coffeedaugavpils.com,info@coffeedaugavpils.com,+87-416-9308,778 Church Street,36282,,Daugavpils,,LV,49.937035,-4.430897,,active,
eu_businesses_comprehensive_20251106_114856,,Bean Panevėžys,"Quality cafes services in Panevėžys, Lithuania. Professional and reliable business serving the local community.",,,https://www.beanpanevėžys.com,info@beanpanevėžys.com,+92-723-3858,850 King Street,95924,,Panevėžys,,LT,63.029632,18.707405,,active,
eu_businesses_comprehensive_20251106_114856,,Espresso Luxembourg City,"Quality cafes services in Luxembourg City, Luxembourg. Professional and reliable business serving the local community.",,,https://www.espressoluxembourgcity.com,info@espressoluxembourgcity.com,+98-539-4152,961 High Street,32529,,Luxembourg City,,LU,58.964049,-8.195951,,active,
eu_businesses_comprehensive_20251106_114856,,Coffee Birkirkara,"Quality cafes services in Birkirkara, Malta. Professional and reliable business serving the local community.",,,https://www.coffeebirkirkara.com,info@coffeebirkirkara.com,+55-990-2338,754 Queen Street,62467,,Birkirkara,,MT,61.376054,15.394733,,active,
eu_businesses_comprehensive_20251106_114856,,Espresso Kraków,"Quality cafes services in Kraków, Poland. Professional and reliable business serving the local community.",,,https://www.espressokraków.com,info@espressokraków.com,+39-558-6457,386 Queen Street,44517,,Kraków,,PL,48.724933,15.221241,,active,
eu_businesses_comprehensive_20251106_114856,,Coffee Iași,"Quality cafes services in Iași, Romania. Professional and reliable business serving the local community.",,,https://www.coffeeiași.com,info@coffeeiași.com,+57-347-1051,464 Queen Street,67021,,Iași,,RO,48.435552,29.114927,,active,
eu_businesses_comprehensive_20251106_114856,,Café Banská Bystrica,"Quality cafes services in Banská Bystrica, Slovakia. Professional and reliable business serving the local community.",,,https://www.cafébanskábystrica.com,info@cafébanskábystrica.com,+33-861-3176,169 Church Street,84127,,Banská Bystrica,,SK,38.718838,8.837637,,active,
eu_businesses_comprehensive_20251106_114856,,Café Kranj,"Quality cafes services in Kranj, Slovenia. Professional and reliable business serving the local community.",,,https://www.cafékranj.com,info@cafékranj.com,+58-332-1574,325 Main Street,95462,,Kranj,,SI,54.728873,3.925769,,active,
eu_businesses_comprehensive_20251106_114856,,Bean Malmö,"Quality cafes services in Malmö, Sweden. Professional and reliable business serving the local community.",,,https://www.beanmalmö.com,info@beanmalmö.com,+41-187-1446,396 Church Street,60459,,Malmö,,SE,53.507993,21.22314,,active,
eu_businesses_comprehensive_20251106_114856,,Coffee Innsbruck,"Quality café services in Innsbruck, Austria. Professional and reliable business serving the local community.",,,https://www.coffeeinnsbruck.com,info@coffeeinnsbruck.com,+32-713-1976,302 Main Street,78922,,Innsbruck,,AT,58.84063,0.851441,,active,
eu_businesses_comprehensive_20251106_114856,,Roast Burgas,"Quality café services in Burgas, Bulgaria. Professional and reliable business serving the local community.",,,https://www.roastburgas.com,info@roastburgas.com,+72-253-2158,604 Main Street,78150,,Burgas,,BG,36.363173,25.372592,,active,
eu_businesses_comprehensive_20251106_114856,,Café Osijek,"Quality café services in Osijek, Croatia. Professional and reliable business serving the local community.",,,https://www.caféosijek.com,info@caféosijek.com,+95-609-6011,910 High Street,49668,,Osijek,,HR,49.955439,27.819307,,active,
eu_businesses_comprehensive_20251106_114856,,Brew Famagusta,"Quality café services in Famagusta, Cyprus. Professional and reliable business serving the local community.",,,https://www.brewfamagusta.com,info@brewfamagusta.com,+96-641-3493,514 High Street,43741,,Famagusta,,CY,52.109785,22.081011,,active,
eu_businesses_comprehensive_20251106_114856,,Café Liberec,"Quality café services in Liberec, Czech Republic. Professional and reliable business serving the local community.",,,https://www.caféliberec.com,info@caféliberec.com,+57-906-6981,219 Main Street,48821,,Liberec,,CZ,52.70585,27.531315,,active,
eu_businesses_comprehensive_20251106_114856,,Brew Copenhagen,"Quality café services in Copenhagen, Denmark. Professional and reliable business serving the local community.",,,https://www.brewcopenhagen.com,info@brewcopenhagen.com,+49-864-8965,715 Queen Street,10299,,Copenhagen,,DK,44.488101,-0.315867,,active,
eu_businesses_comprehensive_20251106_114856,,Tartu House,"Quality café services in Tartu, Estonia. Professional and reliable business serving the local community.",,,https://www.tartuhouse.com,info@tartuhouse.com,+96-129-8377,532 High Street,96935,,Tartu,,EE,59.396895,26.777483,,active,
eu_businesses_comprehensive_20251106_114856,,Helsinki House,"Quality café services in Helsinki, Finland. Professional and reliable business serving the local community.",,,https://www.helsinkihouse.com,info@helsinkihouse.com,+96-557-4830,57 King Street,12943,,Helsinki,,FI,35.914711,-7.760188,,active,
eu_businesses_comprehensive_20251106_114856,,Heraklion House,"Quality café services in Heraklion, Greece. Professional and reliable business serving the local community.",,,https://www.heraklionhouse.com,info@heraklionhouse.com,+73-750-8622,164 Main Street,60507,,Heraklion,,GR,59.746909,16.745132,,active,
eu_businesses_comprehensive_20251106_114856,,Roast Miskolc,"Quality café services in Miskolc, Hungary. Professional and reliable business serving the local community.",,,https://www.roastmiskolc.com,info@roastmiskolc.com,+91-444-9399,411 Main Street,22950,,Miskolc,,HU,39.955837,27.911363,,active,
eu_businesses_comprehensive_20251106_114856,,Coffee Galway,"Quality café services in Galway, Ireland. Professional and reliable business serving the local community.",,,https://www.coffeegalway.com,info@coffeegalway.com,+82-277-4898,800 King Street,91591,,Galway,,IE,63.500897,21.493223,,active,
eu_businesses_comprehensive_20251106_114856,,Roast Rome,"Quality café services in Rome, Italy. Professional and reliable business serving the local community.",,,https://www.roastrome.com,info@roastrome.com,+30-868-5583,650 Main Street,91636,,Rome,,IT,69.309129,-4.197418,,active,
eu_businesses_comprehensive_20251106_114856,,Roast Jūrmala,"Quality café services in Jūrmala, Latvia. Professional and reliable business serving the local community.",,,https://www.roastjūrmala.com,info@roastjūrmala.com,+56-414-5966,69 High Street,25762,,Jūrmala,,LV,50.446698,6.091256,,active,
eu_businesses_comprehensive_20251106_114856,,Coffee Kaunas,"Quality café services in Kaunas, Lithuania. Professional and reliable business serving the local community.",,,https://www.coffeekaunas.com,info@coffeekaunas.com,+58-558-2022,602 Queen Street,43657,,Kaunas,,LT,54.634259,12.905354,,active,
eu_businesses_comprehensive_20251106_114856,,Brew Esch-sur-Alzette,"Quality café services in Esch-sur-Alzette, Luxembourg. Professional and reliable business serving the local community.",,,https://www.brewesch-sur-alzette.com,info@brewesch-sur-alzette.com,+45-714-5990,488 High Street,35882,,Esch-sur-Alzette,,LU,55.192733,1.17146,,active,
eu_businesses_comprehensive_20251106_114856,,Qormi House,"Quality café services in Qormi, Malta. Professional and reliable business serving the local community.",,,https://www.qormihouse.com,info@qormihouse.com,+57-765-2017,658 High Street,37182,,Qormi,,MT,53.499727,-7.907211,,active,
eu_businesses_comprehensive_20251106_114856,,Coffee Warsaw,"Quality café services in Warsaw, Poland. Professional and reliable business serving the local community.",,,https://www.coffeewarsaw.com,info@coffeewarsaw.com,+92-900-5458,550 Main Street,95966,,Warsaw,,PL,50.752507,2.666046,,active,
eu_businesses_comprehensive_20251106_114856,,Roast Bucharest,"Quality café services in Bucharest, Romania. Professional and reliable business serving the local community.",,,https://www.roastbucharest.com,info@roastbucharest.com,+37-530-6696,53 High Street,35925,,Bucharest,,RO,57.18467,29.892062,,active,
eu_businesses_comprehensive_20251106_114856,,Café Bratislava,"Quality café services in Bratislava, Slovakia. Professional and reliable business serving the local community.",,,https://www.cafébratislava.com,info@cafébratislava.com,+60-443-2051,354 Church Street,82546,,Bratislava,,SK,49.609559,9.386496,,active,
eu_businesses_comprehensive_20251106_114856,,Roast Maribor,"Quality café services in Maribor, Slovenia. Professional and reliable business serving the local community.",,,https://www.roastmaribor.com,info@roastmaribor.com,+73-359-9240,811 King Street,72265,,Maribor,,SI,61.577605,3.857371,,active,
eu_businesses_comprehensive_20251106_114856,,Café Gothenburg,"Quality café services in Gothenburg, Sweden. Professional and reliable business serving the local community.",,,https://www.cafégothenburg.com,info@cafégothenburg.com,+36-197-9990,646 High Street,59510,,Gothenburg,,SE,37.359751,-1.848882,,active,
eu_businesses_comprehensive_20251106_114856,,Linz Beans,"Quality cafés & coffee services in Linz, Austria. Professional and reliable business serving the local community.",,,https://www.linzbeans.com,info@linzbeans.com,+32-287-3130,282 High Street,76732,,Linz,,AT,61.80615,11.51754,,active,
eu_businesses_comprehensive_20251106_114856,,Grind Ruse,"Quality cafés & coffee services in Ruse, Bulgaria. Professional and reliable business serving the local community.",,,https://www.grindruse.com,info@grindruse.com,+78-165-5369,472 King Street,25072,,Ruse,,BG,35.326507,23.826672,,active,
eu_businesses_comprehensive_20251106_114856,,Brew Zadar,"Quality cafés & coffee services in Zadar, Croatia. Professional and reliable business serving the local community.",,,https://www.brewzadar.com,info@brewzadar.com,+84-841-4088,914 Main Street,42489,,Zadar,,HR,43.491677,-4.468691,,active,
eu_businesses_comprehensive_20251106_114856,,Limassol Beans,"Quality cafés & coffee services in Limassol, Cyprus. Professional and reliable business serving the local community.",,,https://www.limassolbeans.com,info@limassolbeans.com,+41-356-7690,643 Church Street,62917,,Limassol,,CY,65.721373,12.983271,,active,
eu_businesses_comprehensive_20251106_114856,,Brew Prague,"Quality cafés & coffee services in Prague, Czech Republic. Professional and reliable business serving the local community.",,,https://www.brewprague.com,info@brewprague.com,+88-805-6675,215 Church Street,74987,,Prague,,CZ,36.123418,-0.349864,,active,
eu_businesses_comprehensive_20251106_114856,,Coffee Esbjerg,"Quality cafés & coffee services in Esbjerg, Denmark. Professional and reliable business serving the local community.",,,https://www.coffeeesbjerg.com,info@coffeeesbjerg.com,+84-902-5561,321 King Street,96469,,Esbjerg,,DK,45.694422,3.321749,,active,
eu_businesses_comprehensive_20251106_114856,,Café Kohtla-Järve,"Quality cafés & coffee services in Kohtla-Järve, Estonia. Professional and reliable business serving the local community.",,,https://www.cafékohtla-järve.com,info@cafékohtla-järve.com,+98-178-8412,953 King Street,19342,,Kohtla-Järve,,EE,47.275128,26.328193,,active,
eu_businesses_comprehensive_20251106_114856,,Brew Oulu,"Quality cafés & coffee services in Oulu, Finland. Professional and reliable business serving the local community.",,,https://www.brewoulu.com,info@brewoulu.com,+89-829-9438,420 King Street,42068,,Oulu,,FI,46.945957,18.315681,,active,
eu_businesses_comprehensive_20251106_114856,,Brew Larissa,"Quality cafés & coffee services in Larissa, Greece. Professional and reliable business serving the local community.",,,https://www.brewlarissa.com,info@brewlarissa.com,+60-397-3897,392 Main Street,92129,,Larissa,,GR,40.745441,14.388258,,active,
eu_businesses_comprehensive_20251106_114856,,Miskolc Beans,"Quality cafés & coffee services in Miskolc, Hungary. Professional and reliable business serving the local community.",,,https://www.miskolcbeans.com,info@miskolcbeans.com,+39-475-2724,42 Church Street,12342,,Miskolc,,HU,59.128865,6.558974,,active,
eu_businesses_comprehensive_20251106_114856,,Coffee Waterford,"Quality cafés & coffee services in Waterford, Ireland. Professional and reliable business serving the local community.",,,https://www.coffeewaterford.com,info@coffeewaterford.com,+76-491-7613,13 High Street,10399,,Waterford,,IE,68.738262,11.786819,,active,
eu_businesses_comprehensive_20251106_114856,,Coffee Palermo,"Quality cafés & coffee services in Palermo, Italy. Professional and reliable business serving the local community.",,,https://www.coffeepalermo.com,info@coffeepalermo.com,+71-673-7461,935 Church Street,96701,,Palermo,,IT,53.861843,-4.287913,,active,
eu_businesses_comprehensive_20251106_114856,,Grind Daugavpils,"Quality cafés & coffee services in Daugavpils, Latvia. Professional and reliable business serving the local community.",,,https://www.grinddaugavpils.com,info@grinddaugavpils.com,+60-807-7877,393 Church Street,45345,,Daugavpils,,LV,55.434509,6.604851,,active,
eu_businesses_comprehensive_20251106_114856,,Brew Šiauliai,"Quality cafés & coffee services in Šiauliai, Lithuania. Professional and reliable business serving the local community.",,,https://www.brewšiauliai.com,info@brewšiauliai.com,+37-415-1939,119 High Street,31605,,Šiauliai,,LT,53.292934,9.174407,,active,
eu_businesses_comprehensive_20251106_114856,,Luxembourg City Beans,"Quality cafés & coffee services in Luxembourg City, Luxembourg. Professional and reliable business serving the local community.",,,https://www.luxembourgcitybeans.com,info@luxembourgcitybeans.com,+93-696-7047,685 King Street,99916,,Luxembourg City,,LU,38.725237,-6.24214,,active,
eu_businesses_comprehensive_20251106_114856,,Brew Qormi,"Quality cafés & coffee services in Qormi, Malta. Professional and reliable business serving the local community.",,,https://www.brewqormi.com,info@brewqormi.com,+98-906-4594,101 Church Street,32049,,Qormi,,MT,67.97629,5.416326,,active,
eu_businesses_comprehensive_20251106_114856,,Café Poznań,"Quality cafés & coffee services in Poznań, Poland. Professional and reliable business serving the local community.",,,https://www.cafépoznań.com,info@cafépoznań.com,+79-228-7408,323 High Street,74874,,Poznań,,PL,42.036819,0.772979,,active,
eu_businesses_comprehensive_20251106_114856,,Coffee Bucharest,"Quality cafés & coffee services in Bucharest, Romania. Professional and reliable business serving the local community.",,,https://www.coffeebucharest.com,info@coffeebucharest.com,+65-885-1542,857 Queen Street,61516,,Bucharest,,RO,45.664507,28.383615,,active,
eu_businesses_comprehensive_20251106_114856,,Brew Žilina,"Quality cafés & coffee services in Žilina, Slovakia. Professional and reliable business serving the local community.",,,https://www.brewžilina.com,info@brewžilina.com,+70-506-2961,89 High Street,71162,,Žilina,,SK,62.200812,14.549914,,active,
eu_businesses_comprehensive_20251106_114856,,Brew Maribor,"Quality cafés & coffee services in Maribor, Slovenia. Professional and reliable business serving the local community.",,,https://www.brewmaribor.com,info@brewmaribor.com,+34-322-7088,163 Church Street,63622,,Maribor,,SI,44.12034,-0.642347,,active,
eu_businesses_comprehensive_20251106_114856,,Grind Stockholm,"Quality cafés & coffee services in Stockholm, Sweden. Professional and reliable business serving the local community.",,,https://www.grindstockholm.com,info@grindstockholm.com,+82-783-7556,672 High Street,28495,,Stockholm,,SE,48.077646,19.051628,,active,
eu_businesses_comprehensive_20251106_114856,,Linz Motors,"Quality car dealers services in Linz, Austria. Professional and reliable business serving the local community.",,,https://www.linzmotors.com,info@linzmotors.com,+73-254-9724,416 Church Street,36734,,Linz,,AT,48.32778,28.277432,,active,
eu_businesses_comprehensive_20251106_114856,,Varna Motors,"Quality car dealers services in Varna, Bulgaria. Professional and reliable business serving the local community.",,,https://www.varnamotors.com,info@varnamotors.com,+67-741-6457,699 Queen Street,12186,,Varna,,BG,49.027906,13.200015,,active,
eu_businesses_comprehensive_20251106_114856,,Zagreb Motors,"Quality car dealers services in Zagreb, Croatia. Professional and reliable business serving the local community.",,,https://www.zagrebmotors.com,info@zagrebmotors.com,+77-472-8854,300 Main Street,24535,,Zagreb,,HR,58.372987,25.778999,,active,
eu_businesses_comprehensive_20251106_114856,,Drive Limassol,"Quality car dealers services in Limassol, Cyprus. Professional and reliable business serving the local community.",,,https://www.drivelimassol.com,info@drivelimassol.com,+80-595-8145,688 Queen Street,51061,,Limassol,,CY,64.511033,-1.215963,,active,
eu_businesses_comprehensive_20251106_114856,,Wheels Ostrava,"Quality car dealers services in Ostrava, Czech Republic. Professional and reliable business serving the local community.",,,https://www.wheelsostrava.com,info@wheelsostrava.com,+31-697-6707,579 Church Street,20022,,Ostrava,,CZ,61.590605,-0.348002,,active,
eu_businesses_comprehensive_20251106_114856,,Auto Aarhus,"Quality car dealers services in Aarhus, Denmark. Professional and reliable business serving the local community.",,,https://www.autoaarhus.com,info@autoaarhus.com,+77-521-9606,880 King Street,44043,,Aarhus,,DK,42.491217,23.229202,,active,
eu_businesses_comprehensive_20251106_114856,,Tallinn Motors,"Quality car dealers services in Tallinn, Estonia. Professional and reliable business serving the local community.",,,https://www.tallinnmotors.com,info@tallinnmotors.com,+34-714-3895,639 Main Street,73679,,Tallinn,,EE,46.339065,-1.362851,,active,
eu_businesses_comprehensive_20251106_114856,,Auto Vantaa,"Quality car dealers services in Vantaa, Finland. Professional and reliable business serving the local community.",,,https://www.autovantaa.com,info@autovantaa.com,+87-216-1096,946 Main Street,50846,,Vantaa,,FI,55.889649,-3.719325,,active,
eu_businesses_comprehensive_20251106_114856,,Heraklion Motors,"Quality car dealers services in Heraklion, Greece. Professional and reliable business serving the local community.",,,https://www.heraklionmotors.com,info@heraklionmotors.com,+33-164-2342,306 Church Street,62868,,Heraklion,,GR,60.810383,7.54927,,active,
eu_businesses_comprehensive_20251106_114856,,Auto Szeged,"Quality car dealers services in Szeged, Hungary. Professional and reliable business serving the local community.",,,https://www.autoszeged.com,info@autoszeged.com,+91-726-7771,4 King Street,88005,,Szeged,,HU,35.519928,6.376099,,active,
eu_businesses_comprehensive_20251106_114856,,Wheels Galway,"Quality car dealers services in Galway, Ireland. Professional and reliable business serving the local community.",,,https://www.wheelsgalway.com,info@wheelsgalway.com,+65-383-5809,715 High Street,51823,,Galway,,IE,55.004444,-8.212588,,active,
eu_businesses_comprehensive_20251106_114856,,Milan Motors,"Quality car dealers services in Milan, Italy. Professional and reliable business serving the local community.",,,https://www.milanmotors.com,info@milanmotors.com,+63-300-6913,474 High Street,37101,,Milan,,IT,66.352631,12.641754,,active,
eu_businesses_comprehensive_20251106_114856,,Cars Jelgava,"Quality car dealers services in Jelgava, Latvia. Professional and reliable business serving the local community.",,,https://www.carsjelgava.com,info@carsjelgava.com,+85-922-4718,116 Church Street,95554,,Jelgava,,LV,52.487521,17.886863,,active,
eu_businesses_comprehensive_20251106_114856,,Cars Kaunas,"Quality car dealers services in Kaunas, Lithuania. Professional and reliable business serving the local community.",,,https://www.carskaunas.com,info@carskaunas.com,+44-592-5162,503 Main Street,61342,,Kaunas,,LT,56.533879,10.771956,,active,
eu_businesses_comprehensive_20251106_114856,,Esch-sur-Alzette Motors,"Quality car dealers services in Esch-sur-Alzette, Luxembourg. Professional and reliable business serving the local community.",,,https://www.esch-sur-alzettemotors.com,info@esch-sur-alzettemotors.com,+34-637-6403,162 Queen Street,39243,,Esch-sur-Alzette,,LU,46.181299,25.848867,,active,
eu_businesses_comprehensive_20251106_114856,,Birkirkara Motors,"Quality car dealers services in Birkirkara, Malta. Professional and reliable business serving the local community.",,,https://www.birkirkaramotors.com,info@birkirkaramotors.com,+55-692-5502,210 Queen Street,80945,,Birkirkara,,MT,64.616556,21.434977,,active,
eu_businesses_comprehensive_20251106_114856,,Drive Wrocław,"Quality car dealers services in Wrocław, Poland. Professional and reliable business serving the local community.",,,https://www.drivewrocław.com,info@drivewrocław.com,+95-514-6256,7 Queen Street,87206,,Wrocław,,PL,63.829078,18.147831,,active,
eu_businesses_comprehensive_20251106_114856,,Cluj-Napoca Motors,"Quality car dealers services in Cluj-Napoca, Romania. Professional and reliable business serving the local community.",,,https://www.cluj-napocamotors.com,info@cluj-napocamotors.com,+86-872-3777,736 Church Street,95646,,Cluj-Napoca,,RO,64.593956,14.534552,,active,
eu_businesses_comprehensive_20251106_114856,,Cars Banská Bystrica,"Quality car dealers services in Banská Bystrica, Slovakia. Professional and reliable business serving the local community.",,,https://www.carsbanskábystrica.com,info@carsbanskábystrica.com,+71-178-7425,754 King Street,56561,,Banská Bystrica,,SK,39.986001,25.53585,,active,
eu_businesses_comprehensive_20251106_114856,,Auto Maribor,"Quality car dealers services in Maribor, Slovenia. Professional and reliable business serving the local community.",,,https://www.automaribor.com,info@automaribor.com,+63-635-4192,394 Church Street,93688,,Maribor,,SI,53.654836,15.896939,,active,
eu_businesses_comprehensive_20251106_114856,,Wheels Stockholm,"Quality car dealers services in Stockholm, Sweden. Professional and reliable business serving the local community.",,,https://www.wheelsstockholm.com,info@wheelsstockholm.com,+69-784-1145,266 High Street,77358,,Stockholm,,SE,58.099921,5.550558,,active,
eu_businesses_comprehensive_20251106_114856,,Fortune Linz,"Quality casinos services in Linz, Austria. Professional and reliable business serving the local community.",,,https://www.fortunelinz.com,info@fortunelinz.com,+68-932-7873,864 High Street,63448,,Linz,,AT,65.81533,12.189282,,active,
eu_businesses_comprehensive_20251106_114856,,Gaming Plovdiv,"Quality casinos services in Plovdiv, Bulgaria. Professional and reliable business serving the local community.",,,https://www.gamingplovdiv.com,info@gamingplovdiv.com,+85-581-2039,137 Church Street,81115,,Plovdiv,,BG,36.800534,23.793678,,active,
eu_businesses_comprehensive_20251106_114856,,Fortune Zadar,"Quality casinos services in Zadar, Croatia. Professional and reliable business serving the local community.",,,https://www.fortunezadar.com,info@fortunezadar.com,+74-343-2130,252 High Street,15419,,Zadar,,HR,35.20523,1.556576,,active,
eu_businesses_comprehensive_20251106_114856,,Casino Famagusta,"Quality casinos services in Famagusta, Cyprus. Professional and reliable business serving the local community.",,,https://www.casinofamagusta.com,info@casinofamagusta.com,+61-431-7054,387 Queen Street,42143,,Famagusta,,CY,40.133655,7.050545,,active,
eu_businesses_comprehensive_20251106_114856,,Luck Liberec,"Quality casinos services in Liberec, Czech Republic. Professional and reliable business serving the local community.",,,https://www.luckliberec.com,info@luckliberec.com,+31-788-7008,566 High Street,28696,,Liberec,,CZ,56.998628,23.984032,,active,
eu_businesses_comprehensive_20251106_114856,,Gaming Copenhagen,"Quality casinos services in Copenhagen, Denmark. Professional and reliable business serving the local community.",,,https://www.gamingcopenhagen.com,info@gamingcopenhagen.com,+93-967-5354,503 Main Street,52873,,Copenhagen,,DK,48.918109,9.294072,,active,
eu_businesses_comprehensive_20251106_114856,,Luck Kohtla-Järve,"Quality casinos services in Kohtla-Järve, Estonia. Professional and reliable business serving the local community.",,,https://www.luckkohtla-järve.com,info@luckkohtla-järve.com,+40-528-2731,703 Queen Street,85659,,Kohtla-Järve,,EE,44.065509,29.761966,,active,
eu_businesses_comprehensive_20251106_114856,,Gaming Oulu,"Quality casinos services in Oulu, Finland. Professional and reliable business serving the local community.",,,https://www.gamingoulu.com,info@gamingoulu.com,+44-840-6640,628 Queen Street,71669,,Oulu,,FI,60.154,26.691076,,active,
eu_businesses_comprehensive_20251106_114856,,Luck Thessaloniki,"Quality casinos services in Thessaloniki, Greece. Professional and reliable business serving the local community.",,,https://www.luckthessaloniki.com,info@luckthessaloniki.com,+96-487-3530,492 King Street,22347,,Thessaloniki,,GR,36.191763,3.2885,,active,
eu_businesses_comprehensive_20251106_114856,,Casino Pécs,"Quality casinos services in Pécs, Hungary. Professional and reliable business serving the local community.",,,https://www.casinopécs.com,info@casinopécs.com,+55-360-2749,175 Queen Street,10758,,Pécs,,HU,39.377675,-3.015533,,active,
eu_businesses_comprehensive_20251106_114856,,Gaming Limerick,"Quality casinos services in Limerick, Ireland. Professional and reliable business serving the local community.",,,https://www.gaminglimerick.com,info@gaminglimerick.com,+72-984-3890,667 Church Street,48115,,Limerick,,IE,66.774726,2.014568,,active,
eu_businesses_comprehensive_20251106_114856,,Palermo Palace,"Quality casinos services in Palermo, Italy. Professional and reliable business serving the local community.",,,https://www.palermopalace.com,info@palermopalace.com,+69-652-8799,887 Main Street,88889,,Palermo,,IT,36.09839,-1.683411,,active,
eu_businesses_comprehensive_20251106_114856,,Casino Jūrmala,"Quality casinos services in Jūrmala, Latvia. Professional and reliable business serving the local community.",,,https://www.casinojūrmala.com,info@casinojūrmala.com,+83-736-4676,969 Church Street,88232,,Jūrmala,,LV,44.32403,23.844273,,active,
eu_businesses_comprehensive_20251106_114856,,Fortune Šiauliai,"Quality casinos services in Šiauliai, Lithuania. Professional and reliable business serving the local community.",,,https://www.fortunešiauliai.com,info@fortunešiauliai.com,+31-750-9301,198 Queen Street,82480,,Šiauliai,,LT,35.581951,13.455143,,active,
eu_businesses_comprehensive_20251106_114856,,Fortune Dudelange,"Quality casinos services in Dudelange, Luxembourg. Professional and reliable business serving the local community.",,,https://www.fortunedudelange.com,info@fortunedudelange.com,+92-976-2810,768 Church Street,45849,,Dudelange,,LU,50.694252,19.411483,,active,
eu_businesses_comprehensive_20251106_114856,,Birkirkara Palace,"Quality casinos services in Birkirkara, Malta. Professional and reliable business serving the local community.",,,https://www.birkirkarapalace.com,info@birkirkarapalace.com,+63-142-3367,800 Main Street,20572,,Birkirkara,,MT,56.042519,28.793636,,active,
eu_businesses_comprehensive_20251106_114856,,Warsaw Palace,"Quality casinos services in Warsaw, Poland. Professional and reliable business serving the local community.",,,https://www.warsawpalace.com,info@warsawpalace.com,+46-671-3833,731 Main Street,21914,,Warsaw,,PL,66.400768,25.776229,,active,
eu_businesses_comprehensive_20251106_114856,,Casino Bucharest,"Quality casinos services in Bucharest, Romania. Professional and reliable business serving the local community.",,,https://www.casinobucharest.com,info@casinobucharest.com,+75-352-4878,313 Church Street,27129,,Bucharest,,RO,63.295661,3.069976,,active,
eu_businesses_comprehensive_20251106_114856,,Fortune Bratislava,"Quality casinos services in Bratislava, Slovakia. Professional and reliable business serving the local community.",,,https://www.fortunebratislava.com,info@fortunebratislava.com,+96-705-2800,306 Church Street,50757,,Bratislava,,SK,55.711397,28.742911,,active,
eu_businesses_comprehensive_20251106_114856,,Fortune Maribor,"Quality casinos services in Maribor, Slovenia. Professional and reliable business serving the local community.",,,https://www.fortunemaribor.com,info@fortunemaribor.com,+59-528-6800,908 Church Street,30647,,Maribor,,SI,57.813017,-0.565006,,active,
eu_businesses_comprehensive_20251106_114856,,Fortune Västerås,"Quality casinos services in Västerås, Sweden. Professional and reliable business serving the local community.",,,https://www.fortunevästerås.com,info@fortunevästerås.com,+37-149-5466,375 Queen Street,10895,,Västerås,,SE,48.096136,25.547108,,active,
eu_businesses_comprehensive_20251106_114856,,Graz Theater,"Quality cinemas services in Graz, Austria. Professional and reliable business serving the local community.",,,https://www.graztheater.com,info@graztheater.com,+62-990-8469,563 Church Street,28745,,Graz,,AT,38.910656,7.813243,,active,
eu_businesses_comprehensive_20251106_114856,,Cinema Burgas,"Quality cinemas services in Burgas, Bulgaria. Professional and reliable business serving the local community.",,,https://www.cinemaburgas.com,info@cinemaburgas.com,+61-310-9354,492 King Street,28320,,Burgas,,BG,66.112511,15.283414,,active,
eu_businesses_comprehensive_20251106_114856,,Movies Split,"Quality cinemas services in Split, Croatia. Professional and reliable business serving the local community.",,,https://www.moviessplit.com,info@moviessplit.com,+92-171-8008,621 King Street,49875,,Split,,HR,35.322183,-7.817576,,active,
eu_businesses_comprehensive_20251106_114856,,Screen Paphos,"Quality cinemas services in Paphos, Cyprus. Professional and reliable business serving the local community.",,,https://www.screenpaphos.com,info@screenpaphos.com,+66-829-2404,666 King Street,70064,,Paphos,,CY,65.11462,25.61401,,active,
eu_businesses_comprehensive_20251106_114856,,Plzen Theater,"Quality cinemas services in Plzen, Czech Republic. Professional and reliable business serving the local community.",,,https://www.plzentheater.com,info@plzentheater.com,+89-247-1388,8 King Street,12405,,Plzen,,CZ,58.145276,-5.571019,,active,
eu_businesses_comprehensive_20251106_114856,,Esbjerg Theater,"Quality cinemas services in Esbjerg, Denmark. Professional and reliable business serving the local community.",,,https://www.esbjergtheater.com,info@esbjergtheater.com,+91-811-4031,474 Church Street,94861,,Esbjerg,,DK,41.743758,-4.817605,,active,
eu_businesses_comprehensive_20251106_114856,,Tartu Theater,"Quality cinemas services in Tartu, Estonia. Professional and reliable business serving the local community.",,,https://www.tartutheater.com,info@tartutheater.com,+56-438-9811,397 Queen Street,85247,,Tartu,,EE,69.703567,20.209753,,active,
eu_businesses_comprehensive_20251106_114856,,Screen Vantaa,"Quality cinemas services in Vantaa, Finland. Professional and reliable business serving the local community.",,,https://www.screenvantaa.com,info@screenvantaa.com,+64-643-5313,920 King Street,73496,,Vantaa,,FI,54.445231,14.113124,,active,
eu_businesses_comprehensive_20251106_114856,,Movies Thessaloniki,"Quality cinemas services in Thessaloniki, Greece. Professional and reliable business serving the local community.",,,https://www.moviesthessaloniki.com,info@moviesthessaloniki.com,+44-304-9019,123 High Street,66704,,Thessaloniki,,GR,58.469697,-2.079705,,active,
eu_businesses_comprehensive_20251106_114856,,Pécs Theater,"Quality cinemas services in Pécs, Hungary. Professional and reliable business serving the local community.",,,https://www.pécstheater.com,info@pécstheater.com,+72-311-7316,76 High Street,26309,,Pécs,,HU,45.064219,-0.492787,,active,
eu_businesses_comprehensive_20251106_114856,,Film Cork,"Quality cinemas services in Cork, Ireland. Professional and reliable business serving the local community.",,,https://www.filmcork.com,info@filmcork.com,+53-145-1822,767 High Street,31607,,Cork,,IE,46.304574,12.377768,,active,
eu_businesses_comprehensive_20251106_114856,,Film Turin,"Quality cinemas services in Turin, Italy. Professional and reliable business serving the local community.",,,https://www.filmturin.com,info@filmturin.com,+63-148-7197,392 Queen Street,19804,,Turin,,IT,36.411823,1.545257,,active,
eu_businesses_comprehensive_20251106_114856,,Film Daugavpils,"Quality cinemas services in Daugavpils, Latvia. Professional and reliable business serving the local community.",,,https://www.filmdaugavpils.com,info@filmdaugavpils.com,+65-641-2095,367 Church Street,60632,,Daugavpils,,LV,39.013128,-6.840435,,active,
eu_businesses_comprehensive_20251106_114856,,Movies Panevėžys,"Quality cinemas services in Panevėžys, Lithuania. Professional and reliable business serving the local community.",,,https://www.moviespanevėžys.com,info@moviespanevėžys.com,+90-889-3687,861 King Street,22133,,Panevėžys,,LT,69.124971,2.84553,,active,
eu_businesses_comprehensive_20251106_114856,,Film Differdange,"Quality cinemas services in Differdange, Luxembourg. Professional and reliable business serving the local community.",,,https://www.filmdifferdange.com,info@filmdifferdange.com,+94-924-8014,828 Church Street,45665,,Differdange,,LU,51.183787,-8.889848,,active,
eu_businesses_comprehensive_20251106_114856,,Film Valletta,"Quality cinemas services in Valletta, Malta. Professional and reliable business serving the local community.",,,https://www.filmvalletta.com,info@filmvalletta.com,+58-721-1448,894 High Street,77269,,Valletta,,MT,51.29774,-0.813525,,active,
eu_businesses_comprehensive_20251106_114856,,Poznań Theater,"Quality cinemas services in Poznań, Poland. Professional and reliable business serving the local community.",,,https://www.poznańtheater.com,info@poznańtheater.com,+95-890-3993,661 King Street,20373,,Poznań,,PL,53.359366,-4.15033,,active,
eu_businesses_comprehensive_20251106_114856,,Movies Bucharest,"Quality cinemas services in Bucharest, Romania. Professional and reliable business serving the local community.",,,https://www.moviesbucharest.com,info@moviesbucharest.com,+53-993-2889,138 Church Street,98823,,Bucharest,,RO,60.804324,-9.159085,,active,
eu_businesses_comprehensive_20251106_114856,,Banská Bystrica Theater,"Quality cinemas services in Banská Bystrica, Slovakia. Professional and reliable business serving the local community.",,,https://www.banskábystricatheater.com,info@banskábystricatheater.com,+88-874-6888,959 High Street,98027,,Banská Bystrica,,SK,35.791226,9.675832,,active,
eu_businesses_comprehensive_20251106_114856,,Screen Kranj,"Quality cinemas services in Kranj, Slovenia. Professional and reliable business serving the local community.",,,https://www.screenkranj.com,info@screenkranj.com,+65-531-9393,696 King Street,39925,,Kranj,,SI,55.792254,-0.403425,,active,
eu_businesses_comprehensive_20251106_114856,,Cinema Stockholm,"Quality cinemas services in Stockholm, Sweden. Professional and reliable business serving the local community.",,,https://www.cinemastockholm.com,info@cinemastockholm.com,+88-948-5115,445 Queen Street,49646,,Stockholm,,SE,37.707069,13.36195,,active,
eu_businesses_comprehensive_20251106_114856,,Wear Salzburg,"Quality clothing store services in Salzburg, Austria. Professional and reliable business serving the local community.",,,https://www.wearsalzburg.com,info@wearsalzburg.com,+36-321-5099,20 King Street,63786,,Salzburg,,AT,66.981555,-9.396803,,active,
eu_businesses_comprehensive_20251106_114856,,Wear Varna,"Quality clothing store services in Varna, Bulgaria. Professional and reliable business serving the local community.",,,https://www.wearvarna.com,info@wearvarna.com,+47-132-2773,876 Main Street,48179,,Varna,,BG,53.5416,13.288412,,active,
eu_businesses_comprehensive_20251106_114856,,Fashion Zadar,"Quality clothing store services in Zadar, Croatia. Professional and reliable business serving the local community.",,,https://www.fashionzadar.com,info@fashionzadar.com,+84-958-2858,211 Main Street,31089,,Zadar,,HR,35.318495,1.817998,,active,
eu_businesses_comprehensive_20251106_114856,,Trend Paphos,"Quality clothing store services in Paphos, Cyprus. Professional and reliable business serving the local community.",,,https://www.trendpaphos.com,info@trendpaphos.com,+77-453-3225,824 Main Street,64574,,Paphos,,CY,46.032585,-2.712793,,active,
eu_businesses_comprehensive_20251106_114856,,Clothes Prague,"Quality clothing store services in Prague, Czech Republic. Professional and reliable business serving the local community.",,,https://www.clothesprague.com,info@clothesprague.com,+41-837-8961,260 Main Street,70399,,Prague,,CZ,67.012955,11.045436,,active,
eu_businesses_comprehensive_20251106_114856,,Aalborg Style,"Quality clothing store services in Aalborg, Denmark. Professional and reliable business serving the local community.",,,https://www.aalborgstyle.com,info@aalborgstyle.com,+57-936-9016,180 Main Street,12714,,Aalborg,,DK,46.567243,21.940515,,active,
eu_businesses_comprehensive_20251106_114856,,Fashion Kohtla-Järve,"Quality clothing store services in Kohtla-Järve, Estonia. Professional and reliable business serving the local community.",,,https://www.fashionkohtla-järve.com,info@fashionkohtla-järve.com,+92-878-7566,447 Main Street,71172,,Kohtla-Järve,,EE,36.364069,27.520396,,active,
eu_businesses_comprehensive_20251106_114856,,Fashion Vantaa,"Quality clothing store services in Vantaa, Finland. Professional and reliable business serving the local community.",,,https://www.fashionvantaa.com,info@fashionvantaa.com,+52-916-4346,707 Church Street,96758,,Vantaa,,FI,60.537366,17.816699,,active,
eu_businesses_comprehensive_20251106_114856,,Fashion Larissa,"Quality clothing store services in Larissa, Greece. Professional and reliable business serving the local community.",,,https://www.fashionlarissa.com,info@fashionlarissa.com,+36-675-7834,300 High Street,83498,,Larissa,,GR,56.216263,2.973752,,active,
eu_businesses_comprehensive_20251106_114856,,Wear Budapest,"Quality clothing store services in Budapest, Hungary. Professional and reliable business serving the local community.",,,https://www.wearbudapest.com,info@wearbudapest.com,+79-714-6128,242 King Street,37029,,Budapest,,HU,52.440662,26.573445,,active,
eu_businesses_comprehensive_20251106_114856,,Wear Dublin,"Quality clothing store services in Dublin, Ireland. Professional and reliable business serving the local community.",,,https://www.weardublin.com,info@weardublin.com,+70-350-1746,435 King Street,19144,,Dublin,,IE,40.109323,27.583454,,active,
eu_businesses_comprehensive_20251106_114856,,Clothes Turin,"Quality clothing store services in Turin, Italy. Professional and reliable business serving the local community.",,,https://www.clothesturin.com,info@clothesturin.com,+73-848-1041,633 King Street,39531,,Turin,,IT,50.949263,-9.94036,,active,
eu_businesses_comprehensive_20251106_114856,,Fashion Riga,"Quality clothing store services in Riga, Latvia. Professional and reliable business serving the local community.",,,https://www.fashionriga.com,info@fashionriga.com,+71-474-2121,238 Church Street,36521,,Riga,,LV,63.634005,26.337351,,active,
eu_businesses_comprehensive_20251106_114856,,Panevėžys Style,"Quality clothing store services in Panevėžys, Lithuania. Professional and reliable business serving the local community.",,,https://www.panevėžysstyle.com,info@panevėžysstyle.com,+43-158-8690,971 King Street,99991,,Panevėžys,,LT,42.536499,23.770826,,active,
eu_businesses_comprehensive_20251106_114856,,Fashion Differdange,"Quality clothing store services in Differdange, Luxembourg. Professional and reliable business serving the local community.",,,https://www.fashiondifferdange.com,info@fashiondifferdange.com,+30-193-2546,824 Main Street,79318,,Differdange,,LU,57.330458,1.108917,,active,
eu_businesses_comprehensive_20251106_114856,,Wear Sliema,"Quality clothing store services in Sliema, Malta. Professional and reliable business serving the local community.",,,https://www.wearsliema.com,info@wearsliema.com,+68-279-9235,682 King Street,18031,,Sliema,,MT,42.140144,0.448061,,active,
eu_businesses_comprehensive_20251106_114856,,Fashion Warsaw,"Quality clothing store services in Warsaw, Poland. Professional and reliable business serving the local community.",,,https://www.fashionwarsaw.com,info@fashionwarsaw.com,+94-108-1027,114 Queen Street,93566,,Warsaw,,PL,65.046505,6.067331,,active,
eu_businesses_comprehensive_20251106_114856,,Trend Cluj-Napoca,"Quality clothing store services in Cluj-Napoca, Romania. Professional and reliable business serving the local community.",,,https://www.trendcluj-napoca.com,info@trendcluj-napoca.com,+57-230-9546,820 Queen Street,58309,,Cluj-Napoca,,RO,52.152147,17.356114,,active,
eu_businesses_comprehensive_20251106_114856,,Clothes Banská Bystrica,"Quality clothing store services in Banská Bystrica, Slovakia. Professional and reliable business serving the local community.",,,https://www.clothesbanskábystrica.com,info@clothesbanskábystrica.com,+42-697-4039,813 King Street,72123,,Banská Bystrica,,SK,58.17713,17.092614,,active,
eu_businesses_comprehensive_20251106_114856,,Trend Koper,"Quality clothing store services in Koper, Slovenia. Professional and reliable business serving the local community.",,,https://www.trendkoper.com,info@trendkoper.com,+57-358-7097,102 Church Street,37515,,Koper,,SI,58.653901,-4.98426,,active,
eu_businesses_comprehensive_20251106_114856,,Fashion Västerås,"Quality clothing store services in Västerås, Sweden. Professional and reliable business serving the local community.",,,https://www.fashionvästerås.com,info@fashionvästerås.com,+41-164-8067,674 Main Street,74775,,Västerås,,SE,51.469126,29.259647,,active,
eu_businesses_comprehensive_20251106_114856,,Smile Innsbruck,"Quality dentist services in Innsbruck, Austria. Professional and reliable business serving the local community.",,,https://www.smileinnsbruck.com,info@smileinnsbruck.com,+46-522-2015,761 King Street,97163,,Innsbruck,,AT,47.473613,18.292937,,active,
eu_businesses_comprehensive_20251106_114856,,Teeth Burgas,"Quality dentist services in Burgas, Bulgaria. Professional and reliable business serving the local community.",,,https://www.teethburgas.com,info@teethburgas.com,+52-589-2451,141 Queen Street,58090,,Burgas,,BG,40.974293,25.183347,,active,
eu_businesses_comprehensive_20251106_114856,,Smile Osijek,"Quality dentist services in Osijek, Croatia. Professional and reliable business serving the local community.",,,https://www.smileosijek.com,info@smileosijek.com,+99-225-3737,658 Main Street,69741,,Osijek,,HR,37.120197,7.767604,,active,
eu_businesses_comprehensive_20251106_114856,,Teeth Famagusta,"Quality dentist services in Famagusta, Cyprus. Professional and reliable business serving the local community.",,,https://www.teethfamagusta.com,info@teethfamagusta.com,+84-590-3899,370 High Street,76949,,Famagusta,,CY,38.521165,25.073164,,active,
eu_businesses_comprehensive_20251106_114856,,Care Liberec,"Quality dentist services in Liberec, Czech Republic. Professional and reliable business serving the local community.",,,https://www.careliberec.com,info@careliberec.com,+51-231-4919,269 Main Street,55274,,Liberec,,CZ,62.433958,26.535923,,active,
eu_businesses_comprehensive_20251106_114856,,Dental Copenhagen,"Quality dentist services in Copenhagen, Denmark. Professional and reliable business serving the local community.",,,https://www.dentalcopenhagen.com,info@dentalcopenhagen.com,+39-962-7098,526 King Street,93909,,Copenhagen,,DK,60.052555,25.287266,,active,
eu_businesses_comprehensive_20251106_114856,,Teeth Pärnu,"Quality dentist services in Pärnu, Estonia. Professional and reliable business serving the local community.",,,https://www.teethpärnu.com,info@teethpärnu.com,+44-926-7552,678 Church Street,56257,,Pärnu,,EE,45.667141,-9.486285,,active,
eu_businesses_comprehensive_20251106_114856,,Smile Espoo,"Quality dentist services in Espoo, Finland. Professional and reliable business serving the local community.",,,https://www.smileespoo.com,info@smileespoo.com,+58-167-3270,623 Main Street,66411,,Espoo,,FI,57.757481,6.561334,,active,
eu_businesses_comprehensive_20251106_114856,,Teeth Athens,"Quality dentist services in Athens, Greece. Professional and reliable business serving the local community.",,,https://www.teethathens.com,info@teethathens.com,+66-332-4164,859 High Street,93141,,Athens,,GR,65.460438,-5.437121,,active,
eu_businesses_comprehensive_20251106_114856,,Care Budapest,"Quality dentist services in Budapest, Hungary. Professional and reliable business serving the local community.",,,https://www.carebudapest.com,info@carebudapest.com,+40-342-5132,864 Main Street,73383,,Budapest,,HU,49.310637,21.80702,,active,
eu_businesses_comprehensive_20251106_114856,,Smile Limerick,"Quality dentist services in Limerick, Ireland. Professional and reliable business serving the local community.",,,https://www.smilelimerick.com,info@smilelimerick.com,+73-512-7391,542 Church Street,77561,,Limerick,,IE,58.474019,-5.599724,,active,
eu_businesses_comprehensive_20251106_114856,,Smile Milan,"Quality dentist services in Milan, Italy. Professional and reliable business serving the local community.",,,https://www.smilemilan.com,info@smilemilan.com,+55-804-3202,315 King Street,12976,,Milan,,IT,52.720049,29.195496,,active,
eu_businesses_comprehensive_20251106_114856,,Dental Jūrmala,"Quality dentist services in Jūrmala, Latvia. Professional and reliable business serving the local community.",,,https://www.dentaljūrmala.com,info@dentaljūrmala.com,+98-123-4784,558 Church Street,36720,,Jūrmala,,LV,63.935942,25.982582,,active,
eu_businesses_comprehensive_20251106_114856,,Smile Klaipėda,"Quality dentist services in Klaipėda, Lithuania. Professional and reliable business serving the local community.",,,https://www.smileklaipėda.com,info@smileklaipėda.com,+57-843-2008,307 Queen Street,68671,,Klaipėda,,LT,36.480796,-0.916783,,active,
eu_businesses_comprehensive_20251106_114856,,Teeth Dudelange,"Quality dentist services in Dudelange, Luxembourg. Professional and reliable business serving the local community.",,,https://www.teethdudelange.com,info@teethdudelange.com,+46-402-9764,447 Main Street,92153,,Dudelange,,LU,61.250021,8.553621,,active,
eu_businesses_comprehensive_20251106_114856,,Care Birkirkara,"Quality dentist services in Birkirkara, Malta. Professional and reliable business serving the local community.",,,https://www.carebirkirkara.com,info@carebirkirkara.com,+89-747-2371,271 Queen Street,57095,,Birkirkara,,MT,37.648026,11.879268,,active,
eu_businesses_comprehensive_20251106_114856,,Smile Łódź,"Quality dentist services in Łódź, Poland. Professional and reliable business serving the local community.",,,https://www.smilełódź.com,info@smilełódź.com,+67-572-7882,776 Main Street,31660,,Łódź,,PL,37.597297,2.215857,,active,
eu_businesses_comprehensive_20251106_114856,,Iași Clinic,"Quality dentist services in Iași, Romania. Professional and reliable business serving the local community.",,,https://www.iașiclinic.com,info@iașiclinic.com,+69-683-3379,125 Queen Street,81473,,Iași,,RO,38.893714,4.266291,,active,
eu_businesses_comprehensive_20251106_114856,,Smile Košice,"Quality dentist services in Košice, Slovakia. Professional and reliable business serving the local community.",,,https://www.smilekošice.com,info@smilekošice.com,+44-203-9808,378 Church Street,64143,,Košice,,SK,53.167523,-2.611602,,active,
eu_businesses_comprehensive_20251106_114856,,Koper Clinic,"Quality dentist services in Koper, Slovenia. Professional and reliable business serving the local community.",,,https://www.koperclinic.com,info@koperclinic.com,+83-945-4460,455 King Street,48028,,Koper,,SI,47.103542,-0.843473,,active,
eu_businesses_comprehensive_20251106_114856,,Västerås Clinic,"Quality dentist services in Västerås, Sweden. Professional and reliable business serving the local community.",,,https://www.västeråsclinic.com,info@västeråsclinic.com,+48-483-5296,109 King Street,99387,,Västerås,,SE,64.590173,29.897073,,active,
eu_businesses_comprehensive_20251106_114856,,Gadget Graz,"Quality electronics stores services in Graz, Austria. Professional and reliable business serving the local community.",,,https://www.gadgetgraz.com,info@gadgetgraz.com,+92-420-8036,240 Main Street,72621,,Graz,,AT,63.964204,9.728196,,active,
eu_businesses_comprehensive_20251106_114856,,Device Ruse,"Quality electronics stores services in Ruse, Bulgaria. Professional and reliable business serving the local community.",,,https://www.deviceruse.com,info@deviceruse.com,+73-809-2477,403 King Street,88237,,Ruse,,BG,54.48652,-0.573657,,active,
eu_businesses_comprehensive_20251106_114856,,Rijeka Digital,"Quality electronics stores services in Rijeka, Croatia. Professional and reliable business serving the local community.",,,https://www.rijekadigital.com,info@rijekadigital.com,+69-835-1481,236 Main Street,23377,,Rijeka,,HR,64.783497,6.685804,,active,
eu_businesses_comprehensive_20251106_114856,,Tech Paphos,"Quality electronics stores services in Paphos, Cyprus. Professional and reliable business serving the local community.",,,https://www.techpaphos.com,info@techpaphos.com,+75-426-1546,216 Queen Street,59491,,Paphos,,CY,38.044957,5.224329,,active,
eu_businesses_comprehensive_20251106_114856,,Brno Digital,"Quality electronics stores services in Brno, Czech Republic. Professional and reliable business serving the local community.",,,https://www.brnodigital.com,info@brnodigital.com,+50-107-9874,238 High Street,19514,,Brno,,CZ,45.096588,-7.328214,,active,
eu_businesses_comprehensive_20251106_114856,,Electronics Copenhagen,"Quality electronics stores services in Copenhagen, Denmark. Professional and reliable business serving the local community.",,,https://www.electronicscopenhagen.com,info@electronicscopenhagen.com,+66-595-7984,810 Queen Street,82733,,Copenhagen,,DK,63.029233,17.833798,,active,
eu_businesses_comprehensive_20251106_114856,,Narva Digital,"Quality electronics stores services in Narva, Estonia. Professional and reliable business serving the local community.",,,https://www.narvadigital.com,info@narvadigital.com,+39-393-9792,244 Queen Street,90563,,Narva,,EE,50.73499,9.614862,,active,
eu_businesses_comprehensive_20251106_114856,,Tech Oulu,"Quality electronics stores services in Oulu, Finland. Professional and reliable business serving the local community.",,,https://www.techoulu.com,info@techoulu.com,+60-791-3587,562 High Street,94363,,Oulu,,FI,35.312521,11.405279,,active,
eu_businesses_comprehensive_20251106_114856,,Gadget Thessaloniki,"Quality electronics stores services in Thessaloniki, Greece. Professional and reliable business serving the local community.",,,https://www.gadgetthessaloniki.com,info@gadgetthessaloniki.com,+72-409-1443,123 King Street,52355,,Thessaloniki,,GR,63.800112,-8.814173,,active,
eu_businesses_comprehensive_20251106_114856,,Tech Pécs,"Quality electronics stores services in Pécs, Hungary. Professional and reliable business serving the local community.",,,https://www.techpécs.com,info@techpécs.com,+52-701-6599,119 King Street,60649,,Pécs,,HU,59.155242,27.746122,,active,
eu_businesses_comprehensive_20251106_114856,,Gadget Limerick,"Quality electronics stores services in Limerick, Ireland. Professional and reliable business serving the local community.",,,https://www.gadgetlimerick.com,info@gadgetlimerick.com,+67-362-6619,537 Church Street,89357,,Limerick,,IE,51.559897,-6.763706,,active,
eu_businesses_comprehensive_20251106_114856,,Device Milan,"Quality electronics stores services in Milan, Italy. Professional and reliable business serving the local community.",,,https://www.devicemilan.com,info@devicemilan.com,+89-410-7894,210 Main Street,73916,,Milan,,IT,38.813352,-5.363854,,active,
eu_businesses_comprehensive_20251106_114856,,Device Jelgava,"Quality electronics stores services in Jelgava, Latvia. Professional and reliable business serving the local community.",,,https://www.devicejelgava.com,info@devicejelgava.com,+31-766-8694,201 High Street,54808,,Jelgava,,LV,55.803916,20.46919,,active,
eu_businesses_comprehensive_20251106_114856,,Tech Vilnius,"Quality electronics stores services in Vilnius, Lithuania. Professional and reliable business serving the local community.",,,https://www.techvilnius.com,info@techvilnius.com,+97-795-3126,545 High Street,71713,,Vilnius,,LT,51.336149,10.461046,,active,
eu_businesses_comprehensive_20251106_114856,,Tech Luxembourg City,"Quality electronics stores services in Luxembourg City, Luxembourg. Professional and reliable business serving the local community.",,,https://www.techluxembourgcity.com,info@techluxembourgcity.com,+78-385-5222,884 Main Street,16044,,Luxembourg City,,LU,58.793014,3.608857,,active,
eu_businesses_comprehensive_20251106_114856,,Gadget Sliema,"Quality electronics stores services in Sliema, Malta. Professional and reliable business serving the local community.",,,https://www.gadgetsliema.com,info@gadgetsliema.com,+37-511-9362,414 King Street,52106,,Sliema,,MT,44.562826,13.111195,,active,
eu_businesses_comprehensive_20251106_114856,,Poznań Digital,"Quality electronics stores services in Poznań, Poland. Professional and reliable business serving the local community.",,,https://www.poznańdigital.com,info@poznańdigital.com,+80-773-6871,728 King Street,47508,,Poznań,,PL,44.29053,4.922042,,active,
eu_businesses_comprehensive_20251106_114856,,Device Bucharest,"Quality electronics stores services in Bucharest, Romania. Professional and reliable business serving the local community.",,,https://www.devicebucharest.com,info@devicebucharest.com,+94-311-3348,828 Main Street,32809,,Bucharest,,RO,64.958674,15.596452,,active,
eu_businesses_comprehensive_20251106_114856,,Tech Žilina,"Quality electronics stores services in Žilina, Slovakia. Professional and reliable business serving the local community.",,,https://www.techžilina.com,info@techžilina.com,+45-485-1285,572 High Street,74610,,Žilina,,SK,50.101999,29.365623,,active,
eu_businesses_comprehensive_20251106_114856,,Electronics Velenje,"Quality electronics stores services in Velenje, Slovenia. Professional and reliable business serving the local community.",,,https://www.electronicsvelenje.com,info@electronicsvelenje.com,+61-986-1701,513 King Street,71513,,Velenje,,SI,43.3841,0.051836,,active,
eu_businesses_comprehensive_20251106_114856,,Tech Gothenburg,"Quality electronics stores services in Gothenburg, Sweden. Professional and reliable business serving the local community.",,,https://www.techgothenburg.com,info@techgothenburg.com,+32-898-1171,774 High Street,41720,,Gothenburg,,SE,48.402665,4.435623,,active,
eu_businesses_comprehensive_20251106_114856,,Entertainment Salzburg,"Quality entertainment & nightlife services in Salzburg, Austria. Professional and reliable business serving the local community.",,,https://www.entertainmentsalzburg.com,info@entertainmentsalzburg.com,+31-190-5254,950 Main Street,21176,,Salzburg,,AT,61.215489,-8.657187,,active,
eu_businesses_comprehensive_20251106_114856,,Show Plovdiv,"Quality entertainment & nightlife services in Plovdiv, Bulgaria. Professional and reliable business serving the local community.",,,https://www.showplovdiv.com,info@showplovdiv.com,+40-853-2655,701 King Street,53613,,Plovdiv,,BG,52.701254,-3.321738,,active,
eu_businesses_comprehensive_20251106_114856,,Zadar Night,"Quality entertainment & nightlife services in Zadar, Croatia. Professional and reliable business serving the local community.",,,https://www.zadarnight.com,info@zadarnight.com,+75-553-9284,597 High Street,48583,,Zadar,,HR,35.811953,11.357698,,active,
eu_businesses_comprehensive_20251106_114856,,Fun Larnaca,"Quality entertainment & nightlife services in Larnaca, Cyprus. Professional and reliable business serving the local community.",,,https://www.funlarnaca.com,info@funlarnaca.com,+60-515-9299,495 King Street,44886,,Larnaca,,CY,53.716771,16.376636,,active,
eu_businesses_comprehensive_20251106_114856,,Party Plzen,"Quality entertainment & nightlife services in Plzen, Czech Republic. Professional and reliable business serving the local community.",,,https://www.partyplzen.com,info@partyplzen.com,+97-147-3797,290 King Street,27792,,Plzen,,CZ,65.136959,14.968533,,active,
eu_businesses_comprehensive_20251106_114856,,Show Aarhus,"Quality entertainment & nightlife services in Aarhus, Denmark. Professional and reliable business serving the local community.",,,https://www.showaarhus.com,info@showaarhus.com,+83-334-4698,484 Church Street,19630,,Aarhus,,DK,44.771068,2.918163,,active,
eu_businesses_comprehensive_20251106_114856,,Show Tartu,"Quality entertainment & nightlife services in Tartu, Estonia. Professional and reliable business serving the local community.",,,https://www.showtartu.com,info@showtartu.com,+66-801-9175,265 Queen Street,96640,,Tartu,,EE,46.003948,9.733171,,active,
eu_businesses_comprehensive_20251106_114856,,Party Helsinki,"Quality entertainment & nightlife services in Helsinki, Finland. Professional and reliable business serving the local community.",,,https://www.partyhelsinki.com,info@partyhelsinki.com,+59-403-5505,268 Church Street,59547,,Helsinki,,FI,64.283197,13.323901,,active,
eu_businesses_comprehensive_20251106_114856,,Party Heraklion,"Quality entertainment & nightlife services in Heraklion, Greece. Professional and reliable business serving the local community.",,,https://www.partyheraklion.com,info@partyheraklion.com,+88-994-2783,162 High Street,47999,,Heraklion,,GR,49.001137,18.227327,,active,
eu_businesses_comprehensive_20251106_114856,,Budapest Night,"Quality entertainment & nightlife services in Budapest, Hungary. Professional and reliable business serving the local community.",,,https://www.budapestnight.com,info@budapestnight.com,+56-752-8221,78 Main Street,54180,,Budapest,,HU,40.046872,16.699469,,active,
eu_businesses_comprehensive_20251106_114856,,Cork Night,"Quality entertainment & nightlife services in Cork, Ireland. Professional and reliable business serving the local community.",,,https://www.corknight.com,info@corknight.com,+37-536-6513,161 Queen Street,22582,,Cork,,IE,53.700893,8.810494,,active,
eu_businesses_comprehensive_20251106_114856,,Entertainment Palermo,"Quality entertainment & nightlife services in Palermo, Italy. Professional and reliable business serving the local community.",,,https://www.entertainmentpalermo.com,info@entertainmentpalermo.com,+77-242-7518,717 King Street,70893,,Palermo,,IT,40.094817,-8.271527,,active,
eu_businesses_comprehensive_20251106_114856,,Show Daugavpils,"Quality entertainment & nightlife services in Daugavpils, Latvia. Professional and reliable business serving the local community.",,,https://www.showdaugavpils.com,info@showdaugavpils.com,+38-152-8299,127 King Street,76833,,Daugavpils,,LV,48.137374,-1.749227,,active,
eu_businesses_comprehensive_20251106_114856,,Fun Klaipėda,"Quality entertainment & nightlife services in Klaipėda, Lithuania. Professional and reliable business serving the local community.",,,https://www.funklaipėda.com,info@funklaipėda.com,+76-565-9505,21 King Street,88827,,Klaipėda,,LT,45.227145,-7.9177,,active,
eu_businesses_comprehensive_20251106_114856,,Show Esch-sur-Alzette,"Quality entertainment & nightlife services in Esch-sur-Alzette, Luxembourg. Professional and reliable business serving the local community.",,,https://www.showesch-sur-alzette.com,info@showesch-sur-alzette.com,+87-996-6727,821 King Street,73247,,Esch-sur-Alzette,,LU,46.214957,11.063533,,active,
eu_businesses_comprehensive_20251106_114856,,Show Sliema,"Quality entertainment & nightlife services in Sliema, Malta. Professional and reliable business serving the local community.",,,https://www.showsliema.com,info@showsliema.com,+61-357-2839,573 Church Street,46950,,Sliema,,MT,47.074996,22.986253,,active,
eu_businesses_comprehensive_20251106_114856,,Party Poznań,"Quality entertainment & nightlife services in Poznań, Poland. Professional and reliable business serving the local community.",,,https://www.partypoznań.com,info@partypoznań.com,+68-982-4904,507 Main Street,22810,,Poznań,,PL,66.380464,29.768968,,active,
eu_businesses_comprehensive_20251106_114856,,Party Timișoara,"Quality entertainment & nightlife services in Timișoara, Romania. Professional and reliable business serving the local community.",,,https://www.partytimișoara.com,info@partytimișoara.com,+68-208-5136,22 Main Street,15582,,Timișoara,,RO,49.279856,24.463997,,active,
eu_businesses_comprehensive_20251106_114856,,Fun Bratislava,"Quality entertainment & nightlife services in Bratislava, Slovakia. Professional and reliable business serving the local community.",,,https://www.funbratislava.com,info@funbratislava.com,+48-678-6353,605 Queen Street,32096,,Bratislava,,SK,57.776825,9.598002,,active,
eu_businesses_comprehensive_20251106_114856,,Show Kranj,"Quality entertainment & nightlife services in Kranj, Slovenia. Professional and reliable business serving the local community.",,,https://www.showkranj.com,info@showkranj.com,+82-596-5369,711 Main Street,10935,,Kranj,,SI,60.095682,22.863167,,active,
eu_businesses_comprehensive_20251106_114856,,Show Malmö,"Quality entertainment & nightlife services in Malmö, Sweden. Professional and reliable business serving the local community.",,,https://www.showmalmö.com,info@showmalmö.com,+74-222-7760,569 Main Street,59408,,Malmö,,SE,45.057872,12.77339,,active,
eu_businesses_comprehensive_20251106_114856,,Style Salzburg,"Quality fashion & clothing services in Salzburg, Austria. Professional and reliable business serving the local community.",,,https://www.stylesalzburg.com,info@stylesalzburg.com,+89-951-2182,813 King Street,89782,,Salzburg,,AT,66.703428,-2.86128,,active,
eu_businesses_comprehensive_20251106_114856,,Fashion Burgas,"Quality fashion & clothing services in Burgas, Bulgaria. Professional and reliable business serving the local community.",,,https://www.fashionburgas.com,info@fashionburgas.com,+45-503-7408,845 Church Street,47356,,Burgas,,BG,64.704682,-8.307246,,active,
eu_businesses_comprehensive_20251106_114856,,Mode Zagreb,"Quality fashion & clothing services in Zagreb, Croatia. Professional and reliable business serving the local community.",,,https://www.modezagreb.com,info@modezagreb.com,+48-800-3138,641 Queen Street,38216,,Zagreb,,HR,42.902905,4.510137,,active,
eu_businesses_comprehensive_20251106_114856,,Mode Larnaca,"Quality fashion & clothing services in Larnaca, Cyprus. Professional and reliable business serving the local community.",,,https://www.modelarnaca.com,info@modelarnaca.com,+99-763-3377,45 Main Street,60664,,Larnaca,,CY,47.083623,-1.661228,,active,
eu_businesses_comprehensive_20251106_114856,,Style Prague,"Quality fashion & clothing services in Prague, Czech Republic. Professional and reliable business serving the local community.",,,https://www.styleprague.com,info@styleprague.com,+70-987-3219,773 High Street,66788,,Prague,,CZ,43.556622,-0.379564,,active,
eu_businesses_comprehensive_20251106_114856,,Style Copenhagen,"Quality fashion & clothing services in Copenhagen, Denmark. Professional and reliable business serving the local community.",,,https://www.stylecopenhagen.com,info@stylecopenhagen.com,+60-542-3241,963 Queen Street,10952,,Copenhagen,,DK,42.689479,14.162738,,active,
eu_businesses_comprehensive_20251106_114856,,Fashion Kohtla-Järve,"Quality fashion & clothing services in Kohtla-Järve, Estonia. Professional and reliable business serving the local community.",,,https://www.fashionkohtla-järve.com,info@fashionkohtla-järve.com,+57-428-7033,767 King Street,55917,,Kohtla-Järve,,EE,51.489607,-6.751216,,active,
eu_businesses_comprehensive_20251106_114856,,Mode Vantaa,"Quality fashion & clothing services in Vantaa, Finland. Professional and reliable business serving the local community.",,,https://www.modevantaa.com,info@modevantaa.com,+30-730-5164,570 King Street,12816,,Vantaa,,FI,58.456048,21.757313,,active,
eu_businesses_comprehensive_20251106_114856,,Fashion Patras,"Quality fashion & clothing services in Patras, Greece. Professional and reliable business serving the local community.",,,https://www.fashionpatras.com,info@fashionpatras.com,+92-132-2712,9 High Street,44115,,Patras,,GR,66.3238,28.973287,,active,
eu_businesses_comprehensive_20251106_114856,,Style Szeged,"Quality fashion & clothing services in Szeged, Hungary. Professional and reliable business serving the local community.",,,https://www.styleszeged.com,info@styleszeged.com,+57-203-3789,743 Queen Street,24162,,Szeged,,HU,65.596941,2.484733,,active,
eu_businesses_comprehensive_20251106_114856,,Mode Waterford,"Quality fashion & clothing services in Waterford, Ireland. Professional and reliable business serving the local community.",,,https://www.modewaterford.com,info@modewaterford.com,+69-625-2697,549 Church Street,82305,,Waterford,,IE,36.616287,26.107473,,active,
eu_businesses_comprehensive_20251106_114856,,Chic Milan,"Quality fashion & clothing services in Milan, Italy. Professional and reliable business serving the local community.",,,https://www.chicmilan.com,info@chicmilan.com,+37-866-4112,29 Church Street,49688,,Milan,,IT,59.862527,16.679979,,active,
eu_businesses_comprehensive_20251106_114856,,Liepāja Boutique,"Quality fashion & clothing services in Liepāja, Latvia. Professional and reliable business serving the local community.",,,https://www.liepājaboutique.com,info@liepājaboutique.com,+63-726-2832,314 King Street,63878,,Liepāja,,LV,47.068104,18.725677,,active,
eu_businesses_comprehensive_20251106_114856,,Style Šiauliai,"Quality fashion & clothing services in Šiauliai, Lithuania. Professional and reliable business serving the local community.",,,https://www.stylešiauliai.com,info@stylešiauliai.com,+85-132-9259,369 Queen Street,25010,,Šiauliai,,LT,55.696895,8.312306,,active,
eu_businesses_comprehensive_20251106_114856,,Style Differdange,"Quality fashion & clothing services in Differdange, Luxembourg. Professional and reliable business serving the local community.",,,https://www.styledifferdange.com,info@styledifferdange.com,+74-687-2425,846 King Street,65307,,Differdange,,LU,62.00181,10.284891,,active,
eu_businesses_comprehensive_20251106_114856,,Mode St. Julian's,"Quality fashion & clothing services in St. Julian's, Malta. Professional and reliable business serving the local community.",,,https://www.modest.julian's.com,info@modest.julian's.com,+62-510-9072,865 High Street,56553,,St. Julian's,,MT,43.670196,12.686559,,active,
eu_businesses_comprehensive_20251106_114856,,Chic Poznań,"Quality fashion & clothing services in Poznań, Poland. Professional and reliable business serving the local community.",,,https://www.chicpoznań.com,info@chicpoznań.com,+99-852-4445,408 King Street,62026,,Poznań,,PL,56.467578,21.646597,,active,
eu_businesses_comprehensive_20251106_114856,,Fashion Iași,"Quality fashion & clothing services in Iași, Romania. Professional and reliable business serving the local community.",,,https://www.fashioniași.com,info@fashioniași.com,+69-561-8288,145 King Street,86500,,Iași,,RO,63.76539,19.000766,,active,
eu_businesses_comprehensive_20251106_114856,,Košice Boutique,"Quality fashion & clothing services in Košice, Slovakia. Professional and reliable business serving the local community.",,,https://www.košiceboutique.com,info@košiceboutique.com,+83-571-5703,490 Queen Street,97402,,Košice,,SK,68.594569,7.237815,,active,
eu_businesses_comprehensive_20251106_114856,,Fashion Kranj,"Quality fashion & clothing services in Kranj, Slovenia. Professional and reliable business serving the local community.",,,https://www.fashionkranj.com,info@fashionkranj.com,+30-910-5682,716 Church Street,10340,,Kranj,,SI,64.520015,22.00624,,active,
eu_businesses_comprehensive_20251106_114856,,Uppsala Boutique,"Quality fashion & clothing services in Uppsala, Sweden. Professional and reliable business serving the local community.",,,https://www.uppsalaboutique.com,info@uppsalaboutique.com,+75-852-1417,712 Main Street,92130,,Uppsala,,SE,63.117382,25.240495,,active,
eu_businesses_comprehensive_20251106_114856,,Express Vienna,"Quality fast food services in Vienna, Austria. Professional and reliable business serving the local community.",,,https://www.expressvienna.com,info@expressvienna.com,+57-455-6906,796 Queen Street,13969,,Vienna,,AT,50.125839,5.933935,,active,
eu_businesses_comprehensive_20251106_114856,,Speed Plovdiv,"Quality fast food services in Plovdiv, Bulgaria. Professional and reliable business serving the local community.",,,https://www.speedplovdiv.com,info@speedplovdiv.com,+37-438-7814,892 Main Street,99151,,Plovdiv,,BG,44.755749,23.970902,,active,
eu_businesses_comprehensive_20251106_114856,,Quick Split,"Quality fast food services in Split, Croatia. Professional and reliable business serving the local community.",,,https://www.quicksplit.com,info@quicksplit.com,+63-898-1605,861 High Street,97909,,Split,,HR,46.348686,20.933067,,active,
eu_businesses_comprehensive_20251106_114856,,Limassol Bite,"Quality fast food services in Limassol, Cyprus. Professional and reliable business serving the local community.",,,https://www.limassolbite.com,info@limassolbite.com,+98-992-5889,12 Main Street,30865,,Limassol,,CY,52.549525,21.840054,,active,
eu_businesses_comprehensive_20251106_114856,,Fast Brno,"Quality fast food services in Brno, Czech Republic. Professional and reliable business serving the local community.",,,https://www.fastbrno.com,info@fastbrno.com,+30-804-3549,738 Church Street,49476,,Brno,,CZ,66.487784,14.705655,,active,
eu_businesses_comprehensive_20251106_114856,,Fast Aalborg,"Quality fast food services in Aalborg, Denmark. Professional and reliable business serving the local community.",,,https://www.fastaalborg.com,info@fastaalborg.com,+54-773-7160,57 Church Street,25658,,Aalborg,,DK,37.636563,8.674157,,active,
eu_businesses_comprehensive_20251106_114856,,Fast Narva,"Quality fast food services in Narva, Estonia. Professional and reliable business serving the local community.",,,https://www.fastnarva.com,info@fastnarva.com,+45-955-3003,711 Church Street,22307,,Narva,,EE,39.32258,-6.751354,,active,
eu_businesses_comprehensive_20251106_114856,,Vantaa Bite,"Quality fast food services in Vantaa, Finland. Professional and reliable business serving the local community.",,,https://www.vantaabite.com,info@vantaabite.com,+66-482-8447,4 Queen Street,58600,,Vantaa,,FI,57.507727,5.345532,,active,
eu_businesses_comprehensive_20251106_114856,,Speed Thessaloniki,"Quality fast food services in Thessaloniki, Greece. Professional and reliable business serving the local community.",,,https://www.speedthessaloniki.com,info@speedthessaloniki.com,+95-947-9185,452 Queen Street,68381,,Thessaloniki,,GR,44.158941,24.719848,,active,
eu_businesses_comprehensive_20251106_114856,,Pécs Bite,"Quality fast food services in Pécs, Hungary. Professional and reliable business serving the local community.",,,https://www.pécsbite.com,info@pécsbite.com,+51-860-6467,521 High Street,51434,,Pécs,,HU,48.98397,29.172135,,active,
eu_businesses_comprehensive_20251106_114856,,Cork Bite,"Quality fast food services in Cork, Ireland. Professional and reliable business serving the local community.",,,https://www.corkbite.com,info@corkbite.com,+75-837-1509,732 Queen Street,77603,,Cork,,IE,55.921944,-6.309481,,active,
eu_businesses_comprehensive_20251106_114856,,Turin Bite,"Quality fast food services in Turin, Italy. Professional and reliable business serving the local community.",,,https://www.turinbite.com,info@turinbite.com,+97-330-1465,132 King Street,80998,,Turin,,IT,43.743094,29.456893,,active,
eu_businesses_comprehensive_20251106_114856,,Quick Liepāja,"Quality fast food services in Liepāja, Latvia. Professional and reliable business serving the local community.",,,https://www.quickliepāja.com,info@quickliepāja.com,+90-238-8592,244 King Street,53769,,Liepāja,,LV,36.900641,6.771969,,active,
eu_businesses_comprehensive_20251106_114856,,Quick Kaunas,"Quality fast food services in Kaunas, Lithuania. Professional and reliable business serving the local community.",,,https://www.quickkaunas.com,info@quickkaunas.com,+91-810-9812,54 Main Street,55898,,Kaunas,,LT,59.325143,-0.778895,,active,
eu_businesses_comprehensive_20251106_114856,,Fast Luxembourg City,"Quality fast food services in Luxembourg City, Luxembourg. Professional and reliable business serving the local community.",,,https://www.fastluxembourgcity.com,info@fastluxembourgcity.com,+45-224-9061,184 High Street,11568,,Luxembourg City,,LU,55.548863,-7.627545,,active,
eu_businesses_comprehensive_20251106_114856,,Fast Sliema,"Quality fast food services in Sliema, Malta. Professional and reliable business serving the local community.",,,https://www.fastsliema.com,info@fastsliema.com,+39-920-8908,568 Queen Street,90862,,Sliema,,MT,56.780849,9.198809,,active,
eu_businesses_comprehensive_20251106_114856,,Quick Warsaw,"Quality fast food services in Warsaw, Poland. Professional and reliable business serving the local community.",,,https://www.quickwarsaw.com,info@quickwarsaw.com,+44-140-7088,786 Main Street,65062,,Warsaw,,PL,64.591732,25.160245,,active,
eu_businesses_comprehensive_20251106_114856,,Fast Bucharest,"Quality fast food services in Bucharest, Romania. Professional and reliable business serving the local community.",,,https://www.fastbucharest.com,info@fastbucharest.com,+57-723-9163,706 Main Street,35334,,Bucharest,,RO,44.111935,17.262014,,active,
eu_businesses_comprehensive_20251106_114856,,Express Banská Bystrica,"Quality fast food services in Banská Bystrica, Slovakia. Professional and reliable business serving the local community.",,,https://www.expressbanskábystrica.com,info@expressbanskábystrica.com,+45-352-8874,422 High Street,16700,,Banská Bystrica,,SK,67.2048,-9.679081,,active,
eu_businesses_comprehensive_20251106_114856,,Speed Koper,"Quality fast food services in Koper, Slovenia. Professional and reliable business serving the local community.",,,https://www.speedkoper.com,info@speedkoper.com,+72-263-6679,51 King Street,60089,,Koper,,SI,63.038019,19.092958,,active,
eu_businesses_comprehensive_20251106_114856,,Express Västerås,"Quality fast food services in Västerås, Sweden. Professional and reliable business serving the local community.",,,https://www.expressvästerås.com,info@expressvästerås.com,+73-570-7184,114 High Street,69690,,Västerås,,SE,46.880503,4.703916,,active,
eu_businesses_comprehensive_20251106_114856,,Fit Vienna,"Quality fitness & sports services in Vienna, Austria. Professional and reliable business serving the local community.",,,https://www.fitvienna.com,info@fitvienna.com,+85-776-5815,569 High Street,34204,,Vienna,,AT,42.099229,-9.008855,,active,
eu_businesses_comprehensive_20251106_114856,,Fitness Ruse,"Quality fitness & sports services in Ruse, Bulgaria. Professional and reliable business serving the local community.",,,https://www.fitnessruse.com,info@fitnessruse.com,+84-359-3072,526 High Street,19323,,Ruse,,BG,64.123503,4.311518,,active,
eu_businesses_comprehensive_20251106_114856,,Rijeka Sports,"Quality fitness & sports services in Rijeka, Croatia. Professional and reliable business serving the local community.",,,https://www.rijekasports.com,info@rijekasports.com,+85-165-5916,5 Church Street,71683,,Rijeka,,HR,64.188687,-4.166832,,active,
eu_businesses_comprehensive_20251106_114856,,Active Paphos,"Quality fitness & sports services in Paphos, Cyprus. Professional and reliable business serving the local community.",,,https://www.activepaphos.com,info@activepaphos.com,+94-860-8245,801 Queen Street,40093,,Paphos,,CY,69.682235,-6.15962,,active,
eu_businesses_comprehensive_20251106_114856,,Gym Brno,"Quality fitness & sports services in Brno, Czech Republic. Professional and reliable business serving the local community.",,,https://www.gymbrno.com,info@gymbrno.com,+54-454-4828,931 Church Street,64979,,Brno,,CZ,35.772605,-6.708946,,active,
eu_businesses_comprehensive_20251106_114856,,Fit Aalborg,"Quality fitness & sports services in Aalborg, Denmark. Professional and reliable business serving the local community.",,,https://www.fitaalborg.com,info@fitaalborg.com,+46-452-1131,968 Church Street,79264,,Aalborg,,DK,36.426934,-9.462506,,active,
eu_businesses_comprehensive_20251106_114856,,Tartu Sports,"Quality fitness & sports services in Tartu, Estonia. Professional and reliable business serving the local community.",,,https://www.tartusports.com,info@tartusports.com,+40-166-8888,682 King Street,20957,,Tartu,,EE,58.536203,11.964185,,active,
eu_businesses_comprehensive_20251106_114856,,Espoo Sports,"Quality fitness & sports services in Espoo, Finland. Professional and reliable business serving the local community.",,,https://www.espoosports.com,info@espoosports.com,+75-130-7443,755 King Street,25545,,Espoo,,FI,59.078088,-6.576508,,active,
eu_businesses_comprehensive_20251106_114856,,Fit Athens,"Quality fitness & sports services in Athens, Greece. Professional and reliable business serving the local community.",,,https://www.fitathens.com,info@fitathens.com,+34-576-6993,960 Church Street,56493,,Athens,,GR,40.566846,15.074044,,active,
eu_businesses_comprehensive_20251106_114856,,Active Szeged,"Quality fitness & sports services in Szeged, Hungary. Professional and reliable business serving the local community.",,,https://www.activeszeged.com,info@activeszeged.com,+44-716-6900,401 Main Street,44323,,Szeged,,HU,36.317624,20.651628,,active,
eu_businesses_comprehensive_20251106_114856,,Active Waterford,"Quality fitness & sports services in Waterford, Ireland. Professional and reliable business serving the local community.",,,https://www.activewaterford.com,info@activewaterford.com,+33-238-5955,939 King Street,98475,,Waterford,,IE,65.348352,25.474889,,active,
eu_businesses_comprehensive_20251106_114856,,Fit Palermo,"Quality fitness & sports services in Palermo, Italy. Professional and reliable business serving the local community.",,,https://www.fitpalermo.com,info@fitpalermo.com,+47-773-2343,517 High Street,53203,,Palermo,,IT,42.066099,-9.737449,,active,
eu_businesses_comprehensive_20251106_114856,,Gym Jelgava,"Quality fitness & sports services in Jelgava, Latvia. Professional and reliable business serving the local community.",,,https://www.gymjelgava.com,info@gymjelgava.com,+95-548-8965,724 King Street,12858,,Jelgava,,LV,53.003225,13.411963,,active,
eu_businesses_comprehensive_20251106_114856,,Active Šiauliai,"Quality fitness & sports services in Šiauliai, Lithuania. Professional and reliable business serving the local community.",,,https://www.activešiauliai.com,info@activešiauliai.com,+53-287-1140,520 Church Street,97308,,Šiauliai,,LT,52.04497,21.266574,,active,
eu_businesses_comprehensive_20251106_114856,,Fitness Dudelange,"Quality fitness & sports services in Dudelange, Luxembourg. Professional and reliable business serving the local community.",,,https://www.fitnessdudelange.com,info@fitnessdudelange.com,+87-305-6063,937 King Street,19252,,Dudelange,,LU,51.695756,22.237431,,active,
eu_businesses_comprehensive_20251106_114856,,Fit Birkirkara,"Quality fitness & sports services in Birkirkara, Malta. Professional and reliable business serving the local community.",,,https://www.fitbirkirkara.com,info@fitbirkirkara.com,+52-893-8637,199 Queen Street,76979,,Birkirkara,,MT,46.68154,-5.062884,,active,
eu_businesses_comprehensive_20251106_114856,,Poznań Sports,"Quality fitness & sports services in Poznań, Poland. Professional and reliable business serving the local community.",,,https://www.poznańsports.com,info@poznańsports.com,+50-235-4926,789 Queen Street,46155,,Poznań,,PL,38.509407,4.611281,,active,
eu_businesses_comprehensive_20251106_114856,,Active Bucharest,"Quality fitness & sports services in Bucharest, Romania. Professional and reliable business serving the local community.",,,https://www.activebucharest.com,info@activebucharest.com,+83-802-7385,807 Main Street,42466,,Bucharest,,RO,58.534583,-7.21209,,active,
eu_businesses_comprehensive_20251106_114856,,Košice Sports,"Quality fitness & sports services in Košice, Slovakia. Professional and reliable business serving the local community.",,,https://www.košicesports.com,info@košicesports.com,+42-436-8471,395 Main Street,95423,,Košice,,SK,41.175348,6.785951,,active,
eu_businesses_comprehensive_20251106_114856,,Fit Koper,"Quality fitness & sports services in Koper, Slovenia. Professional and reliable business serving the local community.",,,https://www.fitkoper.com,info@fitkoper.com,+52-726-1804,538 King Street,25380,,Koper,,SI,40.535225,7.595602,,active,
eu_businesses_comprehensive_20251106_114856,,Malmö Sports,"Quality fitness & sports services in Malmö, Sweden. Professional and reliable business serving the local community.",,,https://www.malmösports.com,info@malmösports.com,+91-862-6285,978 King Street,50833,,Malmö,,SE,67.566571,-1.525704,,active,
eu_businesses_comprehensive_20251106_114856,,Dish Salzburg,"Quality food & beverages services in Salzburg, Austria. Professional and reliable business serving the local community.",,,https://www.dishsalzburg.com,info@dishsalzburg.com,+63-852-4422,110 High Street,62133,,Salzburg,,AT,63.119408,16.44287,,active,
eu_businesses_comprehensive_20251106_114856,,Taste Plovdiv,"Quality food & beverages services in Plovdiv, Bulgaria. Professional and reliable business serving the local community.",,,https://www.tasteplovdiv.com,info@tasteplovdiv.com,+33-760-4142,829 High Street,69217,,Plovdiv,,BG,60.97317,7.077297,,active,
eu_businesses_comprehensive_20251106_114856,,Rijeka Kitchen,"Quality food & beverages services in Rijeka, Croatia. Professional and reliable business serving the local community.",,,https://www.rijekakitchen.com,info@rijekakitchen.com,+64-180-4992,989 King Street,79314,,Rijeka,,HR,69.38015,-0.067296,,active,
eu_businesses_comprehensive_20251106_114856,,Paphos Kitchen,"Quality food & beverages services in Paphos, Cyprus. Professional and reliable business serving the local community.",,,https://www.paphoskitchen.com,info@paphoskitchen.com,+84-392-6987,19 High Street,18037,,Paphos,,CY,56.69014,-5.664723,,active,
eu_businesses_comprehensive_20251106_114856,,Prague Kitchen,"Quality food & beverages services in Prague, Czech Republic. Professional and reliable business serving the local community.",,,https://www.praguekitchen.com,info@praguekitchen.com,+45-552-7143,925 Church Street,65617,,Prague,,CZ,59.159853,22.594547,,active,
eu_businesses_comprehensive_20251106_114856,,Taste Odense,"Quality food & beverages services in Odense, Denmark. Professional and reliable business serving the local community.",,,https://www.tasteodense.com,info@tasteodense.com,+79-465-7503,99 High Street,96683,,Odense,,DK,63.979894,11.825263,,active,
eu_businesses_comprehensive_20251106_114856,,Flavor Kohtla-Järve,"Quality food & beverages services in Kohtla-Järve, Estonia. Professional and reliable business serving the local community.",,,https://www.flavorkohtla-järve.com,info@flavorkohtla-järve.com,+98-299-7809,962 High Street,18006,,Kohtla-Järve,,EE,60.147104,22.505595,,active,
eu_businesses_comprehensive_20251106_114856,,Food Oulu,"Quality food & beverages services in Oulu, Finland. Professional and reliable business serving the local community.",,,https://www.foodoulu.com,info@foodoulu.com,+72-941-4394,563 High Street,85418,,Oulu,,FI,63.22005,15.170886,,active,
eu_businesses_comprehensive_20251106_114856,,Patras Kitchen,"Quality food & beverages services in Patras, Greece. Professional and reliable business serving the local community.",,,https://www.patraskitchen.com,info@patraskitchen.com,+43-936-9910,933 Queen Street,37808,,Patras,,GR,41.354443,21.420952,,active,
eu_businesses_comprehensive_20251106_114856,,Food Miskolc,"Quality food & beverages services in Miskolc, Hungary. Professional and reliable business serving the local community.",,,https://www.foodmiskolc.com,info@foodmiskolc.com,+52-188-3690,970 Queen Street,66134,,Miskolc,,HU,53.829929,-2.542269,,active,
eu_businesses_comprehensive_20251106_114856,,Food Waterford,"Quality food & beverages services in Waterford, Ireland. Professional and reliable business serving the local community.",,,https://www.foodwaterford.com,info@foodwaterford.com,+78-824-8468,677 Church Street,70731,,Waterford,,IE,58.587292,-7.012055,,active,
eu_businesses_comprehensive_20251106_114856,,Flavor Naples,"Quality food & beverages services in Naples, Italy. Professional and reliable business serving the local community.",,,https://www.flavornaples.com,info@flavornaples.com,+30-845-3064,2 King Street,18289,,Naples,,IT,67.069281,-6.939393,,active,
eu_businesses_comprehensive_20251106_114856,,Dish Daugavpils,"Quality food & beverages services in Daugavpils, Latvia. Professional and reliable business serving the local community.",,,https://www.dishdaugavpils.com,info@dishdaugavpils.com,+72-523-4385,108 Queen Street,15337,,Daugavpils,,LV,67.896948,-5.145747,,active,
eu_businesses_comprehensive_20251106_114856,,Taste Kaunas,"Quality food & beverages services in Kaunas, Lithuania. Professional and reliable business serving the local community.",,,https://www.tastekaunas.com,info@tastekaunas.com,+78-797-4007,236 Church Street,21737,,Kaunas,,LT,57.148816,-3.014555,,active,
eu_businesses_comprehensive_20251106_114856,,Taste Esch-sur-Alzette,"Quality food & beverages services in Esch-sur-Alzette, Luxembourg. Professional and reliable business serving the local community.",,,https://www.tasteesch-sur-alzette.com,info@tasteesch-sur-alzette.com,+84-266-7657,551 Main Street,28897,,Esch-sur-Alzette,,LU,43.576499,18.328556,,active,
eu_businesses_comprehensive_20251106_114856,,Flavor St. Julian's,"Quality food & beverages services in St. Julian's, Malta. Professional and reliable business serving the local community.",,,https://www.flavorst.julian's.com,info@flavorst.julian's.com,+44-627-7440,81 Main Street,58631,,St. Julian's,,MT,38.944254,13.693075,,active,
eu_businesses_comprehensive_20251106_114856,,Flavor Warsaw,"Quality food & beverages services in Warsaw, Poland. Professional and reliable business serving the local community.",,,https://www.flavorwarsaw.com,info@flavorwarsaw.com,+43-981-2229,190 Main Street,95695,,Warsaw,,PL,62.866892,11.218261,,active,
eu_businesses_comprehensive_20251106_114856,,Food Iași,"Quality food & beverages services in Iași, Romania. Professional and reliable business serving the local community.",,,https://www.foodiași.com,info@foodiași.com,+96-526-8517,926 King Street,82898,,Iași,,RO,64.746704,-8.173754,,active,
eu_businesses_comprehensive_20251106_114856,,Dish Banská Bystrica,"Quality food & beverages services in Banská Bystrica, Slovakia. Professional and reliable business serving the local community.",,,https://www.dishbanskábystrica.com,info@dishbanskábystrica.com,+96-286-3211,347 Main Street,28115,,Banská Bystrica,,SK,67.982452,-4.986706,,active,
eu_businesses_comprehensive_20251106_114856,,Dish Ljubljana,"Quality food & beverages services in Ljubljana, Slovenia. Professional and reliable business serving the local community.",,,https://www.dishljubljana.com,info@dishljubljana.com,+51-504-7293,248 Main Street,14653,,Ljubljana,,SI,45.428184,9.199244,,active,
eu_businesses_comprehensive_20251106_114856,,Dish Uppsala,"Quality food & beverages services in Uppsala, Sweden. Professional and reliable business serving the local community.",,,https://www.dishuppsala.com,info@dishuppsala.com,+97-509-4141,585 Main Street,83246,,Uppsala,,SE,60.324194,15.379539,,active,
eu_businesses_comprehensive_20251106_114856,,Bon Linz,"Quality french restaurants services in Linz, Austria. Professional and reliable business serving the local community.",,,https://www.bonlinz.com,info@bonlinz.com,+45-671-6827,11 King Street,40117,,Linz,,AT,45.191493,-2.908545,,active,
eu_businesses_comprehensive_20251106_114856,,Bistro Varna,"Quality french restaurants services in Varna, Bulgaria. Professional and reliable business serving the local community.",,,https://www.bistrovarna.com,info@bistrovarna.com,+58-908-3522,930 King Street,43039,,Varna,,BG,67.814014,24.466665,,active,
eu_businesses_comprehensive_20251106_114856,,Bon Split,"Quality french restaurants services in Split, Croatia. Professional and reliable business serving the local community.",,,https://www.bonsplit.com,info@bonsplit.com,+84-726-4944,136 Main Street,39253,,Split,,HR,38.298982,23.574545,,active,
eu_businesses_comprehensive_20251106_114856,,Bistro Larnaca,"Quality french restaurants services in Larnaca, Cyprus. Professional and reliable business serving the local community.",,,https://www.bistrolarnaca.com,info@bistrolarnaca.com,+34-413-1963,480 Main Street,61267,,Larnaca,,CY,36.342415,-7.168118,,active,
eu_businesses_comprehensive_20251106_114856,,Bon Ostrava,"Quality french restaurants services in Ostrava, Czech Republic. Professional and reliable business serving the local community.",,,https://www.bonostrava.com,info@bonostrava.com,+88-487-8521,448 High Street,62914,,Ostrava,,CZ,42.089833,23.680671,,active,
eu_businesses_comprehensive_20251106_114856,,French Copenhagen,"Quality french restaurants services in Copenhagen, Denmark. Professional and reliable business serving the local community.",,,https://www.frenchcopenhagen.com,info@frenchcopenhagen.com,+78-668-8519,974 King Street,51467,,Copenhagen,,DK,53.723648,12.011206,,active,
eu_businesses_comprehensive_20251106_114856,,Paris Tartu,"Quality french restaurants services in Tartu, Estonia. Professional and reliable business serving the local community.",,,https://www.paristartu.com,info@paristartu.com,+83-458-8392,856 Queen Street,41560,,Tartu,,EE,36.723262,-9.316149,,active,
eu_businesses_comprehensive_20251106_114856,,Bistro Espoo,"Quality french restaurants services in Espoo, Finland. Professional and reliable business serving the local community.",,,https://www.bistroespoo.com,info@bistroespoo.com,+83-227-2006,5 Queen Street,17835,,Espoo,,FI,45.00935,4.597873,,active,
eu_businesses_comprehensive_20251106_114856,,Bon Thessaloniki,"Quality french restaurants services in Thessaloniki, Greece. Professional and reliable business serving the local community.",,,https://www.bonthessaloniki.com,info@bonthessaloniki.com,+69-353-8057,403 High Street,64687,,Thessaloniki,,GR,57.9868,11.459863,,active,
eu_businesses_comprehensive_20251106_114856,,French Budapest,"Quality french restaurants services in Budapest, Hungary. Professional and reliable business serving the local community.",,,https://www.frenchbudapest.com,info@frenchbudapest.com,+93-845-9819,892 King Street,30015,,Budapest,,HU,54.604727,8.623535,,active,
eu_businesses_comprehensive_20251106_114856,,French Limerick,"Quality french restaurants services in Limerick, Ireland. Professional and reliable business serving the local community.",,,https://www.frenchlimerick.com,info@frenchlimerick.com,+62-678-2171,248 Queen Street,18778,,Limerick,,IE,41.497125,25.292291,,active,
eu_businesses_comprehensive_20251106_114856,,Bon Palermo,"Quality french restaurants services in Palermo, Italy. Professional and reliable business serving the local community.",,,https://www.bonpalermo.com,info@bonpalermo.com,+48-821-7422,102 King Street,20826,,Palermo,,IT,35.108996,13.427471,,active,
eu_businesses_comprehensive_20251106_114856,,Paris Riga,"Quality french restaurants services in Riga, Latvia. Professional and reliable business serving the local community.",,,https://www.parisriga.com,info@parisriga.com,+55-826-3836,141 Church Street,45148,,Riga,,LV,62.405323,12.073376,,active,
eu_businesses_comprehensive_20251106_114856,,French Vilnius,"Quality french restaurants services in Vilnius, Lithuania. Professional and reliable business serving the local community.",,,https://www.frenchvilnius.com,info@frenchvilnius.com,+97-723-5962,198 Queen Street,90256,,Vilnius,,LT,62.948584,-5.14968,,active,
eu_businesses_comprehensive_20251106_114856,,Paris Luxembourg City,"Quality french restaurants services in Luxembourg City, Luxembourg. Professional and reliable business serving the local community.",,,https://www.parisluxembourgcity.com,info@parisluxembourgcity.com,+94-214-5121,528 Queen Street,76822,,Luxembourg City,,LU,48.631457,23.798391,,active,
eu_businesses_comprehensive_20251106_114856,,Bon St. Julian's,"Quality french restaurants services in St. Julian's, Malta. Professional and reliable business serving the local community.",,,https://www.bonst.julian's.com,info@bonst.julian's.com,+51-991-6748,772 Queen Street,95511,,St. Julian's,,MT,55.488223,-4.921704,,active,
eu_businesses_comprehensive_20251106_114856,,Bistro Łódź,"Quality french restaurants services in Łódź, Poland. Professional and reliable business serving the local community.",,,https://www.bistrołódź.com,info@bistrołódź.com,+74-179-5525,706 High Street,29117,,Łódź,,PL,65.228501,0.364405,,active,
eu_businesses_comprehensive_20251106_114856,,Iași Cuisine,"Quality french restaurants services in Iași, Romania. Professional and reliable business serving the local community.",,,https://www.iașicuisine.com,info@iașicuisine.com,+57-850-2792,980 Church Street,50207,,Iași,,RO,36.485546,8.392127,,active,
eu_businesses_comprehensive_20251106_114856,,Bon Banská Bystrica,"Quality french restaurants services in Banská Bystrica, Slovakia. Professional and reliable business serving the local community.",,,https://www.bonbanskábystrica.com,info@bonbanskábystrica.com,+37-345-7625,682 Church Street,13050,,Banská Bystrica,,SK,56.055766,16.132519,,active,
eu_businesses_comprehensive_20251106_114856,,Paris Ljubljana,"Quality french restaurants services in Ljubljana, Slovenia. Professional and reliable business serving the local community.",,,https://www.parisljubljana.com,info@parisljubljana.com,+48-232-4230,551 Church Street,95229,,Ljubljana,,SI,68.04607,11.513112,,active,
eu_businesses_comprehensive_20251106_114856,,Paris Västerås,"Quality french restaurants services in Västerås, Sweden. Professional and reliable business serving the local community.",,,https://www.parisvästerås.com,info@parisvästerås.com,+52-469-6001,551 Church Street,72515,,Västerås,,SE,60.925709,18.143829,,active,
eu_businesses_comprehensive_20251106_114856,,Bloom Vienna,"Quality garden center services in Vienna, Austria. Professional and reliable business serving the local community.",,,https://www.bloomvienna.com,info@bloomvienna.com,+53-438-9788,416 Main Street,84515,,Vienna,,AT,46.421167,10.147382,,active,
eu_businesses_comprehensive_20251106_114856,,Bloom Varna,"Quality garden center services in Varna, Bulgaria. Professional and reliable business serving the local community.",,,https://www.bloomvarna.com,info@bloomvarna.com,+90-843-1443,959 High Street,62944,,Varna,,BG,35.18739,7.729622,,active,
eu_businesses_comprehensive_20251106_114856,,Garden Rijeka,"Quality garden center services in Rijeka, Croatia. Professional and reliable business serving the local community.",,,https://www.gardenrijeka.com,info@gardenrijeka.com,+72-211-1117,196 Church Street,78011,,Rijeka,,HR,48.345755,-1.607502,,active,
eu_businesses_comprehensive_20251106_114856,,Larnaca Green,"Quality garden center services in Larnaca, Cyprus. Professional and reliable business serving the local community.",,,https://www.larnacagreen.com,info@larnacagreen.com,+71-931-9315,726 High Street,46713,,Larnaca,,CY,38.269139,-1.159897,,active,
eu_businesses_comprehensive_20251106_114856,,Garden Brno,"Quality garden center services in Brno, Czech Republic. Professional and reliable business serving the local community.",,,https://www.gardenbrno.com,info@gardenbrno.com,+70-774-3897,396 High Street,94968,,Brno,,CZ,42.225,25.119948,,active,
eu_businesses_comprehensive_20251106_114856,,Plants Aalborg,"Quality garden center services in Aalborg, Denmark. Professional and reliable business serving the local community.",,,https://www.plantsaalborg.com,info@plantsaalborg.com,+97-616-4408,329 Queen Street,62982,,Aalborg,,DK,59.309,-7.61552,,active,
eu_businesses_comprehensive_20251106_114856,,Bloom Tallinn,"Quality garden center services in Tallinn, Estonia. Professional and reliable business serving the local community.",,,https://www.bloomtallinn.com,info@bloomtallinn.com,+62-329-3058,224 High Street,40842,,Tallinn,,EE,59.161827,10.758109,,active,
eu_businesses_comprehensive_20251106_114856,,Garden Tampere,"Quality garden center services in Tampere, Finland. Professional and reliable business serving the local community.",,,https://www.gardentampere.com,info@gardentampere.com,+46-405-7361,311 Queen Street,30494,,Tampere,,FI,51.913242,-3.555882,,active,
eu_businesses_comprehensive_20251106_114856,,Plants Larissa,"Quality garden center services in Larissa, Greece. Professional and reliable business serving the local community.",,,https://www.plantslarissa.com,info@plantslarissa.com,+40-298-4912,99 King Street,13416,,Larissa,,GR,42.808399,9.769678,,active,
eu_businesses_comprehensive_20251106_114856,,Flora Miskolc,"Quality garden center services in Miskolc, Hungary. Professional and reliable business serving the local community.",,,https://www.floramiskolc.com,info@floramiskolc.com,+81-513-6252,561 Church Street,99605,,Miskolc,,HU,45.085439,1.397848,,active,
eu_businesses_comprehensive_20251106_114856,,Plants Cork,"Quality garden center services in Cork, Ireland. Professional and reliable business serving the local community.",,,https://www.plantscork.com,info@plantscork.com,+59-725-7324,158 Church Street,36779,,Cork,,IE,69.676433,9.814923,,active,
eu_businesses_comprehensive_20251106_114856,,Turin Green,"Quality garden center services in Turin, Italy. Professional and reliable business serving the local community.",,,https://www.turingreen.com,info@turingreen.com,+66-949-8277,434 Queen Street,27662,,Turin,,IT,56.29747,21.780073,,active,
eu_businesses_comprehensive_20251106_114856,,Garden Jūrmala,"Quality garden center services in Jūrmala, Latvia. Professional and reliable business serving the local community.",,,https://www.gardenjūrmala.com,info@gardenjūrmala.com,+61-848-3715,46 Main Street,37058,,Jūrmala,,LV,52.094497,15.141667,,active,
eu_businesses_comprehensive_20251106_114856,,Bloom Klaipėda,"Quality garden center services in Klaipėda, Lithuania. Professional and reliable business serving the local community.",,,https://www.bloomklaipėda.com,info@bloomklaipėda.com,+35-531-7473,987 King Street,57075,,Klaipėda,,LT,55.305301,-6.4758,,active,
eu_businesses_comprehensive_20251106_114856,,Bloom Esch-sur-Alzette,"Quality garden center services in Esch-sur-Alzette, Luxembourg. Professional and reliable business serving the local community.",,,https://www.bloomesch-sur-alzette.com,info@bloomesch-sur-alzette.com,+73-962-3741,415 Main Street,77110,,Esch-sur-Alzette,,LU,62.718756,8.733986,,active,
eu_businesses_comprehensive_20251106_114856,,Bloom Valletta,"Quality garden center services in Valletta, Malta. Professional and reliable business serving the local community.",,,https://www.bloomvalletta.com,info@bloomvalletta.com,+45-461-8829,269 King Street,56773,,Valletta,,MT,55.257237,23.419041,,active,
eu_businesses_comprehensive_20251106_114856,,Plants Poznań,"Quality garden center services in Poznań, Poland. Professional and reliable business serving the local community.",,,https://www.plantspoznań.com,info@plantspoznań.com,+48-505-2099,131 Church Street,33215,,Poznań,,PL,58.411174,-3.43298,,active,
eu_businesses_comprehensive_20251106_114856,,Plants Bucharest,"Quality garden center services in Bucharest, Romania. Professional and reliable business serving the local community.",,,https://www.plantsbucharest.com,info@plantsbucharest.com,+55-776-7449,209 High Street,96988,,Bucharest,,RO,60.941111,-2.714443,,active,
eu_businesses_comprehensive_20251106_114856,,Bratislava Green,"Quality garden center services in Bratislava, Slovakia. Professional and reliable business serving the local community.",,,https://www.bratislavagreen.com,info@bratislavagreen.com,+42-878-1124,802 Queen Street,70850,,Bratislava,,SK,37.412976,13.791675,,active,
eu_businesses_comprehensive_20251106_114856,,Garden Koper,"Quality garden center services in Koper, Slovenia. Professional and reliable business serving the local community.",,,https://www.gardenkoper.com,info@gardenkoper.com,+36-358-8163,493 Queen Street,91969,,Koper,,SI,57.181503,22.772368,,active,
eu_businesses_comprehensive_20251106_114856,,Flora Västerås,"Quality garden center services in Västerås, Sweden. Professional and reliable business serving the local community.",,,https://www.floravästerås.com,info@floravästerås.com,+95-937-9035,444 Main Street,79185,,Västerås,,SE,57.696191,11.689506,,active,
eu_businesses_comprehensive_20251106_114856,,Energy Vienna,"Quality gas stations services in Vienna, Austria. Professional and reliable business serving the local community.",,,https://www.energyvienna.com,info@energyvienna.com,+51-528-8098,466 High Street,30058,,Vienna,,AT,67.849377,-2.688996,,active,
eu_businesses_comprehensive_20251106_114856,,Petrol Burgas,"Quality gas stations services in Burgas, Bulgaria. Professional and reliable business serving the local community.",,,https://www.petrolburgas.com,info@petrolburgas.com,+83-226-8754,432 King Street,34037,,Burgas,,BG,48.090814,11.752699,,active,
eu_businesses_comprehensive_20251106_114856,,Energy Split,"Quality gas stations services in Split, Croatia. Professional and reliable business serving the local community.",,,https://www.energysplit.com,info@energysplit.com,+89-914-6806,468 High Street,13485,,Split,,HR,51.70977,2.927373,,active,
eu_businesses_comprehensive_20251106_114856,,Larnaca Station,"Quality gas stations services in Larnaca, Cyprus. Professional and reliable business serving the local community.",,,https://www.larnacastation.com,info@larnacastation.com,+49-825-9518,722 King Street,58447,,Larnaca,,CY,57.842311,6.404427,,active,
eu_businesses_comprehensive_20251106_114856,,Gas Brno,"Quality gas stations services in Brno, Czech Republic. Professional and reliable business serving the local community.",,,https://www.gasbrno.com,info@gasbrno.com,+72-870-1961,963 High Street,75268,,Brno,,CZ,38.801861,-6.201104,,active,
eu_businesses_comprehensive_20251106_114856,,Odense Station,"Quality gas stations services in Odense, Denmark. Professional and reliable business serving the local community.",,,https://www.odensestation.com,info@odensestation.com,+48-661-9000,51 Queen Street,16506,,Odense,,DK,42.470472,12.231613,,active,
eu_businesses_comprehensive_20251106_114856,,Energy Narva,"Quality gas stations services in Narva, Estonia. Professional and reliable business serving the local community.",,,https://www.energynarva.com,info@energynarva.com,+92-579-5053,192 Main Street,41197,,Narva,,EE,45.113939,28.930065,,active,
eu_businesses_comprehensive_20251106_114856,,Petrol Espoo,"Quality gas stations services in Espoo, Finland. Professional and reliable business serving the local community.",,,https://www.petrolespoo.com,info@petrolespoo.com,+74-220-3319,219 King Street,90767,,Espoo,,FI,53.19287,28.79014,,active,
eu_businesses_comprehensive_20251106_114856,,Energy Thessaloniki,"Quality gas stations services in Thessaloniki, Greece. Professional and reliable business serving the local community.",,,https://www.energythessaloniki.com,info@energythessaloniki.com,+43-622-8711,207 Main Street,38439,,Thessaloniki,,GR,48.986046,0.215974,,active,
eu_businesses_comprehensive_20251106_114856,,Fuel Szeged,"Quality gas stations services in Szeged, Hungary. Professional and reliable business serving the local community.",,,https://www.fuelszeged.com,info@fuelszeged.com,+34-812-4509,538 High Street,42620,,Szeged,,HU,56.261971,23.933659,,active,
eu_businesses_comprehensive_20251106_114856,,Energy Cork,"Quality gas stations services in Cork, Ireland. Professional and reliable business serving the local community.",,,https://www.energycork.com,info@energycork.com,+87-274-7759,668 Church Street,73751,,Cork,,IE,44.36528,23.52532,,active,
eu_businesses_comprehensive_20251106_114856,,Fuel Turin,"Quality gas stations services in Turin, Italy. Professional and reliable business serving the local community.",,,https://www.fuelturin.com,info@fuelturin.com,+44-832-5558,952 King Street,68854,,Turin,,IT,57.003047,14.16077,,active,
eu_businesses_comprehensive_20251106_114856,,Fuel Jelgava,"Quality gas stations services in Jelgava, Latvia. Professional and reliable business serving the local community.",,,https://www.fueljelgava.com,info@fueljelgava.com,+61-547-7613,138 Church Street,35460,,Jelgava,,LV,65.520787,0.235303,,active,
eu_businesses_comprehensive_20251106_114856,,Fuel Šiauliai,"Quality gas stations services in Šiauliai, Lithuania. Professional and reliable business serving the local community.",,,https://www.fuelšiauliai.com,info@fuelšiauliai.com,+38-543-3334,728 King Street,29469,,Šiauliai,,LT,51.943893,28.748513,,active,
eu_businesses_comprehensive_20251106_114856,,Petrol Differdange,"Quality gas stations services in Differdange, Luxembourg. Professional and reliable business serving the local community.",,,https://www.petroldifferdange.com,info@petroldifferdange.com,+62-451-4656,305 Church Street,14088,,Differdange,,LU,64.823676,10.567086,,active,
eu_businesses_comprehensive_20251106_114856,,Fuel Valletta,"Quality gas stations services in Valletta, Malta. Professional and reliable business serving the local community.",,,https://www.fuelvalletta.com,info@fuelvalletta.com,+56-958-7170,414 Queen Street,45508,,Valletta,,MT,46.700068,-0.877888,,active,
eu_businesses_comprehensive_20251106_114856,,Kraków Station,"Quality gas stations services in Kraków, Poland. Professional and reliable business serving the local community.",,,https://www.krakówstation.com,info@krakówstation.com,+85-322-6740,877 Main Street,67347,,Kraków,,PL,48.324876,-2.408698,,active,
eu_businesses_comprehensive_20251106_114856,,Bucharest Station,"Quality gas stations services in Bucharest, Romania. Professional and reliable business serving the local community.",,,https://www.buchareststation.com,info@buchareststation.com,+89-839-1253,728 Church Street,62614,,Bucharest,,RO,48.996778,12.128036,,active,
eu_businesses_comprehensive_20251106_114856,,Prešov Station,"Quality gas stations services in Prešov, Slovakia. Professional and reliable business serving the local community.",,,https://www.prešovstation.com,info@prešovstation.com,+70-432-8870,770 Main Street,84718,,Prešov,,SK,35.602266,1.258493,,active,
eu_businesses_comprehensive_20251106_114856,,Fuel Ljubljana,"Quality gas stations services in Ljubljana, Slovenia. Professional and reliable business serving the local community.",,,https://www.fuelljubljana.com,info@fuelljubljana.com,+80-316-8182,648 Queen Street,97164,,Ljubljana,,SI,48.92912,24.369448,,active,
eu_businesses_comprehensive_20251106_114856,,Petrol Gothenburg,"Quality gas stations services in Gothenburg, Sweden. Professional and reliable business serving the local community.",,,https://www.petrolgothenburg.com,info@petrolgothenburg.com,+60-133-7905,255 Main Street,48178,,Gothenburg,,SE,35.511299,5.770174,,active,
eu_businesses_comprehensive_20251106_114856,,Business Salzburg,"Quality general business services in Salzburg, Austria. Professional and reliable business serving the local community.",,,https://www.businesssalzburg.com,info@businesssalzburg.com,+94-535-6628,480 King Street,15978,,Salzburg,,AT,59.661745,16.304352,,active,
eu_businesses_comprehensive_20251106_114856,,Pro Plovdiv,"Quality general business services in Plovdiv, Bulgaria. Professional and reliable business serving the local community.",,,https://www.proplovdiv.com,info@proplovdiv.com,+42-953-8787,388 Church Street,17899,,Plovdiv,,BG,42.703227,12.734672,,active,
eu_businesses_comprehensive_20251106_114856,,Expert Split,"Quality general business services in Split, Croatia. Professional and reliable business serving the local community.",,,https://www.expertsplit.com,info@expertsplit.com,+47-214-7859,474 Queen Street,66711,,Split,,HR,62.849139,22.142608,,active,
eu_businesses_comprehensive_20251106_114856,,Service Limassol,"Quality general business services in Limassol, Cyprus. Professional and reliable business serving the local community.",,,https://www.servicelimassol.com,info@servicelimassol.com,+67-172-9754,643 King Street,34087,,Limassol,,CY,37.277446,7.590817,,active,
eu_businesses_comprehensive_20251106_114856,,Liberec Solutions,"Quality general business services in Liberec, Czech Republic. Professional and reliable business serving the local community.",,,https://www.liberecsolutions.com,info@liberecsolutions.com,+48-529-3596,411 Queen Street,17007,,Liberec,,CZ,57.431306,19.311064,,active,
eu_businesses_comprehensive_20251106_114856,,Pro Copenhagen,"Quality general business services in Copenhagen, Denmark. Professional and reliable business serving the local community.",,,https://www.procopenhagen.com,info@procopenhagen.com,+34-850-1882,631 Queen Street,19164,,Copenhagen,,DK,41.092794,-8.078628,,active,
eu_businesses_comprehensive_20251106_114856,,Expert Pärnu,"Quality general business services in Pärnu, Estonia. Professional and reliable business serving the local community.",,,https://www.expertpärnu.com,info@expertpärnu.com,+55-210-4132,201 Main Street,22171,,Pärnu,,EE,45.308798,12.332996,,active,
eu_businesses_comprehensive_20251106_114856,,Oulu Solutions,"Quality general business services in Oulu, Finland. Professional and reliable business serving the local community.",,,https://www.oulusolutions.com,info@oulusolutions.com,+83-399-4988,348 High Street,33732,,Oulu,,FI,53.370038,5.604042,,active,
eu_businesses_comprehensive_20251106_114856,,Pro Athens,"Quality general business services in Athens, Greece. Professional and reliable business serving the local community.",,,https://www.proathens.com,info@proathens.com,+44-571-7069,92 Main Street,64253,,Athens,,GR,62.862649,-0.036599,,active,
eu_businesses_comprehensive_20251106_114856,,Pro Budapest,"Quality general business services in Budapest, Hungary. Professional and reliable business serving the local community.",,,https://www.probudapest.com,info@probudapest.com,+63-694-1812,394 King Street,64396,,Budapest,,HU,41.5069,4.679471,,active,
eu_businesses_comprehensive_20251106_114856,,Service Waterford,"Quality general business services in Waterford, Ireland. Professional and reliable business serving the local community.",,,https://www.servicewaterford.com,info@servicewaterford.com,+49-343-5239,473 High Street,34494,,Waterford,,IE,39.88346,-1.039751,,active,
eu_businesses_comprehensive_20251106_114856,,Rome Solutions,"Quality general business services in Rome, Italy. Professional and reliable business serving the local community.",,,https://www.romesolutions.com,info@romesolutions.com,+50-104-8254,57 High Street,67652,,Rome,,IT,65.275546,10.080018,,active,
eu_businesses_comprehensive_20251106_114856,,Jūrmala Solutions,"Quality general business services in Jūrmala, Latvia. Professional and reliable business serving the local community.",,,https://www.jūrmalasolutions.com,info@jūrmalasolutions.com,+65-796-1481,134 King Street,13234,,Jūrmala,,LV,64.737071,-8.182927,,active,
eu_businesses_comprehensive_20251106_114856,,Expert Šiauliai,"Quality general business services in Šiauliai, Lithuania. Professional and reliable business serving the local community.",,,https://www.expertšiauliai.com,info@expertšiauliai.com,+40-630-2419,810 Church Street,31760,,Šiauliai,,LT,64.7412,18.184246,,active,
eu_businesses_comprehensive_20251106_114856,,Pro Luxembourg City,"Quality general business services in Luxembourg City, Luxembourg. Professional and reliable business serving the local community.",,,https://www.proluxembourgcity.com,info@proluxembourgcity.com,+75-715-8150,758 King Street,92910,,Luxembourg City,,LU,66.480621,15.046953,,active,
eu_businesses_comprehensive_20251106_114856,,Expert Sliema,"Quality general business services in Sliema, Malta. Professional and reliable business serving the local community.",,,https://www.expertsliema.com,info@expertsliema.com,+75-890-5673,253 High Street,35041,,Sliema,,MT,61.177314,-9.203369,,active,
eu_businesses_comprehensive_20251106_114856,,Wrocław Solutions,"Quality general business services in Wrocław, Poland. Professional and reliable business serving the local community.",,,https://www.wrocławsolutions.com,info@wrocławsolutions.com,+83-682-9554,370 Church Street,23035,,Wrocław,,PL,61.111596,-5.008084,,active,
eu_businesses_comprehensive_20251106_114856,,Expert Iași,"Quality general business services in Iași, Romania. Professional and reliable business serving the local community.",,,https://www.expertiași.com,info@expertiași.com,+89-574-3098,475 High Street,68100,,Iași,,RO,65.972497,13.694168,,active,
eu_businesses_comprehensive_20251106_114856,,Pro Prešov,"Quality general business services in Prešov, Slovakia. Professional and reliable business serving the local community.",,,https://www.proprešov.com,info@proprešov.com,+96-192-1498,215 Queen Street,32010,,Prešov,,SK,44.076011,-7.021609,,active,
eu_businesses_comprehensive_20251106_114856,,Business Koper,"Quality general business services in Koper, Slovenia. Professional and reliable business serving the local community.",,,https://www.businesskoper.com,info@businesskoper.com,+83-518-6224,186 Queen Street,45442,,Koper,,SI,50.629869,25.895788,,active,
eu_businesses_comprehensive_20251106_114856,,Business Uppsala,"Quality general business services in Uppsala, Sweden. Professional and reliable business serving the local community.",,,https://www.businessuppsala.com,info@businessuppsala.com,+73-921-4274,442 Church Street,56180,,Uppsala,,SE,43.419177,5.037652,,active,
eu_businesses_comprehensive_20251106_114856,,Strong Vienna,"Quality gym services in Vienna, Austria. Professional and reliable business serving the local community.",,,https://www.strongvienna.com,info@strongvienna.com,+53-596-2420,605 King Street,21187,,Vienna,,AT,69.004307,0.359476,,active,
eu_businesses_comprehensive_20251106_114856,,Gym Varna,"Quality gym services in Varna, Bulgaria. Professional and reliable business serving the local community.",,,https://www.gymvarna.com,info@gymvarna.com,+52-650-5680,397 Queen Street,67716,,Varna,,BG,59.513949,-2.36169,,active,
eu_businesses_comprehensive_20251106_114856,,Strong Zagreb,"Quality gym services in Zagreb, Croatia. Professional and reliable business serving the local community.",,,https://www.strongzagreb.com,info@strongzagreb.com,+88-638-6288,311 Main Street,25513,,Zagreb,,HR,43.474981,27.191001,,active,
eu_businesses_comprehensive_20251106_114856,,Fitness Paphos,"Quality gym services in Paphos, Cyprus. Professional and reliable business serving the local community.",,,https://www.fitnesspaphos.com,info@fitnesspaphos.com,+42-342-9919,130 King Street,85534,,Paphos,,CY,40.239442,6.11837,,active,
eu_businesses_comprehensive_20251106_114856,,Plzen Training,"Quality gym services in Plzen, Czech Republic. Professional and reliable business serving the local community.",,,https://www.plzentraining.com,info@plzentraining.com,+45-634-3989,846 Church Street,46828,,Plzen,,CZ,41.462278,-0.724535,,active,
eu_businesses_comprehensive_20251106_114856,,Gym Copenhagen,"Quality gym services in Copenhagen, Denmark. Professional and reliable business serving the local community.",,,https://www.gymcopenhagen.com,info@gymcopenhagen.com,+90-435-5600,606 King Street,25768,,Copenhagen,,DK,69.674622,2.493317,,active,
eu_businesses_comprehensive_20251106_114856,,Fitness Narva,"Quality gym services in Narva, Estonia. Professional and reliable business serving the local community.",,,https://www.fitnessnarva.com,info@fitnessnarva.com,+33-591-9906,330 Main Street,87562,,Narva,,EE,61.28228,27.168009,,active,
eu_businesses_comprehensive_20251106_114856,,Gym Helsinki,"Quality gym services in Helsinki, Finland. Professional and reliable business serving the local community.",,,https://www.gymhelsinki.com,info@gymhelsinki.com,+68-909-5743,780 Main Street,37567,,Helsinki,,FI,38.985388,12.563392,,active,
eu_businesses_comprehensive_20251106_114856,,Fitness Patras,"Quality gym services in Patras, Greece. Professional and reliable business serving the local community.",,,https://www.fitnesspatras.com,info@fitnesspatras.com,+70-650-3595,980 Church Street,47022,,Patras,,GR,35.01408,-5.233303,,active,
eu_businesses_comprehensive_20251106_114856,,Power Pécs,"Quality gym services in Pécs, Hungary. Professional and reliable business serving the local community.",,,https://www.powerpécs.com,info@powerpécs.com,+55-773-6131,772 Church Street,60386,,Pécs,,HU,38.824893,17.387065,,active,
eu_businesses_comprehensive_20251106_114856,,Fitness Waterford,"Quality gym services in Waterford, Ireland. Professional and reliable business serving the local community.",,,https://www.fitnesswaterford.com,info@fitnesswaterford.com,+70-326-9924,846 Church Street,44963,,Waterford,,IE,39.385757,-9.689252,,active,
eu_businesses_comprehensive_20251106_114856,,Power Milan,"Quality gym services in Milan, Italy. Professional and reliable business serving the local community.",,,https://www.powermilan.com,info@powermilan.com,+85-136-9563,593 Church Street,53289,,Milan,,IT,50.231997,-0.817117,,active,
eu_businesses_comprehensive_20251106_114856,,Liepāja Training,"Quality gym services in Liepāja, Latvia. Professional and reliable business serving the local community.",,,https://www.liepājatraining.com,info@liepājatraining.com,+69-249-2234,676 Queen Street,77990,,Liepāja,,LV,66.714708,24.960432,,active,
eu_businesses_comprehensive_20251106_114856,,Gym Klaipėda,"Quality gym services in Klaipėda, Lithuania. Professional and reliable business serving the local community.",,,https://www.gymklaipėda.com,info@gymklaipėda.com,+57-949-4947,297 Queen Street,54952,,Klaipėda,,LT,42.275833,9.027975,,active,
eu_businesses_comprehensive_20251106_114856,,Power Dudelange,"Quality gym services in Dudelange, Luxembourg. Professional and reliable business serving the local community.",,,https://www.powerdudelange.com,info@powerdudelange.com,+83-186-3873,765 High Street,14819,,Dudelange,,LU,54.005978,-7.570075,,active,
eu_businesses_comprehensive_20251106_114856,,Gym Sliema,"Quality gym services in Sliema, Malta. Professional and reliable business serving the local community.",,,https://www.gymsliema.com,info@gymsliema.com,+87-620-3554,758 High Street,88778,,Sliema,,MT,43.268189,10.414649,,active,
eu_businesses_comprehensive_20251106_114856,,Power Łódź,"Quality gym services in Łódź, Poland. Professional and reliable business serving the local community.",,,https://www.powerłódź.com,info@powerłódź.com,+56-909-6263,524 Queen Street,57092,,Łódź,,PL,56.296706,-8.033937,,active,
eu_businesses_comprehensive_20251106_114856,,Strong Cluj-Napoca,"Quality gym services in Cluj-Napoca, Romania. Professional and reliable business serving the local community.",,,https://www.strongcluj-napoca.com,info@strongcluj-napoca.com,+37-801-1830,536 Church Street,83045,,Cluj-Napoca,,RO,60.505588,12.343805,,active,
eu_businesses_comprehensive_20251106_114856,,Žilina Training,"Quality gym services in Žilina, Slovakia. Professional and reliable business serving the local community.",,,https://www.žilinatraining.com,info@žilinatraining.com,+89-560-4996,139 King Street,28952,,Žilina,,SK,37.882759,1.981289,,active,
eu_businesses_comprehensive_20251106_114856,,Velenje Training,"Quality gym services in Velenje, Slovenia. Professional and reliable business serving the local community.",,,https://www.velenjetraining.com,info@velenjetraining.com,+77-607-1019,871 Queen Street,66712,,Velenje,,SI,59.016449,25.734605,,active,
eu_businesses_comprehensive_20251106_114856,,Fitness Västerås,"Quality gym services in Västerås, Sweden. Professional and reliable business serving the local community.",,,https://www.fitnessvästerås.com,info@fitnessvästerås.com,+32-203-1004,838 Queen Street,83218,,Västerås,,SE,39.430897,-4.692429,,active,
eu_businesses_comprehensive_20251106_114856,,Clinic Salzburg,"Quality healthcare services in Salzburg, Austria. Professional and reliable business serving the local community.",,,https://www.clinicsalzburg.com,info@clinicsalzburg.com,+78-800-5503,826 Church Street,43958,,Salzburg,,AT,64.802997,-7.811045,,active,
eu_businesses_comprehensive_20251106_114856,,Wellness Burgas,"Quality healthcare services in Burgas, Bulgaria. Professional and reliable business serving the local community.",,,https://www.wellnessburgas.com,info@wellnessburgas.com,+51-715-7363,628 Church Street,33033,,Burgas,,BG,37.406507,13.56636,,active,
eu_businesses_comprehensive_20251106_114856,,Medical Split,"Quality healthcare services in Split, Croatia. Professional and reliable business serving the local community.",,,https://www.medicalsplit.com,info@medicalsplit.com,+52-121-2481,390 Main Street,88588,,Split,,HR,45.276875,15.967229,,active,
eu_businesses_comprehensive_20251106_114856,,Wellness Paphos,"Quality healthcare services in Paphos, Cyprus. Professional and reliable business serving the local community.",,,https://www.wellnesspaphos.com,info@wellnesspaphos.com,+52-516-7196,988 High Street,75311,,Paphos,,CY,43.509128,24.894291,,active,
eu_businesses_comprehensive_20251106_114856,,Clinic Brno,"Quality healthcare services in Brno, Czech Republic. Professional and reliable business serving the local community.",,,https://www.clinicbrno.com,info@clinicbrno.com,+82-156-4273,302 Church Street,71552,,Brno,,CZ,55.114139,8.280366,,active,
eu_businesses_comprehensive_20251106_114856,,Wellness Odense,"Quality healthcare services in Odense, Denmark. Professional and reliable business serving the local community.",,,https://www.wellnessodense.com,info@wellnessodense.com,+68-452-2644,696 Main Street,18890,,Odense,,DK,67.673112,25.021851,,active,
eu_businesses_comprehensive_20251106_114856,,Tallinn Care,"Quality healthcare services in Tallinn, Estonia. Professional and reliable business serving the local community.",,,https://www.tallinncare.com,info@tallinncare.com,+91-595-4989,826 Church Street,82346,,Tallinn,,EE,49.996639,14.778049,,active,
eu_businesses_comprehensive_20251106_114856,,Vantaa Care,"Quality healthcare services in Vantaa, Finland. Professional and reliable business serving the local community.",,,https://www.vantaacare.com,info@vantaacare.com,+54-701-8163,735 Church Street,80268,,Vantaa,,FI,35.400477,9.866304,,active,
eu_businesses_comprehensive_20251106_114856,,Medical Thessaloniki,"Quality healthcare services in Thessaloniki, Greece. Professional and reliable business serving the local community.",,,https://www.medicalthessaloniki.com,info@medicalthessaloniki.com,+36-721-7754,847 Queen Street,19820,,Thessaloniki,,GR,43.227076,7.734443,,active,
eu_businesses_comprehensive_20251106_114856,,Wellness Budapest,"Quality healthcare services in Budapest, Hungary. Professional and reliable business serving the local community.",,,https://www.wellnessbudapest.com,info@wellnessbudapest.com,+97-864-7868,827 Main Street,27153,,Budapest,,HU,39.778984,4.516207,,active,
eu_businesses_comprehensive_20251106_114856,,Galway Care,"Quality healthcare services in Galway, Ireland. Professional and reliable business serving the local community.",,,https://www.galwaycare.com,info@galwaycare.com,+60-483-3214,801 Church Street,32567,,Galway,,IE,41.933044,26.775545,,active,
eu_businesses_comprehensive_20251106_114856,,Medical Palermo,"Quality healthcare services in Palermo, Italy. Professional and reliable business serving the local community.",,,https://www.medicalpalermo.com,info@medicalpalermo.com,+65-824-9425,913 King Street,84422,,Palermo,,IT,53.203948,15.177115,,active,
eu_businesses_comprehensive_20251106_114856,,Clinic Jūrmala,"Quality healthcare services in Jūrmala, Latvia. Professional and reliable business serving the local community.",,,https://www.clinicjūrmala.com,info@clinicjūrmala.com,+95-613-7684,130 High Street,75783,,Jūrmala,,LV,64.447616,24.592561,,active,
eu_businesses_comprehensive_20251106_114856,,Vilnius Care,"Quality healthcare services in Vilnius, Lithuania. Professional and reliable business serving the local community.",,,https://www.vilniuscare.com,info@vilniuscare.com,+79-517-7053,753 Church Street,83343,,Vilnius,,LT,66.897762,-8.823202,,active,
eu_businesses_comprehensive_20251106_114856,,Health Luxembourg City,"Quality healthcare services in Luxembourg City, Luxembourg. Professional and reliable business serving the local community.",,,https://www.healthluxembourgcity.com,info@healthluxembourgcity.com,+32-211-7614,415 King Street,95883,,Luxembourg City,,LU,52.514165,10.728187,,active,
eu_businesses_comprehensive_20251106_114856,,Birkirkara Care,"Quality healthcare services in Birkirkara, Malta. Professional and reliable business serving the local community.",,,https://www.birkirkaracare.com,info@birkirkaracare.com,+39-884-8307,863 King Street,14085,,Birkirkara,,MT,37.506229,6.439109,,active,
eu_businesses_comprehensive_20251106_114856,,Wellness Wrocław,"Quality healthcare services in Wrocław, Poland. Professional and reliable business serving the local community.",,,https://www.wellnesswrocław.com,info@wellnesswrocław.com,+30-334-1912,689 Church Street,14780,,Wrocław,,PL,38.850932,8.594566,,active,
eu_businesses_comprehensive_20251106_114856,,Wellness Timișoara,"Quality healthcare services in Timișoara, Romania. Professional and reliable business serving the local community.",,,https://www.wellnesstimișoara.com,info@wellnesstimișoara.com,+88-337-2937,34 Church Street,37342,,Timișoara,,RO,66.588253,13.489512,,active,
eu_businesses_comprehensive_20251106_114856,,Clinic Prešov,"Quality healthcare services in Prešov, Slovakia. Professional and reliable business serving the local community.",,,https://www.clinicprešov.com,info@clinicprešov.com,+93-735-9862,31 King Street,63908,,Prešov,,SK,47.062946,9.648541,,active,
eu_businesses_comprehensive_20251106_114856,,Clinic Ljubljana,"Quality healthcare services in Ljubljana, Slovenia. Professional and reliable business serving the local community.",,,https://www.clinicljubljana.com,info@clinicljubljana.com,+38-733-9881,580 King Street,66781,,Ljubljana,,SI,59.578885,-3.982542,,active,
eu_businesses_comprehensive_20251106_114856,,Medical Malmö,"Quality healthcare services in Malmö, Sweden. Professional and reliable business serving the local community.",,,https://www.medicalmalmö.com,info@medicalmalmö.com,+69-944-1331,574 King Street,43342,,Malmö,,SE,48.375146,21.944785,,active,
eu_businesses_comprehensive_20251106_114856,,Sleep Linz,"Quality hostels services in Linz, Austria. Professional and reliable business serving the local community.",,,https://www.sleeplinz.com,info@sleeplinz.com,+67-910-9498,257 Church Street,37682,,Linz,,AT,37.584308,16.974078,,active,
eu_businesses_comprehensive_20251106_114856,,Sleep Sofia,"Quality hostels services in Sofia, Bulgaria. Professional and reliable business serving the local community.",,,https://www.sleepsofia.com,info@sleepsofia.com,+93-660-3848,680 King Street,45923,,Sofia,,BG,66.424427,6.231035,,active,
eu_businesses_comprehensive_20251106_114856,,Hostel Split,"Quality hostels services in Split, Croatia. Professional and reliable business serving the local community.",,,https://www.hostelsplit.com,info@hostelsplit.com,+65-839-9944,41 King Street,62390,,Split,,HR,59.226726,9.171208,,active,
eu_businesses_comprehensive_20251106_114856,,Hostel Nicosia,"Quality hostels services in Nicosia, Cyprus. Professional and reliable business serving the local community.",,,https://www.hostelnicosia.com,info@hostelnicosia.com,+76-390-1782,827 Church Street,63319,,Nicosia,,CY,53.31826,9.653548,,active,
eu_businesses_comprehensive_20251106_114856,,Stay Brno,"Quality hostels services in Brno, Czech Republic. Professional and reliable business serving the local community.",,,https://www.staybrno.com,info@staybrno.com,+76-720-2932,642 Church Street,63506,,Brno,,CZ,44.136731,23.285253,,active,
eu_businesses_comprehensive_20251106_114856,,Sleep Esbjerg,"Quality hostels services in Esbjerg, Denmark. Professional and reliable business serving the local community.",,,https://www.sleepesbjerg.com,info@sleepesbjerg.com,+38-248-8699,782 High Street,84324,,Esbjerg,,DK,36.099141,7.23821,,active,
eu_businesses_comprehensive_20251106_114856,,Sleep Kohtla-Järve,"Quality hostels services in Kohtla-Järve, Estonia. Professional and reliable business serving the local community.",,,https://www.sleepkohtla-järve.com,info@sleepkohtla-järve.com,+99-829-7535,432 Main Street,17012,,Kohtla-Järve,,EE,40.18474,23.157361,,active,
eu_businesses_comprehensive_20251106_114856,,Rest Helsinki,"Quality hostels services in Helsinki, Finland. Professional and reliable business serving the local community.",,,https://www.resthelsinki.com,info@resthelsinki.com,+50-500-4507,833 High Street,71303,,Helsinki,,FI,35.821753,4.165539,,active,
eu_businesses_comprehensive_20251106_114856,,Sleep Patras,"Quality hostels services in Patras, Greece. Professional and reliable business serving the local community.",,,https://www.sleeppatras.com,info@sleeppatras.com,+75-469-2608,861 High Street,18395,,Patras,,GR,44.715254,23.701227,,active,
eu_businesses_comprehensive_20251106_114856,,Sleep Szeged,"Quality hostels services in Szeged, Hungary. Professional and reliable business serving the local community.",,,https://www.sleepszeged.com,info@sleepszeged.com,+75-916-1364,362 High Street,19444,,Szeged,,HU,63.171938,27.521198,,active,
eu_businesses_comprehensive_20251106_114856,,Hostel Waterford,"Quality hostels services in Waterford, Ireland. Professional and reliable business serving the local community.",,,https://www.hostelwaterford.com,info@hostelwaterford.com,+73-415-2257,55 King Street,79101,,Waterford,,IE,45.586797,-1.894105,,active,
eu_businesses_comprehensive_20251106_114856,,Sleep Milan,"Quality hostels services in Milan, Italy. Professional and reliable business serving the local community.",,,https://www.sleepmilan.com,info@sleepmilan.com,+80-437-8957,926 Main Street,10959,,Milan,,IT,59.587296,25.994643,,active,
eu_businesses_comprehensive_20251106_114856,,Sleep Riga,"Quality hostels services in Riga, Latvia. Professional and reliable business serving the local community.",,,https://www.sleepriga.com,info@sleepriga.com,+53-761-1050,380 High Street,17158,,Riga,,LV,40.375591,22.963082,,active,
eu_businesses_comprehensive_20251106_114856,,Stay Šiauliai,"Quality hostels services in Šiauliai, Lithuania. Professional and reliable business serving the local community.",,,https://www.stayšiauliai.com,info@stayšiauliai.com,+37-742-4986,432 Church Street,63525,,Šiauliai,,LT,44.727479,-9.694531,,active,
eu_businesses_comprehensive_20251106_114856,,Hostel Dudelange,"Quality hostels services in Dudelange, Luxembourg. Professional and reliable business serving the local community.",,,https://www.hosteldudelange.com,info@hosteldudelange.com,+63-144-4111,720 Queen Street,45196,,Dudelange,,LU,43.8712,20.668464,,active,
eu_businesses_comprehensive_20251106_114856,,Hostel St. Julian's,"Quality hostels services in St. Julian's, Malta. Professional and reliable business serving the local community.",,,https://www.hostelst.julian's.com,info@hostelst.julian's.com,+84-430-2585,510 Church Street,58611,,St. Julian's,,MT,49.228737,-5.649753,,active,
eu_businesses_comprehensive_20251106_114856,,Stay Łódź,"Quality hostels services in Łódź, Poland. Professional and reliable business serving the local community.",,,https://www.stayłódź.com,info@stayłódź.com,+85-817-9934,410 High Street,14973,,Łódź,,PL,39.639987,23.796216,,active,
eu_businesses_comprehensive_20251106_114856,,Iași Inn,"Quality hostels services in Iași, Romania. Professional and reliable business serving the local community.",,,https://www.iașiinn.com,info@iașiinn.com,+79-832-6631,199 Church Street,40505,,Iași,,RO,54.990747,-0.371585,,active,
eu_businesses_comprehensive_20251106_114856,,Rest Žilina,"Quality hostels services in Žilina, Slovakia. Professional and reliable business serving the local community.",,,https://www.restžilina.com,info@restžilina.com,+71-975-9969,439 King Street,31638,,Žilina,,SK,58.63093,18.475442,,active,
eu_businesses_comprehensive_20251106_114856,,Sleep Velenje,"Quality hostels services in Velenje, Slovenia. Professional and reliable business serving the local community.",,,https://www.sleepvelenje.com,info@sleepvelenje.com,+91-134-2566,188 Queen Street,51695,,Velenje,,SI,50.228141,6.09898,,active,
eu_businesses_comprehensive_20251106_114856,,Rest Uppsala,"Quality hostels services in Uppsala, Sweden. Professional and reliable business serving the local community.",,,https://www.restuppsala.com,info@restuppsala.com,+70-350-1339,227 Church Street,77003,,Uppsala,,SE,37.362356,0.689709,,active,
eu_businesses_comprehensive_20251106_114856,,Hotel Vienna,"Quality hotel services in Vienna, Austria. Professional and reliable business serving the local community.",,,https://www.hotelvienna.com,info@hotelvienna.com,+71-858-3782,932 Queen Street,54851,,Vienna,,AT,59.225142,10.78585,,active,
eu_businesses_comprehensive_20251106_114856,,Stay Ruse,"Quality hotel services in Ruse, Bulgaria. Professional and reliable business serving the local community.",,,https://www.stayruse.com,info@stayruse.com,+34-643-2103,201 Church Street,40812,,Ruse,,BG,53.67624,4.247162,,active,
eu_businesses_comprehensive_20251106_114856,,Lodge Zagreb,"Quality hotel services in Zagreb, Croatia. Professional and reliable business serving the local community.",,,https://www.lodgezagreb.com,info@lodgezagreb.com,+76-644-1200,844 King Street,77249,,Zagreb,,HR,63.180146,9.293576,,active,
eu_businesses_comprehensive_20251106_114856,,Hotel Famagusta,"Quality hotel services in Famagusta, Cyprus. Professional and reliable business serving the local community.",,,https://www.hotelfamagusta.com,info@hotelfamagusta.com,+48-349-1882,127 Main Street,44941,,Famagusta,,CY,47.124404,27.388866,,active,
eu_businesses_comprehensive_20251106_114856,,Lodge Liberec,"Quality hotel services in Liberec, Czech Republic. Professional and reliable business serving the local community.",,,https://www.lodgeliberec.com,info@lodgeliberec.com,+39-519-8898,187 Queen Street,18135,,Liberec,,CZ,58.260231,9.408098,,active,
eu_businesses_comprehensive_20251106_114856,,Hotel Aarhus,"Quality hotel services in Aarhus, Denmark. Professional and reliable business serving the local community.",,,https://www.hotelaarhus.com,info@hotelaarhus.com,+32-647-3636,181 Queen Street,75313,,Aarhus,,DK,45.075294,6.037098,,active,
eu_businesses_comprehensive_20251106_114856,,Hotel Pärnu,"Quality hotel services in Pärnu, Estonia. Professional and reliable business serving the local community.",,,https://www.hotelpärnu.com,info@hotelpärnu.com,+60-159-8944,850 Church Street,32337,,Pärnu,,EE,35.286127,25.911191,,active,
eu_businesses_comprehensive_20251106_114856,,Helsinki Resort,"Quality hotel services in Helsinki, Finland. Professional and reliable business serving the local community.",,,https://www.helsinkiresort.com,info@helsinkiresort.com,+36-654-9451,427 Church Street,90188,,Helsinki,,FI,58.037095,16.467917,,active,
eu_businesses_comprehensive_20251106_114856,,Stay Thessaloniki,"Quality hotel services in Thessaloniki, Greece. Professional and reliable business serving the local community.",,,https://www.staythessaloniki.com,info@staythessaloniki.com,+80-579-8543,997 Main Street,65809,,Thessaloniki,,GR,41.209056,3.279716,,active,
eu_businesses_comprehensive_20251106_114856,,Stay Szeged,"Quality hotel services in Szeged, Hungary. Professional and reliable business serving the local community.",,,https://www.stayszeged.com,info@stayszeged.com,+67-446-9895,691 High Street,27031,,Szeged,,HU,55.374181,17.586637,,active,
eu_businesses_comprehensive_20251106_114856,,Hotel Waterford,"Quality hotel services in Waterford, Ireland. Professional and reliable business serving the local community.",,,https://www.hotelwaterford.com,info@hotelwaterford.com,+70-197-1137,352 Main Street,22583,,Waterford,,IE,60.613574,6.839431,,active,
eu_businesses_comprehensive_20251106_114856,,Stay Naples,"Quality hotel services in Naples, Italy. Professional and reliable business serving the local community.",,,https://www.staynaples.com,info@staynaples.com,+97-787-8622,409 Main Street,83479,,Naples,,IT,36.457915,-7.300356,,active,
eu_businesses_comprehensive_20251106_114856,,Lodge Liepāja,"Quality hotel services in Liepāja, Latvia. Professional and reliable business serving the local community.",,,https://www.lodgeliepāja.com,info@lodgeliepāja.com,+49-802-9294,49 Main Street,25324,,Liepāja,,LV,46.433047,-7.034183,,active,
eu_businesses_comprehensive_20251106_114856,,Kaunas Resort,"Quality hotel services in Kaunas, Lithuania. Professional and reliable business serving the local community.",,,https://www.kaunasresort.com,info@kaunasresort.com,+30-477-9699,749 Main Street,77893,,Kaunas,,LT,40.875815,23.415842,,active,
eu_businesses_comprehensive_20251106_114856,,Lodge Differdange,"Quality hotel services in Differdange, Luxembourg. Professional and reliable business serving the local community.",,,https://www.lodgedifferdange.com,info@lodgedifferdange.com,+72-642-3161,609 Queen Street,18186,,Differdange,,LU,47.102407,8.854864,,active,
eu_businesses_comprehensive_20251106_114856,,Lodge Valletta,"Quality hotel services in Valletta, Malta. Professional and reliable business serving the local community.",,,https://www.lodgevalletta.com,info@lodgevalletta.com,+54-927-1818,33 King Street,65749,,Valletta,,MT,49.542377,-9.997095,,active,
eu_businesses_comprehensive_20251106_114856,,Kraków Resort,"Quality hotel services in Kraków, Poland. Professional and reliable business serving the local community.",,,https://www.krakówresort.com,info@krakówresort.com,+94-875-9566,399 Main Street,69456,,Kraków,,PL,43.357255,26.928377,,active,
eu_businesses_comprehensive_20251106_114856,,Lodge Cluj-Napoca,"Quality hotel services in Cluj-Napoca, Romania. Professional and reliable business serving the local community.",,,https://www.lodgecluj-napoca.com,info@lodgecluj-napoca.com,+79-366-5573,99 Main Street,62291,,Cluj-Napoca,,RO,65.202516,18.211767,,active,
eu_businesses_comprehensive_20251106_114856,,Lodge Žilina,"Quality hotel services in Žilina, Slovakia. Professional and reliable business serving the local community.",,,https://www.lodgežilina.com,info@lodgežilina.com,+44-453-3939,580 King Street,41628,,Žilina,,SK,54.679714,21.899932,,active,
eu_businesses_comprehensive_20251106_114856,,Grand Kranj,"Quality hotel services in Kranj, Slovenia. Professional and reliable business serving the local community.",,,https://www.grandkranj.com,info@grandkranj.com,+85-895-5160,513 Church Street,49496,,Kranj,,SI,36.839691,5.403824,,active,
eu_businesses_comprehensive_20251106_114856,,Stay Stockholm,"Quality hotel services in Stockholm, Sweden. Professional and reliable business serving the local community.",,,https://www.staystockholm.com,info@staystockholm.com,+46-887-6287,759 High Street,90009,,Stockholm,,SE,38.217067,16.820554,,active,
eu_businesses_comprehensive_20251106_114856,,Premium Salzburg,"Quality hotels services in Salzburg, Austria. Professional and reliable business serving the local community.",,,https://www.premiumsalzburg.com,info@premiumsalzburg.com,+85-260-9863,814 Church Street,71974,,Salzburg,,AT,64.955593,1.271935,,active,
eu_businesses_comprehensive_20251106_114856,,Premium Plovdiv,"Quality hotels services in Plovdiv, Bulgaria. Professional and reliable business serving the local community.",,,https://www.premiumplovdiv.com,info@premiumplovdiv.com,+68-175-7138,115 High Street,64725,,Plovdiv,,BG,47.021836,20.766932,,active,
eu_businesses_comprehensive_20251106_114856,,Luxury Zagreb,"Quality hotels services in Zagreb, Croatia. Professional and reliable business serving the local community.",,,https://www.luxuryzagreb.com,info@luxuryzagreb.com,+70-683-1406,699 Queen Street,21727,,Zagreb,,HR,39.546552,19.00205,,active,
eu_businesses_comprehensive_20251106_114856,,Resort Paphos,"Quality hotels services in Paphos, Cyprus. Professional and reliable business serving the local community.",,,https://www.resortpaphos.com,info@resortpaphos.com,+78-178-3522,580 Queen Street,63660,,Paphos,,CY,41.596367,6.442491,,active,
eu_businesses_comprehensive_20251106_114856,,Resort Liberec,"Quality hotels services in Liberec, Czech Republic. Professional and reliable business serving the local community.",,,https://www.resortliberec.com,info@resortliberec.com,+42-349-3528,454 Main Street,31978,,Liberec,,CZ,63.502164,-3.589372,,active,
eu_businesses_comprehensive_20251106_114856,,Aarhus Palace,"Quality hotels services in Aarhus, Denmark. Professional and reliable business serving the local community.",,,https://www.aarhuspalace.com,info@aarhuspalace.com,+44-667-7576,727 High Street,70771,,Aarhus,,DK,51.521364,-0.471862,,active,
eu_businesses_comprehensive_20251106_114856,,Resort Narva,"Quality hotels services in Narva, Estonia. Professional and reliable business serving the local community.",,,https://www.resortnarva.com,info@resortnarva.com,+69-890-7084,441 Queen Street,23135,,Narva,,EE,67.36654,20.490456,,active,
eu_businesses_comprehensive_20251106_114856,,Oulu Palace,"Quality hotels services in Oulu, Finland. Professional and reliable business serving the local community.",,,https://www.oulupalace.com,info@oulupalace.com,+54-247-5465,652 Main Street,25078,,Oulu,,FI,68.522224,-7.344288,,active,
eu_businesses_comprehensive_20251106_114856,,Patras Palace,"Quality hotels services in Patras, Greece. Professional and reliable business serving the local community.",,,https://www.patraspalace.com,info@patraspalace.com,+45-294-7288,955 High Street,48007,,Patras,,GR,42.949797,-4.479653,,active,
eu_businesses_comprehensive_20251106_114856,,Hotel Miskolc,"Quality hotels services in Miskolc, Hungary. Professional and reliable business serving the local community.",,,https://www.hotelmiskolc.com,info@hotelmiskolc.com,+58-346-5385,849 High Street,18646,,Miskolc,,HU,54.234695,10.80816,,active,
eu_businesses_comprehensive_20251106_114856,,Hotel Dublin,"Quality hotels services in Dublin, Ireland. Professional and reliable business serving the local community.",,,https://www.hoteldublin.com,info@hoteldublin.com,+74-975-1035,695 Queen Street,23235,,Dublin,,IE,51.895707,-2.121385,,active,
eu_businesses_comprehensive_20251106_114856,,Premium Milan,"Quality hotels services in Milan, Italy. Professional and reliable business serving the local community.",,,https://www.premiummilan.com,info@premiummilan.com,+69-512-3607,28 High Street,96474,,Milan,,IT,56.34505,27.991974,,active,
eu_businesses_comprehensive_20251106_114856,,Hotel Daugavpils,"Quality hotels services in Daugavpils, Latvia. Professional and reliable business serving the local community.",,,https://www.hoteldaugavpils.com,info@hoteldaugavpils.com,+64-816-1717,643 Church Street,66341,,Daugavpils,,LV,67.546618,29.749739,,active,
eu_businesses_comprehensive_20251106_114856,,Resort Vilnius,"Quality hotels services in Vilnius, Lithuania. Professional and reliable business serving the local community.",,,https://www.resortvilnius.com,info@resortvilnius.com,+39-335-9728,14 King Street,69396,,Vilnius,,LT,40.54068,25.476672,,active,
eu_businesses_comprehensive_20251106_114856,,Hotel Dudelange,"Quality hotels services in Dudelange, Luxembourg. Professional and reliable business serving the local community.",,,https://www.hoteldudelange.com,info@hoteldudelange.com,+65-819-7006,646 Main Street,58133,,Dudelange,,LU,45.830078,29.384984,,active,
eu_businesses_comprehensive_20251106_114856,,Luxury Qormi,"Quality hotels services in Qormi, Malta. Professional and reliable business serving the local community.",,,https://www.luxuryqormi.com,info@luxuryqormi.com,+80-296-7660,340 King Street,41002,,Qormi,,MT,47.505483,-9.526122,,active,
eu_businesses_comprehensive_20251106_114856,,Wrocław Palace,"Quality hotels services in Wrocław, Poland. Professional and reliable business serving the local community.",,,https://www.wrocławpalace.com,info@wrocławpalace.com,+94-670-7267,514 Church Street,21589,,Wrocław,,PL,55.885511,22.469126,,active,
eu_businesses_comprehensive_20251106_114856,,Resort Iași,"Quality hotels services in Iași, Romania. Professional and reliable business serving the local community.",,,https://www.resortiași.com,info@resortiași.com,+87-677-4929,948 Main Street,72571,,Iași,,RO,63.908533,3.025472,,active,
eu_businesses_comprehensive_20251106_114856,,Premium Banská Bystrica,"Quality hotels services in Banská Bystrica, Slovakia. Professional and reliable business serving the local community.",,,https://www.premiumbanskábystrica.com,info@premiumbanskábystrica.com,+59-869-1293,266 Queen Street,97268,,Banská Bystrica,,SK,53.178713,3.625793,,active,
eu_businesses_comprehensive_20251106_114856,,Resort Maribor,"Quality hotels services in Maribor, Slovenia. Professional and reliable business serving the local community.",,,https://www.resortmaribor.com,info@resortmaribor.com,+67-102-6001,683 Church Street,73367,,Maribor,,SI,37.479673,-2.013347,,active,
eu_businesses_comprehensive_20251106_114856,,Premium Malmö,"Quality hotels services in Malmö, Sweden. Professional and reliable business serving the local community.",,,https://www.premiummalmö.com,info@premiummalmö.com,+58-203-1825,888 Queen Street,42114,,Malmö,,SE,38.271976,23.094708,,active,
eu_businesses_comprehensive_20251106_114856,,Protect Vienna,"Quality insurance agencies services in Vienna, Austria. Professional and reliable business serving the local community.",,,https://www.protectvienna.com,info@protectvienna.com,+65-784-1503,630 High Street,76144,,Vienna,,AT,43.212813,11.99552,,active,
eu_businesses_comprehensive_20251106_114856,,Insurance Plovdiv,"Quality insurance agencies services in Plovdiv, Bulgaria. Professional and reliable business serving the local community.",,,https://www.insuranceplovdiv.com,info@insuranceplovdiv.com,+65-622-1991,534 King Street,75851,,Plovdiv,,BG,62.696993,29.120505,,active,
eu_businesses_comprehensive_20251106_114856,,Protect Rijeka,"Quality insurance agencies services in Rijeka, Croatia. Professional and reliable business serving the local community.",,,https://www.protectrijeka.com,info@protectrijeka.com,+98-436-5621,397 High Street,61104,,Rijeka,,HR,41.348762,12.319686,,active,
eu_businesses_comprehensive_20251106_114856,,Insurance Nicosia,"Quality insurance agencies services in Nicosia, Cyprus. Professional and reliable business serving the local community.",,,https://www.insurancenicosia.com,info@insurancenicosia.com,+42-455-3795,220 High Street,63371,,Nicosia,,CY,49.254401,23.406833,,active,
eu_businesses_comprehensive_20251106_114856,,Insurance Ostrava,"Quality insurance agencies services in Ostrava, Czech Republic. Professional and reliable business serving the local community.",,,https://www.insuranceostrava.com,info@insuranceostrava.com,+39-975-7898,463 High Street,33186,,Ostrava,,CZ,64.289321,17.675047,,active,
eu_businesses_comprehensive_20251106_114856,,Protect Odense,"Quality insurance agencies services in Odense, Denmark. Professional and reliable business serving the local community.",,,https://www.protectodense.com,info@protectodense.com,+98-296-9359,817 Main Street,15384,,Odense,,DK,68.739184,12.404133,,active,
eu_businesses_comprehensive_20251106_114856,,Insurance Pärnu,"Quality insurance agencies services in Pärnu, Estonia. Professional and reliable business serving the local community.",,,https://www.insurancepärnu.com,info@insurancepärnu.com,+66-320-9260,779 Main Street,96444,,Pärnu,,EE,66.599436,16.30945,,active,
eu_businesses_comprehensive_20251106_114856,,Shield Espoo,"Quality insurance agencies services in Espoo, Finland. Professional and reliable business serving the local community.",,,https://www.shieldespoo.com,info@shieldespoo.com,+61-143-9803,603 King Street,24961,,Espoo,,FI,54.988607,15.376625,,active,
eu_businesses_comprehensive_20251106_114856,,Safe Larissa,"Quality insurance agencies services in Larissa, Greece. Professional and reliable business serving the local community.",,,https://www.safelarissa.com,info@safelarissa.com,+44-277-1179,262 High Street,51610,,Larissa,,GR,40.033336,21.085389,,active,
eu_businesses_comprehensive_20251106_114856,,Safe Pécs,"Quality insurance agencies services in Pécs, Hungary. Professional and reliable business serving the local community.",,,https://www.safepécs.com,info@safepécs.com,+71-276-4906,947 King Street,54454,,Pécs,,HU,42.404277,23.554146,,active,
eu_businesses_comprehensive_20251106_114856,,Protect Dublin,"Quality insurance agencies services in Dublin, Ireland. Professional and reliable business serving the local community.",,,https://www.protectdublin.com,info@protectdublin.com,+75-819-2169,505 Queen Street,74807,,Dublin,,IE,56.00202,22.179821,,active,
eu_businesses_comprehensive_20251106_114856,,Safe Turin,"Quality insurance agencies services in Turin, Italy. Professional and reliable business serving the local community.",,,https://www.safeturin.com,info@safeturin.com,+53-784-2937,124 Main Street,52926,,Turin,,IT,59.763429,12.277121,,active,
eu_businesses_comprehensive_20251106_114856,,Safe Jūrmala,"Quality insurance agencies services in Jūrmala, Latvia. Professional and reliable business serving the local community.",,,https://www.safejūrmala.com,info@safejūrmala.com,+30-209-6739,862 Queen Street,57767,,Jūrmala,,LV,46.997738,26.026342,,active,
eu_businesses_comprehensive_20251106_114856,,Protect Vilnius,"Quality insurance agencies services in Vilnius, Lithuania. Professional and reliable business serving the local community.",,,https://www.protectvilnius.com,info@protectvilnius.com,+88-410-9959,614 King Street,72905,,Vilnius,,LT,63.923787,-1.776262,,active,
eu_businesses_comprehensive_20251106_114856,,Insurance Differdange,"Quality insurance agencies services in Differdange, Luxembourg. Professional and reliable business serving the local community.",,,https://www.insurancedifferdange.com,info@insurancedifferdange.com,+49-697-2271,297 Church Street,89536,,Differdange,,LU,55.532221,3.684881,,active,
eu_businesses_comprehensive_20251106_114856,,Protect Valletta,"Quality insurance agencies services in Valletta, Malta. Professional and reliable business serving the local community.",,,https://www.protectvalletta.com,info@protectvalletta.com,+91-182-7114,185 Queen Street,87558,,Valletta,,MT,62.765595,22.564689,,active,
eu_businesses_comprehensive_20251106_114856,,Łódź Cover,"Quality insurance agencies services in Łódź, Poland. Professional and reliable business serving the local community.",,,https://www.łódźcover.com,info@łódźcover.com,+35-551-3962,668 High Street,58184,,Łódź,,PL,58.748707,18.642951,,active,
eu_businesses_comprehensive_20251106_114856,,Insurance Bucharest,"Quality insurance agencies services in Bucharest, Romania. Professional and reliable business serving the local community.",,,https://www.insurancebucharest.com,info@insurancebucharest.com,+97-715-1685,77 Church Street,11451,,Bucharest,,RO,50.09223,11.820445,,active,
eu_businesses_comprehensive_20251106_114856,,Shield Košice,"Quality insurance agencies services in Košice, Slovakia. Professional and reliable business serving the local community.",,,https://www.shieldkošice.com,info@shieldkošice.com,+62-501-9780,104 King Street,83245,,Košice,,SK,37.293081,1.896699,,active,
eu_businesses_comprehensive_20251106_114856,,Insurance Ljubljana,"Quality insurance agencies services in Ljubljana, Slovenia. Professional and reliable business serving the local community.",,,https://www.insuranceljubljana.com,info@insuranceljubljana.com,+99-380-9422,145 Main Street,32291,,Ljubljana,,SI,49.581114,-4.384626,,active,
eu_businesses_comprehensive_20251106_114856,,Safe Uppsala,"Quality insurance agencies services in Uppsala, Sweden. Professional and reliable business serving the local community.",,,https://www.safeuppsala.com,info@safeuppsala.com,+91-603-5013,489 Main Street,54003,,Uppsala,,SE,56.703273,22.616983,,active,
eu_businesses_comprehensive_20251106_114856,,Pasta Salzburg,"Quality italian restaurants services in Salzburg, Austria. Professional and reliable business serving the local community.",,,https://www.pastasalzburg.com,info@pastasalzburg.com,+43-794-7718,451 Church Street,27625,,Salzburg,,AT,36.997828,16.948564,,active,
eu_businesses_comprehensive_20251106_114856,,Italian Varna,"Quality italian restaurants services in Varna, Bulgaria. Professional and reliable business serving the local community.",,,https://www.italianvarna.com,info@italianvarna.com,+63-153-4735,351 High Street,76876,,Varna,,BG,48.067472,-6.340155,,active,
eu_businesses_comprehensive_20251106_114856,,Osijek Trattoria,"Quality italian restaurants services in Osijek, Croatia. Professional and reliable business serving the local community.",,,https://www.osijektrattoria.com,info@osijektrattoria.com,+57-834-6478,477 Queen Street,48979,,Osijek,,HR,50.240588,-4.514889,,active,
eu_businesses_comprehensive_20251106_114856,,Roma Paphos,"Quality italian restaurants services in Paphos, Cyprus. Professional and reliable business serving the local community.",,,https://www.romapaphos.com,info@romapaphos.com,+94-310-2488,44 High Street,10843,,Paphos,,CY,58.621618,-2.017697,,active,
eu_businesses_comprehensive_20251106_114856,,Bella Prague,"Quality italian restaurants services in Prague, Czech Republic. Professional and reliable business serving the local community.",,,https://www.bellaprague.com,info@bellaprague.com,+89-686-3526,92 Main Street,86845,,Prague,,CZ,41.006292,-4.930041,,active,
eu_businesses_comprehensive_20251106_114856,,Copenhagen Trattoria,"Quality italian restaurants services in Copenhagen, Denmark. Professional and reliable business serving the local community.",,,https://www.copenhagentrattoria.com,info@copenhagentrattoria.com,+64-846-2008,20 Church Street,96938,,Copenhagen,,DK,44.267977,-4.516138,,active,
eu_businesses_comprehensive_20251106_114856,,Roma Pärnu,"Quality italian restaurants services in Pärnu, Estonia. Professional and reliable business serving the local community.",,,https://www.romapärnu.com,info@romapärnu.com,+80-184-1338,875 King Street,93477,,Pärnu,,EE,46.538286,-7.612982,,active,
eu_businesses_comprehensive_20251106_114856,,Bella Vantaa,"Quality italian restaurants services in Vantaa, Finland. Professional and reliable business serving the local community.",,,https://www.bellavantaa.com,info@bellavantaa.com,+56-738-1748,88 Main Street,83317,,Vantaa,,FI,58.724716,-7.441366,,active,
eu_businesses_comprehensive_20251106_114856,,Pasta Thessaloniki,"Quality italian restaurants services in Thessaloniki, Greece. Professional and reliable business serving the local community.",,,https://www.pastathessaloniki.com,info@pastathessaloniki.com,+85-960-1091,775 Church Street,50678,,Thessaloniki,,GR,55.029429,10.010515,,active,
eu_businesses_comprehensive_20251106_114856,,Pasta Szeged,"Quality italian restaurants services in Szeged, Hungary. Professional and reliable business serving the local community.",,,https://www.pastaszeged.com,info@pastaszeged.com,+35-273-1599,77 Church Street,44445,,Szeged,,HU,49.252742,-8.842632,,active,
eu_businesses_comprehensive_20251106_114856,,Roma Dublin,"Quality italian restaurants services in Dublin, Ireland. Professional and reliable business serving the local community.",,,https://www.romadublin.com,info@romadublin.com,+80-538-6426,990 High Street,32164,,Dublin,,IE,49.506219,28.078355,,active,
eu_businesses_comprehensive_20251106_114856,,Pasta Rome,"Quality italian restaurants services in Rome, Italy. Professional and reliable business serving the local community.",,,https://www.pastarome.com,info@pastarome.com,+36-115-9041,332 Church Street,79295,,Rome,,IT,41.073731,0.271902,,active,
eu_businesses_comprehensive_20251106_114856,,Bella Liepāja,"Quality italian restaurants services in Liepāja, Latvia. Professional and reliable business serving the local community.",,,https://www.bellaliepāja.com,info@bellaliepāja.com,+63-493-2431,794 Queen Street,51978,,Liepāja,,LV,39.923597,20.155999,,active,
eu_businesses_comprehensive_20251106_114856,,Roma Šiauliai,"Quality italian restaurants services in Šiauliai, Lithuania. Professional and reliable business serving the local community.",,,https://www.romašiauliai.com,info@romašiauliai.com,+66-595-9493,193 Main Street,75965,,Šiauliai,,LT,43.933956,9.054053,,active,
eu_businesses_comprehensive_20251106_114856,,Luxembourg City Trattoria,"Quality italian restaurants services in Luxembourg City, Luxembourg. Professional and reliable business serving the local community.",,,https://www.luxembourgcitytrattoria.com,info@luxembourgcitytrattoria.com,+82-862-7575,217 Church Street,16220,,Luxembourg City,,LU,55.082374,18.458881,,active,
eu_businesses_comprehensive_20251106_114856,,Pasta Valletta,"Quality italian restaurants services in Valletta, Malta. Professional and reliable business serving the local community.",,,https://www.pastavalletta.com,info@pastavalletta.com,+86-667-7072,4 Church Street,94800,,Valletta,,MT,59.497274,10.320905,,active,
eu_businesses_comprehensive_20251106_114856,,Pasta Wrocław,"Quality italian restaurants services in Wrocław, Poland. Professional and reliable business serving the local community.",,,https://www.pastawrocław.com,info@pastawrocław.com,+53-459-2607,128 Main Street,88822,,Wrocław,,PL,35.097587,29.268311,,active,
eu_businesses_comprehensive_20251106_114856,,Roma Timișoara,"Quality italian restaurants services in Timișoara, Romania. Professional and reliable business serving the local community.",,,https://www.romatimișoara.com,info@romatimișoara.com,+89-849-5772,977 Church Street,71555,,Timișoara,,RO,64.391919,3.002247,,active,
eu_businesses_comprehensive_20251106_114856,,Pasta Žilina,"Quality italian restaurants services in Žilina, Slovakia. Professional and reliable business serving the local community.",,,https://www.pastažilina.com,info@pastažilina.com,+62-421-3970,295 King Street,83084,,Žilina,,SK,47.222045,22.682646,,active,
eu_businesses_comprehensive_20251106_114856,,Roma Maribor,"Quality italian restaurants services in Maribor, Slovenia. Professional and reliable business serving the local community.",,,https://www.romamaribor.com,info@romamaribor.com,+98-461-6201,282 Church Street,30279,,Maribor,,SI,54.362489,17.94717,,active,
eu_businesses_comprehensive_20251106_114856,,Bella Uppsala,"Quality italian restaurants services in Uppsala, Sweden. Professional and reliable business serving the local community.",,,https://www.bellauppsala.com,info@bellauppsala.com,+55-922-5297,472 Church Street,61112,,Uppsala,,SE,42.739639,17.988088,,active,
eu_businesses_comprehensive_20251106_114856,,Diamond Innsbruck,"Quality jewelry stores services in Innsbruck, Austria. Professional and reliable business serving the local community.",,,https://www.diamondinnsbruck.com,info@diamondinnsbruck.com,+42-776-7618,409 High Street,19607,,Innsbruck,,AT,51.07846,-3.423157,,active,
eu_businesses_comprehensive_20251106_114856,,Sparkle Varna,"Quality jewelry stores services in Varna, Bulgaria. Professional and reliable business serving the local community.",,,https://www.sparklevarna.com,info@sparklevarna.com,+97-973-7445,788 High Street,30175,,Varna,,BG,57.483635,-5.078454,,active,
eu_businesses_comprehensive_20251106_114856,,Gold Zagreb,"Quality jewelry stores services in Zagreb, Croatia. Professional and reliable business serving the local community.",,,https://www.goldzagreb.com,info@goldzagreb.com,+50-366-6093,437 Main Street,81433,,Zagreb,,HR,64.138316,10.286744,,active,
eu_businesses_comprehensive_20251106_114856,,Jewelry Limassol,"Quality jewelry stores services in Limassol, Cyprus. Professional and reliable business serving the local community.",,,https://www.jewelrylimassol.com,info@jewelrylimassol.com,+69-172-1994,753 Queen Street,83994,,Limassol,,CY,44.490185,-0.744631,,active,
eu_businesses_comprehensive_20251106_114856,,Gold Plzen,"Quality jewelry stores services in Plzen, Czech Republic. Professional and reliable business serving the local community.",,,https://www.goldplzen.com,info@goldplzen.com,+51-964-5727,7 Main Street,78843,,Plzen,,CZ,57.910218,25.954174,,active,
eu_businesses_comprehensive_20251106_114856,,Gold Copenhagen,"Quality jewelry stores services in Copenhagen, Denmark. Professional and reliable business serving the local community.",,,https://www.goldcopenhagen.com,info@goldcopenhagen.com,+56-143-9440,34 Main Street,52265,,Copenhagen,,DK,49.844957,-4.023023,,active,
eu_businesses_comprehensive_20251106_114856,,Gold Narva,"Quality jewelry stores services in Narva, Estonia. Professional and reliable business serving the local community.",,,https://www.goldnarva.com,info@goldnarva.com,+61-343-7275,194 King Street,48212,,Narva,,EE,37.35361,2.922126,,active,
eu_businesses_comprehensive_20251106_114856,,Tampere Gems,"Quality jewelry stores services in Tampere, Finland. Professional and reliable business serving the local community.",,,https://www.tamperegems.com,info@tamperegems.com,+72-581-3061,490 King Street,86640,,Tampere,,FI,66.051906,19.635316,,active,
eu_businesses_comprehensive_20251106_114856,,Thessaloniki Gems,"Quality jewelry stores services in Thessaloniki, Greece. Professional and reliable business serving the local community.",,,https://www.thessalonikigems.com,info@thessalonikigems.com,+53-824-5218,461 Main Street,26252,,Thessaloniki,,GR,59.105902,17.745685,,active,
eu_businesses_comprehensive_20251106_114856,,Sparkle Pécs,"Quality jewelry stores services in Pécs, Hungary. Professional and reliable business serving the local community.",,,https://www.sparklepécs.com,info@sparklepécs.com,+40-859-6251,946 King Street,69318,,Pécs,,HU,64.405716,21.738262,,active,
eu_businesses_comprehensive_20251106_114856,,Sparkle Galway,"Quality jewelry stores services in Galway, Ireland. Professional and reliable business serving the local community.",,,https://www.sparklegalway.com,info@sparklegalway.com,+67-836-6578,759 King Street,99564,,Galway,,IE,43.522435,28.560385,,active,
eu_businesses_comprehensive_20251106_114856,,Jewelry Naples,"Quality jewelry stores services in Naples, Italy. Professional and reliable business serving the local community.",,,https://www.jewelrynaples.com,info@jewelrynaples.com,+66-533-6367,174 Queen Street,41991,,Naples,,IT,45.104305,-6.035455,,active,
eu_businesses_comprehensive_20251106_114856,,Gold Liepāja,"Quality jewelry stores services in Liepāja, Latvia. Professional and reliable business serving the local community.",,,https://www.goldliepāja.com,info@goldliepāja.com,+82-439-2671,620 High Street,95717,,Liepāja,,LV,69.289093,11.582274,,active,
eu_businesses_comprehensive_20251106_114856,,Jewelry Vilnius,"Quality jewelry stores services in Vilnius, Lithuania. Professional and reliable business serving the local community.",,,https://www.jewelryvilnius.com,info@jewelryvilnius.com,+31-838-5593,720 Church Street,83050,,Vilnius,,LT,69.629565,20.636519,,active,
eu_businesses_comprehensive_20251106_114856,,Differdange Gems,"Quality jewelry stores services in Differdange, Luxembourg. Professional and reliable business serving the local community.",,,https://www.differdangegems.com,info@differdangegems.com,+83-143-9439,580 King Street,69565,,Differdange,,LU,53.342654,10.025333,,active,
eu_businesses_comprehensive_20251106_114856,,Jewelry Birkirkara,"Quality jewelry stores services in Birkirkara, Malta. Professional and reliable business serving the local community.",,,https://www.jewelrybirkirkara.com,info@jewelrybirkirkara.com,+68-946-7884,714 High Street,92606,,Birkirkara,,MT,50.418909,8.150457,,active,
eu_businesses_comprehensive_20251106_114856,,Warsaw Gems,"Quality jewelry stores services in Warsaw, Poland. Professional and reliable business serving the local community.",,,https://www.warsawgems.com,info@warsawgems.com,+34-107-5159,566 King Street,91331,,Warsaw,,PL,60.570955,2.319179,,active,
eu_businesses_comprehensive_20251106_114856,,Jewelry Constanța,"Quality jewelry stores services in Constanța, Romania. Professional and reliable business serving the local community.",,,https://www.jewelryconstanța.com,info@jewelryconstanța.com,+94-938-4229,183 King Street,87168,,Constanța,,RO,68.847837,-6.608575,,active,
eu_businesses_comprehensive_20251106_114856,,Jewelry Košice,"Quality jewelry stores services in Košice, Slovakia. Professional and reliable business serving the local community.",,,https://www.jewelrykošice.com,info@jewelrykošice.com,+58-388-1808,481 Main Street,77659,,Košice,,SK,67.735998,4.497959,,active,
eu_businesses_comprehensive_20251106_114856,,Gold Ljubljana,"Quality jewelry stores services in Ljubljana, Slovenia. Professional and reliable business serving the local community.",,,https://www.goldljubljana.com,info@goldljubljana.com,+40-189-9070,161 Main Street,41462,,Ljubljana,,SI,64.880463,0.301355,,active,
eu_businesses_comprehensive_20251106_114856,,Jewelry Malmö,"Quality jewelry stores services in Malmö, Sweden. Professional and reliable business serving the local community.",,,https://www.jewelrymalmö.com,info@jewelrymalmö.com,+49-478-4304,156 Queen Street,33506,,Malmö,,SE,49.573001,20.478334,,active,
eu_businesses_comprehensive_20251106_114856,,Justice Graz,"Quality legal services services in Graz, Austria. Professional and reliable business serving the local community.",,,https://www.justicegraz.com,info@justicegraz.com,+44-622-9531,205 High Street,40939,,Graz,,AT,69.099186,19.91394,,active,
eu_businesses_comprehensive_20251106_114856,,Varna Associates,"Quality legal services services in Varna, Bulgaria. Professional and reliable business serving the local community.",,,https://www.varnaassociates.com,info@varnaassociates.com,+85-427-8307,276 Queen Street,57892,,Varna,,BG,42.346551,17.623788,,active,
eu_businesses_comprehensive_20251106_114856,,Split Associates,"Quality legal services services in Split, Croatia. Professional and reliable business serving the local community.",,,https://www.splitassociates.com,info@splitassociates.com,+30-252-5411,501 King Street,53391,,Split,,HR,53.473172,11.501368,,active,
eu_businesses_comprehensive_20251106_114856,,Law Paphos,"Quality legal services services in Paphos, Cyprus. Professional and reliable business serving the local community.",,,https://www.lawpaphos.com,info@lawpaphos.com,+37-348-8631,806 Queen Street,20868,,Paphos,,CY,65.253751,-3.33243,,active,
eu_businesses_comprehensive_20251106_114856,,Legal Brno,"Quality legal services services in Brno, Czech Republic. Professional and reliable business serving the local community.",,,https://www.legalbrno.com,info@legalbrno.com,+61-332-8095,992 High Street,20975,,Brno,,CZ,36.668966,18.869238,,active,
eu_businesses_comprehensive_20251106_114856,,Law Esbjerg,"Quality legal services services in Esbjerg, Denmark. Professional and reliable business serving the local community.",,,https://www.lawesbjerg.com,info@lawesbjerg.com,+56-350-8368,195 Queen Street,18269,,Esbjerg,,DK,35.89904,19.081323,,active,
eu_businesses_comprehensive_20251106_114856,,Rights Kohtla-Järve,"Quality legal services services in Kohtla-Järve, Estonia. Professional and reliable business serving the local community.",,,https://www.rightskohtla-järve.com,info@rightskohtla-järve.com,+90-162-8698,860 High Street,79410,,Kohtla-Järve,,EE,65.959771,10.778464,,active,
eu_businesses_comprehensive_20251106_114856,,Legal Espoo,"Quality legal services services in Espoo, Finland. Professional and reliable business serving the local community.",,,https://www.legalespoo.com,info@legalespoo.com,+55-667-1994,915 Church Street,57724,,Espoo,,FI,61.721585,2.77745,,active,
eu_businesses_comprehensive_20251106_114856,,Rights Thessaloniki,"Quality legal services services in Thessaloniki, Greece. Professional and reliable business serving the local community.",,,https://www.rightsthessaloniki.com,info@rightsthessaloniki.com,+79-433-5417,251 King Street,56665,,Thessaloniki,,GR,39.784714,3.680081,,active,
eu_businesses_comprehensive_20251106_114856,,Legal Budapest,"Quality legal services services in Budapest, Hungary. Professional and reliable business serving the local community.",,,https://www.legalbudapest.com,info@legalbudapest.com,+58-994-6937,525 Main Street,31102,,Budapest,,HU,37.950886,26.775475,,active,
eu_businesses_comprehensive_20251106_114856,,Legal Galway,"Quality legal services services in Galway, Ireland. Professional and reliable business serving the local community.",,,https://www.legalgalway.com,info@legalgalway.com,+74-836-7699,381 High Street,93221,,Galway,,IE,55.068976,13.559611,,active,
eu_businesses_comprehensive_20251106_114856,,Law Milan,"Quality legal services services in Milan, Italy. Professional and reliable business serving the local community.",,,https://www.lawmilan.com,info@lawmilan.com,+66-166-5855,145 King Street,19857,,Milan,,IT,58.067471,16.920307,,active,
eu_businesses_comprehensive_20251106_114856,,Jelgava Associates,"Quality legal services services in Jelgava, Latvia. Professional and reliable business serving the local community.",,,https://www.jelgavaassociates.com,info@jelgavaassociates.com,+79-571-1856,785 Main Street,27180,,Jelgava,,LV,63.876047,2.197561,,active,
eu_businesses_comprehensive_20251106_114856,,Kaunas Associates,"Quality legal services services in Kaunas, Lithuania. Professional and reliable business serving the local community.",,,https://www.kaunasassociates.com,info@kaunasassociates.com,+33-814-5070,719 High Street,17006,,Kaunas,,LT,59.53497,0.304788,,active,
eu_businesses_comprehensive_20251106_114856,,Justice Luxembourg City,"Quality legal services services in Luxembourg City, Luxembourg. Professional and reliable business serving the local community.",,,https://www.justiceluxembourgcity.com,info@justiceluxembourgcity.com,+30-846-4507,340 High Street,14583,,Luxembourg City,,LU,43.920195,21.103391,,active,
eu_businesses_comprehensive_20251106_114856,,Legal St. Julian's,"Quality legal services services in St. Julian's, Malta. Professional and reliable business serving the local community.",,,https://www.legalst.julian's.com,info@legalst.julian's.com,+67-559-4299,365 High Street,85674,,St. Julian's,,MT,44.365421,7.046083,,active,
eu_businesses_comprehensive_20251106_114856,,Poznań Associates,"Quality legal services services in Poznań, Poland. Professional and reliable business serving the local community.",,,https://www.poznańassociates.com,info@poznańassociates.com,+73-597-6954,993 King Street,88344,,Poznań,,PL,41.158325,23.618518,,active,
eu_businesses_comprehensive_20251106_114856,,Legal Bucharest,"Quality legal services services in Bucharest, Romania. Professional and reliable business serving the local community.",,,https://www.legalbucharest.com,info@legalbucharest.com,+83-177-7695,599 Main Street,34164,,Bucharest,,RO,54.915304,4.806815,,active,
eu_businesses_comprehensive_20251106_114856,,Justice Prešov,"Quality legal services services in Prešov, Slovakia. Professional and reliable business serving the local community.",,,https://www.justiceprešov.com,info@justiceprešov.com,+56-296-6199,395 King Street,60114,,Prešov,,SK,43.020422,16.428865,,active,
eu_businesses_comprehensive_20251106_114856,,Rights Ljubljana,"Quality legal services services in Ljubljana, Slovenia. Professional and reliable business serving the local community.",,,https://www.rightsljubljana.com,info@rightsljubljana.com,+81-199-9056,608 High Street,79813,,Ljubljana,,SI,44.007133,10.070751,,active,
eu_businesses_comprehensive_20251106_114856,,Justice Gothenburg,"Quality legal services services in Gothenburg, Sweden. Professional and reliable business serving the local community.",,,https://www.justicegothenburg.com,info@justicegothenburg.com,+34-642-2757,99 Main Street,81444,,Gothenburg,,SE,49.945012,21.060419,,active,
eu_businesses_comprehensive_20251106_114856,,Library Innsbruck,"Quality libraries services in Innsbruck, Austria. Professional and reliable business serving the local community.",,,https://www.libraryinnsbruck.com,info@libraryinnsbruck.com,+47-479-7404,134 Church Street,37197,,Innsbruck,,AT,52.036528,3.229372,,active,
eu_businesses_comprehensive_20251106_114856,,Study Plovdiv,"Quality libraries services in Plovdiv, Bulgaria. Professional and reliable business serving the local community.",,,https://www.studyplovdiv.com,info@studyplovdiv.com,+70-601-1867,2 Queen Street,73086,,Plovdiv,,BG,55.651805,-3.204654,,active,
eu_businesses_comprehensive_20251106_114856,,Books Split,"Quality libraries services in Split, Croatia. Professional and reliable business serving the local community.",,,https://www.bookssplit.com,info@bookssplit.com,+31-762-6846,63 Queen Street,36539,,Split,,HR,35.038533,3.243304,,active,
eu_businesses_comprehensive_20251106_114856,,Study Limassol,"Quality libraries services in Limassol, Cyprus. Professional and reliable business serving the local community.",,,https://www.studylimassol.com,info@studylimassol.com,+48-972-7377,47 Queen Street,88038,,Limassol,,CY,68.518198,23.005203,,active,
eu_businesses_comprehensive_20251106_114856,,Library Brno,"Quality libraries services in Brno, Czech Republic. Professional and reliable business serving the local community.",,,https://www.librarybrno.com,info@librarybrno.com,+38-641-5390,562 High Street,88122,,Brno,,CZ,68.814111,11.643415,,active,
eu_businesses_comprehensive_20251106_114856,,Study Copenhagen,"Quality libraries services in Copenhagen, Denmark. Professional and reliable business serving the local community.",,,https://www.studycopenhagen.com,info@studycopenhagen.com,+97-511-1811,822 High Street,76820,,Copenhagen,,DK,61.467873,-5.457531,,active,
eu_businesses_comprehensive_20251106_114856,,Books Tallinn,"Quality libraries services in Tallinn, Estonia. Professional and reliable business serving the local community.",,,https://www.bookstallinn.com,info@bookstallinn.com,+55-540-8175,327 King Street,13050,,Tallinn,,EE,56.888982,28.182382,,active,
eu_businesses_comprehensive_20251106_114856,,Library Vantaa,"Quality libraries services in Vantaa, Finland. Professional and reliable business serving the local community.",,,https://www.libraryvantaa.com,info@libraryvantaa.com,+48-794-6601,451 High Street,31873,,Vantaa,,FI,51.955926,1.101657,,active,
eu_businesses_comprehensive_20251106_114856,,Study Athens,"Quality libraries services in Athens, Greece. Professional and reliable business serving the local community.",,,https://www.studyathens.com,info@studyathens.com,+76-729-1630,723 Queen Street,89423,,Athens,,GR,41.63003,-0.577298,,active,
eu_businesses_comprehensive_20251106_114856,,Books Budapest,"Quality libraries services in Budapest, Hungary. Professional and reliable business serving the local community.",,,https://www.booksbudapest.com,info@booksbudapest.com,+90-720-2626,616 Church Street,93257,,Budapest,,HU,66.352326,26.629732,,active,
eu_businesses_comprehensive_20251106_114856,,Library Limerick,"Quality libraries services in Limerick, Ireland. Professional and reliable business serving the local community.",,,https://www.librarylimerick.com,info@librarylimerick.com,+38-845-3608,797 Queen Street,24956,,Limerick,,IE,36.760988,6.701131,,active,
eu_businesses_comprehensive_20251106_114856,,Books Rome,"Quality libraries services in Rome, Italy. Professional and reliable business serving the local community.",,,https://www.booksrome.com,info@booksrome.com,+91-137-6226,770 Main Street,39721,,Rome,,IT,42.645789,26.195733,,active,
eu_businesses_comprehensive_20251106_114856,,Liepāja Archive,"Quality libraries services in Liepāja, Latvia. Professional and reliable business serving the local community.",,,https://www.liepājaarchive.com,info@liepājaarchive.com,+71-267-5530,466 Queen Street,42731,,Liepāja,,LV,67.254997,-7.071977,,active,
eu_businesses_comprehensive_20251106_114856,,Books Šiauliai,"Quality libraries services in Šiauliai, Lithuania. Professional and reliable business serving the local community.",,,https://www.booksšiauliai.com,info@booksšiauliai.com,+65-585-5410,805 King Street,66681,,Šiauliai,,LT,68.233832,14.760889,,active,
eu_businesses_comprehensive_20251106_114856,,Library Luxembourg City,"Quality libraries services in Luxembourg City, Luxembourg. Professional and reliable business serving the local community.",,,https://www.libraryluxembourgcity.com,info@libraryluxembourgcity.com,+86-247-2031,500 High Street,91097,,Luxembourg City,,LU,36.503689,10.544405,,active,
eu_businesses_comprehensive_20251106_114856,,Sliema Archive,"Quality libraries services in Sliema, Malta. Professional and reliable business serving the local community.",,,https://www.sliemaarchive.com,info@sliemaarchive.com,+31-708-3824,206 Main Street,58694,,Sliema,,MT,66.22683,23.768691,,active,
eu_businesses_comprehensive_20251106_114856,,Knowledge Wrocław,"Quality libraries services in Wrocław, Poland. Professional and reliable business serving the local community.",,,https://www.knowledgewrocław.com,info@knowledgewrocław.com,+80-519-9732,115 Queen Street,56305,,Wrocław,,PL,44.231087,29.396297,,active,
eu_businesses_comprehensive_20251106_114856,,Knowledge Cluj-Napoca,"Quality libraries services in Cluj-Napoca, Romania. Professional and reliable business serving the local community.",,,https://www.knowledgecluj-napoca.com,info@knowledgecluj-napoca.com,+33-790-6495,113 Church Street,44554,,Cluj-Napoca,,RO,48.620688,1.703954,,active,
eu_businesses_comprehensive_20251106_114856,,Library Banská Bystrica,"Quality libraries services in Banská Bystrica, Slovakia. Professional and reliable business serving the local community.",,,https://www.librarybanskábystrica.com,info@librarybanskábystrica.com,+68-494-4609,27 King Street,41012,,Banská Bystrica,,SK,58.978323,3.439818,,active,
eu_businesses_comprehensive_20251106_114856,,Study Maribor,"Quality libraries services in Maribor, Slovenia. Professional and reliable business serving the local community.",,,https://www.studymaribor.com,info@studymaribor.com,+62-162-5300,727 Church Street,54280,,Maribor,,SI,65.856342,26.897452,,active,
eu_businesses_comprehensive_20251106_114856,,Books Gothenburg,"Quality libraries services in Gothenburg, Sweden. Professional and reliable business serving the local community.",,,https://www.booksgothenburg.com,info@booksgothenburg.com,+81-891-2263,763 Queen Street,43512,,Gothenburg,,SE,66.841154,29.774099,,active,
eu_businesses_comprehensive_20251106_114856,,Medical Linz,"Quality medical laboratories services in Linz, Austria. Professional and reliable business serving the local community.",,,https://www.medicallinz.com,info@medicallinz.com,+58-485-6308,750 King Street,87526,,Linz,,AT,39.411047,3.906068,,active,
eu_businesses_comprehensive_20251106_114856,,Ruse Testing,"Quality medical laboratories services in Ruse, Bulgaria. Professional and reliable business serving the local community.",,,https://www.rusetesting.com,info@rusetesting.com,+95-124-1729,288 High Street,73362,,Ruse,,BG,42.943265,13.958153,,active,
eu_businesses_comprehensive_20251106_114856,,Analysis Zagreb,"Quality medical laboratories services in Zagreb, Croatia. Professional and reliable business serving the local community.",,,https://www.analysiszagreb.com,info@analysiszagreb.com,+87-140-2073,543 High Street,33438,,Zagreb,,HR,65.826281,-8.540362,,active,
eu_businesses_comprehensive_20251106_114856,,Lab Paphos,"Quality medical laboratories services in Paphos, Cyprus. Professional and reliable business serving the local community.",,,https://www.labpaphos.com,info@labpaphos.com,+50-370-5205,614 King Street,75722,,Paphos,,CY,45.524605,-1.290782,,active,
eu_businesses_comprehensive_20251106_114856,,Health Brno,"Quality medical laboratories services in Brno, Czech Republic. Professional and reliable business serving the local community.",,,https://www.healthbrno.com,info@healthbrno.com,+37-130-1361,697 Church Street,18926,,Brno,,CZ,68.831213,27.882042,,active,
eu_businesses_comprehensive_20251106_114856,,Analysis Aalborg,"Quality medical laboratories services in Aalborg, Denmark. Professional and reliable business serving the local community.",,,https://www.analysisaalborg.com,info@analysisaalborg.com,+57-258-5156,487 Main Street,96908,,Aalborg,,DK,53.154554,17.054187,,active,
eu_businesses_comprehensive_20251106_114856,,Lab Tartu,"Quality medical laboratories services in Tartu, Estonia. Professional and reliable business serving the local community.",,,https://www.labtartu.com,info@labtartu.com,+81-391-2121,919 Church Street,50757,,Tartu,,EE,41.704873,-2.760967,,active,
eu_businesses_comprehensive_20251106_114856,,Lab Helsinki,"Quality medical laboratories services in Helsinki, Finland. Professional and reliable business serving the local community.",,,https://www.labhelsinki.com,info@labhelsinki.com,+61-561-7237,87 Main Street,27558,,Helsinki,,FI,63.710811,4.34576,,active,
eu_businesses_comprehensive_20251106_114856,,Lab Larissa,"Quality medical laboratories services in Larissa, Greece. Professional and reliable business serving the local community.",,,https://www.lablarissa.com,info@lablarissa.com,+62-454-1760,326 King Street,34947,,Larissa,,GR,53.047682,17.733265,,active,
eu_businesses_comprehensive_20251106_114856,,Health Budapest,"Quality medical laboratories services in Budapest, Hungary. Professional and reliable business serving the local community.",,,https://www.healthbudapest.com,info@healthbudapest.com,+53-257-6937,614 Main Street,88687,,Budapest,,HU,56.91129,10.912551,,active,
eu_businesses_comprehensive_20251106_114856,,Lab Limerick,"Quality medical laboratories services in Limerick, Ireland. Professional and reliable business serving the local community.",,,https://www.lablimerick.com,info@lablimerick.com,+39-595-9932,50 Main Street,14799,,Limerick,,IE,64.011658,6.790094,,active,
eu_businesses_comprehensive_20251106_114856,,Health Naples,"Quality medical laboratories services in Naples, Italy. Professional and reliable business serving the local community.",,,https://www.healthnaples.com,info@healthnaples.com,+76-850-1736,779 Church Street,86060,,Naples,,IT,58.18607,29.108142,,active,
eu_businesses_comprehensive_20251106_114856,,Jelgava Testing,"Quality medical laboratories services in Jelgava, Latvia. Professional and reliable business serving the local community.",,,https://www.jelgavatesting.com,info@jelgavatesting.com,+87-462-5048,476 High Street,31573,,Jelgava,,LV,65.909223,-9.821906,,active,
eu_businesses_comprehensive_20251106_114856,,Analysis Klaipėda,"Quality medical laboratories services in Klaipėda, Lithuania. Professional and reliable business serving the local community.",,,https://www.analysisklaipėda.com,info@analysisklaipėda.com,+65-797-2618,330 Queen Street,41454,,Klaipėda,,LT,38.583877,-3.882075,,active,
eu_businesses_comprehensive_20251106_114856,,Lab Luxembourg City,"Quality medical laboratories services in Luxembourg City, Luxembourg. Professional and reliable business serving the local community.",,,https://www.labluxembourgcity.com,info@labluxembourgcity.com,+68-398-5446,622 Church Street,46182,,Luxembourg City,,LU,55.08865,26.475874,,active,
eu_businesses_comprehensive_20251106_114856,,Analysis Birkirkara,"Quality medical laboratories services in Birkirkara, Malta. Professional and reliable business serving the local community.",,,https://www.analysisbirkirkara.com,info@analysisbirkirkara.com,+40-864-6225,681 Main Street,44885,,Birkirkara,,MT,68.821765,19.942719,,active,
eu_businesses_comprehensive_20251106_114856,,Łódź Testing,"Quality medical laboratories services in Łódź, Poland. Professional and reliable business serving the local community.",,,https://www.łódźtesting.com,info@łódźtesting.com,+84-252-9177,975 Queen Street,89744,,Łódź,,PL,57.551553,6.978982,,active,
eu_businesses_comprehensive_20251106_114856,,Iași Testing,"Quality medical laboratories services in Iași, Romania. Professional and reliable business serving the local community.",,,https://www.iașitesting.com,info@iașitesting.com,+44-488-9154,808 Main Street,34619,,Iași,,RO,63.952186,24.931834,,active,
eu_businesses_comprehensive_20251106_114856,,Medical Košice,"Quality medical laboratories services in Košice, Slovakia. Professional and reliable business serving the local community.",,,https://www.medicalkošice.com,info@medicalkošice.com,+75-741-7244,412 Main Street,58799,,Košice,,SK,65.616636,-1.410061,,active,
eu_businesses_comprehensive_20251106_114856,,Lab Koper,"Quality medical laboratories services in Koper, Slovenia. Professional and reliable business serving the local community.",,,https://www.labkoper.com,info@labkoper.com,+62-171-9060,907 Main Street,27365,,Koper,,SI,57.00296,9.441901,,active,
eu_businesses_comprehensive_20251106_114856,,Analysis Stockholm,"Quality medical laboratories services in Stockholm, Sweden. Professional and reliable business serving the local community.",,,https://www.analysisstockholm.com,info@analysisstockholm.com,+33-317-7247,87 Main Street,93683,,Stockholm,,SE,66.317441,18.181539,,active,
eu_businesses_comprehensive_20251106_114856,,Culture Linz,"Quality museums services in Linz, Austria. Professional and reliable business serving the local community.",,,https://www.culturelinz.com,info@culturelinz.com,+60-545-9241,194 Main Street,38492,,Linz,,AT,40.50072,22.962338,,active,
eu_businesses_comprehensive_20251106_114856,,Museum Ruse,"Quality museums services in Ruse, Bulgaria. Professional and reliable business serving the local community.",,,https://www.museumruse.com,info@museumruse.com,+33-114-2733,79 High Street,41748,,Ruse,,BG,59.466524,-2.817341,,active,
eu_businesses_comprehensive_20251106_114856,,Zadar Heritage,"Quality museums services in Zadar, Croatia. Professional and reliable business serving the local community.",,,https://www.zadarheritage.com,info@zadarheritage.com,+52-943-5623,113 Church Street,43478,,Zadar,,HR,44.905908,12.502433,,active,
eu_businesses_comprehensive_20251106_114856,,Limassol Heritage,"Quality museums services in Limassol, Cyprus. Professional and reliable business serving the local community.",,,https://www.limassolheritage.com,info@limassolheritage.com,+38-194-2622,183 Queen Street,72494,,Limassol,,CY,44.355456,11.392283,,active,
eu_businesses_comprehensive_20251106_114856,,Ostrava Heritage,"Quality museums services in Ostrava, Czech Republic. Professional and reliable business serving the local community.",,,https://www.ostravaheritage.com,info@ostravaheritage.com,+42-332-6505,355 Queen Street,85871,,Ostrava,,CZ,39.163007,3.904912,,active,
eu_businesses_comprehensive_20251106_114856,,Gallery Aarhus,"Quality museums services in Aarhus, Denmark. Professional and reliable business serving the local community.",,,https://www.galleryaarhus.com,info@galleryaarhus.com,+85-630-4690,44 Main Street,87320,,Aarhus,,DK,62.644138,11.666573,,active,
eu_businesses_comprehensive_20251106_114856,,History Pärnu,"Quality museums services in Pärnu, Estonia. Professional and reliable business serving the local community.",,,https://www.historypärnu.com,info@historypärnu.com,+69-798-1126,961 Queen Street,88853,,Pärnu,,EE,54.320424,20.69304,,active,
eu_businesses_comprehensive_20251106_114856,,Museum Oulu,"Quality museums services in Oulu, Finland. Professional and reliable business serving the local community.",,,https://www.museumoulu.com,info@museumoulu.com,+51-542-6412,629 Church Street,47315,,Oulu,,FI,68.782015,-1.264019,,active,
eu_businesses_comprehensive_20251106_114856,,Patras Heritage,"Quality museums services in Patras, Greece. Professional and reliable business serving the local community.",,,https://www.patrasheritage.com,info@patrasheritage.com,+33-942-6258,909 Queen Street,36798,,Patras,,GR,46.215851,24.417148,,active,
eu_businesses_comprehensive_20251106_114856,,Museum Pécs,"Quality museums services in Pécs, Hungary. Professional and reliable business serving the local community.",,,https://www.museumpécs.com,info@museumpécs.com,+93-351-9627,140 King Street,18079,,Pécs,,HU,36.187629,18.973355,,active,
eu_businesses_comprehensive_20251106_114856,,History Cork,"Quality museums services in Cork, Ireland. Professional and reliable business serving the local community.",,,https://www.historycork.com,info@historycork.com,+42-655-3252,429 Queen Street,69364,,Cork,,IE,40.941487,29.149713,,active,
eu_businesses_comprehensive_20251106_114856,,Milan Heritage,"Quality museums services in Milan, Italy. Professional and reliable business serving the local community.",,,https://www.milanheritage.com,info@milanheritage.com,+96-623-5906,318 Queen Street,93644,,Milan,,IT,58.431443,-3.246731,,active,
eu_businesses_comprehensive_20251106_114856,,Daugavpils Heritage,"Quality museums services in Daugavpils, Latvia. Professional and reliable business serving the local community.",,,https://www.daugavpilsheritage.com,info@daugavpilsheritage.com,+78-267-7162,82 King Street,97772,,Daugavpils,,LV,52.146873,-5.638131,,active,
eu_businesses_comprehensive_20251106_114856,,Šiauliai Heritage,"Quality museums services in Šiauliai, Lithuania. Professional and reliable business serving the local community.",,,https://www.šiauliaiheritage.com,info@šiauliaiheritage.com,+80-734-1761,418 Queen Street,58654,,Šiauliai,,LT,53.153596,14.500273,,active,
eu_businesses_comprehensive_20251106_114856,,Museum Dudelange,"Quality museums services in Dudelange, Luxembourg. Professional and reliable business serving the local community.",,,https://www.museumdudelange.com,info@museumdudelange.com,+62-604-1332,670 High Street,14203,,Dudelange,,LU,43.57144,3.382389,,active,
eu_businesses_comprehensive_20251106_114856,,History Qormi,"Quality museums services in Qormi, Malta. Professional and reliable business serving the local community.",,,https://www.historyqormi.com,info@historyqormi.com,+83-236-5838,80 King Street,29033,,Qormi,,MT,45.966176,2.777087,,active,
eu_businesses_comprehensive_20251106_114856,,History Warsaw,"Quality museums services in Warsaw, Poland. Professional and reliable business serving the local community.",,,https://www.historywarsaw.com,info@historywarsaw.com,+44-982-2775,518 Church Street,40998,,Warsaw,,PL,68.697487,6.801194,,active,
eu_businesses_comprehensive_20251106_114856,,Museum Constanța,"Quality museums services in Constanța, Romania. Professional and reliable business serving the local community.",,,https://www.museumconstanța.com,info@museumconstanța.com,+82-361-5962,504 Church Street,44413,,Constanța,,RO,49.756769,0.766255,,active,
eu_businesses_comprehensive_20251106_114856,,Prešov Heritage,"Quality museums services in Prešov, Slovakia. Professional and reliable business serving the local community.",,,https://www.prešovheritage.com,info@prešovheritage.com,+71-288-4449,631 Queen Street,50473,,Prešov,,SK,36.609333,13.728123,,active,
eu_businesses_comprehensive_20251106_114856,,Koper Heritage,"Quality museums services in Koper, Slovenia. Professional and reliable business serving the local community.",,,https://www.koperheritage.com,info@koperheritage.com,+83-832-4443,665 King Street,17565,,Koper,,SI,56.253009,26.313286,,active,
eu_businesses_comprehensive_20251106_114856,,History Uppsala,"Quality museums services in Uppsala, Sweden. Professional and reliable business serving the local community.",,,https://www.historyuppsala.com,info@historyuppsala.com,+65-159-2766,507 Queen Street,84612,,Uppsala,,SE,36.159262,17.835631,,active,
eu_businesses_comprehensive_20251106_114856,,Sound Salzburg,"Quality music services in Salzburg, Austria. Professional and reliable business serving the local community.",,,https://www.soundsalzburg.com,info@soundsalzburg.com,+69-835-1953,525 Queen Street,12751,,Salzburg,,AT,38.958791,-2.227797,,active,
eu_businesses_comprehensive_20251106_114856,,Harmony Ruse,"Quality music services in Ruse, Bulgaria. Professional and reliable business serving the local community.",,,https://www.harmonyruse.com,info@harmonyruse.com,+59-607-2107,331 Main Street,87117,,Ruse,,BG,45.830192,0.190842,,active,
eu_businesses_comprehensive_20251106_114856,,Sound Zagreb,"Quality music services in Zagreb, Croatia. Professional and reliable business serving the local community.",,,https://www.soundzagreb.com,info@soundzagreb.com,+85-592-7028,115 High Street,57614,,Zagreb,,HR,41.767848,24.316959,,active,
eu_businesses_comprehensive_20251106_114856,,Larnaca Studio,"Quality music services in Larnaca, Cyprus. Professional and reliable business serving the local community.",,,https://www.larnacastudio.com,info@larnacastudio.com,+83-968-7976,846 High Street,68634,,Larnaca,,CY,59.935036,11.469646,,active,
eu_businesses_comprehensive_20251106_114856,,Sound Brno,"Quality music services in Brno, Czech Republic. Professional and reliable business serving the local community.",,,https://www.soundbrno.com,info@soundbrno.com,+97-615-9589,367 Church Street,27072,,Brno,,CZ,62.279891,2.412539,,active,
eu_businesses_comprehensive_20251106_114856,,Melody Esbjerg,"Quality music services in Esbjerg, Denmark. Professional and reliable business serving the local community.",,,https://www.melodyesbjerg.com,info@melodyesbjerg.com,+63-495-4401,380 High Street,35497,,Esbjerg,,DK,56.182564,3.052197,,active,
eu_businesses_comprehensive_20251106_114856,,Pärnu Studio,"Quality music services in Pärnu, Estonia. Professional and reliable business serving the local community.",,,https://www.pärnustudio.com,info@pärnustudio.com,+47-869-7276,925 Queen Street,51652,,Pärnu,,EE,60.539925,0.697766,,active,
eu_businesses_comprehensive_20251106_114856,,Helsinki Studio,"Quality music services in Helsinki, Finland. Professional and reliable business serving the local community.",,,https://www.helsinkistudio.com,info@helsinkistudio.com,+50-293-1239,788 Queen Street,30193,,Helsinki,,FI,47.695896,5.222669,,active,
eu_businesses_comprehensive_20251106_114856,,Harmony Athens,"Quality music services in Athens, Greece. Professional and reliable business serving the local community.",,,https://www.harmonyathens.com,info@harmonyathens.com,+38-699-2992,447 Church Street,83173,,Athens,,GR,66.129031,20.69783,,active,
eu_businesses_comprehensive_20251106_114856,,Debrecen Studio,"Quality music services in Debrecen, Hungary. Professional and reliable business serving the local community.",,,https://www.debrecenstudio.com,info@debrecenstudio.com,+56-896-1872,390 Main Street,16233,,Debrecen,,HU,44.564885,-3.867488,,active,
eu_businesses_comprehensive_20251106_114856,,Music Limerick,"Quality music services in Limerick, Ireland. Professional and reliable business serving the local community.",,,https://www.musiclimerick.com,info@musiclimerick.com,+87-428-8701,566 Queen Street,93812,,Limerick,,IE,40.173135,7.980755,,active,
eu_businesses_comprehensive_20251106_114856,,Music Rome,"Quality music services in Rome, Italy. Professional and reliable business serving the local community.",,,https://www.musicrome.com,info@musicrome.com,+95-430-6351,144 Queen Street,86511,,Rome,,IT,35.897793,-0.309748,,active,
eu_businesses_comprehensive_20251106_114856,,Melody Liepāja,"Quality music services in Liepāja, Latvia. Professional and reliable business serving the local community.",,,https://www.melodyliepāja.com,info@melodyliepāja.com,+47-201-4269,717 King Street,32920,,Liepāja,,LV,69.271783,-9.922569,,active,
eu_businesses_comprehensive_20251106_114856,,Melody Vilnius,"Quality music services in Vilnius, Lithuania. Professional and reliable business serving the local community.",,,https://www.melodyvilnius.com,info@melodyvilnius.com,+32-249-9096,287 Church Street,48886,,Vilnius,,LT,60.819274,5.533851,,active,
eu_businesses_comprehensive_20251106_114856,,Sound Differdange,"Quality music services in Differdange, Luxembourg. Professional and reliable business serving the local community.",,,https://www.sounddifferdange.com,info@sounddifferdange.com,+91-223-1484,691 Queen Street,90103,,Differdange,,LU,63.651782,-5.058837,,active,
eu_businesses_comprehensive_20251106_114856,,Sliema Studio,"Quality music services in Sliema, Malta. Professional and reliable business serving the local community.",,,https://www.sliemastudio.com,info@sliemastudio.com,+97-787-5320,537 Main Street,63310,,Sliema,,MT,38.801369,-6.55941,,active,
eu_businesses_comprehensive_20251106_114856,,Melody Łódź,"Quality music services in Łódź, Poland. Professional and reliable business serving the local community.",,,https://www.melodyłódź.com,info@melodyłódź.com,+48-908-7367,633 High Street,51660,,Łódź,,PL,43.268368,21.410775,,active,
eu_businesses_comprehensive_20251106_114856,,Music Timișoara,"Quality music services in Timișoara, Romania. Professional and reliable business serving the local community.",,,https://www.musictimișoara.com,info@musictimișoara.com,+50-720-2953,739 High Street,60678,,Timișoara,,RO,40.021829,24.410476,,active,
eu_businesses_comprehensive_20251106_114856,,Sound Košice,"Quality music services in Košice, Slovakia. Professional and reliable business serving the local community.",,,https://www.soundkošice.com,info@soundkošice.com,+56-567-8178,476 High Street,61640,,Košice,,SK,37.000517,24.432441,,active,
eu_businesses_comprehensive_20251106_114856,,Maribor Studio,"Quality music services in Maribor, Slovenia. Professional and reliable business serving the local community.",,,https://www.mariborstudio.com,info@mariborstudio.com,+54-535-1438,411 Church Street,84508,,Maribor,,SI,51.712869,2.094131,,active,
eu_businesses_comprehensive_20251106_114856,,Stockholm Studio,"Quality music services in Stockholm, Sweden. Professional and reliable business serving the local community.",,,https://www.stockholmstudio.com,info@stockholmstudio.com,+44-750-2131,269 Main Street,11534,,Stockholm,,SE,53.951052,9.699369,,active,
eu_businesses_comprehensive_20251106_114856,,Graz Sweets,"Quality pastry shops services in Graz, Austria. Professional and reliable business serving the local community.",,,https://www.grazsweets.com,info@grazsweets.com,+79-426-8503,921 Main Street,26504,,Graz,,AT,46.998555,-5.841739,,active,
eu_businesses_comprehensive_20251106_114856,,Pastry Varna,"Quality pastry shops services in Varna, Bulgaria. Professional and reliable business serving the local community.",,,https://www.pastryvarna.com,info@pastryvarna.com,+59-979-9575,601 Queen Street,79930,,Varna,,BG,42.804423,-5.681652,,active,
eu_businesses_comprehensive_20251106_114856,,Bakery Zagreb,"Quality pastry shops services in Zagreb, Croatia. Professional and reliable business serving the local community.",,,https://www.bakeryzagreb.com,info@bakeryzagreb.com,+86-750-8911,90 King Street,98138,,Zagreb,,HR,67.228654,2.661319,,active,
eu_businesses_comprehensive_20251106_114856,,Bakery Famagusta,"Quality pastry shops services in Famagusta, Cyprus. Professional and reliable business serving the local community.",,,https://www.bakeryfamagusta.com,info@bakeryfamagusta.com,+87-802-5114,3 Queen Street,10173,,Famagusta,,CY,35.641341,14.54905,,active,
eu_businesses_comprehensive_20251106_114856,,Prague Sweets,"Quality pastry shops services in Prague, Czech Republic. Professional and reliable business serving the local community.",,,https://www.praguesweets.com,info@praguesweets.com,+62-948-4540,365 Church Street,16989,,Prague,,CZ,37.682346,1.169637,,active,
eu_businesses_comprehensive_20251106_114856,,Aalborg Sweets,"Quality pastry shops services in Aalborg, Denmark. Professional and reliable business serving the local community.",,,https://www.aalborgsweets.com,info@aalborgsweets.com,+54-200-1917,399 King Street,43299,,Aalborg,,DK,37.304385,1.378298,,active,
eu_businesses_comprehensive_20251106_114856,,Pastry Pärnu,"Quality pastry shops services in Pärnu, Estonia. Professional and reliable business serving the local community.",,,https://www.pastrypärnu.com,info@pastrypärnu.com,+47-137-8220,898 King Street,99722,,Pärnu,,EE,66.040344,25.052413,,active,
eu_businesses_comprehensive_20251106_114856,,Cake Espoo,"Quality pastry shops services in Espoo, Finland. Professional and reliable business serving the local community.",,,https://www.cakeespoo.com,info@cakeespoo.com,+41-647-1593,105 Church Street,49135,,Espoo,,FI,50.281204,16.790212,,active,
eu_businesses_comprehensive_20251106_114856,,Cake Heraklion,"Quality pastry shops services in Heraklion, Greece. Professional and reliable business serving the local community.",,,https://www.cakeheraklion.com,info@cakeheraklion.com,+32-257-2608,734 Queen Street,60672,,Heraklion,,GR,64.578558,24.2905,,active,
eu_businesses_comprehensive_20251106_114856,,Cake Pécs,"Quality pastry shops services in Pécs, Hungary. Professional and reliable business serving the local community.",,,https://www.cakepécs.com,info@cakepécs.com,+31-921-6133,822 King Street,88297,,Pécs,,HU,61.584312,19.068343,,active,
eu_businesses_comprehensive_20251106_114856,,Bakery Cork,"Quality pastry shops services in Cork, Ireland. Professional and reliable business serving the local community.",,,https://www.bakerycork.com,info@bakerycork.com,+40-519-9716,13 High Street,42788,,Cork,,IE,38.351937,18.710174,,active,
eu_businesses_comprehensive_20251106_114856,,Cake Naples,"Quality pastry shops services in Naples, Italy. Professional and reliable business serving the local community.",,,https://www.cakenaples.com,info@cakenaples.com,+43-510-5555,116 High Street,72340,,Naples,,IT,44.647172,-0.833851,,active,
eu_businesses_comprehensive_20251106_114856,,Liepāja Sweets,"Quality pastry shops services in Liepāja, Latvia. Professional and reliable business serving the local community.",,,https://www.liepājasweets.com,info@liepājasweets.com,+72-466-1733,280 Main Street,23264,,Liepāja,,LV,66.485177,21.546842,,active,
eu_businesses_comprehensive_20251106_114856,,Bread Vilnius,"Quality pastry shops services in Vilnius, Lithuania. Professional and reliable business serving the local community.",,,https://www.breadvilnius.com,info@breadvilnius.com,+57-372-2433,215 Main Street,34834,,Vilnius,,LT,54.095353,20.12184,,active,
eu_businesses_comprehensive_20251106_114856,,Cake Dudelange,"Quality pastry shops services in Dudelange, Luxembourg. Professional and reliable business serving the local community.",,,https://www.cakedudelange.com,info@cakedudelange.com,+69-789-3546,182 King Street,81109,,Dudelange,,LU,46.193452,-8.223177,,active,
eu_businesses_comprehensive_20251106_114856,,Pastry Birkirkara,"Quality pastry shops services in Birkirkara, Malta. Professional and reliable business serving the local community.",,,https://www.pastrybirkirkara.com,info@pastrybirkirkara.com,+82-545-7638,102 High Street,16205,,Birkirkara,,MT,51.662666,0.853935,,active,
eu_businesses_comprehensive_20251106_114856,,Cake Poznań,"Quality pastry shops services in Poznań, Poland. Professional and reliable business serving the local community.",,,https://www.cakepoznań.com,info@cakepoznań.com,+93-878-1969,769 High Street,59683,,Poznań,,PL,64.792232,10.737862,,active,
eu_businesses_comprehensive_20251106_114856,,Bucharest Sweets,"Quality pastry shops services in Bucharest, Romania. Professional and reliable business serving the local community.",,,https://www.bucharestsweets.com,info@bucharestsweets.com,+57-818-6102,882 King Street,90295,,Bucharest,,RO,58.293293,18.651117,,active,
eu_businesses_comprehensive_20251106_114856,,Prešov Sweets,"Quality pastry shops services in Prešov, Slovakia. Professional and reliable business serving the local community.",,,https://www.prešovsweets.com,info@prešovsweets.com,+42-549-1424,198 King Street,48938,,Prešov,,SK,60.729971,22.042018,,active,
eu_businesses_comprehensive_20251106_114856,,Bread Kranj,"Quality pastry shops services in Kranj, Slovenia. Professional and reliable business serving the local community.",,,https://www.breadkranj.com,info@breadkranj.com,+93-982-2384,498 High Street,48307,,Kranj,,SI,56.510033,8.610587,,active,
eu_businesses_comprehensive_20251106_114856,,Pastry Stockholm,"Quality pastry shops services in Stockholm, Sweden. Professional and reliable business serving the local community.",,,https://www.pastrystockholm.com,info@pastrystockholm.com,+85-843-1278,879 Church Street,80618,,Stockholm,,SE,47.757833,-8.237162,,active,
eu_businesses_comprehensive_20251106_114856,,Medicine Salzburg,"Quality pharmacy services in Salzburg, Austria. Professional and reliable business serving the local community.",,,https://www.medicinesalzburg.com,info@medicinesalzburg.com,+34-637-8305,211 Church Street,63118,,Salzburg,,AT,38.864131,14.467847,,active,
eu_businesses_comprehensive_20251106_114856,,Pharmacy Sofia,"Quality pharmacy services in Sofia, Bulgaria. Professional and reliable business serving the local community.",,,https://www.pharmacysofia.com,info@pharmacysofia.com,+38-121-7652,743 Queen Street,42066,,Sofia,,BG,64.11757,13.803697,,active,
eu_businesses_comprehensive_20251106_114856,,Wellness Zadar,"Quality pharmacy services in Zadar, Croatia. Professional and reliable business serving the local community.",,,https://www.wellnesszadar.com,info@wellnesszadar.com,+98-979-9840,836 Church Street,56008,,Zadar,,HR,46.144478,-0.355889,,active,
eu_businesses_comprehensive_20251106_114856,,Medicine Limassol,"Quality pharmacy services in Limassol, Cyprus. Professional and reliable business serving the local community.",,,https://www.medicinelimassol.com,info@medicinelimassol.com,+36-625-7167,219 Church Street,79064,,Limassol,,CY,66.14908,-4.414579,,active,
eu_businesses_comprehensive_20251106_114856,,Pharmacy Ostrava,"Quality pharmacy services in Ostrava, Czech Republic. Professional and reliable business serving the local community.",,,https://www.pharmacyostrava.com,info@pharmacyostrava.com,+61-705-4578,239 Main Street,35862,,Ostrava,,CZ,58.405239,-6.327255,,active,
eu_businesses_comprehensive_20251106_114856,,Wellness Aarhus,"Quality pharmacy services in Aarhus, Denmark. Professional and reliable business serving the local community.",,,https://www.wellnessaarhus.com,info@wellnessaarhus.com,+43-354-8870,305 High Street,64010,,Aarhus,,DK,62.288593,-0.319173,,active,
eu_businesses_comprehensive_20251106_114856,,Pharmacy Kohtla-Järve,"Quality pharmacy services in Kohtla-Järve, Estonia. Professional and reliable business serving the local community.",,,https://www.pharmacykohtla-järve.com,info@pharmacykohtla-järve.com,+41-196-8680,315 Church Street,22453,,Kohtla-Järve,,EE,40.151283,21.00429,,active,
eu_businesses_comprehensive_20251106_114856,,Vantaa Care,"Quality pharmacy services in Vantaa, Finland. Professional and reliable business serving the local community.",,,https://www.vantaacare.com,info@vantaacare.com,+65-780-8247,613 Queen Street,31040,,Vantaa,,FI,69.673772,6.937126,,active,
eu_businesses_comprehensive_20251106_114856,,Health Heraklion,"Quality pharmacy services in Heraklion, Greece. Professional and reliable business serving the local community.",,,https://www.healthheraklion.com,info@healthheraklion.com,+45-233-5060,947 Queen Street,23928,,Heraklion,,GR,67.047034,10.545908,,active,
eu_businesses_comprehensive_20251106_114856,,Pharmacy Szeged,"Quality pharmacy services in Szeged, Hungary. Professional and reliable business serving the local community.",,,https://www.pharmacyszeged.com,info@pharmacyszeged.com,+34-148-1433,46 Main Street,79833,,Szeged,,HU,36.897033,29.226458,,active,
eu_businesses_comprehensive_20251106_114856,,Pharmacy Waterford,"Quality pharmacy services in Waterford, Ireland. Professional and reliable business serving the local community.",,,https://www.pharmacywaterford.com,info@pharmacywaterford.com,+74-854-7321,507 High Street,38724,,Waterford,,IE,60.404751,25.482063,,active,
eu_businesses_comprehensive_20251106_114856,,Health Palermo,"Quality pharmacy services in Palermo, Italy. Professional and reliable business serving the local community.",,,https://www.healthpalermo.com,info@healthpalermo.com,+38-960-2743,544 King Street,39814,,Palermo,,IT,54.570977,21.754503,,active,
eu_businesses_comprehensive_20251106_114856,,Liepāja Care,"Quality pharmacy services in Liepāja, Latvia. Professional and reliable business serving the local community.",,,https://www.liepājacare.com,info@liepājacare.com,+51-222-2092,832 Church Street,86127,,Liepāja,,LV,57.091559,15.092086,,active,
eu_businesses_comprehensive_20251106_114856,,Pharmacy Panevėžys,"Quality pharmacy services in Panevėžys, Lithuania. Professional and reliable business serving the local community.",,,https://www.pharmacypanevėžys.com,info@pharmacypanevėžys.com,+32-408-9709,42 Church Street,18937,,Panevėžys,,LT,43.025749,28.277034,,active,
eu_businesses_comprehensive_20251106_114856,,Wellness Differdange,"Quality pharmacy services in Differdange, Luxembourg. Professional and reliable business serving the local community.",,,https://www.wellnessdifferdange.com,info@wellnessdifferdange.com,+51-379-6148,879 Church Street,75452,,Differdange,,LU,58.675461,12.485267,,active,
eu_businesses_comprehensive_20251106_114856,,Valletta Care,"Quality pharmacy services in Valletta, Malta. Professional and reliable business serving the local community.",,,https://www.vallettacare.com,info@vallettacare.com,+73-187-7188,925 King Street,72958,,Valletta,,MT,69.582497,7.673104,,active,
eu_businesses_comprehensive_20251106_114856,,Pharmacy Warsaw,"Quality pharmacy services in Warsaw, Poland. Professional and reliable business serving the local community.",,,https://www.pharmacywarsaw.com,info@pharmacywarsaw.com,+75-733-9461,859 King Street,93839,,Warsaw,,PL,63.249696,3.665292,,active,
eu_businesses_comprehensive_20251106_114856,,Health Timișoara,"Quality pharmacy services in Timișoara, Romania. Professional and reliable business serving the local community.",,,https://www.healthtimișoara.com,info@healthtimișoara.com,+92-499-3128,143 High Street,48537,,Timișoara,,RO,39.091137,8.547261,,active,
eu_businesses_comprehensive_20251106_114856,,Prešov Care,"Quality pharmacy services in Prešov, Slovakia. Professional and reliable business serving the local community.",,,https://www.prešovcare.com,info@prešovcare.com,+77-947-9550,114 King Street,36038,,Prešov,,SK,39.16497,-0.929013,,active,
eu_businesses_comprehensive_20251106_114856,,Medicine Koper,"Quality pharmacy services in Koper, Slovenia. Professional and reliable business serving the local community.",,,https://www.medicinekoper.com,info@medicinekoper.com,+98-167-2829,261 High Street,30964,,Koper,,SI,50.431145,-7.177321,,active,
eu_businesses_comprehensive_20251106_114856,,Pharmacy Västerås,"Quality pharmacy services in Västerås, Sweden. Professional and reliable business serving the local community.",,,https://www.pharmacyvästerås.com,info@pharmacyvästerås.com,+70-940-2986,838 Queen Street,80004,,Västerås,,SE,45.023993,14.556363,,active,
eu_businesses_comprehensive_20251106_114856,,Recovery Vienna,"Quality physiotherapy services in Vienna, Austria. Professional and reliable business serving the local community.",,,https://www.recoveryvienna.com,info@recoveryvienna.com,+81-775-7897,182 High Street,28002,,Vienna,,AT,60.996001,4.484269,,active,
eu_businesses_comprehensive_20251106_114856,,Sofia Health,"Quality physiotherapy services in Sofia, Bulgaria. Professional and reliable business serving the local community.",,,https://www.sofiahealth.com,info@sofiahealth.com,+72-361-8352,369 King Street,68724,,Sofia,,BG,45.735272,-4.379246,,active,
eu_businesses_comprehensive_20251106_114856,,Zadar Health,"Quality physiotherapy services in Zadar, Croatia. Professional and reliable business serving the local community.",,,https://www.zadarhealth.com,info@zadarhealth.com,+71-675-8671,268 Main Street,11394,,Zadar,,HR,36.271244,-4.666006,,active,
eu_businesses_comprehensive_20251106_114856,,Therapy Limassol,"Quality physiotherapy services in Limassol, Cyprus. Professional and reliable business serving the local community.",,,https://www.therapylimassol.com,info@therapylimassol.com,+71-860-3742,525 King Street,22966,,Limassol,,CY,63.63401,20.711903,,active,
eu_businesses_comprehensive_20251106_114856,,Prague Health,"Quality physiotherapy services in Prague, Czech Republic. Professional and reliable business serving the local community.",,,https://www.praguehealth.com,info@praguehealth.com,+34-476-8086,565 Queen Street,85589,,Prague,,CZ,54.635434,13.923464,,active,
eu_businesses_comprehensive_20251106_114856,,Odense Health,"Quality physiotherapy services in Odense, Denmark. Professional and reliable business serving the local community.",,,https://www.odensehealth.com,info@odensehealth.com,+93-528-8049,751 Church Street,42314,,Odense,,DK,60.102451,23.119921,,active,
eu_businesses_comprehensive_20251106_114856,,Narva Health,"Quality physiotherapy services in Narva, Estonia. Professional and reliable business serving the local community.",,,https://www.narvahealth.com,info@narvahealth.com,+59-649-4398,561 Queen Street,29454,,Narva,,EE,54.10644,22.881813,,active,
eu_businesses_comprehensive_20251106_114856,,Therapy Helsinki,"Quality physiotherapy services in Helsinki, Finland. Professional and reliable business serving the local community.",,,https://www.therapyhelsinki.com,info@therapyhelsinki.com,+63-241-6234,753 Church Street,17587,,Helsinki,,FI,65.485625,28.69228,,active,
eu_businesses_comprehensive_20251106_114856,,Athens Health,"Quality physiotherapy services in Athens, Greece. Professional and reliable business serving the local community.",,,https://www.athenshealth.com,info@athenshealth.com,+87-608-8420,707 Church Street,18311,,Athens,,GR,43.64617,-3.262557,,active,
eu_businesses_comprehensive_20251106_114856,,Movement Pécs,"Quality physiotherapy services in Pécs, Hungary. Professional and reliable business serving the local community.",,,https://www.movementpécs.com,info@movementpécs.com,+40-992-3837,302 Main Street,65047,,Pécs,,HU,38.063617,-0.117646,,active,
eu_businesses_comprehensive_20251106_114856,,Recovery Galway,"Quality physiotherapy services in Galway, Ireland. Professional and reliable business serving the local community.",,,https://www.recoverygalway.com,info@recoverygalway.com,+64-286-3579,673 King Street,80799,,Galway,,IE,42.836888,-2.533566,,active,
eu_businesses_comprehensive_20251106_114856,,Physio Palermo,"Quality physiotherapy services in Palermo, Italy. Professional and reliable business serving the local community.",,,https://www.physiopalermo.com,info@physiopalermo.com,+33-317-8136,992 Church Street,65958,,Palermo,,IT,40.88063,18.583134,,active,
eu_businesses_comprehensive_20251106_114856,,Liepāja Health,"Quality physiotherapy services in Liepāja, Latvia. Professional and reliable business serving the local community.",,,https://www.liepājahealth.com,info@liepājahealth.com,+91-558-2344,100 Main Street,69439,,Liepāja,,LV,44.488256,17.044774,,active,
eu_businesses_comprehensive_20251106_114856,,Therapy Šiauliai,"Quality physiotherapy services in Šiauliai, Lithuania. Professional and reliable business serving the local community.",,,https://www.therapyšiauliai.com,info@therapyšiauliai.com,+85-433-5451,490 Main Street,77495,,Šiauliai,,LT,65.562346,28.340771,,active,
eu_businesses_comprehensive_20251106_114856,,Movement Esch-sur-Alzette,"Quality physiotherapy services in Esch-sur-Alzette, Luxembourg. Professional and reliable business serving the local community.",,,https://www.movementesch-sur-alzette.com,info@movementesch-sur-alzette.com,+37-544-2844,610 Queen Street,73523,,Esch-sur-Alzette,,LU,36.040793,24.433476,,active,
eu_businesses_comprehensive_20251106_114856,,Physio Birkirkara,"Quality physiotherapy services in Birkirkara, Malta. Professional and reliable business serving the local community.",,,https://www.physiobirkirkara.com,info@physiobirkirkara.com,+98-348-6386,497 Church Street,29738,,Birkirkara,,MT,47.426732,3.71986,,active,
eu_businesses_comprehensive_20251106_114856,,Physio Łódź,"Quality physiotherapy services in Łódź, Poland. Professional and reliable business serving the local community.",,,https://www.physiołódź.com,info@physiołódź.com,+78-521-4840,970 King Street,21169,,Łódź,,PL,60.873986,-9.930931,,active,
eu_businesses_comprehensive_20251106_114856,,Therapy Constanța,"Quality physiotherapy services in Constanța, Romania. Professional and reliable business serving the local community.",,,https://www.therapyconstanța.com,info@therapyconstanța.com,+36-141-1088,30 High Street,23924,,Constanța,,RO,59.741338,7.968403,,active,
eu_businesses_comprehensive_20251106_114856,,Therapy Žilina,"Quality physiotherapy services in Žilina, Slovakia. Professional and reliable business serving the local community.",,,https://www.therapyžilina.com,info@therapyžilina.com,+45-138-5176,31 King Street,81984,,Žilina,,SK,41.463019,10.202463,,active,
eu_businesses_comprehensive_20251106_114856,,Physio Velenje,"Quality physiotherapy services in Velenje, Slovenia. Professional and reliable business serving the local community.",,,https://www.physiovelenje.com,info@physiovelenje.com,+63-446-7297,478 Queen Street,47635,,Velenje,,SI,50.327296,12.233902,,active,
eu_businesses_comprehensive_20251106_114856,,Recovery Stockholm,"Quality physiotherapy services in Stockholm, Sweden. Professional and reliable business serving the local community.",,,https://www.recoverystockholm.com,info@recoverystockholm.com,+80-776-3239,33 High Street,97003,,Stockholm,,SE,44.128162,20.811647,,active,
eu_businesses_comprehensive_20251106_114856,,Dough Graz,"Quality pizza restaurants services in Graz, Austria. Professional and reliable business serving the local community.",,,https://www.doughgraz.com,info@doughgraz.com,+34-185-1764,896 Queen Street,18926,,Graz,,AT,57.581833,0.203051,,active,
eu_businesses_comprehensive_20251106_114856,,Slice Varna,"Quality pizza restaurants services in Varna, Bulgaria. Professional and reliable business serving the local community.",,,https://www.slicevarna.com,info@slicevarna.com,+76-357-6552,964 Queen Street,65022,,Varna,,BG,58.863768,28.059523,,active,
eu_businesses_comprehensive_20251106_114856,,Dough Zagreb,"Quality pizza restaurants services in Zagreb, Croatia. Professional and reliable business serving the local community.",,,https://www.doughzagreb.com,info@doughzagreb.com,+39-405-6616,681 Main Street,90839,,Zagreb,,HR,58.033897,18.752172,,active,
eu_businesses_comprehensive_20251106_114856,,Dough Limassol,"Quality pizza restaurants services in Limassol, Cyprus. Professional and reliable business serving the local community.",,,https://www.doughlimassol.com,info@doughlimassol.com,+83-909-7903,951 Main Street,92833,,Limassol,,CY,69.501248,-5.249646,,active,
eu_businesses_comprehensive_20251106_114856,,Slice Liberec,"Quality pizza restaurants services in Liberec, Czech Republic. Professional and reliable business serving the local community.",,,https://www.sliceliberec.com,info@sliceliberec.com,+47-813-6815,205 King Street,88772,,Liberec,,CZ,52.499136,11.008308,,active,
eu_businesses_comprehensive_20251106_114856,,Dough Esbjerg,"Quality pizza restaurants services in Esbjerg, Denmark. Professional and reliable business serving the local community.",,,https://www.doughesbjerg.com,info@doughesbjerg.com,+47-748-2849,967 Queen Street,42127,,Esbjerg,,DK,67.890022,26.763719,,active,
eu_businesses_comprehensive_20251106_114856,,Slice Narva,"Quality pizza restaurants services in Narva, Estonia. Professional and reliable business serving the local community.",,,https://www.slicenarva.com,info@slicenarva.com,+88-566-4262,360 Main Street,94716,,Narva,,EE,43.300901,11.543244,,active,
eu_businesses_comprehensive_20251106_114856,,Espoo Pizzeria,"Quality pizza restaurants services in Espoo, Finland. Professional and reliable business serving the local community.",,,https://www.espoopizzeria.com,info@espoopizzeria.com,+43-884-3811,461 High Street,41143,,Espoo,,FI,40.435898,-7.303406,,active,
eu_businesses_comprehensive_20251106_114856,,Pizza Thessaloniki,"Quality pizza restaurants services in Thessaloniki, Greece. Professional and reliable business serving the local community.",,,https://www.pizzathessaloniki.com,info@pizzathessaloniki.com,+92-292-7766,704 Queen Street,25979,,Thessaloniki,,GR,68.456496,13.856968,,active,
eu_businesses_comprehensive_20251106_114856,,Pizza Pécs,"Quality pizza restaurants services in Pécs, Hungary. Professional and reliable business serving the local community.",,,https://www.pizzapécs.com,info@pizzapécs.com,+71-226-4137,596 Queen Street,89551,,Pécs,,HU,49.587068,-5.048852,,active,
eu_businesses_comprehensive_20251106_114856,,Pizza Galway,"Quality pizza restaurants services in Galway, Ireland. Professional and reliable business serving the local community.",,,https://www.pizzagalway.com,info@pizzagalway.com,+34-264-5446,146 Church Street,92047,,Galway,,IE,68.650092,21.59034,,active,
eu_businesses_comprehensive_20251106_114856,,Cheesy Rome,"Quality pizza restaurants services in Rome, Italy. Professional and reliable business serving the local community.",,,https://www.cheesyrome.com,info@cheesyrome.com,+34-425-3913,366 Church Street,62891,,Rome,,IT,55.779627,24.812036,,active,
eu_businesses_comprehensive_20251106_114856,,Riga Pizzeria,"Quality pizza restaurants services in Riga, Latvia. Professional and reliable business serving the local community.",,,https://www.rigapizzeria.com,info@rigapizzeria.com,+52-160-7651,526 Queen Street,39464,,Riga,,LV,55.957558,27.843747,,active,
eu_businesses_comprehensive_20251106_114856,,Slice Vilnius,"Quality pizza restaurants services in Vilnius, Lithuania. Professional and reliable business serving the local community.",,,https://www.slicevilnius.com,info@slicevilnius.com,+79-922-5307,615 Main Street,92496,,Vilnius,,LT,66.068473,28.333182,,active,
eu_businesses_comprehensive_20251106_114856,,Dough Esch-sur-Alzette,"Quality pizza restaurants services in Esch-sur-Alzette, Luxembourg. Professional and reliable business serving the local community.",,,https://www.doughesch-sur-alzette.com,info@doughesch-sur-alzette.com,+43-293-6442,301 King Street,61390,,Esch-sur-Alzette,,LU,44.734062,15.728533,,active,
eu_businesses_comprehensive_20251106_114856,,Pizza Birkirkara,"Quality pizza restaurants services in Birkirkara, Malta. Professional and reliable business serving the local community.",,,https://www.pizzabirkirkara.com,info@pizzabirkirkara.com,+79-816-1919,228 Queen Street,66680,,Birkirkara,,MT,56.445297,-7.618029,,active,
eu_businesses_comprehensive_20251106_114856,,Slice Wrocław,"Quality pizza restaurants services in Wrocław, Poland. Professional and reliable business serving the local community.",,,https://www.slicewrocław.com,info@slicewrocław.com,+60-500-5247,520 Queen Street,68297,,Wrocław,,PL,47.130734,4.571975,,active,
eu_businesses_comprehensive_20251106_114856,,Constanța Pizzeria,"Quality pizza restaurants services in Constanța, Romania. Professional and reliable business serving the local community.",,,https://www.constanțapizzeria.com,info@constanțapizzeria.com,+76-377-5353,595 High Street,70242,,Constanța,,RO,43.400907,-9.610601,,active,
eu_businesses_comprehensive_20251106_114856,,Slice Žilina,"Quality pizza restaurants services in Žilina, Slovakia. Professional and reliable business serving the local community.",,,https://www.slicežilina.com,info@slicežilina.com,+38-699-2746,2 High Street,34101,,Žilina,,SK,54.438419,9.137625,,active,
eu_businesses_comprehensive_20251106_114856,,Ljubljana Pizzeria,"Quality pizza restaurants services in Ljubljana, Slovenia. Professional and reliable business serving the local community.",,,https://www.ljubljanapizzeria.com,info@ljubljanapizzeria.com,+42-722-3030,376 Queen Street,19114,,Ljubljana,,SI,49.713614,5.306187,,active,
eu_businesses_comprehensive_20251106_114856,,Pizza Malmö,"Quality pizza restaurants services in Malmö, Sweden. Professional and reliable business serving the local community.",,,https://www.pizzamalmö.com,info@pizzamalmö.com,+36-298-4957,615 Main Street,20802,,Malmö,,SE,47.146695,24.959798,,active,
eu_businesses_comprehensive_20251106_114856,,Realty Linz,"Quality real estate services in Linz, Austria. Professional and reliable business serving the local community.",,,https://www.realtylinz.com,info@realtylinz.com,+40-881-6629,776 King Street,86580,,Linz,,AT,62.668777,19.916772,,active,
eu_businesses_comprehensive_20251106_114856,,Realty Sofia,"Quality real estate services in Sofia, Bulgaria. Professional and reliable business serving the local community.",,,https://www.realtysofia.com,info@realtysofia.com,+94-617-4085,976 Church Street,49925,,Sofia,,BG,49.665723,7.057301,,active,
eu_businesses_comprehensive_20251106_114856,,Realty Zagreb,"Quality real estate services in Zagreb, Croatia. Professional and reliable business serving the local community.",,,https://www.realtyzagreb.com,info@realtyzagreb.com,+34-477-3792,194 Queen Street,23227,,Zagreb,,HR,38.649249,20.053126,,active,
eu_businesses_comprehensive_20251106_114856,,Estate Paphos,"Quality real estate services in Paphos, Cyprus. Professional and reliable business serving the local community.",,,https://www.estatepaphos.com,info@estatepaphos.com,+56-240-9092,541 Queen Street,57638,,Paphos,,CY,46.088553,-5.920871,,active,
eu_businesses_comprehensive_20251106_114856,,Housing Liberec,"Quality real estate services in Liberec, Czech Republic. Professional and reliable business serving the local community.",,,https://www.housingliberec.com,info@housingliberec.com,+45-291-2336,87 Queen Street,28343,,Liberec,,CZ,65.594622,8.909521,,active,
eu_businesses_comprehensive_20251106_114856,,Housing Aalborg,"Quality real estate services in Aalborg, Denmark. Professional and reliable business serving the local community.",,,https://www.housingaalborg.com,info@housingaalborg.com,+99-263-7736,104 Main Street,66250,,Aalborg,,DK,35.028128,-4.551407,,active,
eu_businesses_comprehensive_20251106_114856,,Property Narva,"Quality real estate services in Narva, Estonia. Professional and reliable business serving the local community.",,,https://www.propertynarva.com,info@propertynarva.com,+67-913-1995,244 Queen Street,33671,,Narva,,EE,40.02209,19.949886,,active,
eu_businesses_comprehensive_20251106_114856,,Property Espoo,"Quality real estate services in Espoo, Finland. Professional and reliable business serving the local community.",,,https://www.propertyespoo.com,info@propertyespoo.com,+54-326-7680,108 Church Street,41736,,Espoo,,FI,53.108126,25.3689,,active,
eu_businesses_comprehensive_20251106_114856,,Estate Athens,"Quality real estate services in Athens, Greece. Professional and reliable business serving the local community.",,,https://www.estateathens.com,info@estateathens.com,+34-190-7319,600 King Street,44892,,Athens,,GR,57.431997,-7.8199,,active,
eu_businesses_comprehensive_20251106_114856,,Housing Budapest,"Quality real estate services in Budapest, Hungary. Professional and reliable business serving the local community.",,,https://www.housingbudapest.com,info@housingbudapest.com,+83-357-9041,565 Main Street,83799,,Budapest,,HU,60.212142,-7.735344,,active,
eu_businesses_comprehensive_20251106_114856,,Property Limerick,"Quality real estate services in Limerick, Ireland. Professional and reliable business serving the local community.",,,https://www.propertylimerick.com,info@propertylimerick.com,+81-176-1715,980 King Street,88345,,Limerick,,IE,35.970714,8.678305,,active,
eu_businesses_comprehensive_20251106_114856,,Rome Homes,"Quality real estate services in Rome, Italy. Professional and reliable business serving the local community.",,,https://www.romehomes.com,info@romehomes.com,+98-293-5401,723 Main Street,62961,,Rome,,IT,49.110068,2.370991,,active,
eu_businesses_comprehensive_20251106_114856,,Estate Liepāja,"Quality real estate services in Liepāja, Latvia. Professional and reliable business serving the local community.",,,https://www.estateliepāja.com,info@estateliepāja.com,+96-198-1111,614 Queen Street,53874,,Liepāja,,LV,54.158823,15.609827,,active,
eu_businesses_comprehensive_20251106_114856,,Property Šiauliai,"Quality real estate services in Šiauliai, Lithuania. Professional and reliable business serving the local community.",,,https://www.propertyšiauliai.com,info@propertyšiauliai.com,+78-760-6080,531 Main Street,35965,,Šiauliai,,LT,65.669317,7.03255,,active,
eu_businesses_comprehensive_20251106_114856,,Realty Luxembourg City,"Quality real estate services in Luxembourg City, Luxembourg. Professional and reliable business serving the local community.",,,https://www.realtyluxembourgcity.com,info@realtyluxembourgcity.com,+41-879-5523,918 Church Street,12287,,Luxembourg City,,LU,54.897086,1.539494,,active,
eu_businesses_comprehensive_20251106_114856,,Estate Qormi,"Quality real estate services in Qormi, Malta. Professional and reliable business serving the local community.",,,https://www.estateqormi.com,info@estateqormi.com,+59-713-2999,694 King Street,39901,,Qormi,,MT,53.967629,15.085753,,active,
eu_businesses_comprehensive_20251106_114856,,Warsaw Homes,"Quality real estate services in Warsaw, Poland. Professional and reliable business serving the local community.",,,https://www.warsawhomes.com,info@warsawhomes.com,+32-897-1338,966 King Street,69117,,Warsaw,,PL,38.73638,-6.609541,,active,
eu_businesses_comprehensive_20251106_114856,,Bucharest Homes,"Quality real estate services in Bucharest, Romania. Professional and reliable business serving the local community.",,,https://www.bucharesthomes.com,info@bucharesthomes.com,+90-367-8055,307 King Street,33983,,Bucharest,,RO,53.902546,-5.409226,,active,
eu_businesses_comprehensive_20251106_114856,,Realty Košice,"Quality real estate services in Košice, Slovakia. Professional and reliable business serving the local community.",,,https://www.realtykošice.com,info@realtykošice.com,+65-549-4467,949 Church Street,59732,,Košice,,SK,64.019526,2.675618,,active,
eu_businesses_comprehensive_20251106_114856,,Housing Maribor,"Quality real estate services in Maribor, Slovenia. Professional and reliable business serving the local community.",,,https://www.housingmaribor.com,info@housingmaribor.com,+53-273-7357,477 High Street,77952,,Maribor,,SI,57.05816,2.284649,,active,
eu_businesses_comprehensive_20251106_114856,,Realty Västerås,"Quality real estate services in Västerås, Sweden. Professional and reliable business serving the local community.",,,https://www.realtyvästerås.com,info@realtyvästerås.com,+90-963-6561,247 Main Street,64606,,Västerås,,SE,46.567033,11.350409,,active,
eu_businesses_comprehensive_20251106_114856,,Land Vienna,"Quality real estate agencies services in Vienna, Austria. Professional and reliable business serving the local community.",,,https://www.landvienna.com,info@landvienna.com,+76-976-2548,424 King Street,81437,,Vienna,,AT,67.627763,4.231426,,active,
eu_businesses_comprehensive_20251106_114856,,Property Burgas,"Quality real estate agencies services in Burgas, Bulgaria. Professional and reliable business serving the local community.",,,https://www.propertyburgas.com,info@propertyburgas.com,+49-942-8014,230 High Street,64366,,Burgas,,BG,68.878488,18.231061,,active,
eu_businesses_comprehensive_20251106_114856,,Real Estate Zagreb,"Quality real estate agencies services in Zagreb, Croatia. Professional and reliable business serving the local community.",,,https://www.realestatezagreb.com,info@realestatezagreb.com,+89-607-5135,572 Queen Street,78924,,Zagreb,,HR,52.928159,-8.858254,,active,
eu_businesses_comprehensive_20251106_114856,,Homes Larnaca,"Quality real estate agencies services in Larnaca, Cyprus. Professional and reliable business serving the local community.",,,https://www.homeslarnaca.com,info@homeslarnaca.com,+40-385-4266,677 Church Street,38023,,Larnaca,,CY,51.767931,-9.780964,,active,
eu_businesses_comprehensive_20251106_114856,,Real Estate Brno,"Quality real estate agencies services in Brno, Czech Republic. Professional and reliable business serving the local community.",,,https://www.realestatebrno.com,info@realestatebrno.com,+59-923-2342,413 Church Street,33970,,Brno,,CZ,41.50288,-3.009386,,active,
eu_businesses_comprehensive_20251106_114856,,Property Copenhagen,"Quality real estate agencies services in Copenhagen, Denmark. Professional and reliable business serving the local community.",,,https://www.propertycopenhagen.com,info@propertycopenhagen.com,+99-173-6258,345 Queen Street,86210,,Copenhagen,,DK,44.886269,6.492879,,active,
eu_businesses_comprehensive_20251106_114856,,Property Kohtla-Järve,"Quality real estate agencies services in Kohtla-Järve, Estonia. Professional and reliable business serving the local community.",,,https://www.propertykohtla-järve.com,info@propertykohtla-järve.com,+39-740-6691,357 Main Street,37642,,Kohtla-Järve,,EE,61.990066,25.946793,,active,
eu_businesses_comprehensive_20251106_114856,,Land Oulu,"Quality real estate agencies services in Oulu, Finland. Professional and reliable business serving the local community.",,,https://www.landoulu.com,info@landoulu.com,+61-312-6102,768 Main Street,87316,,Oulu,,FI,35.93127,9.737694,,active,
eu_businesses_comprehensive_20251106_114856,,Heraklion Realty,"Quality real estate agencies services in Heraklion, Greece. Professional and reliable business serving the local community.",,,https://www.heraklionrealty.com,info@heraklionrealty.com,+56-392-4445,441 Queen Street,24560,,Heraklion,,GR,58.149092,10.525123,,active,
eu_businesses_comprehensive_20251106_114856,,Real Estate Pécs,"Quality real estate agencies services in Pécs, Hungary. Professional and reliable business serving the local community.",,,https://www.realestatepécs.com,info@realestatepécs.com,+67-996-7268,126 Main Street,71056,,Pécs,,HU,53.235772,-4.09534,,active,
eu_businesses_comprehensive_20251106_114856,,Land Limerick,"Quality real estate agencies services in Limerick, Ireland. Professional and reliable business serving the local community.",,,https://www.landlimerick.com,info@landlimerick.com,+65-332-4115,323 High Street,37973,,Limerick,,IE,44.632901,-8.742054,,active,
eu_businesses_comprehensive_20251106_114856,,Land Rome,"Quality real estate agencies services in Rome, Italy. Professional and reliable business serving the local community.",,,https://www.landrome.com,info@landrome.com,+54-677-4824,310 High Street,12763,,Rome,,IT,39.902446,12.428412,,active,
eu_businesses_comprehensive_20251106_114856,,Jūrmala Realty,"Quality real estate agencies services in Jūrmala, Latvia. Professional and reliable business serving the local community.",,,https://www.jūrmalarealty.com,info@jūrmalarealty.com,+87-595-5408,325 Main Street,10096,,Jūrmala,,LV,42.242091,24.006135,,active,
eu_businesses_comprehensive_20251106_114856,,Land Klaipėda,"Quality real estate agencies services in Klaipėda, Lithuania. Professional and reliable business serving the local community.",,,https://www.landklaipėda.com,info@landklaipėda.com,+75-568-3002,345 Church Street,69704,,Klaipėda,,LT,53.694765,-5.557392,,active,
eu_businesses_comprehensive_20251106_114856,,Esch-sur-Alzette Realty,"Quality real estate agencies services in Esch-sur-Alzette, Luxembourg. Professional and reliable business serving the local community.",,,https://www.esch-sur-alzetterealty.com,info@esch-sur-alzetterealty.com,+70-920-4137,180 Church Street,60009,,Esch-sur-Alzette,,LU,38.878832,-5.614872,,active,
eu_businesses_comprehensive_20251106_114856,,Birkirkara Realty,"Quality real estate agencies services in Birkirkara, Malta. Professional and reliable business serving the local community.",,,https://www.birkirkararealty.com,info@birkirkararealty.com,+57-219-6311,198 High Street,52050,,Birkirkara,,MT,63.101423,19.622876,,active,
eu_businesses_comprehensive_20251106_114856,,Property Warsaw,"Quality real estate agencies services in Warsaw, Poland. Professional and reliable business serving the local community.",,,https://www.propertywarsaw.com,info@propertywarsaw.com,+31-494-3525,831 King Street,32856,,Warsaw,,PL,56.946179,8.981219,,active,
eu_businesses_comprehensive_20251106_114856,,Cluj-Napoca Realty,"Quality real estate agencies services in Cluj-Napoca, Romania. Professional and reliable business serving the local community.",,,https://www.cluj-napocarealty.com,info@cluj-napocarealty.com,+56-779-5015,723 Queen Street,88573,,Cluj-Napoca,,RO,42.415724,-1.441304,,active,
eu_businesses_comprehensive_20251106_114856,,Property Banská Bystrica,"Quality real estate agencies services in Banská Bystrica, Slovakia. Professional and reliable business serving the local community.",,,https://www.propertybanskábystrica.com,info@propertybanskábystrica.com,+57-980-5357,402 Church Street,65155,,Banská Bystrica,,SK,52.212123,27.066368,,active,
eu_businesses_comprehensive_20251106_114856,,Koper Realty,"Quality real estate agencies services in Koper, Slovenia. Professional and reliable business serving the local community.",,,https://www.koperrealty.com,info@koperrealty.com,+68-686-5431,894 Church Street,16175,,Koper,,SI,51.542351,15.012335,,active,
eu_businesses_comprehensive_20251106_114856,,Real Estate Uppsala,"Quality real estate agencies services in Uppsala, Sweden. Professional and reliable business serving the local community.",,,https://www.realestateuppsala.com,info@realestateuppsala.com,+83-362-6179,274 High Street,27578,,Uppsala,,SE,35.792422,24.789792,,active,
eu_businesses_comprehensive_20251106_114856,,Graz Community,"Quality religious organizations services in Graz, Austria. Professional and reliable business serving the local community.",,,https://www.grazcommunity.com,info@grazcommunity.com,+36-315-9269,996 Church Street,86902,,Graz,,AT,38.179504,-7.856259,,active,
eu_businesses_comprehensive_20251106_114856,,Faith Plovdiv,"Quality religious organizations services in Plovdiv, Bulgaria. Professional and reliable business serving the local community.",,,https://www.faithplovdiv.com,info@faithplovdiv.com,+31-752-8469,649 King Street,67321,,Plovdiv,,BG,49.992067,-9.899755,,active,
eu_businesses_comprehensive_20251106_114856,,Faith Zadar,"Quality religious organizations services in Zadar, Croatia. Professional and reliable business serving the local community.",,,https://www.faithzadar.com,info@faithzadar.com,+70-687-2263,779 Main Street,52103,,Zadar,,HR,64.748405,25.369175,,active,
eu_businesses_comprehensive_20251106_114856,,Faith Limassol,"Quality religious organizations services in Limassol, Cyprus. Professional and reliable business serving the local community.",,,https://www.faithlimassol.com,info@faithlimassol.com,+33-350-4283,903 Main Street,11472,,Limassol,,CY,37.97265,21.00376,,active,
eu_businesses_comprehensive_20251106_114856,,Church Brno,"Quality religious organizations services in Brno, Czech Republic. Professional and reliable business serving the local community.",,,https://www.churchbrno.com,info@churchbrno.com,+51-287-3933,482 King Street,75976,,Brno,,CZ,37.25704,0.162477,,active,
eu_businesses_comprehensive_20251106_114856,,Sacred Aarhus,"Quality religious organizations services in Aarhus, Denmark. Professional and reliable business serving the local community.",,,https://www.sacredaarhus.com,info@sacredaarhus.com,+90-237-9483,424 High Street,97277,,Aarhus,,DK,63.611262,25.488831,,active,
eu_businesses_comprehensive_20251106_114856,,Spirit Narva,"Quality religious organizations services in Narva, Estonia. Professional and reliable business serving the local community.",,,https://www.spiritnarva.com,info@spiritnarva.com,+92-301-6700,417 Main Street,10594,,Narva,,EE,56.070774,6.098134,,active,
eu_businesses_comprehensive_20251106_114856,,Church Helsinki,"Quality religious organizations services in Helsinki, Finland. Professional and reliable business serving the local community.",,,https://www.churchhelsinki.com,info@churchhelsinki.com,+93-771-9337,879 Main Street,88465,,Helsinki,,FI,52.626153,2.53716,,active,
eu_businesses_comprehensive_20251106_114856,,Faith Heraklion,"Quality religious organizations services in Heraklion, Greece. Professional and reliable business serving the local community.",,,https://www.faithheraklion.com,info@faithheraklion.com,+47-566-3990,400 King Street,96939,,Heraklion,,GR,51.231859,12.848181,,active,
eu_businesses_comprehensive_20251106_114856,,Szeged Community,"Quality religious organizations services in Szeged, Hungary. Professional and reliable business serving the local community.",,,https://www.szegedcommunity.com,info@szegedcommunity.com,+54-423-3935,638 Queen Street,48024,,Szeged,,HU,57.222019,0.312279,,active,
eu_businesses_comprehensive_20251106_114856,,Galway Community,"Quality religious organizations services in Galway, Ireland. Professional and reliable business serving the local community.",,,https://www.galwaycommunity.com,info@galwaycommunity.com,+36-742-6356,769 High Street,81477,,Galway,,IE,42.10809,0.197842,,active,
eu_businesses_comprehensive_20251106_114856,,Church Naples,"Quality religious organizations services in Naples, Italy. Professional and reliable business serving the local community.",,,https://www.churchnaples.com,info@churchnaples.com,+67-912-7199,41 King Street,14891,,Naples,,IT,63.743941,24.143906,,active,
eu_businesses_comprehensive_20251106_114856,,Spirit Riga,"Quality religious organizations services in Riga, Latvia. Professional and reliable business serving the local community.",,,https://www.spiritriga.com,info@spiritriga.com,+91-244-4482,545 Church Street,36151,,Riga,,LV,53.663092,5.311573,,active,
eu_businesses_comprehensive_20251106_114856,,Faith Šiauliai,"Quality religious organizations services in Šiauliai, Lithuania. Professional and reliable business serving the local community.",,,https://www.faithšiauliai.com,info@faithšiauliai.com,+61-358-5416,14 King Street,26542,,Šiauliai,,LT,47.566276,-7.511083,,active,
eu_businesses_comprehensive_20251106_114856,,Sacred Dudelange,"Quality religious organizations services in Dudelange, Luxembourg. Professional and reliable business serving the local community.",,,https://www.sacreddudelange.com,info@sacreddudelange.com,+72-244-4501,133 Queen Street,71911,,Dudelange,,LU,52.923941,23.715357,,active,
eu_businesses_comprehensive_20251106_114856,,Faith Valletta,"Quality religious organizations services in Valletta, Malta. Professional and reliable business serving the local community.",,,https://www.faithvalletta.com,info@faithvalletta.com,+32-695-6067,180 Main Street,45639,,Valletta,,MT,42.850068,-4.027586,,active,
eu_businesses_comprehensive_20251106_114856,,Church Kraków,"Quality religious organizations services in Kraków, Poland. Professional and reliable business serving the local community.",,,https://www.churchkraków.com,info@churchkraków.com,+92-982-2523,535 King Street,68661,,Kraków,,PL,44.531327,-8.849882,,active,
eu_businesses_comprehensive_20251106_114856,,Sacred Cluj-Napoca,"Quality religious organizations services in Cluj-Napoca, Romania. Professional and reliable business serving the local community.",,,https://www.sacredcluj-napoca.com,info@sacredcluj-napoca.com,+42-508-9506,920 Main Street,88881,,Cluj-Napoca,,RO,39.43543,15.191237,,active,
eu_businesses_comprehensive_20251106_114856,,Spirit Bratislava,"Quality religious organizations services in Bratislava, Slovakia. Professional and reliable business serving the local community.",,,https://www.spiritbratislava.com,info@spiritbratislava.com,+94-783-1552,195 Main Street,11574,,Bratislava,,SK,64.615792,1.269649,,active,
eu_businesses_comprehensive_20251106_114856,,Spirit Maribor,"Quality religious organizations services in Maribor, Slovenia. Professional and reliable business serving the local community.",,,https://www.spiritmaribor.com,info@spiritmaribor.com,+85-199-8575,933 Queen Street,35177,,Maribor,,SI,62.407687,15.464215,,active,
eu_businesses_comprehensive_20251106_114856,,Stockholm Community,"Quality religious organizations services in Stockholm, Sweden. Professional and reliable business serving the local community.",,,https://www.stockholmcommunity.com,info@stockholmcommunity.com,+72-571-1481,46 Queen Street,96219,,Stockholm,,SE,58.73296,6.166696,,active,
eu_businesses_comprehensive_20251106_114856,,Taste Salzburg,"Quality restaurant services in Salzburg, Austria. Professional and reliable business serving the local community.",,,https://www.tastesalzburg.com,info@tastesalzburg.com,+43-797-5839,949 High Street,50635,,Salzburg,,AT,60.909602,29.083398,,active,
eu_businesses_comprehensive_20251106_114856,,Cuisine Varna,"Quality restaurant services in Varna, Bulgaria. Professional and reliable business serving the local community.",,,https://www.cuisinevarna.com,info@cuisinevarna.com,+80-232-4610,715 Church Street,35628,,Varna,,BG,35.20226,8.897089,,active,
eu_businesses_comprehensive_20251106_114856,,Cuisine Rijeka,"Quality restaurant services in Rijeka, Croatia. Professional and reliable business serving the local community.",,,https://www.cuisinerijeka.com,info@cuisinerijeka.com,+89-735-9737,504 Queen Street,20274,,Rijeka,,HR,67.699536,-0.327369,,active,
eu_businesses_comprehensive_20251106_114856,,Cuisine Limassol,"Quality restaurant services in Limassol, Cyprus. Professional and reliable business serving the local community.",,,https://www.cuisinelimassol.com,info@cuisinelimassol.com,+45-815-4357,308 High Street,25193,,Limassol,,CY,44.187489,18.960901,,active,
eu_businesses_comprehensive_20251106_114856,,Cuisine Brno,"Quality restaurant services in Brno, Czech Republic. Professional and reliable business serving the local community.",,,https://www.cuisinebrno.com,info@cuisinebrno.com,+49-859-8300,948 Queen Street,87099,,Brno,,CZ,54.020736,9.071941,,active,
eu_businesses_comprehensive_20251106_114856,,Taste Aarhus,"Quality restaurant services in Aarhus, Denmark. Professional and reliable business serving the local community.",,,https://www.tasteaarhus.com,info@tasteaarhus.com,+42-110-8864,449 Church Street,57841,,Aarhus,,DK,50.863698,16.737848,,active,
eu_businesses_comprehensive_20251106_114856,,Dining Narva,"Quality restaurant services in Narva, Estonia. Professional and reliable business serving the local community.",,,https://www.diningnarva.com,info@diningnarva.com,+52-814-6744,748 Church Street,17041,,Narva,,EE,37.434286,22.870698,,active,
eu_businesses_comprehensive_20251106_114856,,Oulu Kitchen,"Quality restaurant services in Oulu, Finland. Professional and reliable business serving the local community.",,,https://www.oulukitchen.com,info@oulukitchen.com,+94-615-4062,990 Main Street,64112,,Oulu,,FI,36.324308,10.133727,,active,
eu_businesses_comprehensive_20251106_114856,,Thessaloniki Kitchen,"Quality restaurant services in Thessaloniki, Greece. Professional and reliable business serving the local community.",,,https://www.thessalonikikitchen.com,info@thessalonikikitchen.com,+90-406-5814,19 High Street,40134,,Thessaloniki,,GR,57.497839,13.582772,,active,
eu_businesses_comprehensive_20251106_114856,,Budapest Kitchen,"Quality restaurant services in Budapest, Hungary. Professional and reliable business serving the local community.",,,https://www.budapestkitchen.com,info@budapestkitchen.com,+42-861-2777,371 Queen Street,62446,,Budapest,,HU,46.743894,5.22148,,active,
eu_businesses_comprehensive_20251106_114856,,Restaurant Galway,"Quality restaurant services in Galway, Ireland. Professional and reliable business serving the local community.",,,https://www.restaurantgalway.com,info@restaurantgalway.com,+90-178-7963,166 King Street,96415,,Galway,,IE,50.388563,11.675973,,active,
eu_businesses_comprehensive_20251106_114856,,Palermo Kitchen,"Quality restaurant services in Palermo, Italy. Professional and reliable business serving the local community.",,,https://www.palermokitchen.com,info@palermokitchen.com,+97-943-5407,559 King Street,27824,,Palermo,,IT,65.899661,-9.16127,,active,
eu_businesses_comprehensive_20251106_114856,,Dining Liepāja,"Quality restaurant services in Liepāja, Latvia. Professional and reliable business serving the local community.",,,https://www.diningliepāja.com,info@diningliepāja.com,+66-447-9612,100 Church Street,16449,,Liepāja,,LV,41.329095,20.112593,,active,
eu_businesses_comprehensive_20251106_114856,,Taste Panevėžys,"Quality restaurant services in Panevėžys, Lithuania. Professional and reliable business serving the local community.",,,https://www.tastepanevėžys.com,info@tastepanevėžys.com,+79-200-3830,323 Queen Street,47604,,Panevėžys,,LT,66.350719,10.204899,,active,
eu_businesses_comprehensive_20251106_114856,,Cuisine Luxembourg City,"Quality restaurant services in Luxembourg City, Luxembourg. Professional and reliable business serving the local community.",,,https://www.cuisineluxembourgcity.com,info@cuisineluxembourgcity.com,+51-340-5976,203 King Street,80928,,Luxembourg City,,LU,65.339801,-3.684209,,active,
eu_businesses_comprehensive_20251106_114856,,Cuisine Birkirkara,"Quality restaurant services in Birkirkara, Malta. Professional and reliable business serving the local community.",,,https://www.cuisinebirkirkara.com,info@cuisinebirkirkara.com,+88-806-5171,28 High Street,58257,,Birkirkara,,MT,50.55958,-0.091938,,active,
eu_businesses_comprehensive_20251106_114856,,Taste Poznań,"Quality restaurant services in Poznań, Poland. Professional and reliable business serving the local community.",,,https://www.tastepoznań.com,info@tastepoznań.com,+55-233-4733,360 Main Street,61788,,Poznań,,PL,68.281848,3.64052,,active,
eu_businesses_comprehensive_20251106_114856,,Cuisine Timișoara,"Quality restaurant services in Timișoara, Romania. Professional and reliable business serving the local community.",,,https://www.cuisinetimișoara.com,info@cuisinetimișoara.com,+99-771-3127,871 Main Street,50407,,Timișoara,,RO,48.895666,16.53172,,active,
eu_businesses_comprehensive_20251106_114856,,Cuisine Banská Bystrica,"Quality restaurant services in Banská Bystrica, Slovakia. Professional and reliable business serving the local community.",,,https://www.cuisinebanskábystrica.com,info@cuisinebanskábystrica.com,+59-606-3260,122 Church Street,59441,,Banská Bystrica,,SK,41.528892,20.649531,,active,
eu_businesses_comprehensive_20251106_114856,,Taste Maribor,"Quality restaurant services in Maribor, Slovenia. Professional and reliable business serving the local community.",,,https://www.tastemaribor.com,info@tastemaribor.com,+59-597-9473,277 Church Street,44180,,Maribor,,SI,56.963746,9.099344,,active,
eu_businesses_comprehensive_20251106_114856,,Cuisine Malmö,"Quality restaurant services in Malmö, Sweden. Professional and reliable business serving the local community.",,,https://www.cuisinemalmö.com,info@cuisinemalmö.com,+76-148-3950,309 King Street,95135,,Malmö,,SE,38.903417,13.061369,,active,
eu_businesses_comprehensive_20251106_114856,,Retail Salzburg,"Quality retail services in Salzburg, Austria. Professional and reliable business serving the local community.",,,https://www.retailsalzburg.com,info@retailsalzburg.com,+89-314-7401,541 Queen Street,14846,,Salzburg,,AT,64.815638,11.171681,,active,
eu_businesses_comprehensive_20251106_114856,,Market Sofia,"Quality retail services in Sofia, Bulgaria. Professional and reliable business serving the local community.",,,https://www.marketsofia.com,info@marketsofia.com,+33-490-1002,939 Queen Street,35623,,Sofia,,BG,66.951323,10.739029,,active,
eu_businesses_comprehensive_20251106_114856,,Market Zagreb,"Quality retail services in Zagreb, Croatia. Professional and reliable business serving the local community.",,,https://www.marketzagreb.com,info@marketzagreb.com,+93-519-2304,197 King Street,98228,,Zagreb,,HR,60.573107,4.951179,,active,
eu_businesses_comprehensive_20251106_114856,,Retail Larnaca,"Quality retail services in Larnaca, Cyprus. Professional and reliable business serving the local community.",,,https://www.retaillarnaca.com,info@retaillarnaca.com,+87-251-4159,886 Queen Street,79629,,Larnaca,,CY,45.306297,24.671997,,active,
eu_businesses_comprehensive_20251106_114856,,Shopping Liberec,"Quality retail services in Liberec, Czech Republic. Professional and reliable business serving the local community.",,,https://www.shoppingliberec.com,info@shoppingliberec.com,+71-674-9040,303 Queen Street,60122,,Liberec,,CZ,48.373062,8.696658,,active,
eu_businesses_comprehensive_20251106_114856,,Retail Aarhus,"Quality retail services in Aarhus, Denmark. Professional and reliable business serving the local community.",,,https://www.retailaarhus.com,info@retailaarhus.com,+82-683-4925,298 Queen Street,94576,,Aarhus,,DK,64.426796,1.915718,,active,
eu_businesses_comprehensive_20251106_114856,,Market Tallinn,"Quality retail services in Tallinn, Estonia. Professional and reliable business serving the local community.",,,https://www.markettallinn.com,info@markettallinn.com,+62-449-8906,131 King Street,13690,,Tallinn,,EE,41.654983,-1.226001,,active,
eu_businesses_comprehensive_20251106_114856,,Shopping Vantaa,"Quality retail services in Vantaa, Finland. Professional and reliable business serving the local community.",,,https://www.shoppingvantaa.com,info@shoppingvantaa.com,+79-899-8374,864 Queen Street,73004,,Vantaa,,FI,48.334344,13.882116,,active,
eu_businesses_comprehensive_20251106_114856,,Retail Athens,"Quality retail services in Athens, Greece. Professional and reliable business serving the local community.",,,https://www.retailathens.com,info@retailathens.com,+77-472-7140,163 High Street,78937,,Athens,,GR,45.640973,-9.136653,,active,
eu_businesses_comprehensive_20251106_114856,,Pécs Store,"Quality retail services in Pécs, Hungary. Professional and reliable business serving the local community.",,,https://www.pécsstore.com,info@pécsstore.com,+95-280-3232,322 Main Street,85953,,Pécs,,HU,43.560012,-1.088097,,active,
eu_businesses_comprehensive_20251106_114856,,Shopping Cork,"Quality retail services in Cork, Ireland. Professional and reliable business serving the local community.",,,https://www.shoppingcork.com,info@shoppingcork.com,+41-962-5554,423 King Street,86967,,Cork,,IE,49.752369,10.414169,,active,
eu_businesses_comprehensive_20251106_114856,,Naples Store,"Quality retail services in Naples, Italy. Professional and reliable business serving the local community.",,,https://www.naplesstore.com,info@naplesstore.com,+46-695-6623,180 Church Street,65792,,Naples,,IT,52.556201,-7.051183,,active,
eu_businesses_comprehensive_20251106_114856,,Jelgava Store,"Quality retail services in Jelgava, Latvia. Professional and reliable business serving the local community.",,,https://www.jelgavastore.com,info@jelgavastore.com,+59-761-7454,273 High Street,51266,,Jelgava,,LV,67.752307,18.313073,,active,
eu_businesses_comprehensive_20251106_114856,,Market Kaunas,"Quality retail services in Kaunas, Lithuania. Professional and reliable business serving the local community.",,,https://www.marketkaunas.com,info@marketkaunas.com,+31-905-5376,748 King Street,33655,,Kaunas,,LT,62.976454,25.132712,,active,
eu_businesses_comprehensive_20251106_114856,,Shop Luxembourg City,"Quality retail services in Luxembourg City, Luxembourg. Professional and reliable business serving the local community.",,,https://www.shopluxembourgcity.com,info@shopluxembourgcity.com,+41-904-1451,120 Church Street,74794,,Luxembourg City,,LU,44.948518,0.696887,,active,
eu_businesses_comprehensive_20251106_114856,,Market Qormi,"Quality retail services in Qormi, Malta. Professional and reliable business serving the local community.",,,https://www.marketqormi.com,info@marketqormi.com,+59-872-2686,460 Queen Street,16744,,Qormi,,MT,41.727824,4.789195,,active,
eu_businesses_comprehensive_20251106_114856,,Retail Wrocław,"Quality retail services in Wrocław, Poland. Professional and reliable business serving the local community.",,,https://www.retailwrocław.com,info@retailwrocław.com,+96-457-6780,963 High Street,96860,,Wrocław,,PL,54.391404,14.755712,,active,
eu_businesses_comprehensive_20251106_114856,,Shopping Timișoara,"Quality retail services in Timișoara, Romania. Professional and reliable business serving the local community.",,,https://www.shoppingtimișoara.com,info@shoppingtimișoara.com,+57-461-8958,487 Main Street,17654,,Timișoara,,RO,52.864591,24.290843,,active,
eu_businesses_comprehensive_20251106_114856,,Shop Košice,"Quality retail services in Košice, Slovakia. Professional and reliable business serving the local community.",,,https://www.shopkošice.com,info@shopkošice.com,+37-996-3356,96 Queen Street,50733,,Košice,,SK,60.071462,-6.975982,,active,
eu_businesses_comprehensive_20251106_114856,,Maribor Store,"Quality retail services in Maribor, Slovenia. Professional and reliable business serving the local community.",,,https://www.mariborstore.com,info@mariborstore.com,+38-468-6810,556 Main Street,60355,,Maribor,,SI,68.933005,10.374297,,active,
eu_businesses_comprehensive_20251106_114856,,Shop Uppsala,"Quality retail services in Uppsala, Sweden. Professional and reliable business serving the local community.",,,https://www.shopuppsala.com,info@shopuppsala.com,+82-319-6321,740 High Street,95126,,Uppsala,,SE,45.268881,7.590853,,active,
eu_businesses_comprehensive_20251106_114856,,Graz Retail,"Quality retail stores services in Graz, Austria. Professional and reliable business serving the local community.",,,https://www.grazretail.com,info@grazretail.com,+42-801-7007,668 Church Street,53070,,Graz,,AT,43.906857,24.698519,,active,
eu_businesses_comprehensive_20251106_114856,,Market Burgas,"Quality retail stores services in Burgas, Bulgaria. Professional and reliable business serving the local community.",,,https://www.marketburgas.com,info@marketburgas.com,+80-224-9268,749 Queen Street,68276,,Burgas,,BG,59.524098,9.784589,,active,
eu_businesses_comprehensive_20251106_114856,,Market Rijeka,"Quality retail stores services in Rijeka, Croatia. Professional and reliable business serving the local community.",,,https://www.marketrijeka.com,info@marketrijeka.com,+43-345-1000,124 Queen Street,68282,,Rijeka,,HR,62.697124,10.749115,,active,
eu_businesses_comprehensive_20251106_114856,,Outlet Limassol,"Quality retail stores services in Limassol, Cyprus. Professional and reliable business serving the local community.",,,https://www.outletlimassol.com,info@outletlimassol.com,+62-590-2673,155 Church Street,66763,,Limassol,,CY,65.157592,10.908143,,active,
eu_businesses_comprehensive_20251106_114856,,Outlet Liberec,"Quality retail stores services in Liberec, Czech Republic. Professional and reliable business serving the local community.",,,https://www.outletliberec.com,info@outletliberec.com,+70-506-2557,117 High Street,12569,,Liberec,,CZ,39.343477,0.408558,,active,
eu_businesses_comprehensive_20251106_114856,,Copenhagen Retail,"Quality retail stores services in Copenhagen, Denmark. Professional and reliable business serving the local community.",,,https://www.copenhagenretail.com,info@copenhagenretail.com,+97-298-8750,317 Church Street,55559,,Copenhagen,,DK,36.424134,4.307582,,active,
eu_businesses_comprehensive_20251106_114856,,Market Kohtla-Järve,"Quality retail stores services in Kohtla-Järve, Estonia. Professional and reliable business serving the local community.",,,https://www.marketkohtla-järve.com,info@marketkohtla-järve.com,+82-892-6581,240 High Street,55697,,Kohtla-Järve,,EE,68.648637,24.880523,,active,
eu_businesses_comprehensive_20251106_114856,,Market Vantaa,"Quality retail stores services in Vantaa, Finland. Professional and reliable business serving the local community.",,,https://www.marketvantaa.com,info@marketvantaa.com,+62-563-8110,487 King Street,19600,,Vantaa,,FI,56.391824,1.678601,,active,
eu_businesses_comprehensive_20251106_114856,,Outlet Thessaloniki,"Quality retail stores services in Thessaloniki, Greece. Professional and reliable business serving the local community.",,,https://www.outletthessaloniki.com,info@outletthessaloniki.com,+34-705-2459,261 Main Street,96724,,Thessaloniki,,GR,35.740241,2.177104,,active,
eu_businesses_comprehensive_20251106_114856,,Store Debrecen,"Quality retail stores services in Debrecen, Hungary. Professional and reliable business serving the local community.",,,https://www.storedebrecen.com,info@storedebrecen.com,+54-153-2235,112 Queen Street,23427,,Debrecen,,HU,63.224695,-4.92966,,active,
eu_businesses_comprehensive_20251106_114856,,Outlet Galway,"Quality retail stores services in Galway, Ireland. Professional and reliable business serving the local community.",,,https://www.outletgalway.com,info@outletgalway.com,+80-921-5587,210 King Street,67379,,Galway,,IE,69.002466,12.040303,,active,
eu_businesses_comprehensive_20251106_114856,,Market Naples,"Quality retail stores services in Naples, Italy. Professional and reliable business serving the local community.",,,https://www.marketnaples.com,info@marketnaples.com,+94-874-7771,913 King Street,43724,,Naples,,IT,44.194034,-9.508579,,active,
eu_businesses_comprehensive_20251106_114856,,Market Riga,"Quality retail stores services in Riga, Latvia. Professional and reliable business serving the local community.",,,https://www.marketriga.com,info@marketriga.com,+68-145-4753,94 Main Street,87103,,Riga,,LV,61.0716,29.468185,,active,
eu_businesses_comprehensive_20251106_114856,,Store Kaunas,"Quality retail stores services in Kaunas, Lithuania. Professional and reliable business serving the local community.",,,https://www.storekaunas.com,info@storekaunas.com,+87-866-2623,782 High Street,24325,,Kaunas,,LT,66.857645,-9.178409,,active,
eu_businesses_comprehensive_20251106_114856,,Market Esch-sur-Alzette,"Quality retail stores services in Esch-sur-Alzette, Luxembourg. Professional and reliable business serving the local community.",,,https://www.marketesch-sur-alzette.com,info@marketesch-sur-alzette.com,+93-692-7596,58 King Street,11183,,Esch-sur-Alzette,,LU,50.077221,24.339804,,active,
eu_businesses_comprehensive_20251106_114856,,Sliema Retail,"Quality retail stores services in Sliema, Malta. Professional and reliable business serving the local community.",,,https://www.sliemaretail.com,info@sliemaretail.com,+78-954-7763,505 Main Street,79967,,Sliema,,MT,55.345356,-0.956312,,active,
eu_businesses_comprehensive_20251106_114856,,Poznań Retail,"Quality retail stores services in Poznań, Poland. Professional and reliable business serving the local community.",,,https://www.poznańretail.com,info@poznańretail.com,+58-531-3686,133 High Street,51574,,Poznań,,PL,49.282212,10.522078,,active,
eu_businesses_comprehensive_20251106_114856,,Market Constanța,"Quality retail stores services in Constanța, Romania. Professional and reliable business serving the local community.",,,https://www.marketconstanța.com,info@marketconstanța.com,+80-358-4731,399 Church Street,60275,,Constanța,,RO,45.961771,6.131165,,active,
eu_businesses_comprehensive_20251106_114856,,Market Bratislava,"Quality retail stores services in Bratislava, Slovakia. Professional and reliable business serving the local community.",,,https://www.marketbratislava.com,info@marketbratislava.com,+96-406-5796,345 High Street,44978,,Bratislava,,SK,39.446192,0.651027,,active,
eu_businesses_comprehensive_20251106_114856,,Store Koper,"Quality retail stores services in Koper, Slovenia. Professional and reliable business serving the local community.",,,https://www.storekoper.com,info@storekoper.com,+77-600-7265,312 Church Street,35331,,Koper,,SI,52.29732,23.875798,,active,
eu_businesses_comprehensive_20251106_114856,,Stockholm Retail,"Quality retail stores services in Stockholm, Sweden. Professional and reliable business serving the local community.",,,https://www.stockholmretail.com,info@stockholmretail.com,+79-753-4964,801 High Street,24798,,Stockholm,,SE,67.517084,2.654368,,active,
eu_businesses_comprehensive_20251106_114856,,Study Linz,"Quality schools services in Linz, Austria. Professional and reliable business serving the local community.",,,https://www.studylinz.com,info@studylinz.com,+70-328-3695,604 Main Street,79892,,Linz,,AT,38.830547,20.555493,,active,
eu_businesses_comprehensive_20251106_114856,,School Burgas,"Quality schools services in Burgas, Bulgaria. Professional and reliable business serving the local community.",,,https://www.schoolburgas.com,info@schoolburgas.com,+99-382-5385,67 Main Street,65849,,Burgas,,BG,47.846252,5.452656,,active,
eu_businesses_comprehensive_20251106_114856,,Study Split,"Quality schools services in Split, Croatia. Professional and reliable business serving the local community.",,,https://www.studysplit.com,info@studysplit.com,+79-537-9075,569 High Street,91299,,Split,,HR,45.42649,23.828293,,active,
eu_businesses_comprehensive_20251106_114856,,Study Larnaca,"Quality schools services in Larnaca, Cyprus. Professional and reliable business serving the local community.",,,https://www.studylarnaca.com,info@studylarnaca.com,+68-459-4046,844 High Street,40747,,Larnaca,,CY,54.67361,10.069927,,active,
eu_businesses_comprehensive_20251106_114856,,Education Brno,"Quality schools services in Brno, Czech Republic. Professional and reliable business serving the local community.",,,https://www.educationbrno.com,info@educationbrno.com,+56-538-8879,42 Church Street,33055,,Brno,,CZ,65.951777,-9.611466,,active,
eu_businesses_comprehensive_20251106_114856,,Copenhagen Academy,"Quality schools services in Copenhagen, Denmark. Professional and reliable business serving the local community.",,,https://www.copenhagenacademy.com,info@copenhagenacademy.com,+70-889-1185,859 King Street,62950,,Copenhagen,,DK,46.165007,3.23584,,active,
eu_businesses_comprehensive_20251106_114856,,Pärnu Academy,"Quality schools services in Pärnu, Estonia. Professional and reliable business serving the local community.",,,https://www.pärnuacademy.com,info@pärnuacademy.com,+94-181-7313,559 Church Street,28372,,Pärnu,,EE,56.76661,14.756373,,active,
eu_businesses_comprehensive_20251106_114856,,Learn Tampere,"Quality schools services in Tampere, Finland. Professional and reliable business serving the local community.",,,https://www.learntampere.com,info@learntampere.com,+53-483-2363,611 High Street,75704,,Tampere,,FI,37.957216,7.418742,,active,
eu_businesses_comprehensive_20251106_114856,,School Athens,"Quality schools services in Athens, Greece. Professional and reliable business serving the local community.",,,https://www.schoolathens.com,info@schoolathens.com,+53-292-8552,963 High Street,58520,,Athens,,GR,58.361335,13.44124,,active,
eu_businesses_comprehensive_20251106_114856,,Learn Miskolc,"Quality schools services in Miskolc, Hungary. Professional and reliable business serving the local community.",,,https://www.learnmiskolc.com,info@learnmiskolc.com,+31-279-5397,757 Main Street,94570,,Miskolc,,HU,56.772966,-1.155768,,active,
eu_businesses_comprehensive_20251106_114856,,Study Dublin,"Quality schools services in Dublin, Ireland. Professional and reliable business serving the local community.",,,https://www.studydublin.com,info@studydublin.com,+61-384-5529,564 Queen Street,68246,,Dublin,,IE,66.430239,20.766258,,active,
eu_businesses_comprehensive_20251106_114856,,Study Turin,"Quality schools services in Turin, Italy. Professional and reliable business serving the local community.",,,https://www.studyturin.com,info@studyturin.com,+73-313-9057,768 High Street,65492,,Turin,,IT,64.537463,-7.225319,,active,
eu_businesses_comprehensive_20251106_114856,,Daugavpils Academy,"Quality schools services in Daugavpils, Latvia. Professional and reliable business serving the local community.",,,https://www.daugavpilsacademy.com,info@daugavpilsacademy.com,+49-405-5536,519 King Street,60183,,Daugavpils,,LV,66.56461,-9.897083,,active,
eu_businesses_comprehensive_20251106_114856,,Learn Vilnius,"Quality schools services in Vilnius, Lithuania. Professional and reliable business serving the local community.",,,https://www.learnvilnius.com,info@learnvilnius.com,+32-719-9868,278 Main Street,19224,,Vilnius,,LT,37.063471,-5.797766,,active,
eu_businesses_comprehensive_20251106_114856,,Study Luxembourg City,"Quality schools services in Luxembourg City, Luxembourg. Professional and reliable business serving the local community.",,,https://www.studyluxembourgcity.com,info@studyluxembourgcity.com,+70-642-8913,540 High Street,76572,,Luxembourg City,,LU,50.997838,10.17902,,active,
eu_businesses_comprehensive_20251106_114856,,Study Birkirkara,"Quality schools services in Birkirkara, Malta. Professional and reliable business serving the local community.",,,https://www.studybirkirkara.com,info@studybirkirkara.com,+79-274-3446,741 Church Street,17707,,Birkirkara,,MT,68.392138,25.272917,,active,
eu_businesses_comprehensive_20251106_114856,,Warsaw Academy,"Quality schools services in Warsaw, Poland. Professional and reliable business serving the local community.",,,https://www.warsawacademy.com,info@warsawacademy.com,+90-700-7857,606 High Street,63423,,Warsaw,,PL,48.04784,-4.777323,,active,
eu_businesses_comprehensive_20251106_114856,,Study Iași,"Quality schools services in Iași, Romania. Professional and reliable business serving the local community.",,,https://www.studyiași.com,info@studyiași.com,+67-312-4852,812 King Street,40722,,Iași,,RO,55.282459,-8.308344,,active,
eu_businesses_comprehensive_20251106_114856,,Education Košice,"Quality schools services in Košice, Slovakia. Professional and reliable business serving the local community.",,,https://www.educationkošice.com,info@educationkošice.com,+45-847-8195,937 High Street,89109,,Košice,,SK,54.398481,6.323692,,active,
eu_businesses_comprehensive_20251106_114856,,Kranj Academy,"Quality schools services in Kranj, Slovenia. Professional and reliable business serving the local community.",,,https://www.kranjacademy.com,info@kranjacademy.com,+34-165-4172,241 Church Street,57708,,Kranj,,SI,36.457185,20.734602,,active,
eu_businesses_comprehensive_20251106_114856,,Education Malmö,"Quality schools services in Malmö, Sweden. Professional and reliable business serving the local community.",,,https://www.educationmalmö.com,info@educationmalmö.com,+93-351-2166,589 Main Street,16104,,Malmö,,SE,69.037894,-9.190819,,active,
eu_businesses_comprehensive_20251106_114856,,Walk Innsbruck,"Quality shoe stores services in Innsbruck, Austria. Professional and reliable business serving the local community.",,,https://www.walkinnsbruck.com,info@walkinnsbruck.com,+71-728-6520,273 King Street,97879,,Innsbruck,,AT,52.401841,24.876753,,active,
eu_businesses_comprehensive_20251106_114856,,Footwear Burgas,"Quality shoe stores services in Burgas, Bulgaria. Professional and reliable business serving the local community.",,,https://www.footwearburgas.com,info@footwearburgas.com,+95-872-2355,58 Church Street,32277,,Burgas,,BG,60.775624,20.078789,,active,
eu_businesses_comprehensive_20251106_114856,,Shoes Osijek,"Quality shoe stores services in Osijek, Croatia. Professional and reliable business serving the local community.",,,https://www.shoesosijek.com,info@shoesosijek.com,+51-248-5968,109 Main Street,56288,,Osijek,,HR,61.160396,29.978965,,active,
eu_businesses_comprehensive_20251106_114856,,Paphos Steps,"Quality shoe stores services in Paphos, Cyprus. Professional and reliable business serving the local community.",,,https://www.paphossteps.com,info@paphossteps.com,+40-285-5815,673 Queen Street,43198,,Paphos,,CY,62.691638,28.058872,,active,
eu_businesses_comprehensive_20251106_114856,,Footwear Liberec,"Quality shoe stores services in Liberec, Czech Republic. Professional and reliable business serving the local community.",,,https://www.footwearliberec.com,info@footwearliberec.com,+81-309-2228,325 High Street,25620,,Liberec,,CZ,66.947601,-3.456692,,active,
eu_businesses_comprehensive_20251106_114856,,Footwear Copenhagen,"Quality shoe stores services in Copenhagen, Denmark. Professional and reliable business serving the local community.",,,https://www.footwearcopenhagen.com,info@footwearcopenhagen.com,+97-391-5430,798 Queen Street,53160,,Copenhagen,,DK,62.277434,10.222102,,active,
eu_businesses_comprehensive_20251106_114856,,Footwear Kohtla-Järve,"Quality shoe stores services in Kohtla-Järve, Estonia. Professional and reliable business serving the local community.",,,https://www.footwearkohtla-järve.com,info@footwearkohtla-järve.com,+32-446-5932,556 King Street,66745,,Kohtla-Järve,,EE,48.304234,20.62565,,active,
eu_businesses_comprehensive_20251106_114856,,Shoes Vantaa,"Quality shoe stores services in Vantaa, Finland. Professional and reliable business serving the local community.",,,https://www.shoesvantaa.com,info@shoesvantaa.com,+96-124-4919,210 Queen Street,24917,,Vantaa,,FI,57.855702,21.551374,,active,
eu_businesses_comprehensive_20251106_114856,,Sole Heraklion,"Quality shoe stores services in Heraklion, Greece. Professional and reliable business serving the local community.",,,https://www.soleheraklion.com,info@soleheraklion.com,+60-577-2169,401 Queen Street,76109,,Heraklion,,GR,62.195246,18.532796,,active,
eu_businesses_comprehensive_20251106_114856,,Footwear Miskolc,"Quality shoe stores services in Miskolc, Hungary. Professional and reliable business serving the local community.",,,https://www.footwearmiskolc.com,info@footwearmiskolc.com,+69-543-1410,469 High Street,12492,,Miskolc,,HU,35.113704,3.620969,,active,
eu_businesses_comprehensive_20251106_114856,,Shoes Limerick,"Quality shoe stores services in Limerick, Ireland. Professional and reliable business serving the local community.",,,https://www.shoeslimerick.com,info@shoeslimerick.com,+48-429-9673,634 King Street,49710,,Limerick,,IE,45.525691,-5.161368,,active,
eu_businesses_comprehensive_20251106_114856,,Sole Milan,"Quality shoe stores services in Milan, Italy. Professional and reliable business serving the local community.",,,https://www.solemilan.com,info@solemilan.com,+66-414-7987,343 Main Street,80584,,Milan,,IT,46.10014,-3.377851,,active,
eu_businesses_comprehensive_20251106_114856,,Walk Riga,"Quality shoe stores services in Riga, Latvia. Professional and reliable business serving the local community.",,,https://www.walkriga.com,info@walkriga.com,+51-244-6002,90 Church Street,84346,,Riga,,LV,42.330248,-4.860427,,active,
eu_businesses_comprehensive_20251106_114856,,Sole Panevėžys,"Quality shoe stores services in Panevėžys, Lithuania. Professional and reliable business serving the local community.",,,https://www.solepanevėžys.com,info@solepanevėžys.com,+78-515-4723,219 Queen Street,43184,,Panevėžys,,LT,68.71299,10.260889,,active,
eu_businesses_comprehensive_20251106_114856,,Footwear Dudelange,"Quality shoe stores services in Dudelange, Luxembourg. Professional and reliable business serving the local community.",,,https://www.footweardudelange.com,info@footweardudelange.com,+92-892-2550,343 Main Street,39529,,Dudelange,,LU,58.382892,9.387628,,active,
eu_businesses_comprehensive_20251106_114856,,Sole Valletta,"Quality shoe stores services in Valletta, Malta. Professional and reliable business serving the local community.",,,https://www.solevalletta.com,info@solevalletta.com,+98-313-1222,615 King Street,44516,,Valletta,,MT,69.555867,16.555876,,active,
eu_businesses_comprehensive_20251106_114856,,Shoes Łódź,"Quality shoe stores services in Łódź, Poland. Professional and reliable business serving the local community.",,,https://www.shoesłódź.com,info@shoesłódź.com,+86-501-2092,695 Main Street,69607,,Łódź,,PL,67.557403,1.241682,,active,
eu_businesses_comprehensive_20251106_114856,,Footwear Iași,"Quality shoe stores services in Iași, Romania. Professional and reliable business serving the local community.",,,https://www.footweariași.com,info@footweariași.com,+49-965-3941,144 Church Street,76031,,Iași,,RO,35.144441,-5.419322,,active,
eu_businesses_comprehensive_20251106_114856,,Žilina Steps,"Quality shoe stores services in Žilina, Slovakia. Professional and reliable business serving the local community.",,,https://www.žilinasteps.com,info@žilinasteps.com,+44-556-3522,364 Church Street,92891,,Žilina,,SK,48.672713,13.026873,,active,
eu_businesses_comprehensive_20251106_114856,,Shoes Ljubljana,"Quality shoe stores services in Ljubljana, Slovenia. Professional and reliable business serving the local community.",,,https://www.shoesljubljana.com,info@shoesljubljana.com,+38-818-5343,486 High Street,23123,,Ljubljana,,SI,56.106104,26.006159,,active,
eu_businesses_comprehensive_20251106_114856,,Sole Västerås,"Quality shoe stores services in Västerås, Sweden. Professional and reliable business serving the local community.",,,https://www.solevästerås.com,info@solevästerås.com,+84-376-1995,767 High Street,51630,,Västerås,,SE,68.850617,5.42372,,active,
eu_businesses_comprehensive_20251106_114856,,Plaza Linz,"Quality shopping centers services in Linz, Austria. Professional and reliable business serving the local community.",,,https://www.plazalinz.com,info@plazalinz.com,+60-664-9677,181 Queen Street,62025,,Linz,,AT,57.995058,25.959492,,active,
eu_businesses_comprehensive_20251106_114856,,Sofia Center,"Quality shopping centers services in Sofia, Bulgaria. Professional and reliable business serving the local community.",,,https://www.sofiacenter.com,info@sofiacenter.com,+64-439-7718,499 King Street,48993,,Sofia,,BG,42.456919,8.185385,,active,
eu_businesses_comprehensive_20251106_114856,,Rijeka Center,"Quality shopping centers services in Rijeka, Croatia. Professional and reliable business serving the local community.",,,https://www.rijekacenter.com,info@rijekacenter.com,+44-232-7482,568 Church Street,27176,,Rijeka,,HR,62.194458,29.112401,,active,
eu_businesses_comprehensive_20251106_114856,,Limassol Center,"Quality shopping centers services in Limassol, Cyprus. Professional and reliable business serving the local community.",,,https://www.limassolcenter.com,info@limassolcenter.com,+94-938-5616,188 High Street,21785,,Limassol,,CY,69.090784,8.151874,,active,
eu_businesses_comprehensive_20251106_114856,,Ostrava Center,"Quality shopping centers services in Ostrava, Czech Republic. Professional and reliable business serving the local community.",,,https://www.ostravacenter.com,info@ostravacenter.com,+72-236-2228,258 High Street,62571,,Ostrava,,CZ,46.456043,1.248765,,active,
eu_businesses_comprehensive_20251106_114856,,Plaza Esbjerg,"Quality shopping centers services in Esbjerg, Denmark. Professional and reliable business serving the local community.",,,https://www.plazaesbjerg.com,info@plazaesbjerg.com,+57-390-2744,616 Church Street,46709,,Esbjerg,,DK,50.887132,5.745425,,active,
eu_businesses_comprehensive_20251106_114856,,Tallinn Center,"Quality shopping centers services in Tallinn, Estonia. Professional and reliable business serving the local community.",,,https://www.tallinncenter.com,info@tallinncenter.com,+52-412-3273,213 Church Street,73317,,Tallinn,,EE,44.301675,-9.378154,,active,
eu_businesses_comprehensive_20251106_114856,,Plaza Helsinki,"Quality shopping centers services in Helsinki, Finland. Professional and reliable business serving the local community.",,,https://www.plazahelsinki.com,info@plazahelsinki.com,+60-452-7825,645 King Street,60535,,Helsinki,,FI,62.551099,12.750469,,active,
eu_businesses_comprehensive_20251106_114856,,Heraklion Center,"Quality shopping centers services in Heraklion, Greece. Professional and reliable business serving the local community.",,,https://www.heraklioncenter.com,info@heraklioncenter.com,+70-215-4576,32 King Street,16721,,Heraklion,,GR,49.568349,8.394391,,active,
eu_businesses_comprehensive_20251106_114856,,Plaza Budapest,"Quality shopping centers services in Budapest, Hungary. Professional and reliable business serving the local community.",,,https://www.plazabudapest.com,info@plazabudapest.com,+98-949-1286,594 Queen Street,43461,,Budapest,,HU,43.347278,24.10649,,active,
eu_businesses_comprehensive_20251106_114856,,Plaza Galway,"Quality shopping centers services in Galway, Ireland. Professional and reliable business serving the local community.",,,https://www.plazagalway.com,info@plazagalway.com,+70-625-2475,352 High Street,36332,,Galway,,IE,50.296933,29.758365,,active,
eu_businesses_comprehensive_20251106_114856,,Market Naples,"Quality shopping centers services in Naples, Italy. Professional and reliable business serving the local community.",,,https://www.marketnaples.com,info@marketnaples.com,+72-720-3676,970 Main Street,54019,,Naples,,IT,51.03161,7.299953,,active,
eu_businesses_comprehensive_20251106_114856,,Liepāja Center,"Quality shopping centers services in Liepāja, Latvia. Professional and reliable business serving the local community.",,,https://www.liepājacenter.com,info@liepājacenter.com,+53-347-9587,51 King Street,86145,,Liepāja,,LV,51.392902,9.481433,,active,
eu_businesses_comprehensive_20251106_114856,,Mall Panevėžys,"Quality shopping centers services in Panevėžys, Lithuania. Professional and reliable business serving the local community.",,,https://www.mallpanevėžys.com,info@mallpanevėžys.com,+81-680-7124,599 High Street,76840,,Panevėžys,,LT,48.92472,11.405582,,active,
eu_businesses_comprehensive_20251106_114856,,Luxembourg City Center,"Quality shopping centers services in Luxembourg City, Luxembourg. Professional and reliable business serving the local community.",,,https://www.luxembourgcitycenter.com,info@luxembourgcitycenter.com,+36-916-3923,878 Queen Street,74225,,Luxembourg City,,LU,57.317672,-2.153913,,active,
eu_businesses_comprehensive_20251106_114856,,Mall Birkirkara,"Quality shopping centers services in Birkirkara, Malta. Professional and reliable business serving the local community.",,,https://www.mallbirkirkara.com,info@mallbirkirkara.com,+42-761-6173,876 Main Street,57314,,Birkirkara,,MT,69.330689,3.417041,,active,
eu_businesses_comprehensive_20251106_114856,,Warsaw Center,"Quality shopping centers services in Warsaw, Poland. Professional and reliable business serving the local community.",,,https://www.warsawcenter.com,info@warsawcenter.com,+46-249-8946,623 King Street,20695,,Warsaw,,PL,50.859903,17.550925,,active,
eu_businesses_comprehensive_20251106_114856,,Market Cluj-Napoca,"Quality shopping centers services in Cluj-Napoca, Romania. Professional and reliable business serving the local community.",,,https://www.marketcluj-napoca.com,info@marketcluj-napoca.com,+35-286-3507,584 Church Street,59749,,Cluj-Napoca,,RO,59.281409,-8.819171,,active,
eu_businesses_comprehensive_20251106_114856,,Mall Bratislava,"Quality shopping centers services in Bratislava, Slovakia. Professional and reliable business serving the local community.",,,https://www.mallbratislava.com,info@mallbratislava.com,+91-963-5889,749 Main Street,64402,,Bratislava,,SK,40.392724,-0.169818,,active,
eu_businesses_comprehensive_20251106_114856,,Koper Center,"Quality shopping centers services in Koper, Slovenia. Professional and reliable business serving the local community.",,,https://www.kopercenter.com,info@kopercenter.com,+99-824-1970,168 Church Street,27332,,Koper,,SI,63.718359,4.746917,,active,
eu_businesses_comprehensive_20251106_114856,,Plaza Malmö,"Quality shopping centers services in Malmö, Sweden. Professional and reliable business serving the local community.",,,https://www.plazamalmö.com,info@plazamalmö.com,+41-884-7406,523 Church Street,14588,,Malmö,,SE,65.946057,0.257008,,active,
eu_businesses_comprehensive_20251106_114856,,Vienna Wellness,"Quality spas services in Vienna, Austria. Professional and reliable business serving the local community.",,,https://www.viennawellness.com,info@viennawellness.com,+73-501-6199,14 High Street,63701,,Vienna,,AT,61.165554,-1.100271,,active,
eu_businesses_comprehensive_20251106_114856,,Ruse Wellness,"Quality spas services in Ruse, Bulgaria. Professional and reliable business serving the local community.",,,https://www.rusewellness.com,info@rusewellness.com,+69-920-1387,351 Queen Street,34910,,Ruse,,BG,38.687544,16.625139,,active,
eu_businesses_comprehensive_20251106_114856,,Serenity Split,"Quality spas services in Split, Croatia. Professional and reliable business serving the local community.",,,https://www.serenitysplit.com,info@serenitysplit.com,+80-292-3903,584 High Street,67285,,Split,,HR,66.89576,1.073451,,active,
eu_businesses_comprehensive_20251106_114856,,Spa Nicosia,"Quality spas services in Nicosia, Cyprus. Professional and reliable business serving the local community.",,,https://www.spanicosia.com,info@spanicosia.com,+74-494-5003,717 Main Street,23619,,Nicosia,,CY,54.102583,2.502106,,active,
eu_businesses_comprehensive_20251106_114856,,Relax Ostrava,"Quality spas services in Ostrava, Czech Republic. Professional and reliable business serving the local community.",,,https://www.relaxostrava.com,info@relaxostrava.com,+80-988-6765,250 Queen Street,31600,,Ostrava,,CZ,45.522683,-1.597549,,active,
eu_businesses_comprehensive_20251106_114856,,Serenity Aarhus,"Quality spas services in Aarhus, Denmark. Professional and reliable business serving the local community.",,,https://www.serenityaarhus.com,info@serenityaarhus.com,+37-270-8999,254 Church Street,59584,,Aarhus,,DK,42.701857,13.636334,,active,
eu_businesses_comprehensive_20251106_114856,,Tartu Wellness,"Quality spas services in Tartu, Estonia. Professional and reliable business serving the local community.",,,https://www.tartuwellness.com,info@tartuwellness.com,+76-527-6644,542 Queen Street,19288,,Tartu,,EE,66.041057,14.552484,,active,
eu_businesses_comprehensive_20251106_114856,,Bliss Oulu,"Quality spas services in Oulu, Finland. Professional and reliable business serving the local community.",,,https://www.blissoulu.com,info@blissoulu.com,+97-258-1227,475 Church Street,91859,,Oulu,,FI,66.841027,-4.767496,,active,
eu_businesses_comprehensive_20251106_114856,,Serenity Heraklion,"Quality spas services in Heraklion, Greece. Professional and reliable business serving the local community.",,,https://www.serenityheraklion.com,info@serenityheraklion.com,+44-238-2661,896 King Street,70424,,Heraklion,,GR,68.815452,-1.686074,,active,
eu_businesses_comprehensive_20251106_114856,,Serenity Szeged,"Quality spas services in Szeged, Hungary. Professional and reliable business serving the local community.",,,https://www.serenityszeged.com,info@serenityszeged.com,+73-761-7117,735 Main Street,29048,,Szeged,,HU,54.346682,2.107376,,active,
eu_businesses_comprehensive_20251106_114856,,Spa Dublin,"Quality spas services in Dublin, Ireland. Professional and reliable business serving the local community.",,,https://www.spadublin.com,info@spadublin.com,+54-753-6725,745 Main Street,31234,,Dublin,,IE,59.633776,7.239269,,active,
eu_businesses_comprehensive_20251106_114856,,Serenity Palermo,"Quality spas services in Palermo, Italy. Professional and reliable business serving the local community.",,,https://www.serenitypalermo.com,info@serenitypalermo.com,+34-117-4569,27 Queen Street,97103,,Palermo,,IT,35.953586,-1.201778,,active,
eu_businesses_comprehensive_20251106_114856,,Relax Daugavpils,"Quality spas services in Daugavpils, Latvia. Professional and reliable business serving the local community.",,,https://www.relaxdaugavpils.com,info@relaxdaugavpils.com,+57-721-7903,974 Queen Street,64954,,Daugavpils,,LV,46.16658,-4.03907,,active,
eu_businesses_comprehensive_20251106_114856,,Spa Kaunas,"Quality spas services in Kaunas, Lithuania. Professional and reliable business serving the local community.",,,https://www.spakaunas.com,info@spakaunas.com,+67-860-7711,837 Church Street,79238,,Kaunas,,LT,41.848352,14.504112,,active,
eu_businesses_comprehensive_20251106_114856,,Serenity Luxembourg City,"Quality spas services in Luxembourg City, Luxembourg. Professional and reliable business serving the local community.",,,https://www.serenityluxembourgcity.com,info@serenityluxembourgcity.com,+42-909-4481,195 High Street,76494,,Luxembourg City,,LU,65.722284,20.271286,,active,
eu_businesses_comprehensive_20251106_114856,,Serenity St. Julian's,"Quality spas services in St. Julian's, Malta. Professional and reliable business serving the local community.",,,https://www.serenityst.julian's.com,info@serenityst.julian's.com,+54-874-2465,79 High Street,69475,,St. Julian's,,MT,47.04726,-8.496692,,active,
eu_businesses_comprehensive_20251106_114856,,Wrocław Wellness,"Quality spas services in Wrocław, Poland. Professional and reliable business serving the local community.",,,https://www.wrocławwellness.com,info@wrocławwellness.com,+94-344-7510,725 King Street,92249,,Wrocław,,PL,44.230138,8.102813,,active,
eu_businesses_comprehensive_20251106_114856,,Spa Timișoara,"Quality spas services in Timișoara, Romania. Professional and reliable business serving the local community.",,,https://www.spatimișoara.com,info@spatimișoara.com,+37-468-6142,366 King Street,49624,,Timișoara,,RO,40.021681,22.435206,,active,
eu_businesses_comprehensive_20251106_114856,,Serenity Bratislava,"Quality spas services in Bratislava, Slovakia. Professional and reliable business serving the local community.",,,https://www.serenitybratislava.com,info@serenitybratislava.com,+98-275-9856,416 Church Street,10357,,Bratislava,,SK,55.363121,15.666428,,active,
eu_businesses_comprehensive_20251106_114856,,Bliss Ljubljana,"Quality spas services in Ljubljana, Slovenia. Professional and reliable business serving the local community.",,,https://www.blissljubljana.com,info@blissljubljana.com,+67-119-2062,627 Queen Street,20390,,Ljubljana,,SI,69.368932,6.111788,,active,
eu_businesses_comprehensive_20251106_114856,,Serenity Gothenburg,"Quality spas services in Gothenburg, Sweden. Professional and reliable business serving the local community.",,,https://www.serenitygothenburg.com,info@serenitygothenburg.com,+69-728-9720,785 Church Street,50920,,Gothenburg,,SE,41.983053,13.118911,,active,
eu_businesses_comprehensive_20251106_114856,,Fresh Linz,"Quality supermarkets services in Linz, Austria. Professional and reliable business serving the local community.",,,https://www.freshlinz.com,info@freshlinz.com,+99-551-3413,896 Church Street,56715,,Linz,,AT,36.15556,12.754476,,active,
eu_businesses_comprehensive_20251106_114856,,Super Plovdiv,"Quality supermarkets services in Plovdiv, Bulgaria. Professional and reliable business serving the local community.",,,https://www.superplovdiv.com,info@superplovdiv.com,+67-229-5481,611 King Street,42584,,Plovdiv,,BG,67.833651,-5.304559,,active,
eu_businesses_comprehensive_20251106_114856,,Split Mart,"Quality supermarkets services in Split, Croatia. Professional and reliable business serving the local community.",,,https://www.splitmart.com,info@splitmart.com,+72-934-8502,968 High Street,20424,,Split,,HR,68.013958,12.833876,,active,
eu_businesses_comprehensive_20251106_114856,,Super Paphos,"Quality supermarkets services in Paphos, Cyprus. Professional and reliable business serving the local community.",,,https://www.superpaphos.com,info@superpaphos.com,+76-404-2362,159 High Street,92284,,Paphos,,CY,69.771233,15.379512,,active,
eu_businesses_comprehensive_20251106_114856,,Fresh Prague,"Quality supermarkets services in Prague, Czech Republic. Professional and reliable business serving the local community.",,,https://www.freshprague.com,info@freshprague.com,+42-124-4229,745 Main Street,30865,,Prague,,CZ,69.905833,24.317886,,active,
eu_businesses_comprehensive_20251106_114856,,Fresh Aalborg,"Quality supermarkets services in Aalborg, Denmark. Professional and reliable business serving the local community.",,,https://www.freshaalborg.com,info@freshaalborg.com,+63-658-9283,777 High Street,93937,,Aalborg,,DK,64.969849,-2.819065,,active,
eu_businesses_comprehensive_20251106_114856,,Kohtla-Järve Mart,"Quality supermarkets services in Kohtla-Järve, Estonia. Professional and reliable business serving the local community.",,,https://www.kohtla-järvemart.com,info@kohtla-järvemart.com,+69-411-1875,282 Main Street,59127,,Kohtla-Järve,,EE,64.586104,-1.450691,,active,
eu_businesses_comprehensive_20251106_114856,,Daily Vantaa,"Quality supermarkets services in Vantaa, Finland. Professional and reliable business serving the local community.",,,https://www.dailyvantaa.com,info@dailyvantaa.com,+65-715-7252,144 Church Street,52478,,Vantaa,,FI,40.593447,18.588623,,active,
eu_businesses_comprehensive_20251106_114856,,Market Patras,"Quality supermarkets services in Patras, Greece. Professional and reliable business serving the local community.",,,https://www.marketpatras.com,info@marketpatras.com,+41-654-8017,532 Main Street,28406,,Patras,,GR,42.020205,9.948291,,active,
eu_businesses_comprehensive_20251106_114856,,Miskolc Mart,"Quality supermarkets services in Miskolc, Hungary. Professional and reliable business serving the local community.",,,https://www.miskolcmart.com,info@miskolcmart.com,+80-298-3354,789 Queen Street,90448,,Miskolc,,HU,69.602276,7.525097,,active,
eu_businesses_comprehensive_20251106_114856,,Daily Cork,"Quality supermarkets services in Cork, Ireland. Professional and reliable business serving the local community.",,,https://www.dailycork.com,info@dailycork.com,+96-139-3994,500 Church Street,55988,,Cork,,IE,61.825106,19.849537,,active,
eu_businesses_comprehensive_20251106_114856,,Milan Mart,"Quality supermarkets services in Milan, Italy. Professional and reliable business serving the local community.",,,https://www.milanmart.com,info@milanmart.com,+63-987-4781,79 Church Street,24939,,Milan,,IT,43.852481,-1.14995,,active,
eu_businesses_comprehensive_20251106_114856,,Liepāja Mart,"Quality supermarkets services in Liepāja, Latvia. Professional and reliable business serving the local community.",,,https://www.liepājamart.com,info@liepājamart.com,+81-494-1119,685 Main Street,60397,,Liepāja,,LV,49.300249,1.490765,,active,
eu_businesses_comprehensive_20251106_114856,,Market Vilnius,"Quality supermarkets services in Vilnius, Lithuania. Professional and reliable business serving the local community.",,,https://www.marketvilnius.com,info@marketvilnius.com,+37-424-8455,175 Main Street,76698,,Vilnius,,LT,42.374893,-3.442091,,active,
eu_businesses_comprehensive_20251106_114856,,Fresh Differdange,"Quality supermarkets services in Differdange, Luxembourg. Professional and reliable business serving the local community.",,,https://www.freshdifferdange.com,info@freshdifferdange.com,+64-508-2781,148 High Street,93890,,Differdange,,LU,66.514689,2.509536,,active,
eu_businesses_comprehensive_20251106_114856,,Qormi Mart,"Quality supermarkets services in Qormi, Malta. Professional and reliable business serving the local community.",,,https://www.qormimart.com,info@qormimart.com,+86-789-1106,854 King Street,26811,,Qormi,,MT,41.39191,5.34884,,active,
eu_businesses_comprehensive_20251106_114856,,Market Kraków,"Quality supermarkets services in Kraków, Poland. Professional and reliable business serving the local community.",,,https://www.marketkraków.com,info@marketkraków.com,+80-622-8763,601 Church Street,34240,,Kraków,,PL,38.521862,0.225011,,active,
eu_businesses_comprehensive_20251106_114856,,Fresh Bucharest,"Quality supermarkets services in Bucharest, Romania. Professional and reliable business serving the local community.",,,https://www.freshbucharest.com,info@freshbucharest.com,+41-348-6566,491 Queen Street,68074,,Bucharest,,RO,44.309725,24.875812,,active,
eu_businesses_comprehensive_20251106_114856,,Žilina Mart,"Quality supermarkets services in Žilina, Slovakia. Professional and reliable business serving the local community.",,,https://www.žilinamart.com,info@žilinamart.com,+75-205-3877,518 Church Street,54371,,Žilina,,SK,64.514723,17.637657,,active,
eu_businesses_comprehensive_20251106_114856,,Daily Koper,"Quality supermarkets services in Koper, Slovenia. Professional and reliable business serving the local community.",,,https://www.dailykoper.com,info@dailykoper.com,+44-451-6771,472 High Street,57036,,Koper,,SI,46.413547,28.269727,,active,
eu_businesses_comprehensive_20251106_114856,,Daily Uppsala,"Quality supermarkets services in Uppsala, Sweden. Professional and reliable business serving the local community.",,,https://www.dailyuppsala.com,info@dailyuppsala.com,+56-603-6442,872 Main Street,52765,,Uppsala,,SE,48.539864,-7.742033,,active,
eu_businesses_comprehensive_20251106_114856,,Tourism Salzburg,"Quality tourism services in Salzburg, Austria. Professional and reliable business serving the local community.",,,https://www.tourismsalzburg.com,info@tourismsalzburg.com,+62-945-5143,730 King Street,98333,,Salzburg,,AT,54.022964,10.089052,,active,
eu_businesses_comprehensive_20251106_114856,,Explore Plovdiv,"Quality tourism services in Plovdiv, Bulgaria. Professional and reliable business serving the local community.",,,https://www.exploreplovdiv.com,info@exploreplovdiv.com,+88-673-5183,298 Queen Street,39073,,Plovdiv,,BG,41.596745,-3.361771,,active,
eu_businesses_comprehensive_20251106_114856,,Travel Rijeka,"Quality tourism services in Rijeka, Croatia. Professional and reliable business serving the local community.",,,https://www.travelrijeka.com,info@travelrijeka.com,+74-950-6731,630 Main Street,37438,,Rijeka,,HR,56.223194,13.003063,,active,
eu_businesses_comprehensive_20251106_114856,,Visit Paphos,"Quality tourism services in Paphos, Cyprus. Professional and reliable business serving the local community.",,,https://www.visitpaphos.com,info@visitpaphos.com,+39-519-3775,83 Queen Street,67187,,Paphos,,CY,63.72026,-0.211962,,active,
eu_businesses_comprehensive_20251106_114856,,Visit Liberec,"Quality tourism services in Liberec, Czech Republic. Professional and reliable business serving the local community.",,,https://www.visitliberec.com,info@visitliberec.com,+84-383-4968,138 Church Street,29674,,Liberec,,CZ,35.992862,10.54105,,active,
eu_businesses_comprehensive_20251106_114856,,Explore Copenhagen,"Quality tourism services in Copenhagen, Denmark. Professional and reliable business serving the local community.",,,https://www.explorecopenhagen.com,info@explorecopenhagen.com,+67-693-4554,948 Main Street,59049,,Copenhagen,,DK,59.618142,29.294777,,active,
eu_businesses_comprehensive_20251106_114856,,Explore Tallinn,"Quality tourism services in Tallinn, Estonia. Professional and reliable business serving the local community.",,,https://www.exploretallinn.com,info@exploretallinn.com,+62-366-7563,971 High Street,59753,,Tallinn,,EE,68.771233,29.44217,,active,
eu_businesses_comprehensive_20251106_114856,,Explore Espoo,"Quality tourism services in Espoo, Finland. Professional and reliable business serving the local community.",,,https://www.exploreespoo.com,info@exploreespoo.com,+71-367-2436,802 Queen Street,71533,,Espoo,,FI,58.287198,7.903456,,active,
eu_businesses_comprehensive_20251106_114856,,Tourism Patras,"Quality tourism services in Patras, Greece. Professional and reliable business serving the local community.",,,https://www.tourismpatras.com,info@tourismpatras.com,+87-893-6708,186 Main Street,68219,,Patras,,GR,43.379036,-2.588085,,active,
eu_businesses_comprehensive_20251106_114856,,Visit Szeged,"Quality tourism services in Szeged, Hungary. Professional and reliable business serving the local community.",,,https://www.visitszeged.com,info@visitszeged.com,+95-432-5436,259 High Street,95501,,Szeged,,HU,55.751136,18.701558,,active,
eu_businesses_comprehensive_20251106_114856,,Galway Tours,"Quality tourism services in Galway, Ireland. Professional and reliable business serving the local community.",,,https://www.galwaytours.com,info@galwaytours.com,+39-791-3669,12 Main Street,53556,,Galway,,IE,52.232823,11.106511,,active,
eu_businesses_comprehensive_20251106_114856,,Tourism Milan,"Quality tourism services in Milan, Italy. Professional and reliable business serving the local community.",,,https://www.tourismmilan.com,info@tourismmilan.com,+63-667-2622,39 High Street,83778,,Milan,,IT,69.849751,21.114855,,active,
eu_businesses_comprehensive_20251106_114856,,Explore Jelgava,"Quality tourism services in Jelgava, Latvia. Professional and reliable business serving the local community.",,,https://www.explorejelgava.com,info@explorejelgava.com,+30-720-1118,921 Church Street,15484,,Jelgava,,LV,49.741711,23.550006,,active,
eu_businesses_comprehensive_20251106_114856,,Travel Šiauliai,"Quality tourism services in Šiauliai, Lithuania. Professional and reliable business serving the local community.",,,https://www.travelšiauliai.com,info@travelšiauliai.com,+58-312-9281,581 High Street,46775,,Šiauliai,,LT,36.918717,29.658733,,active,
eu_businesses_comprehensive_20251106_114856,,Visit Luxembourg City,"Quality tourism services in Luxembourg City, Luxembourg. Professional and reliable business serving the local community.",,,https://www.visitluxembourgcity.com,info@visitluxembourgcity.com,+94-690-8755,24 Queen Street,65596,,Luxembourg City,,LU,36.577906,17.011175,,active,
eu_businesses_comprehensive_20251106_114856,,Travel Birkirkara,"Quality tourism services in Birkirkara, Malta. Professional and reliable business serving the local community.",,,https://www.travelbirkirkara.com,info@travelbirkirkara.com,+71-988-5295,80 Queen Street,61744,,Birkirkara,,MT,47.96026,27.665573,,active,
eu_businesses_comprehensive_20251106_114856,,Travel Łódź,"Quality tourism services in Łódź, Poland. Professional and reliable business serving the local community.",,,https://www.travelłódź.com,info@travelłódź.com,+98-143-4985,373 Main Street,35934,,Łódź,,PL,50.811396,14.878935,,active,
eu_businesses_comprehensive_20251106_114856,,Explore Cluj-Napoca,"Quality tourism services in Cluj-Napoca, Romania. Professional and reliable business serving the local community.",,,https://www.explorecluj-napoca.com,info@explorecluj-napoca.com,+95-748-5866,310 High Street,78545,,Cluj-Napoca,,RO,62.89563,12.144184,,active,
eu_businesses_comprehensive_20251106_114856,,Explore Žilina,"Quality tourism services in Žilina, Slovakia. Professional and reliable business serving the local community.",,,https://www.explorežilina.com,info@explorežilina.com,+31-546-5244,384 Main Street,82422,,Žilina,,SK,43.563948,0.807448,,active,
eu_businesses_comprehensive_20251106_114856,,Visit Koper,"Quality tourism services in Koper, Slovenia. Professional and reliable business serving the local community.",,,https://www.visitkoper.com,info@visitkoper.com,+54-154-3019,862 Main Street,51106,,Koper,,SI,62.974551,12.316641,,active,
eu_businesses_comprehensive_20251106_114856,,Tourism Västerås,"Quality tourism services in Västerås, Sweden. Professional and reliable business serving the local community.",,,https://www.tourismvästerås.com,info@tourismvästerås.com,+50-258-8646,963 Church Street,63169,,Västerås,,SE,66.16094,-6.851132,,active,
eu_businesses_comprehensive_20251106_114856,,Attraction Graz,"Quality tourist attractions services in Graz, Austria. Professional and reliable business serving the local community.",,,https://www.attractiongraz.com,info@attractiongraz.com,+82-159-9050,31 Church Street,72302,,Graz,,AT,64.726109,19.251432,,active,
eu_businesses_comprehensive_20251106_114856,,Experience Varna,"Quality tourist attractions services in Varna, Bulgaria. Professional and reliable business serving the local community.",,,https://www.experiencevarna.com,info@experiencevarna.com,+48-191-2391,902 High Street,57033,,Varna,,BG,50.869938,23.780484,,active,
eu_businesses_comprehensive_20251106_114856,,Osijek Tours,"Quality tourist attractions services in Osijek, Croatia. Professional and reliable business serving the local community.",,,https://www.osijektours.com,info@osijektours.com,+77-271-1648,411 King Street,41749,,Osijek,,HR,52.839201,7.849777,,active,
eu_businesses_comprehensive_20251106_114856,,Visit Nicosia,"Quality tourist attractions services in Nicosia, Cyprus. Professional and reliable business serving the local community.",,,https://www.visitnicosia.com,info@visitnicosia.com,+86-167-2270,863 Church Street,56126,,Nicosia,,CY,49.781565,15.504964,,active,
eu_businesses_comprehensive_20251106_114856,,Experience Prague,"Quality tourist attractions services in Prague, Czech Republic. Professional and reliable business serving the local community.",,,https://www.experienceprague.com,info@experienceprague.com,+35-853-6507,953 Main Street,35678,,Prague,,CZ,66.526901,0.78633,,active,
eu_businesses_comprehensive_20251106_114856,,Visit Aalborg,"Quality tourist attractions services in Aalborg, Denmark. Professional and reliable business serving the local community.",,,https://www.visitaalborg.com,info@visitaalborg.com,+48-421-3585,538 High Street,86984,,Aalborg,,DK,62.080662,-4.304557,,active,
eu_businesses_comprehensive_20251106_114856,,See Tallinn,"Quality tourist attractions services in Tallinn, Estonia. Professional and reliable business serving the local community.",,,https://www.seetallinn.com,info@seetallinn.com,+35-991-5404,531 King Street,87999,,Tallinn,,EE,62.696282,-2.216305,,active,
eu_businesses_comprehensive_20251106_114856,,Attraction Vantaa,"Quality tourist attractions services in Vantaa, Finland. Professional and reliable business serving the local community.",,,https://www.attractionvantaa.com,info@attractionvantaa.com,+71-117-9732,603 Main Street,61010,,Vantaa,,FI,46.247874,-8.09998,,active,
eu_businesses_comprehensive_20251106_114856,,Visit Larissa,"Quality tourist attractions services in Larissa, Greece. Professional and reliable business serving the local community.",,,https://www.visitlarissa.com,info@visitlarissa.com,+68-989-2822,838 Church Street,10443,,Larissa,,GR,45.594282,4.868467,,active,
eu_businesses_comprehensive_20251106_114856,,See Miskolc,"Quality tourist attractions services in Miskolc, Hungary. Professional and reliable business serving the local community.",,,https://www.seemiskolc.com,info@seemiskolc.com,+96-235-3923,900 High Street,71614,,Miskolc,,HU,60.013809,29.190276,,active,
eu_businesses_comprehensive_20251106_114856,,Attraction Waterford,"Quality tourist attractions services in Waterford, Ireland. Professional and reliable business serving the local community.",,,https://www.attractionwaterford.com,info@attractionwaterford.com,+42-258-9717,626 Main Street,83238,,Waterford,,IE,49.482174,13.964392,,active,
eu_businesses_comprehensive_20251106_114856,,Experience Naples,"Quality tourist attractions services in Naples, Italy. Professional and reliable business serving the local community.",,,https://www.experiencenaples.com,info@experiencenaples.com,+91-472-2771,177 High Street,61902,,Naples,,IT,62.988876,2.343313,,active,
eu_businesses_comprehensive_20251106_114856,,Visit Jelgava,"Quality tourist attractions services in Jelgava, Latvia. Professional and reliable business serving the local community.",,,https://www.visitjelgava.com,info@visitjelgava.com,+55-455-2202,358 Queen Street,56942,,Jelgava,,LV,66.041921,5.45044,,active,
eu_businesses_comprehensive_20251106_114856,,See Šiauliai,"Quality tourist attractions services in Šiauliai, Lithuania. Professional and reliable business serving the local community.",,,https://www.seešiauliai.com,info@seešiauliai.com,+54-157-6438,507 King Street,83065,,Šiauliai,,LT,44.17289,15.192938,,active,
eu_businesses_comprehensive_20251106_114856,,Experience Dudelange,"Quality tourist attractions services in Dudelange, Luxembourg. Professional and reliable business serving the local community.",,,https://www.experiencedudelange.com,info@experiencedudelange.com,+99-443-3714,173 Queen Street,92089,,Dudelange,,LU,50.914199,-8.977681,,active,
eu_businesses_comprehensive_20251106_114856,,Experience Qormi,"Quality tourist attractions services in Qormi, Malta. Professional and reliable business serving the local community.",,,https://www.experienceqormi.com,info@experienceqormi.com,+76-267-9052,287 High Street,48776,,Qormi,,MT,46.00024,27.669876,,active,
eu_businesses_comprehensive_20251106_114856,,See Poznań,"Quality tourist attractions services in Poznań, Poland. Professional and reliable business serving the local community.",,,https://www.seepoznań.com,info@seepoznań.com,+31-209-3916,883 King Street,63653,,Poznań,,PL,60.190995,21.597483,,active,
eu_businesses_comprehensive_20251106_114856,,Visit Iași,"Quality tourist attractions services in Iași, Romania. Professional and reliable business serving the local community.",,,https://www.visitiași.com,info@visitiași.com,+67-457-6247,719 High Street,21298,,Iași,,RO,48.891126,-2.569855,,active,
eu_businesses_comprehensive_20251106_114856,,Experience Banská Bystrica,"Quality tourist attractions services in Banská Bystrica, Slovakia. Professional and reliable business serving the local community.",,,https://www.experiencebanskábystrica.com,info@experiencebanskábystrica.com,+59-870-8898,106 Main Street,80542,,Banská Bystrica,,SK,52.826961,28.825638,,active,
eu_businesses_comprehensive_20251106_114856,,Experience Maribor,"Quality tourist attractions services in Maribor, Slovenia. Professional and reliable business serving the local community.",,,https://www.experiencemaribor.com,info@experiencemaribor.com,+74-397-1815,395 Church Street,48632,,Maribor,,SI,68.912705,7.119674,,active,
eu_businesses_comprehensive_20251106_114856,,Experience Stockholm,"Quality tourist attractions services in Stockholm, Sweden. Professional and reliable business serving the local community.",,,https://www.experiencestockholm.com,info@experiencestockholm.com,+83-589-9131,876 Queen Street,29392,,Stockholm,,SE,49.298509,-0.854388,,active,
eu_businesses_comprehensive_20251106_114856,,Paws Graz,"Quality veterinary services in Graz, Austria. Professional and reliable business serving the local community.",,,https://www.pawsgraz.com,info@pawsgraz.com,+98-469-3573,378 Main Street,97866,,Graz,,AT,52.420062,-8.610107,,active,
eu_businesses_comprehensive_20251106_114856,,Furry Plovdiv,"Quality veterinary services in Plovdiv, Bulgaria. Professional and reliable business serving the local community.",,,https://www.furryplovdiv.com,info@furryplovdiv.com,+33-110-4351,146 King Street,39182,,Plovdiv,,BG,38.576652,20.22192,,active,
eu_businesses_comprehensive_20251106_114856,,Furry Split,"Quality veterinary services in Split, Croatia. Professional and reliable business serving the local community.",,,https://www.furrysplit.com,info@furrysplit.com,+88-803-3141,690 Queen Street,56883,,Split,,HR,62.987725,19.800184,,active,
eu_businesses_comprehensive_20251106_114856,,Animal Paphos,"Quality veterinary services in Paphos, Cyprus. Professional and reliable business serving the local community.",,,https://www.animalpaphos.com,info@animalpaphos.com,+47-255-6378,221 Queen Street,19606,,Paphos,,CY,37.663994,17.483881,,active,
eu_businesses_comprehensive_20251106_114856,,Vet Ostrava,"Quality veterinary services in Ostrava, Czech Republic. Professional and reliable business serving the local community.",,,https://www.vetostrava.com,info@vetostrava.com,+63-167-9935,9 King Street,12029,,Ostrava,,CZ,55.120636,26.847896,,active,
eu_businesses_comprehensive_20251106_114856,,Esbjerg Pet Care,"Quality veterinary services in Esbjerg, Denmark. Professional and reliable business serving the local community.",,,https://www.esbjergpetcare.com,info@esbjergpetcare.com,+33-944-4862,355 Queen Street,37407,,Esbjerg,,DK,44.856862,25.616837,,active,
eu_businesses_comprehensive_20251106_114856,,Paws Narva,"Quality veterinary services in Narva, Estonia. Professional and reliable business serving the local community.",,,https://www.pawsnarva.com,info@pawsnarva.com,+44-614-1100,83 Queen Street,31442,,Narva,,EE,35.545537,2.414788,,active,
eu_businesses_comprehensive_20251106_114856,,Vet Vantaa,"Quality veterinary services in Vantaa, Finland. Professional and reliable business serving the local community.",,,https://www.vetvantaa.com,info@vetvantaa.com,+47-339-3266,819 King Street,49446,,Vantaa,,FI,53.948854,-5.413384,,active,
eu_businesses_comprehensive_20251106_114856,,Animal Larissa,"Quality veterinary services in Larissa, Greece. Professional and reliable business serving the local community.",,,https://www.animallarissa.com,info@animallarissa.com,+92-960-7821,757 High Street,11946,,Larissa,,GR,42.238844,28.909068,,active,
eu_businesses_comprehensive_20251106_114856,,Vet Budapest,"Quality veterinary services in Budapest, Hungary. Professional and reliable business serving the local community.",,,https://www.vetbudapest.com,info@vetbudapest.com,+65-238-1446,306 High Street,31756,,Budapest,,HU,64.727304,25.010109,,active,
eu_businesses_comprehensive_20251106_114856,,Animal Limerick,"Quality veterinary services in Limerick, Ireland. Professional and reliable business serving the local community.",,,https://www.animallimerick.com,info@animallimerick.com,+65-847-3142,15 Queen Street,35344,,Limerick,,IE,39.47455,21.339585,,active,
eu_businesses_comprehensive_20251106_114856,,Palermo Pet Care,"Quality veterinary services in Palermo, Italy. Professional and reliable business serving the local community.",,,https://www.palermopetcare.com,info@palermopetcare.com,+41-597-1607,908 Queen Street,87969,,Palermo,,IT,46.899179,27.691658,,active,
eu_businesses_comprehensive_20251106_114856,,Paws Jelgava,"Quality veterinary services in Jelgava, Latvia. Professional and reliable business serving the local community.",,,https://www.pawsjelgava.com,info@pawsjelgava.com,+84-254-2954,88 Church Street,56352,,Jelgava,,LV,66.811312,-4.983532,,active,
eu_businesses_comprehensive_20251106_114856,,Animal Šiauliai,"Quality veterinary services in Šiauliai, Lithuania. Professional and reliable business serving the local community.",,,https://www.animalšiauliai.com,info@animalšiauliai.com,+97-198-1949,200 Main Street,55866,,Šiauliai,,LT,55.964652,0.341517,,active,
eu_businesses_comprehensive_20251106_114856,,Paws Luxembourg City,"Quality veterinary services in Luxembourg City, Luxembourg. Professional and reliable business serving the local community.",,,https://www.pawsluxembourgcity.com,info@pawsluxembourgcity.com,+79-813-7063,830 Main Street,13910,,Luxembourg City,,LU,51.190335,-3.787772,,active,
eu_businesses_comprehensive_20251106_114856,,Qormi Pet Care,"Quality veterinary services in Qormi, Malta. Professional and reliable business serving the local community.",,,https://www.qormipetcare.com,info@qormipetcare.com,+69-775-7349,483 Queen Street,13816,,Qormi,,MT,41.888391,-4.322905,,active,
eu_businesses_comprehensive_20251106_114856,,Vet Wrocław,"Quality veterinary services in Wrocław, Poland. Professional and reliable business serving the local community.",,,https://www.vetwrocław.com,info@vetwrocław.com,+42-876-6726,435 Main Street,58395,,Wrocław,,PL,54.978772,21.595513,,active,
eu_businesses_comprehensive_20251106_114856,,Bucharest Pet Care,"Quality veterinary services in Bucharest, Romania. Professional and reliable business serving the local community.",,,https://www.bucharestpetcare.com,info@bucharestpetcare.com,+99-261-4899,258 High Street,21816,,Bucharest,,RO,58.818028,3.160695,,active,
eu_businesses_comprehensive_20251106_114856,,Košice Pet Care,"Quality veterinary services in Košice, Slovakia. Professional and reliable business serving the local community.",,,https://www.košicepetcare.com,info@košicepetcare.com,+89-374-1047,918 Queen Street,24630,,Košice,,SK,40.330667,22.199187,,active,
eu_businesses_comprehensive_20251106_114856,,Animal Maribor,"Quality veterinary services in Maribor, Slovenia. Professional and reliable business serving the local community.",,,https://www.animalmaribor.com,info@animalmaribor.com,+95-309-2207,212 King Street,56773,,Maribor,,SI,45.699349,25.60345,,active,
eu_businesses_comprehensive_20251106_114856,,Vet Västerås,"Quality veterinary services in Västerås, Sweden. Professional and reliable business serving the local community.",,,https://www.vetvästerås.com,info@vetvästerås.com,+69-121-2540,888 High Street,91645,,Västerås,,SE,43.711984,16.612003,,active,
