name,category,description,address,city,country,phone,email,website,is_active,is_featured,is_verified,owner
Global Employment Linz,Employment,Premier recruitment firm specializing in executive and management level positions.,887 Central Avenue,Linz,Austria,+43 641277817,contact@globalemploymen.com,https://www.global-employment-li.com,True,False,True,1
Linz Sales Careers,Employment,"Employment consultancy specializing in finance, banking, and accounting careers.",720 Linz Plaza,Linz,Austria,+43 418080879,contact@linzsalescareer.com,https://www.linz-sales-careers.com,True,False,False,1
International Careers Austria,Employment,Professional employment agency specializing in permanent and temporary placements across multiple industries.,355 Salzburg Center,Salzburg,Austria,+43 591093357,contact@internationalca.com,https://www.international-career.com,True,False,True,1
Human Capital Vienna,Employment,Comprehensive employment services including career counseling and job placement.,857 Commercial Street,Vienna,Austria,+43 588978732,contact@humancapitalvie.com,https://www.human-capital-vienna.com,True,False,True,1
Interim Staffing Innsbruck,Employment,Employment agency specializing in legal profession recruitment and placement services.,730 Commercial Street,Innsbruck,Austria,+43 544081220,contact@interimstaffing.com,https://www.interim-staffing-inn.com,True,False,False,1
Linz Career Center,Employment,Executive recruitment firm serving multinational corporations and SMEs.,935 Business Street,Linz,Austria,+43 946890118,contact@linzcareercente.com,https://www.linz-career-center.com,True,False,True,1
Medical Staff Austria,Employment,"Employment consultancy specializing in finance, banking, and accounting careers.",814 Business Street,Vienna,Austria,+43 987190146,contact@medicalstaffaus.com,https://www.medical-staff-austri.com,True,False,True,1
Workforce Solutions Innsbruck,Employment,Leading recruitment consultancy connecting talented professionals with top employers in the region.,621 Jobs Road,Innsbruck,Austria,+43 868992059,contact@workforcesoluti.com,https://www.workforce-solutions-.com,True,False,False,1
Staffing Excellence Austria,Employment,Executive recruitment firm serving multinational corporations and SMEs.,589 Staffing Road,Vienna,Austria,+43 521570290,contact@staffingexcelle.com,https://www.staffing-excellence-.com,True,False,True,1
Finance Careers Linz,Employment,International career services helping professionals find opportunities across Europe.,231 Central Avenue,Linz,Austria,+43 905511406,contact@financecareersl.com,https://www.finance-careers-linz.com,True,False,True,1
Cross-Border Jobs Innsbruck,Employment,International career services helping professionals find opportunities across Europe.,265 Premier Avenue,Innsbruck,Austria,+43 937102271,contact@crossborderjobs.com,https://www.cross-border-jobs-in.com,True,True,True,1
Flexible Work Austria,Employment,International staffing company providing workforce solutions across European markets.,30 Business Street,Linz,Austria,+43 945188333,contact@flexibleworkaus.com,https://www.flexible-work-austri.com,True,True,True,1
Salzburg Employment Solutions,Employment,Comprehensive employment services including career counseling and job placement.,276 Salzburg Square,Salzburg,Austria,+43 335262636,contact@salzburgemploym.com,https://www.salzburg-employment-.com,True,False,True,1
Temporary Staff Salzburg,Employment,Premier recruitment firm specializing in executive and management level positions.,355 Salzburg Plaza,Salzburg,Austria,+43 516374314,contact@temporarystaffs.com,https://www.temporary-staff-salz.com,True,False,True,1
Legal Recruitment Linz,Employment,International career services helping professionals find opportunities across Europe.,81 Corporate Avenue,Linz,Austria,+43 393424707,contact@legalrecruitmen.com,https://www.legal-recruitment-li.com,True,False,False,1
Graz Temp Solutions,Employment,Temporary staffing solutions provider for industrial and manufacturing sectors.,491 Staffing Road,Graz,Austria,+43 238448979,contact@graztempsolutio.com,https://www.graz-temp-solutions.com,True,False,True,1
Staffing Excellence Austria,Employment,Employment agency dedicated to healthcare staffing and medical professional placements.,48 Career Street,Linz,Austria,+43 928453200,contact@staffingexcelle.com,https://www.staffing-excellence-.com,True,False,False,1
Temporary Staff Innsbruck,Employment,International employment services focusing on cross-border career opportunities within the EU.,446 Innsbruck Center,Innsbruck,Austria,+43 957204529,contact@temporarystaffi.com,https://www.temporary-staff-inns.com,True,False,True,1
IT Recruitment Salzburg,Employment,Temporary staffing solutions provider for industrial and manufacturing sectors.,6 Salzburg Center,Salzburg,Austria,+43 752184563,contact@itrecruitmentsa.com,https://www.it-recruitment-salzb.com,True,False,True,1
JobConnect Austria,Employment,Executive recruitment firm serving multinational corporations and SMEs.,31 Career Street,Innsbruck,Austria,+43 950504846,contact@jobconnectaustr.com,https://www.jobconnect-austria.com,True,False,False,1
WorldWork Linz,Employment,Specialized recruitment consultancy for IT professionals and technology companies.,128 Jobs Road,Linz,Austria,+43 782444365,contact@worldworklinz.com,https://www.worldwork-linz.com,True,False,True,1
IT Recruitment Vienna,Employment,"Comprehensive staffing agency offering recruitment, temp services, and HR consulting.",520 Central Avenue,Vienna,Austria,+43 174837712,contact@itrecruitmentvi.com,https://www.it-recruitment-vienn.com,True,False,True,1
EuroJobs Charleroi,Employment,Comprehensive employment services including career counseling and job placement.,263 Staffing Road,Charleroi,Belgium,+32 433285521,contact@eurojobscharler.com,https://www.eurojobs-charleroi.com,True,False,False,1
Medical Staff Belgium,Employment,Employment agency specializing in legal profession recruitment and placement services.,982 Central Avenue,Ghent,Belgium,+32 123756545,contact@medicalstaffbel.com,https://www.medical-staff-belgiu.com,True,False,True,1
JobConnect Belgium,Employment,"Employment consultancy specializing in finance, banking, and accounting careers.",409 Jobs Road,Ghent,Belgium,+32 889654734,contact@jobconnectbelgi.com,https://www.jobconnect-belgium.com,True,False,False,1
Liege Employment Solutions,Employment,Leading recruitment consultancy connecting talented professionals with top employers in the region.,603 Business Street,Liege,Belgium,+32 507973568,contact@liegeemployment.com,https://www.liege-employment-sol.com,True,True,True,1
International Careers Belgium,Employment,Full-service employment agency providing workforce solutions for businesses of all sizes.,475 Liege Plaza,Liege,Belgium,+32 862615985,contact@internationalca.com,https://www.international-career.com,True,False,False,1
Temporary Staff Antwerp,Employment,Premier recruitment firm specializing in executive and management level positions.,869 Antwerp Center,Antwerp,Belgium,+32 955954210,contact@temporarystaffa.com,https://www.temporary-staff-antw.com,True,False,True,1
Brussels Sales Careers,Employment,International recruitment agency for hospitality and tourism industry professionals.,701 Corporate Avenue,Brussels,Belgium,+32 977947950,contact@brusselssalesca.com,https://www.brussels-sales-caree.com,True,False,False,1
International Staff Ghent,Employment,Full-service employment agency providing workforce solutions for businesses of all sizes.,455 Jobs Road,Ghent,Belgium,+32 991840669,contact@internationalst.com,https://www.international-staff-.com,True,False,True,1
Healthcare Staffing Belgium,Employment,Professional staffing company focusing on engineering and technical recruitment.,544 Brussels Square,Brussels,Belgium,+32 921637563,contact@healthcarestaff.com,https://www.healthcare-staffing-.com,True,False,True,1
Charleroi Career Center,Employment,Specialized recruitment consultancy for IT professionals and technology companies.,340 Central Avenue,Charleroi,Belgium,+32 207336120,contact@charleroicareer.com,https://www.charleroi-career-cen.com,True,False,True,1
EuroJobs Liege,Employment,Leading recruitment consultancy connecting talented professionals with top employers in the region.,589 Corporate Avenue,Liege,Belgium,+32 199571287,contact@eurojobsliege.com,https://www.eurojobs-liege.com,True,False,True,1
Engineering Jobs Charleroi,Employment,Full-service employment agency providing workforce solutions for businesses of all sizes.,492 Staffing Road,Charleroi,Belgium,+32 504171602,contact@engineeringjobs.com,https://www.engineering-jobs-cha.com,True,False,True,1
Healthcare Staffing Belgium,Employment,Full-service employment agency providing workforce solutions for businesses of all sizes.,941 Professional Street,Charleroi,Belgium,+32 977031489,contact@healthcarestaff.com,https://www.healthcare-staffing-.com,True,False,False,1
Ghent Career Center,Employment,Full-service employment agency providing workforce solutions for businesses of all sizes.,142 Premier Avenue,Ghent,Belgium,+32 570927479,contact@ghentcareercent.com,https://www.ghent-career-center.com,True,False,True,1
EU Work Solutions,Employment,Employment agency specializing in legal profession recruitment and placement services.,578 Liege Square,Liege,Belgium,+32 252004703,contact@euworksolutions.com,https://www.eu-work-solutions.com,True,False,True,1
Ghent Headhunters,Employment,"Comprehensive staffing agency offering recruitment, temp services, and HR consulting.",764 Recruitment Road,Ghent,Belgium,+32 643555160,contact@ghentheadhunter.com,https://www.ghent-headhunters.com,True,False,True,1
European Careers Brussels,Employment,Temporary staffing solutions provider for industrial and manufacturing sectors.,757 Central Avenue,Brussels,Belgium,+32 401124027,contact@europeancareers.com,https://www.european-careers-bru.com,True,False,True,1
Premier Recruitment Liege,Employment,Employment agency dedicated to healthcare staffing and medical professional placements.,441 Liege Square,Liege,Belgium,+32 439283711,contact@premierrecruitm.com,https://www.premier-recruitment-.com,True,False,True,1
Charleroi Headhunters,Employment,Executive recruitment firm serving multinational corporations and SMEs.,621 Talent Road,Charleroi,Belgium,+32 682362390,contact@charleroiheadhu.com,https://www.charleroi-headhunter.com,True,False,False,1
Construction Jobs Belgium,Employment,International career services helping professionals find opportunities across Europe.,2 Premier Avenue,Brussels,Belgium,+32 186261849,contact@constructionjob.com,https://www.construction-jobs-be.com,True,False,True,1
Brussels Contract Work,Employment,Premier recruitment firm specializing in executive and management level positions.,509 Brussels Center,Brussels,Belgium,+32 526543847,contact@brusselscontrac.com,https://www.brussels-contract-wo.com,True,False,False,1
International Staff Liege,Employment,Employment agency dedicated to healthcare staffing and medical professional placements.,263 Employment Street,Liege,Belgium,+32 467809965,contact@internationalst.com,https://www.international-staff-.com,True,False,True,1
EU Work Solutions,Employment,Full-service employment agency providing workforce solutions for businesses of all sizes.,151 Premier Avenue,Plovdiv,Bulgaria,+359 755947568,contact@euworksolutions.com,https://www.eu-work-solutions.com,True,False,True,1
Burgas Career Center,Employment,Specialized recruitment consultancy for IT professionals and technology companies.,642 Employment Street,Burgas,Bulgaria,+359 555599138,contact@burgascareercen.com,https://www.burgas-career-center.com,True,False,True,1
Professional Placement Plovdiv,Employment,Professional employment agency specializing in permanent and temporary placements across multiple industries.,243 Recruitment Road,Plovdiv,Bulgaria,+359 660288474,contact@professionalpla.com,https://www.professional-placeme.com,True,False,True,1
Career Builders Bulgaria,Employment,International recruitment agency for hospitality and tourism industry professionals.,708 Varna Center,Varna,Bulgaria,+359 925466436,contact@careerbuildersb.com,https://www.career-builders-bulg.com,True,False,False,1
Human Capital Plovdiv,Employment,"Professional recruitment consultancy for sales, marketing, and business development roles.",125 Professional Street,Plovdiv,Bulgaria,+359 450187700,contact@humancapitalplo.com,https://www.human-capital-plovdi.com,True,False,False,1
Interim Staffing Plovdiv,Employment,Full-service employment agency providing workforce solutions for businesses of all sizes.,101 Corporate Avenue,Plovdiv,Bulgaria,+359 388310440,contact@interimstaffing.com,https://www.interim-staffing-plo.com,True,False,False,1
Engineering Jobs Sofia,Employment,International recruitment agency for hospitality and tourism industry professionals.,128 Central Avenue,Sofia,Bulgaria,+359 411231510,contact@engineeringjobs.com,https://www.engineering-jobs-sof.com,True,False,True,1
Professional Staffing Sofia,Employment,Executive search firm providing high-level recruitment solutions for multinational companies.,253 Executive Avenue,Sofia,Bulgaria,+359 118595126,contact@professionalsta.com,https://www.professional-staffin.com,True,False,False,1
WorldWork Ruse,Employment,Leading recruitment consultancy connecting talented professionals with top employers in the region.,925 Ruse Park,Ruse,Bulgaria,+359 262270113,contact@worldworkruse.com,https://www.worldwork-ruse.com,True,False,True,1
Construction Jobs Bulgaria,Employment,International employment services focusing on cross-border career opportunities within the EU.,987 Commercial Street,Ruse,Bulgaria,+359 427810454,contact@constructionjob.com,https://www.construction-jobs-bu.com,True,False,True,1
Premier Recruitment Sofia,Employment,"Employment consultancy specializing in finance, banking, and accounting careers.",21 Jobs Road,Sofia,Bulgaria,+359 489848698,contact@premierrecruitm.com,https://www.premier-recruitment-.com,True,False,True,1
Bulgaria Recruitment Partners,Employment,Employment agency dedicated to healthcare staffing and medical professional placements.,291 Burgas Square,Burgas,Bulgaria,+359 617560759,contact@bulgariarecruit.com,https://www.bulgaria-recruitment.com,True,True,True,1
Professional Placement Sofia,Employment,Employment agency dedicated to healthcare staffing and medical professional placements.,22 Business Street,Sofia,Bulgaria,+359 794541962,contact@professionalpla.com,https://www.professional-placeme.com,True,False,True,1
Bulgaria Recruitment Partners,Employment,"Professional recruitment consultancy for sales, marketing, and business development roles.",416 Burgas Park,Burgas,Bulgaria,+359 852416072,contact@bulgariarecruit.com,https://www.bulgaria-recruitment.com,True,False,True,1
TalentFind Ruse,Employment,"Professional recruitment consultancy for sales, marketing, and business development roles.",42 Ruse Park,Ruse,Bulgaria,+359 222720198,contact@talentfindruse.com,https://www.talentfind-ruse.com,True,False,False,1
Professional Placement Ruse,Employment,Full-service employment agency providing workforce solutions for businesses of all sizes.,746 Recruitment Road,Ruse,Bulgaria,+359 332582525,contact@professionalpla.com,https://www.professional-placeme.com,True,False,True,1
Staffing Excellence Bulgaria,Employment,Leading recruitment consultancy connecting talented professionals with top employers in the region.,245 Varna Park,Varna,Bulgaria,+359 757147867,contact@staffingexcelle.com,https://www.staffing-excellence-.com,True,False,True,1
Legal Recruitment Burgas,Employment,Professional employment agency specializing in permanent and temporary placements across multiple industries.,116 Talent Road,Burgas,Bulgaria,+359 775237501,contact@legalrecruitmen.com,https://www.legal-recruitment-bu.com,True,False,True,1
Sofia Career Center,Employment,International recruitment agency for hospitality and tourism industry professionals.,981 Talent Road,Sofia,Bulgaria,+359 629974807,contact@sofiacareercent.com,https://www.sofia-career-center.com,True,False,False,1
EU Work Solutions,Employment,"Employment consultancy specializing in finance, banking, and accounting careers.",905 Staffing Road,Ruse,Bulgaria,+359 567177112,contact@euworksolutions.com,https://www.eu-work-solutions.com,True,True,True,1
Cross-Border Jobs Burgas,Employment,Specialized staffing agency for construction and skilled trades professionals.,440 Staffing Road,Burgas,Bulgaria,+359 409619690,contact@crossborderjobs.com,https://www.cross-border-jobs-bu.com,True,False,False,1
Global Employment Ruse,Employment,"Comprehensive staffing agency offering recruitment, temp services, and HR consulting.",395 Main Street,Ruse,Bulgaria,+359 543534533,contact@globalemploymen.com,https://www.global-employment-ru.com,True,True,True,1
Split Contract Work,Employment,Executive recruitment firm serving multinational corporations and SMEs.,449 Jobs Road,Split,Croatia,+385 645548953,contact@splitcontractwo.com,https://www.split-contract-work.com,True,False,True,1
Premier Recruitment Zadar,Employment,Executive search firm providing high-level recruitment solutions for multinational companies.,27 Professional Street,Zadar,Croatia,+385 939353474,contact@premierrecruitm.com,https://www.premier-recruitment-.com,True,False,False,1
Flexible Work Croatia,Employment,Full-service employment agency providing workforce solutions for businesses of all sizes.,740 Rijeka Park,Rijeka,Croatia,+385 268662061,contact@flexibleworkcro.com,https://www.flexible-work-croati.com,True,False,False,1
Medical Staff Croatia,Employment,International recruitment agency for hospitality and tourism industry professionals.,928 Central Avenue,Zadar,Croatia,+385 186421786,contact@medicalstaffcro.com,https://www.medical-staff-croati.com,True,False,False,1
Staffing Excellence Croatia,Employment,International career services helping professionals find opportunities across Europe.,729 Executive Avenue,Rijeka,Croatia,+385 648933553,contact@staffingexcelle.com,https://www.staffing-excellence-.com,True,False,True,1
Talent Solutions Zadar,Employment,Specialized recruitment consultancy for IT professionals and technology companies.,935 Executive Avenue,Zadar,Croatia,+385 262146317,contact@talentsolutions.com,https://www.talent-solutions-zad.com,True,False,True,1
Croatia Recruitment Partners,Employment,Employment agency specializing in legal profession recruitment and placement services.,552 Central Avenue,Osijek,Croatia,+385 835994871,contact@croatiarecruitm.com,https://www.croatia-recruitment-.com,True,False,True,1
Finance Careers Zagreb,Employment,Specialized recruitment consultancy for IT professionals and technology companies.,429 Main Street,Zagreb,Croatia,+385 415813551,contact@financecareersz.com,https://www.finance-careers-zagr.com,True,False,False,1
EU Work Solutions,Employment,International employment services focusing on cross-border career opportunities within the EU.,479 Recruitment Road,Split,Croatia,+385 320383943,contact@euworksolutions.com,https://www.eu-work-solutions.com,True,False,True,1
Legal Recruitment Rijeka,Employment,Temporary staffing solutions provider for industrial and manufacturing sectors.,185 Employment Street,Rijeka,Croatia,+385 614816113,contact@legalrecruitmen.com,https://www.legal-recruitment-ri.com,True,False,True,1
Global Talent Croatia,Employment,Executive search firm providing high-level recruitment solutions for multinational companies.,461 Staffing Road,Rijeka,Croatia,+385 445857487,contact@globaltalentcro.com,https://www.global-talent-croati.com,True,True,True,1
Croatia HR Services,Employment,International staffing company providing workforce solutions across European markets.,304 Staffing Road,Osijek,Croatia,+385 182964988,contact@croatiahrservic.com,https://www.croatia-hr-services.com,True,False,True,1
Professional Placement Zadar,Employment,"Employment consultancy specializing in finance, banking, and accounting careers.",319 Career Street,Zadar,Croatia,+385 734498611,contact@professionalpla.com,https://www.professional-placeme.com,True,False,True,1
Recruit Pro Osijek,Employment,International staffing company providing workforce solutions across European markets.,180 Business Street,Osijek,Croatia,+385 155047842,contact@recruitproosije.com,https://www.recruit-pro-osijek.com,True,False,True,1
Croatia HR Services,Employment,Employment agency specializing in legal profession recruitment and placement services.,768 Recruitment Road,Zagreb,Croatia,+385 358559925,contact@croatiahrservic.com,https://www.croatia-hr-services.com,True,False,True,1
Hospitality Staff Split,Employment,Executive search firm providing high-level recruitment solutions for multinational companies.,8 Corporate Avenue,Split,Croatia,+385 960491715,contact@hospitalitystaf.com,https://www.hospitality-staff-sp.com,True,False,True,1
Elite Split Jobs,Employment,"Comprehensive staffing agency offering recruitment, temp services, and HR consulting.",339 Executive Avenue,Split,Croatia,+385 490409515,contact@elitesplitjobs.com,https://www.elite-split-jobs.com,True,False,True,1
Engineering Jobs Split,Employment,International recruitment agency for hospitality and tourism industry professionals.,362 Career Street,Split,Croatia,+385 361490375,contact@engineeringjobs.com,https://www.engineering-jobs-spl.com,True,False,False,1
Construction Jobs Croatia,Employment,Professional employment agency specializing in permanent and temporary placements across multiple industries.,572 Rijeka Center,Rijeka,Croatia,+385 963464261,contact@constructionjob.com,https://www.construction-jobs-cr.com,True,False,True,1
EU Work Solutions,Employment,"Comprehensive staffing agency offering recruitment, temp services, and HR consulting.",80 Business Street,Split,Croatia,+385 472676697,contact@euworksolutions.com,https://www.eu-work-solutions.com,True,False,True,1
Croatia Recruitment Partners,Employment,Specialized recruitment consultancy for IT professionals and technology companies.,869 Premier Avenue,Zadar,Croatia,+385 294446451,contact@croatiarecruitm.com,https://www.croatia-recruitment-.com,True,False,True,1
Elite Osijek Jobs,Employment,Temporary staffing solutions provider for industrial and manufacturing sectors.,276 Staffing Road,Osijek,Croatia,+385 964068699,contact@eliteosijekjobs.com,https://www.elite-osijek-jobs.com,True,True,True,1
Executive Search Cyprus,Employment,Full-service employment agency providing workforce solutions for businesses of all sizes.,698 Talent Road,Famagusta,Cyprus,+357 276257185,contact@executivesearch.com,https://www.executive-search-cyp.com,True,False,False,1
Global Talent Cyprus,Employment,Premier recruitment firm specializing in executive and management level positions.,554 Recruitment Road,Larnaca,Cyprus,+357 832190522,contact@globaltalentcyp.com,https://www.global-talent-cyprus.com,True,False,False,1
International Staff Nicosia,Employment,International career services helping professionals find opportunities across Europe.,379 Nicosia Square,Nicosia,Cyprus,+357 536026561,contact@internationalst.com,https://www.international-staff-.com,True,False,True,1
Temporary Staff Limassol,Employment,"Employment consultancy specializing in finance, banking, and accounting careers.",426 Jobs Road,Limassol,Cyprus,+357 514591325,contact@temporarystaffl.com,https://www.temporary-staff-lima.com,True,False,True,1
Healthcare Staffing Cyprus,Employment,Premier recruitment firm specializing in executive and management level positions.,491 Paphos Plaza,Paphos,Cyprus,+357 214518888,contact@healthcarestaff.com,https://www.healthcare-staffing-.com,True,True,True,1
Paphos Contract Work,Employment,Professional employment agency specializing in permanent and temporary placements across multiple industries.,544 Paphos Center,Paphos,Cyprus,+357 371818560,contact@paphoscontractw.com,https://www.paphos-contract-work.com,True,False,True,1
Nicosia Employment Solutions,Employment,Comprehensive employment services including career counseling and job placement.,800 Staffing Road,Nicosia,Cyprus,+357 195959193,contact@nicosiaemployme.com,https://www.nicosia-employment-s.com,True,False,True,1
WorldWork Nicosia,Employment,Employment agency specializing in legal profession recruitment and placement services.,694 Talent Road,Nicosia,Cyprus,+357 888207596,contact@worldworknicosi.com,https://www.worldwork-nicosia.com,True,False,True,1
Finance Careers Larnaca,Employment,Temporary staffing solutions provider for industrial and manufacturing sectors.,102 Central Avenue,Larnaca,Cyprus,+357 196916204,contact@financecareersl.com,https://www.finance-careers-larn.com,True,False,False,1
Human Capital Limassol,Employment,Professional staffing company focusing on engineering and technical recruitment.,181 Executive Avenue,Limassol,Cyprus,+357 302765994,contact@humancapitallim.com,https://www.human-capital-limass.com,True,False,True,1
Limassol Temp Solutions,Employment,Leading recruitment consultancy connecting talented professionals with top employers in the region.,396 Executive Avenue,Limassol,Cyprus,+357 121421165,contact@limassoltempsol.com,https://www.limassol-temp-soluti.com,True,False,True,1
Global Talent Cyprus,Employment,Professional staffing company focusing on engineering and technical recruitment.,380 Talent Road,Famagusta,Cyprus,+357 431901938,contact@globaltalentcyp.com,https://www.global-talent-cyprus.com,True,False,True,1
EuroJobs Larnaca,Employment,International career services helping professionals find opportunities across Europe.,691 Corporate Avenue,Larnaca,Cyprus,+357 170328725,contact@eurojobslarnaca.com,https://www.eurojobs-larnaca.com,True,True,False,1
Executive Recruitment Paphos,Employment,International career services helping professionals find opportunities across Europe.,840 Paphos Center,Paphos,Cyprus,+357 773972775,contact@executiverecrui.com,https://www.executive-recruitmen.com,True,False,True,1
Limassol Tech Talent,Employment,Executive search firm providing high-level recruitment solutions for multinational companies.,239 Limassol Square,Limassol,Cyprus,+357 403268494,contact@limassoltechtal.com,https://www.limassol-tech-talent.com,True,False,True,1
Finance Careers Larnaca,Employment,Leading recruitment consultancy connecting talented professionals with top employers in the region.,461 Larnaca Center,Larnaca,Cyprus,+357 842286025,contact@financecareersl.com,https://www.finance-careers-larn.com,True,False,False,1
Paphos Contract Work,Employment,Specialized recruitment consultancy for IT professionals and technology companies.,686 Main Street,Paphos,Cyprus,+357 434327587,contact@paphoscontractw.com,https://www.paphos-contract-work.com,True,False,True,1
Talent Solutions Larnaca,Employment,"Employment consultancy specializing in finance, banking, and accounting careers.",432 Staffing Road,Larnaca,Cyprus,+357 599287414,contact@talentsolutions.com,https://www.talent-solutions-lar.com,True,True,True,1
Cyprus Recruitment Partners,Employment,Temporary staffing solutions provider for industrial and manufacturing sectors.,393 Paphos Center,Paphos,Cyprus,+357 186945092,contact@cyprusrecruitme.com,https://www.cyprus-recruitment-p.com,True,False,False,1
Career Builders Cyprus,Employment,Employment agency specializing in legal profession recruitment and placement services.,176 Famagusta Square,Famagusta,Cyprus,+357 369825196,contact@careerbuildersc.com,https://www.career-builders-cypr.com,True,False,False,1
Temporary Staff Limassol,Employment,Professional employment agency specializing in permanent and temporary placements across multiple industries.,531 Limassol Center,Limassol,Cyprus,+357 145312912,contact@temporarystaffl.com,https://www.temporary-staff-lima.com,True,False,True,1
Nicosia Sales Careers,Employment,"Professional recruitment consultancy for sales, marketing, and business development roles.",548 Nicosia Park,Nicosia,Cyprus,+357 476662891,contact@nicosiasalescar.com,https://www.nicosia-sales-career.com,True,False,True,1
Brno Headhunters,Employment,International career services helping professionals find opportunities across Europe.,160 Career Street,Brno,Czech Republic,+420 531820131,contact@brnoheadhunters.com,https://www.brno-headhunters.com,True,True,True,1
Czech Republic Recruitment Partners,Employment,Premier recruitment firm specializing in executive and management level positions.,716 Recruitment Road,Brno,Czech Republic,+420 736229698,contact@czechrepublicre.com,https://www.czech-republic-recru.com,True,False,False,1
Medical Staff Czech Republic,Employment,Full-service employment agency providing workforce solutions for businesses of all sizes.,237 Business Street,Prague,Czech Republic,+420 965550864,contact@medicalstaffcze.com,https://www.medical-staff-czech-.com,True,False,True,1
Cross-Border Jobs Prague,Employment,"Comprehensive staffing agency offering recruitment, temp services, and HR consulting.",172 Main Street,Prague,Czech Republic,+420 820695214,contact@crossborderjobs.com,https://www.cross-border-jobs-pr.com,True,False,True,1
Flexible Work Czech Republic,Employment,Specialized staffing agency for construction and skilled trades professionals.,77 Recruitment Road,Ostrava,Czech Republic,+420 455644856,contact@flexibleworkcze.com,https://www.flexible-work-czech-.com,True,False,False,1
Flexible Work Czech Republic,Employment,"Professional recruitment consultancy for sales, marketing, and business development roles.",898 Jobs Road,Brno,Czech Republic,+420 696346601,contact@flexibleworkcze.com,https://www.flexible-work-czech-.com,True,False,True,1
Executive Search Czech Republic,Employment,"Employment consultancy specializing in finance, banking, and accounting careers.",160 Staffing Road,Plzen,Czech Republic,+420 103991868,contact@executivesearch.com,https://www.executive-search-cze.com,True,False,False,1
Executive Recruitment Brno,Employment,"Employment consultancy specializing in finance, banking, and accounting careers.",479 Brno Park,Brno,Czech Republic,+420 160837016,contact@executiverecrui.com,https://www.executive-recruitmen.com,True,False,False,1
Premier Recruitment Prague,Employment,Employment agency dedicated to healthcare staffing and medical professional placements.,746 Prague Park,Prague,Czech Republic,+420 397059543,contact@premierrecruitm.com,https://www.premier-recruitment-.com,True,False,False,1
EuroJobs Plzen,Employment,"Professional recruitment consultancy for sales, marketing, and business development roles.",748 Plzen Plaza,Plzen,Czech Republic,+420 828928531,contact@eurojobsplzen.com,https://www.eurojobs-plzen.com,True,False,True,1
Liberec Work Agency,Employment,Temporary staffing solutions provider for industrial and manufacturing sectors.,452 Recruitment Road,Liberec,Czech Republic,+420 982208219,contact@liberecworkagen.com,https://www.liberec-work-agency.com,True,False,True,1
TalentFind Liberec,Employment,Premier recruitment firm specializing in executive and management level positions.,559 Liberec Center,Liberec,Czech Republic,+420 954456331,contact@talentfindliber.com,https://www.talentfind-liberec.com,True,False,True,1
Plzen Career Center,Employment,Employment agency specializing in legal profession recruitment and placement services.,288 Premier Avenue,Plzen,Czech Republic,+420 487221552,contact@plzencareercent.com,https://www.plzen-career-center.com,True,False,True,1
Temporary Staff Brno,Employment,International career services helping professionals find opportunities across Europe.,621 Corporate Avenue,Brno,Czech Republic,+420 612304096,contact@temporarystaffb.com,https://www.temporary-staff-brno.com,True,False,False,1
Professional Placement Plzen,Employment,Leading recruitment consultancy connecting talented professionals with top employers in the region.,734 Commercial Street,Plzen,Czech Republic,+420 704472496,contact@professionalpla.com,https://www.professional-placeme.com,True,True,True,1
Premier Recruitment Brno,Employment,Employment agency specializing in legal profession recruitment and placement services.,232 Professional Street,Brno,Czech Republic,+420 582193343,contact@premierrecruitm.com,https://www.premier-recruitment-.com,True,False,False,1
Global Employment Liberec,Employment,International employment services focusing on cross-border career opportunities within the EU.,655 Executive Avenue,Liberec,Czech Republic,+420 481359895,contact@globalemploymen.com,https://www.global-employment-li.com,True,False,True,1
TalentFind Liberec,Employment,"Employment consultancy specializing in finance, banking, and accounting careers.",797 Recruitment Road,Liberec,Czech Republic,+420 892213761,contact@talentfindliber.com,https://www.talentfind-liberec.com,True,False,True,1
Prague Temp Solutions,Employment,Premier recruitment firm specializing in executive and management level positions.,633 Prague Center,Prague,Czech Republic,+420 965187135,contact@praguetempsolut.com,https://www.prague-temp-solution.com,True,False,True,1
TalentFind Liberec,Employment,Premier recruitment firm specializing in executive and management level positions.,192 Central Avenue,Liberec,Czech Republic,+420 846906098,contact@talentfindliber.com,https://www.talentfind-liberec.com,True,False,False,1
International Placement Czech Republic,Employment,Executive recruitment firm serving multinational corporations and SMEs.,545 Career Street,Liberec,Czech Republic,+420 171472869,contact@internationalpl.com,https://www.international-placem.com,True,True,True,1
Premier Recruitment Plzen,Employment,International staffing company providing workforce solutions across European markets.,656 Executive Avenue,Plzen,Czech Republic,+420 131952816,contact@premierrecruitm.com,https://www.premier-recruitment-.com,True,False,False,1
EU Work Solutions,Employment,Professional staffing company focusing on engineering and technical recruitment.,768 Central Avenue,Aalborg,Denmark,+45 911714501,contact@euworksolutions.com,https://www.eu-work-solutions.com,True,False,False,1
Odense Sales Careers,Employment,"Professional recruitment consultancy for sales, marketing, and business development roles.",88 Central Avenue,Odense,Denmark,+45 424968330,contact@odensesalescare.com,https://www.odense-sales-careers.com,True,False,True,1
JobConnect Denmark,Employment,"Professional recruitment consultancy for sales, marketing, and business development roles.",5 Executive Avenue,Copenhagen,Denmark,+45 935018771,contact@jobconnectdenma.com,https://www.jobconnect-denmark.com,True,False,True,1
Global Talent Denmark,Employment,International career services helping professionals find opportunities across Europe.,662 Career Street,Odense,Denmark,+45 153083539,contact@globaltalentden.com,https://www.global-talent-denmar.com,True,False,True,1
Medical Staff Denmark,Employment,"Employment consultancy specializing in finance, banking, and accounting careers.",830 Aarhus Square,Aarhus,Denmark,+45 909480314,contact@medicalstaffden.com,https://www.medical-staff-denmar.com,True,False,True,1
Cross-Border Jobs Aalborg,Employment,Professional employment agency specializing in permanent and temporary placements across multiple industries.,835 Aalborg Square,Aalborg,Denmark,+45 777517814,contact@crossborderjobs.com,https://www.cross-border-jobs-aa.com,True,False,True,1
WorldWork Copenhagen,Employment,Comprehensive employment services including career counseling and job placement.,973 Copenhagen Square,Copenhagen,Denmark,+45 238360929,contact@worldworkcopenh.com,https://www.worldwork-copenhagen.com,True,False,True,1
Aarhus Headhunters,Employment,Specialized staffing agency for construction and skilled trades professionals.,50 Aarhus Plaza,Aarhus,Denmark,+45 468301377,contact@aarhusheadhunte.com,https://www.aarhus-headhunters.com,True,False,True,1
International Careers Denmark,Employment,Professional staffing company focusing on engineering and technical recruitment.,288 Aalborg Square,Aalborg,Denmark,+45 641744765,contact@internationalca.com,https://www.international-career.com,True,False,True,1
International Careers Denmark,Employment,International employment services focusing on cross-border career opportunities within the EU.,207 Jobs Road,Esbjerg,Denmark,+45 598069152,contact@internationalca.com,https://www.international-career.com,True,False,True,1
Staffing Excellence Denmark,Employment,Specialized staffing agency for construction and skilled trades professionals.,272 Business Street,Copenhagen,Denmark,+45 781650586,contact@staffingexcelle.com,https://www.staffing-excellence-.com,True,False,True,1
Denmark Recruitment Partners,Employment,Comprehensive employment services including career counseling and job placement.,141 Odense Plaza,Odense,Denmark,+45 933059264,contact@denmarkrecruitm.com,https://www.denmark-recruitment-.com,True,False,False,1
International Staff Aalborg,Employment,Temporary staffing solutions provider for industrial and manufacturing sectors.,807 Talent Road,Aalborg,Denmark,+45 724146147,contact@internationalst.com,https://www.international-staff-.com,True,False,True,1
Recruit Pro Odense,Employment,Executive recruitment firm serving multinational corporations and SMEs.,904 Jobs Road,Odense,Denmark,+45 778330440,contact@recruitproodens.com,https://www.recruit-pro-odense.com,True,False,True,1
EuroJobs Copenhagen,Employment,International recruitment agency for hospitality and tourism industry professionals.,221 Corporate Avenue,Copenhagen,Denmark,+45 441401163,contact@eurojobscopenha.com,https://www.eurojobs-copenhagen.com,True,False,True,1
EU Work Solutions,Employment,Professional employment agency specializing in permanent and temporary placements across multiple industries.,698 Jobs Road,Odense,Denmark,+45 518967652,contact@euworksolutions.com,https://www.eu-work-solutions.com,True,False,True,1
Temporary Staff Esbjerg,Employment,Full-service employment agency providing workforce solutions for businesses of all sizes.,150 Esbjerg Park,Esbjerg,Denmark,+45 466855784,contact@temporarystaffe.com,https://www.temporary-staff-esbj.com,True,False,True,1
Flexible Work Denmark,Employment,International staffing company providing workforce solutions across European markets.,960 Aalborg Plaza,Aalborg,Denmark,+45 731551298,contact@flexibleworkden.com,https://www.flexible-work-denmar.com,True,False,False,1
Aalborg Career Center,Employment,Professional staffing company focusing on engineering and technical recruitment.,994 Corporate Avenue,Aalborg,Denmark,+45 643128256,contact@aalborgcareerce.com,https://www.aalborg-career-cente.com,True,False,True,1
JobConnect Denmark,Employment,Professional employment agency specializing in permanent and temporary placements across multiple industries.,825 Aalborg Park,Aalborg,Denmark,+45 168206053,contact@jobconnectdenma.com,https://www.jobconnect-denmark.com,True,False,True,1
Legal Recruitment Copenhagen,Employment,Professional staffing company focusing on engineering and technical recruitment.,245 Commercial Street,Copenhagen,Denmark,+45 757224129,contact@legalrecruitmen.com,https://www.legal-recruitment-co.com,True,False,True,1
IT Recruitment Aarhus,Employment,Full-service employment agency providing workforce solutions for businesses of all sizes.,468 Staffing Road,Aarhus,Denmark,+45 805343394,contact@itrecruitmentaa.com,https://www.it-recruitment-aarhu.com,True,False,True,1
Cross-Border Jobs Narva,Employment,Employment agency specializing in legal profession recruitment and placement services.,550 Jobs Road,Narva,Estonia,+372 482871686,contact@crossborderjobs.com,https://www.cross-border-jobs-na.com,True,False,True,1
EuroJobs Narva,Employment,Executive recruitment firm serving multinational corporations and SMEs.,22 Executive Avenue,Narva,Estonia,+372 541793546,contact@eurojobsnarva.com,https://www.eurojobs-narva.com,True,False,True,1
Recruit Pro Narva,Employment,Temporary staffing solutions provider for industrial and manufacturing sectors.,70 Staffing Road,Narva,Estonia,+372 551435098,contact@recruitpronarva.com,https://www.recruit-pro-narva.com,True,False,True,1
Tallinn Contract Work,Employment,Employment agency specializing in legal profession recruitment and placement services.,340 Jobs Road,Tallinn,Estonia,+372 331205840,contact@tallinncontract.com,https://www.tallinn-contract-wor.com,True,True,True,1
Estonia Recruitment Partners,Employment,Executive search firm providing high-level recruitment solutions for multinational companies.,823 Career Street,Tartu,Estonia,+372 224025233,contact@estoniarecruitm.com,https://www.estonia-recruitment-.com,True,False,True,1
Estonia HR Services,Employment,"Comprehensive staffing agency offering recruitment, temp services, and HR consulting.",143 Jobs Road,Narva,Estonia,+372 782824699,contact@estoniahrservic.com,https://www.estonia-hr-services.com,True,False,False,1
Estonia Recruitment Partners,Employment,Professional staffing company focusing on engineering and technical recruitment.,462 Executive Avenue,Tartu,Estonia,+372 820814287,contact@estoniarecruitm.com,https://www.estonia-recruitment-.com,True,False,False,1
Tartu Work Agency,Employment,"Professional recruitment consultancy for sales, marketing, and business development roles.",364 Corporate Avenue,Tartu,Estonia,+372 416547799,contact@tartuworkagency.com,https://www.tartu-work-agency.com,True,False,True,1
WorldWork Tartu,Employment,Employment agency specializing in legal profession recruitment and placement services.,728 Jobs Road,Tartu,Estonia,+372 181993415,contact@worldworktartu.com,https://www.worldwork-tartu.com,True,False,True,1
Staffing Excellence Estonia,Employment,Specialized staffing agency for construction and skilled trades professionals.,973 Corporate Avenue,Narva,Estonia,+372 327459777,contact@staffingexcelle.com,https://www.staffing-excellence-.com,True,False,True,1
TalentFind Tartu,Employment,"Comprehensive staffing agency offering recruitment, temp services, and HR consulting.",269 Employment Street,Tartu,Estonia,+372 654431220,contact@talentfindtartu.com,https://www.talentfind-tartu.com,True,True,True,1
Staffing Excellence Estonia,Employment,International employment services focusing on cross-border career opportunities within the EU.,64 Premier Avenue,Kohtla-Jarve,Estonia,+372 248879633,contact@staffingexcelle.com,https://www.staffing-excellence-.com,True,False,True,1
Temporary Staff Narva,Employment,International employment services focusing on cross-border career opportunities within the EU.,871 Narva Plaza,Narva,Estonia,+372 836099772,contact@temporarystaffn.com,https://www.temporary-staff-narv.com,True,False,True,1
Finance Careers Kohtla-Jarve,Employment,Premier recruitment firm specializing in executive and management level positions.,543 Kohtla-Jarve Center,Kohtla-Jarve,Estonia,+372 539543240,contact@financecareersk.com,https://www.finance-careers-koht.com,True,False,False,1
Parnu Employment Solutions,Employment,Executive recruitment firm serving multinational corporations and SMEs.,402 Business Street,Parnu,Estonia,+372 103496987,contact@parnuemployment.com,https://www.parnu-employment-sol.com,True,False,False,1
Engineering Jobs Tallinn,Employment,Specialized recruitment consultancy for IT professionals and technology companies.,932 Corporate Avenue,Tallinn,Estonia,+372 612426783,contact@engineeringjobs.com,https://www.engineering-jobs-tal.com,True,False,True,1
Interim Staffing Tartu,Employment,International employment services focusing on cross-border career opportunities within the EU.,800 Career Street,Tartu,Estonia,+372 625786482,contact@interimstaffing.com,https://www.interim-staffing-tar.com,True,False,True,1
Workforce Solutions Parnu,Employment,Temporary staffing solutions provider for industrial and manufacturing sectors.,223 Parnu Center,Parnu,Estonia,+372 928819504,contact@workforcesoluti.com,https://www.workforce-solutions-.com,True,False,False,1
JobConnect Estonia,Employment,Comprehensive employment services including career counseling and job placement.,442 Tallinn Park,Tallinn,Estonia,+372 602562722,contact@jobconnecteston.com,https://www.jobconnect-estonia.com,True,False,False,1
Interim Staffing Kohtla-Jarve,Employment,International employment services focusing on cross-border career opportunities within the EU.,524 Executive Avenue,Kohtla-Jarve,Estonia,+372 156492113,contact@interimstaffing.com,https://www.interim-staffing-koh.com,True,False,True,1
Legal Recruitment Kohtla-Jarve,Employment,International career services helping professionals find opportunities across Europe.,375 Business Street,Kohtla-Jarve,Estonia,+372 893745907,contact@legalrecruitmen.com,https://www.legal-recruitment-ko.com,True,True,False,1
TalentFind Parnu,Employment,Professional employment agency specializing in permanent and temporary placements across multiple industries.,223 Parnu Park,Parnu,Estonia,+372 852808081,contact@talentfindparnu.com,https://www.talentfind-parnu.com,True,False,True,1
Vantaa Temp Solutions,Employment,Executive recruitment firm serving multinational corporations and SMEs.,743 Main Street,Vantaa,Finland,+358 655226387,contact@vantaatempsolut.com,https://www.vantaa-temp-solution.com,True,False,False,1
Career Builders Finland,Employment,"Comprehensive staffing agency offering recruitment, temp services, and HR consulting.",388 Premier Avenue,Oulu,Finland,+358 181415346,contact@careerbuildersf.com,https://www.career-builders-finl.com,True,False,True,1
European Careers Tampere,Employment,Temporary staffing solutions provider for industrial and manufacturing sectors.,920 Career Street,Tampere,Finland,+358 116886849,contact@europeancareers.com,https://www.european-careers-tam.com,True,False,True,1
Oulu Contract Work,Employment,"Professional recruitment consultancy for sales, marketing, and business development roles.",700 Premier Avenue,Oulu,Finland,+358 620652639,contact@oulucontractwor.com,https://www.oulu-contract-work.com,True,False,True,1
Career Builders Finland,Employment,International employment services focusing on cross-border career opportunities within the EU.,52 Commercial Street,Oulu,Finland,+358 724199635,contact@careerbuildersf.com,https://www.career-builders-finl.com,True,True,True,1
Helsinki Tech Talent,Employment,Professional staffing company focusing on engineering and technical recruitment.,79 Business Street,Helsinki,Finland,+358 288086178,contact@helsinkitechtal.com,https://www.helsinki-tech-talent.com,True,True,True,1
Flexible Work Finland,Employment,Professional staffing company focusing on engineering and technical recruitment.,333 Central Avenue,Espoo,Finland,+358 207646142,contact@flexibleworkfin.com,https://www.flexible-work-finlan.com,True,False,False,1
Professional Placement Oulu,Employment,"Employment consultancy specializing in finance, banking, and accounting careers.",302 Oulu Park,Oulu,Finland,+358 640635245,contact@professionalpla.com,https://www.professional-placeme.com,True,False,False,1
Interim Staffing Helsinki,Employment,Employment agency specializing in legal profession recruitment and placement services.,72 Jobs Road,Helsinki,Finland,+358 219784411,contact@interimstaffing.com,https://www.interim-staffing-hel.com,True,False,True,1
Vantaa Employment Solutions,Employment,Comprehensive employment services including career counseling and job placement.,320 Staffing Road,Vantaa,Finland,+358 210270683,contact@vantaaemploymen.com,https://www.vantaa-employment-so.com,True,False,False,1
JobConnect Finland,Employment,"Professional recruitment consultancy for sales, marketing, and business development roles.",305 Talent Road,Helsinki,Finland,+358 879128748,contact@jobconnectfinla.com,https://www.jobconnect-finland.com,True,False,True,1
Interim Staffing Tampere,Employment,International recruitment agency for hospitality and tourism industry professionals.,663 Tampere Park,Tampere,Finland,+358 208850406,contact@interimstaffing.com,https://www.interim-staffing-tam.com,True,False,False,1
Construction Jobs Finland,Employment,Professional employment agency specializing in permanent and temporary placements across multiple industries.,958 Vantaa Square,Vantaa,Finland,+358 628643078,contact@constructionjob.com,https://www.construction-jobs-fi.com,True,False,False,1
Helsinki Sales Careers,Employment,Specialized recruitment consultancy for IT professionals and technology companies.,971 Executive Avenue,Helsinki,Finland,+358 412941212,contact@helsinkisalesca.com,https://www.helsinki-sales-caree.com,True,False,True,1
Legal Recruitment Tampere,Employment,Professional employment agency specializing in permanent and temporary placements across multiple industries.,323 Tampere Square,Tampere,Finland,+358 773967747,contact@legalrecruitmen.com,https://www.legal-recruitment-ta.com,True,False,True,1
Helsinki Tech Talent,Employment,Employment agency specializing in legal profession recruitment and placement services.,819 Career Street,Helsinki,Finland,+358 876191075,contact@helsinkitechtal.com,https://www.helsinki-tech-talent.com,True,True,True,1
Oulu Headhunters,Employment,International employment services focusing on cross-border career opportunities within the EU.,473 Oulu Center,Oulu,Finland,+358 449365556,contact@ouluheadhunters.com,https://www.oulu-headhunters.com,True,False,False,1
Global Employment Tampere,Employment,Comprehensive employment services including career counseling and job placement.,95 Career Street,Tampere,Finland,+358 108688664,contact@globalemploymen.com,https://www.global-employment-ta.com,True,False,True,1
Elite Espoo Jobs,Employment,Employment agency dedicated to healthcare staffing and medical professional placements.,419 Espoo Center,Espoo,Finland,+358 599350847,contact@eliteespoojobs.com,https://www.elite-espoo-jobs.com,True,False,True,1
WorldWork Tampere,Employment,Specialized staffing agency for construction and skilled trades professionals.,633 Recruitment Road,Tampere,Finland,+358 786102734,contact@worldworktamper.com,https://www.worldwork-tampere.com,True,True,True,1
IT Recruitment Espoo,Employment,Executive recruitment firm serving multinational corporations and SMEs.,859 Staffing Road,Espoo,Finland,+358 183832077,contact@itrecruitmentes.com,https://www.it-recruitment-espoo.com,True,False,True,1
Cross-Border Jobs Espoo,Employment,Comprehensive employment services including career counseling and job placement.,195 Main Street,Espoo,Finland,+358 258047183,contact@crossborderjobs.com,https://www.cross-border-jobs-es.com,True,False,True,1
Lyon Tech Talent,Employment,Comprehensive employment services including career counseling and job placement.,898 Staffing Road,Lyon,France,+33 375359623,contact@lyontechtalent.com,https://www.lyon-tech-talent.com,True,False,True,1
Nice Tech Talent,Employment,"Professional recruitment consultancy for sales, marketing, and business development roles.",991 Jobs Road,Nice,France,+33 884249939,contact@nicetechtalent.com,https://www.nice-tech-talent.com,True,False,False,1
Temporary Staff Toulouse,Employment,Employment agency specializing in legal profession recruitment and placement services.,479 Premier Avenue,Toulouse,France,+33 392927473,contact@temporarystafft.com,https://www.temporary-staff-toul.com,True,False,True,1
Nice Sales Careers,Employment,"Comprehensive staffing agency offering recruitment, temp services, and HR consulting.",213 Nice Plaza,Nice,France,+33 375049767,contact@nicesalescareer.com,https://www.nice-sales-careers.com,True,False,True,1
Human Capital Marseille,Employment,Executive recruitment firm serving multinational corporations and SMEs.,685 Premier Avenue,Marseille,France,+33 886025001,contact@humancapitalmar.com,https://www.human-capital-marsei.com,True,False,True,1
Marseille Headhunters,Employment,Full-service employment agency providing workforce solutions for businesses of all sizes.,318 Central Avenue,Marseille,France,+33 231646878,contact@marseilleheadhu.com,https://www.marseille-headhunter.com,True,True,True,1
WorldWork Marseille,Employment,Professional staffing company focusing on engineering and technical recruitment.,711 Marseille Park,Marseille,France,+33 645227254,contact@worldworkmarsei.com,https://www.worldwork-marseille.com,True,False,False,1
International Placement France,Employment,"Comprehensive staffing agency offering recruitment, temp services, and HR consulting.",219 Recruitment Road,Lyon,France,+33 997043916,contact@internationalpl.com,https://www.international-placem.com,True,False,True,1
Professional Staffing Paris,Employment,Temporary staffing solutions provider for industrial and manufacturing sectors.,159 Premier Avenue,Paris,France,+33 401784729,contact@professionalsta.com,https://www.professional-staffin.com,True,True,True,1
Medical Staff France,Employment,"Professional recruitment consultancy for sales, marketing, and business development roles.",432 Jobs Road,Toulouse,France,+33 553443897,contact@medicalstafffra.com,https://www.medical-staff-france.com,True,False,True,1
EU Work Solutions,Employment,"Employment consultancy specializing in finance, banking, and accounting careers.",431 Main Street,Paris,France,+33 462957222,contact@euworksolutions.com,https://www.eu-work-solutions.com,True,False,True,1
Finance Careers Paris,Employment,Employment agency specializing in legal profession recruitment and placement services.,163 Main Street,Paris,France,+33 720652502,contact@financecareersp.com,https://www.finance-careers-pari.com,True,False,True,1
Professional Staffing Toulouse,Employment,Leading recruitment consultancy connecting talented professionals with top employers in the region.,651 Recruitment Road,Toulouse,France,+33 958258290,contact@professionalsta.com,https://www.professional-staffin.com,True,False,True,1
International Placement France,Employment,Leading recruitment consultancy connecting talented professionals with top employers in the region.,456 Professional Street,Nice,France,+33 525069202,contact@internationalpl.com,https://www.international-placem.com,True,False,True,1
European Careers Nice,Employment,Temporary staffing solutions provider for industrial and manufacturing sectors.,66 Jobs Road,Nice,France,+33 556734978,contact@europeancareers.com,https://www.european-careers-nic.com,True,False,True,1
TalentFind Lyon,Employment,Employment agency specializing in legal profession recruitment and placement services.,677 Lyon Park,Lyon,France,+33 684495404,contact@talentfindlyon.com,https://www.talentfind-lyon.com,True,False,True,1
Cross-Border Jobs Paris,Employment,International employment services focusing on cross-border career opportunities within the EU.,38 Jobs Road,Paris,France,+33 102463057,contact@crossborderjobs.com,https://www.cross-border-jobs-pa.com,True,False,False,1
Elite Lyon Jobs,Employment,International staffing company providing workforce solutions across European markets.,996 Jobs Road,Lyon,France,+33 992664811,contact@elitelyonjobs.com,https://www.elite-lyon-jobs.com,True,False,True,1
International Careers France,Employment,International career services helping professionals find opportunities across Europe.,585 Marseille Square,Marseille,France,+33 720662685,contact@internationalca.com,https://www.international-career.com,True,False,True,1
EU Work Solutions,Employment,Professional employment agency specializing in permanent and temporary placements across multiple industries.,120 Main Street,Toulouse,France,+33 522156614,contact@euworksolutions.com,https://www.eu-work-solutions.com,True,True,True,1
Lyon Career Center,Employment,"Employment consultancy specializing in finance, banking, and accounting careers.",179 Staffing Road,Lyon,France,+33 354842123,contact@lyoncareercente.com,https://www.lyon-career-center.com,True,False,False,1
Medical Staff France,Employment,Specialized staffing agency for construction and skilled trades professionals.,917 Corporate Avenue,Marseille,France,+33 522300648,contact@medicalstafffra.com,https://www.medical-staff-france.com,True,False,True,1
Interim Staffing Hamburg,Employment,"Employment consultancy specializing in finance, banking, and accounting careers.",682 Staffing Road,Hamburg,Germany,+49 456315366,contact@interimstaffing.com,https://www.interim-staffing-ham.com,True,False,False,1
Germany HR Services,Employment,Employment agency specializing in legal profession recruitment and placement services.,812 Executive Avenue,Cologne,Germany,+49 565560599,contact@germanyhrservic.com,https://www.germany-hr-services.com,True,False,True,1
Engineering Jobs Cologne,Employment,Comprehensive employment services including career counseling and job placement.,496 Central Avenue,Cologne,Germany,+49 404563459,contact@engineeringjobs.com,https://www.engineering-jobs-col.com,True,True,True,1
Elite Hamburg Jobs,Employment,Temporary staffing solutions provider for industrial and manufacturing sectors.,996 Main Street,Hamburg,Germany,+49 317896509,contact@elitehamburgjob.com,https://www.elite-hamburg-jobs.com,True,False,True,1
Healthcare Staffing Germany,Employment,Executive search firm providing high-level recruitment solutions for multinational companies.,365 Central Avenue,Cologne,Germany,+49 795213540,contact@healthcarestaff.com,https://www.healthcare-staffing-.com,True,False,True,1
Legal Recruitment Hamburg,Employment,Professional staffing company focusing on engineering and technical recruitment.,616 Staffing Road,Hamburg,Germany,+49 972690729,contact@legalrecruitmen.com,https://www.legal-recruitment-ha.com,True,False,False,1
Staffing Excellence Germany,Employment,Temporary staffing solutions provider for industrial and manufacturing sectors.,343 Executive Avenue,Cologne,Germany,+49 155338120,contact@staffingexcelle.com,https://www.staffing-excellence-.com,True,False,True,1
International Staff Cologne,Employment,International employment services focusing on cross-border career opportunities within the EU.,992 Professional Street,Cologne,Germany,+49 121630949,contact@internationalst.com,https://www.international-staff-.com,True,False,True,1
Frankfurt Employment Solutions,Employment,Professional employment agency specializing in permanent and temporary placements across multiple industries.,139 Frankfurt Square,Frankfurt,Germany,+49 483704524,contact@frankfurtemploy.com,https://www.frankfurt-employment.com,True,False,True,1
Munich Employment Solutions,Employment,Specialized recruitment consultancy for IT professionals and technology companies.,593 Commercial Street,Munich,Germany,+49 176690935,contact@munichemploymen.com,https://www.munich-employment-so.com,True,False,True,1
Frankfurt Sales Careers,Employment,Comprehensive employment services including career counseling and job placement.,940 Commercial Street,Frankfurt,Germany,+49 875352440,contact@frankfurtsalesc.com,https://www.frankfurt-sales-care.com,True,False,True,1
Legal Recruitment Hamburg,Employment,Specialized staffing agency for construction and skilled trades professionals.,86 Professional Street,Hamburg,Germany,+49 492044760,contact@legalrecruitmen.com,https://www.legal-recruitment-ha.com,True,False,True,1
EuroJobs Hamburg,Employment,"Comprehensive staffing agency offering recruitment, temp services, and HR consulting.",467 Hamburg Square,Hamburg,Germany,+49 728439261,contact@eurojobshamburg.com,https://www.eurojobs-hamburg.com,True,False,True,1
Frankfurt Headhunters,Employment,Specialized staffing agency for construction and skilled trades professionals.,849 Central Avenue,Frankfurt,Germany,+49 193760985,contact@frankfurtheadhu.com,https://www.frankfurt-headhunter.com,True,False,True,1
Professional Placement Cologne,Employment,Professional employment agency specializing in permanent and temporary placements across multiple industries.,675 Executive Avenue,Cologne,Germany,+49 144688217,contact@professionalpla.com,https://www.professional-placeme.com,True,False,False,1
Berlin Tech Talent,Employment,International staffing company providing workforce solutions across European markets.,652 Executive Avenue,Berlin,Germany,+49 418885983,contact@berlintechtalen.com,https://www.berlin-tech-talent.com,True,False,False,1
Germany Recruitment Partners,Employment,Employment agency dedicated to healthcare staffing and medical professional placements.,262 Berlin Center,Berlin,Germany,+49 808822784,contact@germanyrecruitm.com,https://www.germany-recruitment-.com,True,False,True,1
International Placement Germany,Employment,Professional staffing company focusing on engineering and technical recruitment.,288 Recruitment Road,Cologne,Germany,+49 152796636,contact@internationalpl.com,https://www.international-placem.com,True,False,True,1
Engineering Jobs Munich,Employment,Employment agency dedicated to healthcare staffing and medical professional placements.,492 Premier Avenue,Munich,Germany,+49 826626239,contact@engineeringjobs.com,https://www.engineering-jobs-mun.com,True,False,False,1
TalentFind Berlin,Employment,International recruitment agency for hospitality and tourism industry professionals.,852 Professional Street,Berlin,Germany,+49 116969182,contact@talentfindberli.com,https://www.talentfind-berlin.com,True,False,True,1
Hospitality Staff Frankfurt,Employment,Premier recruitment firm specializing in executive and management level positions.,525 Talent Road,Frankfurt,Germany,+49 301308488,contact@hospitalitystaf.com,https://www.hospitality-staff-fr.com,True,False,False,1
Munich Sales Careers,Employment,Full-service employment agency providing workforce solutions for businesses of all sizes.,205 Munich Square,Munich,Germany,+49 383174038,contact@munichsalescare.com,https://www.munich-sales-careers.com,True,False,True,1
Thessaloniki Employment Solutions,Employment,Employment agency specializing in legal profession recruitment and placement services.,865 Thessaloniki Center,Thessaloniki,Greece,+30 836443330,contact@thessalonikiemp.com,https://www.thessaloniki-employm.com,True,False,True,1
Finance Careers Patras,Employment,Temporary staffing solutions provider for industrial and manufacturing sectors.,441 Patras Plaza,Patras,Greece,+30 150168510,contact@financecareersp.com,https://www.finance-careers-patr.com,True,False,False,1
Greece Recruitment Partners,Employment,Executive search firm providing high-level recruitment solutions for multinational companies.,252 Corporate Avenue,Athens,Greece,+30 446589522,contact@greecerecruitme.com,https://www.greece-recruitment-p.com,True,False,True,1
IT Recruitment Larissa,Employment,Employment agency dedicated to healthcare staffing and medical professional placements.,398 Larissa Square,Larissa,Greece,+30 471592695,contact@itrecruitmentla.com,https://www.it-recruitment-laris.com,True,False,True,1
International Careers Greece,Employment,Professional employment agency specializing in permanent and temporary placements across multiple industries.,513 Recruitment Road,Athens,Greece,+30 682360547,contact@internationalca.com,https://www.international-career.com,True,False,True,1
International Placement Greece,Employment,International staffing company providing workforce solutions across European markets.,368 Career Street,Piraeus,Greece,+30 544352159,contact@internationalpl.com,https://www.international-placem.com,True,True,False,1
Career Builders Greece,Employment,International career services helping professionals find opportunities across Europe.,446 Larissa Park,Larissa,Greece,+30 101916185,contact@careerbuildersg.com,https://www.career-builders-gree.com,True,False,True,1
Premier Recruitment Piraeus,Employment,Leading recruitment consultancy connecting talented professionals with top employers in the region.,692 Piraeus Plaza,Piraeus,Greece,+30 118615035,contact@premierrecruitm.com,https://www.premier-recruitment-.com,True,False,False,1
Professional Staffing Larissa,Employment,Professional staffing company focusing on engineering and technical recruitment.,788 Larissa Center,Larissa,Greece,+30 818456807,contact@professionalsta.com,https://www.professional-staffin.com,True,False,True,1
Athens Career Center,Employment,International staffing company providing workforce solutions across European markets.,662 Staffing Road,Athens,Greece,+30 976891078,contact@athenscareercen.com,https://www.athens-career-center.com,True,False,False,1
International Staff Athens,Employment,Professional staffing company focusing on engineering and technical recruitment.,463 Career Street,Athens,Greece,+30 808815483,contact@internationalst.com,https://www.international-staff-.com,True,False,True,1
Greece Recruitment Partners,Employment,Leading recruitment consultancy connecting talented professionals with top employers in the region.,301 Jobs Road,Larissa,Greece,+30 137802517,contact@greecerecruitme.com,https://www.greece-recruitment-p.com,True,False,False,1
Engineering Jobs Thessaloniki,Employment,Specialized staffing agency for construction and skilled trades professionals.,375 Central Avenue,Thessaloniki,Greece,+30 123353178,contact@engineeringjobs.com,https://www.engineering-jobs-the.com,True,True,False,1
Global Employment Patras,Employment,Employment agency dedicated to healthcare staffing and medical professional placements.,160 Patras Plaza,Patras,Greece,+30 673411557,contact@globalemploymen.com,https://www.global-employment-pa.com,True,False,False,1
IT Recruitment Athens,Employment,"Comprehensive staffing agency offering recruitment, temp services, and HR consulting.",170 Corporate Avenue,Athens,Greece,+30 476961062,contact@itrecruitmentat.com,https://www.it-recruitment-athen.com,True,False,False,1
EuroJobs Piraeus,Employment,Executive search firm providing high-level recruitment solutions for multinational companies.,162 Staffing Road,Piraeus,Greece,+30 910601397,contact@eurojobspiraeus.com,https://www.eurojobs-piraeus.com,True,False,True,1
Piraeus Temp Solutions,Employment,Premier recruitment firm specializing in executive and management level positions.,552 Commercial Street,Piraeus,Greece,+30 901494474,contact@piraeustempsolu.com,https://www.piraeus-temp-solutio.com,True,False,True,1
EuroJobs Patras,Employment,Employment agency specializing in legal profession recruitment and placement services.,234 Patras Center,Patras,Greece,+30 177700826,contact@eurojobspatras.com,https://www.eurojobs-patras.com,True,False,True,1
Patras Temp Solutions,Employment,Employment agency specializing in legal profession recruitment and placement services.,430 Talent Road,Patras,Greece,+30 911655990,contact@patrastempsolut.com,https://www.patras-temp-solution.com,True,False,True,1
Workforce Solutions Thessaloniki,Employment,"Comprehensive staffing agency offering recruitment, temp services, and HR consulting.",576 Jobs Road,Thessaloniki,Greece,+30 667479293,contact@workforcesoluti.com,https://www.workforce-solutions-.com,True,False,False,1
Professional Staffing Thessaloniki,Employment,Comprehensive employment services including career counseling and job placement.,617 Talent Road,Thessaloniki,Greece,+30 250818068,contact@professionalsta.com,https://www.professional-staffin.com,True,False,False,1
Temporary Staff Larissa,Employment,International recruitment agency for hospitality and tourism industry professionals.,140 Recruitment Road,Larissa,Greece,+30 565172943,contact@temporarystaffl.com,https://www.temporary-staff-lari.com,True,False,False,1
Legal Recruitment Budapest,Employment,Executive search firm providing high-level recruitment solutions for multinational companies.,275 Main Street,Budapest,Hungary,+36 876126615,contact@legalrecruitmen.com,https://www.legal-recruitment-bu.com,True,False,True,1
Human Capital Szeged,Employment,Full-service employment agency providing workforce solutions for businesses of all sizes.,372 Szeged Plaza,Szeged,Hungary,+36 677508725,contact@humancapitalsze.com,https://www.human-capital-szeged.com,True,False,False,1
Interim Staffing Pecs,Employment,Executive recruitment firm serving multinational corporations and SMEs.,641 Commercial Street,Pecs,Hungary,+36 202963777,contact@interimstaffing.com,https://www.interim-staffing-pec.com,True,True,True,1
Temporary Staff Budapest,Employment,International employment services focusing on cross-border career opportunities within the EU.,25 Professional Street,Budapest,Hungary,+36 852244116,contact@temporarystaffb.com,https://www.temporary-staff-buda.com,True,True,True,1
Temporary Staff Pecs,Employment,International employment services focusing on cross-border career opportunities within the EU.,704 Pecs Park,Pecs,Hungary,+36 436337507,contact@temporarystaffp.com,https://www.temporary-staff-pecs.com,True,False,False,1
Global Employment Miskolc,Employment,Specialized recruitment consultancy for IT professionals and technology companies.,413 Central Avenue,Miskolc,Hungary,+36 961065917,contact@globalemploymen.com,https://www.global-employment-mi.com,True,False,True,1
Workforce Solutions Pecs,Employment,Executive search firm providing high-level recruitment solutions for multinational companies.,359 Pecs Square,Pecs,Hungary,+36 377120544,contact@workforcesoluti.com,https://www.workforce-solutions-.com,True,False,True,1
Engineering Jobs Miskolc,Employment,Full-service employment agency providing workforce solutions for businesses of all sizes.,281 Staffing Road,Miskolc,Hungary,+36 772403846,contact@engineeringjobs.com,https://www.engineering-jobs-mis.com,True,False,True,1
Staffing Excellence Hungary,Employment,Executive search firm providing high-level recruitment solutions for multinational companies.,49 Talent Road,Budapest,Hungary,+36 441246350,contact@staffingexcelle.com,https://www.staffing-excellence-.com,True,False,True,1
Professional Placement Pecs,Employment,Premier recruitment firm specializing in executive and management level positions.,441 Professional Street,Pecs,Hungary,+36 142980407,contact@professionalpla.com,https://www.professional-placeme.com,True,False,True,1
International Placement Hungary,Employment,Temporary staffing solutions provider for industrial and manufacturing sectors.,191 Corporate Avenue,Miskolc,Hungary,+36 818260847,contact@internationalpl.com,https://www.international-placem.com,True,False,True,1
Finance Careers Miskolc,Employment,Specialized recruitment consultancy for IT professionals and technology companies.,128 Staffing Road,Miskolc,Hungary,+36 423312891,contact@financecareersm.com,https://www.finance-careers-misk.com,True,False,True,1
Budapest Tech Talent,Employment,"Employment consultancy specializing in finance, banking, and accounting careers.",394 Employment Street,Budapest,Hungary,+36 524911688,contact@budapesttechtal.com,https://www.budapest-tech-talent.com,True,False,True,1
Workforce Solutions Budapest,Employment,Specialized recruitment consultancy for IT professionals and technology companies.,895 Jobs Road,Budapest,Hungary,+36 879895752,contact@workforcesoluti.com,https://www.workforce-solutions-.com,True,False,False,1
Elite Budapest Jobs,Employment,International staffing company providing workforce solutions across European markets.,39 Budapest Center,Budapest,Hungary,+36 145782615,contact@elitebudapestjo.com,https://www.elite-budapest-jobs.com,True,False,True,1
Debrecen Employment Solutions,Employment,Employment agency dedicated to healthcare staffing and medical professional placements.,512 Career Street,Debrecen,Hungary,+36 119277479,contact@debrecenemploym.com,https://www.debrecen-employment-.com,True,True,True,1
Pecs Work Agency,Employment,Professional employment agency specializing in permanent and temporary placements across multiple industries.,313 Professional Street,Pecs,Hungary,+36 519529387,contact@pecsworkagency.com,https://www.pecs-work-agency.com,True,False,True,1
IT Recruitment Szeged,Employment,"Professional recruitment consultancy for sales, marketing, and business development roles.",2 Szeged Square,Szeged,Hungary,+36 822640473,contact@itrecruitmentsz.com,https://www.it-recruitment-szege.com,True,False,True,1
Executive Recruitment Szeged,Employment,Comprehensive employment services including career counseling and job placement.,380 Szeged Park,Szeged,Hungary,+36 616532640,contact@executiverecrui.com,https://www.executive-recruitmen.com,True,False,False,1
JobConnect Hungary,Employment,Professional staffing company focusing on engineering and technical recruitment.,247 Career Street,Debrecen,Hungary,+36 969691603,contact@jobconnecthunga.com,https://www.jobconnect-hungary.com,True,False,True,1
Executive Recruitment Miskolc,Employment,Leading recruitment consultancy connecting talented professionals with top employers in the region.,30 Miskolc Center,Miskolc,Hungary,+36 422641366,contact@executiverecrui.com,https://www.executive-recruitmen.com,True,False,False,1
Career Builders Hungary,Employment,"Comprehensive staffing agency offering recruitment, temp services, and HR consulting.",629 Professional Street,Pecs,Hungary,+36 408511570,contact@careerbuildersh.com,https://www.career-builders-hung.com,True,False,True,1
Ireland Recruitment Partners,Employment,Premier recruitment firm specializing in executive and management level positions.,911 Employment Street,Galway,Ireland,+353 281248630,contact@irelandrecruitm.com,https://www.ireland-recruitment-.com,True,False,True,1
Cross-Border Jobs Waterford,Employment,Specialized staffing agency for construction and skilled trades professionals.,854 Corporate Avenue,Waterford,Ireland,+353 439073364,contact@crossborderjobs.com,https://www.cross-border-jobs-wa.com,True,False,True,1
Elite Waterford Jobs,Employment,Premier recruitment firm specializing in executive and management level positions.,461 Corporate Avenue,Waterford,Ireland,+353 766182067,contact@elitewaterfordj.com,https://www.elite-waterford-jobs.com,True,True,True,1
Talent Solutions Dublin,Employment,"Employment consultancy specializing in finance, banking, and accounting careers.",877 Dublin Square,Dublin,Ireland,+353 601871317,contact@talentsolutions.com,https://www.talent-solutions-dub.com,True,False,True,1
Executive Recruitment Waterford,Employment,Employment agency dedicated to healthcare staffing and medical professional placements.,565 Talent Road,Waterford,Ireland,+353 113953095,contact@executiverecrui.com,https://www.executive-recruitmen.com,True,False,True,1
EuroJobs Limerick,Employment,Comprehensive employment services including career counseling and job placement.,704 Limerick Square,Limerick,Ireland,+353 140460096,contact@eurojobslimeric.com,https://www.eurojobs-limerick.com,True,False,True,1
Professional Placement Dublin,Employment,"Employment consultancy specializing in finance, banking, and accounting careers.",708 Talent Road,Dublin,Ireland,+353 826971438,contact@professionalpla.com,https://www.professional-placeme.com,True,False,True,1
Limerick Sales Careers,Employment,"Comprehensive staffing agency offering recruitment, temp services, and HR consulting.",689 Limerick Square,Limerick,Ireland,+353 345925365,contact@limericksalesca.com,https://www.limerick-sales-caree.com,True,False,False,1
Cork Temp Solutions,Employment,Temporary staffing solutions provider for industrial and manufacturing sectors.,806 Central Avenue,Cork,Ireland,+353 652719292,contact@corktempsolutio.com,https://www.cork-temp-solutions.com,True,False,False,1
Construction Jobs Ireland,Employment,"Employment consultancy specializing in finance, banking, and accounting careers.",101 Jobs Road,Cork,Ireland,+353 584239054,contact@constructionjob.com,https://www.construction-jobs-ir.com,True,False,True,1
Galway Tech Talent,Employment,Leading recruitment consultancy connecting talented professionals with top employers in the region.,381 Professional Street,Galway,Ireland,+353 102835415,contact@galwaytechtalen.com,https://www.galway-tech-talent.com,True,False,False,1
Recruit Pro Cork,Employment,Employment agency dedicated to healthcare staffing and medical professional placements.,464 Professional Street,Cork,Ireland,+353 107609463,contact@recruitprocork.com,https://www.recruit-pro-cork.com,True,True,True,1
Executive Recruitment Dublin,Employment,Professional employment agency specializing in permanent and temporary placements across multiple industries.,166 Corporate Avenue,Dublin,Ireland,+353 688386382,contact@executiverecrui.com,https://www.executive-recruitmen.com,True,True,True,1
Ireland Recruitment Partners,Employment,Employment agency dedicated to healthcare staffing and medical professional placements.,632 Recruitment Road,Cork,Ireland,+353 722896233,contact@irelandrecruitm.com,https://www.ireland-recruitment-.com,True,False,True,1
Workforce Solutions Limerick,Employment,International staffing company providing workforce solutions across European markets.,204 Staffing Road,Limerick,Ireland,+353 228826494,contact@workforcesoluti.com,https://www.workforce-solutions-.com,True,False,True,1
EuroJobs Galway,Employment,Premier recruitment firm specializing in executive and management level positions.,951 Galway Plaza,Galway,Ireland,+353 504600460,contact@eurojobsgalway.com,https://www.eurojobs-galway.com,True,False,True,1
EU Work Solutions,Employment,Executive search firm providing high-level recruitment solutions for multinational companies.,394 Jobs Road,Dublin,Ireland,+353 648196529,contact@euworksolutions.com,https://www.eu-work-solutions.com,True,False,True,1
EU Work Solutions,Employment,Executive search firm providing high-level recruitment solutions for multinational companies.,639 Limerick Square,Limerick,Ireland,+353 925005788,contact@euworksolutions.com,https://www.eu-work-solutions.com,True,False,False,1
Cork Temp Solutions,Employment,Premier recruitment firm specializing in executive and management level positions.,774 Staffing Road,Cork,Ireland,+353 940190237,contact@corktempsolutio.com,https://www.cork-temp-solutions.com,True,False,False,1
Professional Placement Galway,Employment,"Employment consultancy specializing in finance, banking, and accounting careers.",308 Corporate Avenue,Galway,Ireland,+353 887145355,contact@professionalpla.com,https://www.professional-placeme.com,True,False,True,1
European Careers Waterford,Employment,Employment agency specializing in legal profession recruitment and placement services.,665 Executive Avenue,Waterford,Ireland,+353 458755816,contact@europeancareers.com,https://www.european-careers-wat.com,True,False,True,1
Dublin Temp Solutions,Employment,Professional staffing company focusing on engineering and technical recruitment.,618 Staffing Road,Dublin,Ireland,+353 624528375,contact@dublintempsolut.com,https://www.dublin-temp-solution.com,True,False,True,1
Temporary Staff Turin,Employment,Employment agency specializing in legal profession recruitment and placement services.,854 Commercial Street,Turin,Italy,+39 488642591,contact@temporarystafft.com,https://www.temporary-staff-turi.com,True,True,False,1
Italy HR Services,Employment,"Comprehensive staffing agency offering recruitment, temp services, and HR consulting.",992 Milan Center,Milan,Italy,+39 919922487,contact@italyhrservices.com,https://www.italy-hr-services.com,True,False,True,1
Palermo Headhunters,Employment,Professional staffing company focusing on engineering and technical recruitment.,575 Palermo Center,Palermo,Italy,+39 722583865,contact@palermoheadhunt.com,https://www.palermo-headhunters.com,True,True,True,1
Italy Recruitment Partners,Employment,Employment agency specializing in legal profession recruitment and placement services.,828 Milan Square,Milan,Italy,+39 260161873,contact@italyrecruitmen.com,https://www.italy-recruitment-pa.com,True,False,True,1
Professional Placement Naples,Employment,"Employment consultancy specializing in finance, banking, and accounting careers.",906 Jobs Road,Naples,Italy,+39 475798484,contact@professionalpla.com,https://www.professional-placeme.com,True,False,True,1
Medical Staff Italy,Employment,International career services helping professionals find opportunities across Europe.,946 Employment Street,Milan,Italy,+39 530575272,contact@medicalstaffita.com,https://www.medical-staff-italy.com,True,False,True,1
Executive Recruitment Milan,Employment,Specialized staffing agency for construction and skilled trades professionals.,788 Milan Plaza,Milan,Italy,+39 111928421,contact@executiverecrui.com,https://www.executive-recruitmen.com,True,False,True,1
Professional Staffing Naples,Employment,Executive search firm providing high-level recruitment solutions for multinational companies.,427 Staffing Road,Naples,Italy,+39 951895362,contact@professionalsta.com,https://www.professional-staffin.com,True,True,False,1
Medical Staff Italy,Employment,Professional staffing company focusing on engineering and technical recruitment.,470 Central Avenue,Rome,Italy,+39 549628677,contact@medicalstaffita.com,https://www.medical-staff-italy.com,True,False,True,1
Healthcare Staffing Italy,Employment,Professional employment agency specializing in permanent and temporary placements across multiple industries.,568 Central Avenue,Rome,Italy,+39 971767331,contact@healthcarestaff.com,https://www.healthcare-staffing-.com,True,False,False,1
Turin Temp Solutions,Employment,Specialized staffing agency for construction and skilled trades professionals.,489 Turin Center,Turin,Italy,+39 508357519,contact@turintempsoluti.com,https://www.turin-temp-solutions.com,True,False,False,1
Hospitality Staff Naples,Employment,Employment agency specializing in legal profession recruitment and placement services.,410 Premier Avenue,Naples,Italy,+39 613842540,contact@hospitalitystaf.com,https://www.hospitality-staff-na.com,True,False,True,1
Construction Jobs Italy,Employment,Full-service employment agency providing workforce solutions for businesses of all sizes.,839 Talent Road,Milan,Italy,+39 641266768,contact@constructionjob.com,https://www.construction-jobs-it.com,True,True,False,1
Turin Temp Solutions,Employment,Temporary staffing solutions provider for industrial and manufacturing sectors.,589 Jobs Road,Turin,Italy,+39 456990412,contact@turintempsoluti.com,https://www.turin-temp-solutions.com,True,False,False,1
WorldWork Turin,Employment,Specialized staffing agency for construction and skilled trades professionals.,598 Recruitment Road,Turin,Italy,+39 561034998,contact@worldworkturin.com,https://www.worldwork-turin.com,True,False,True,1
Finance Careers Rome,Employment,Specialized recruitment consultancy for IT professionals and technology companies.,485 Rome Square,Rome,Italy,+39 407547984,contact@financecareersr.com,https://www.finance-careers-rome.com,True,False,True,1
Professional Placement Naples,Employment,"Employment consultancy specializing in finance, banking, and accounting careers.",772 Naples Park,Naples,Italy,+39 369799263,contact@professionalpla.com,https://www.professional-placeme.com,True,False,True,1
Cross-Border Jobs Milan,Employment,Premier recruitment firm specializing in executive and management level positions.,68 Staffing Road,Milan,Italy,+39 247855798,contact@crossborderjobs.com,https://www.cross-border-jobs-mi.com,True,False,True,1
EU Work Solutions,Employment,Specialized staffing agency for construction and skilled trades professionals.,365 Staffing Road,Naples,Italy,+39 119643109,contact@euworksolutions.com,https://www.eu-work-solutions.com,True,False,True,1
Global Talent Italy,Employment,Specialized staffing agency for construction and skilled trades professionals.,743 Recruitment Road,Rome,Italy,+39 728342834,contact@globaltalentita.com,https://www.global-talent-italy.com,True,False,False,1
Cross-Border Jobs Naples,Employment,Executive search firm providing high-level recruitment solutions for multinational companies.,789 Staffing Road,Naples,Italy,+39 362540318,contact@crossborderjobs.com,https://www.cross-border-jobs-na.com,True,False,True,1
Human Capital Naples,Employment,Leading recruitment consultancy connecting talented professionals with top employers in the region.,236 Central Avenue,Naples,Italy,+39 208290585,contact@humancapitalnap.com,https://www.human-capital-naples.com,True,False,True,1
Recruit Pro Jelgava,Employment,International employment services focusing on cross-border career opportunities within the EU.,187 Staffing Road,Jelgava,Latvia,+371 430826823,contact@recruitprojelga.com,https://www.recruit-pro-jelgava.com,True,False,True,1
EU Work Solutions,Employment,Employment agency dedicated to healthcare staffing and medical professional placements.,608 Jelgava Park,Jelgava,Latvia,+371 177969292,contact@euworksolutions.com,https://www.eu-work-solutions.com,True,False,False,1
International Staff Daugavpils,Employment,"Professional recruitment consultancy for sales, marketing, and business development roles.",12 Employment Street,Daugavpils,Latvia,+371 829609831,contact@internationalst.com,https://www.international-staff-.com,True,False,True,1
JobConnect Latvia,Employment,International recruitment agency for hospitality and tourism industry professionals.,485 Riga Plaza,Riga,Latvia,+371 269504206,contact@jobconnectlatvi.com,https://www.jobconnect-latvia.com,True,False,True,1
Latvia Recruitment Partners,Employment,International employment services focusing on cross-border career opportunities within the EU.,266 Corporate Avenue,Daugavpils,Latvia,+371 397173548,contact@latviarecruitme.com,https://www.latvia-recruitment-p.com,True,False,False,1
International Careers Latvia,Employment,Executive recruitment firm serving multinational corporations and SMEs.,296 Main Street,Jurmala,Latvia,+371 570494124,contact@internationalca.com,https://www.international-career.com,True,False,True,1
Construction Jobs Latvia,Employment,Executive search firm providing high-level recruitment solutions for multinational companies.,144 Jobs Road,Liepaja,Latvia,+371 418819175,contact@constructionjob.com,https://www.construction-jobs-la.com,True,True,True,1
Professional Placement Jurmala,Employment,Executive search firm providing high-level recruitment solutions for multinational companies.,168 Talent Road,Jurmala,Latvia,+371 289804834,contact@professionalpla.com,https://www.professional-placeme.com,True,False,True,1
Healthcare Staffing Latvia,Employment,Comprehensive employment services including career counseling and job placement.,260 Premier Avenue,Jelgava,Latvia,+371 825524249,contact@healthcarestaff.com,https://www.healthcare-staffing-.com,True,False,True,1
Construction Jobs Latvia,Employment,Specialized recruitment consultancy for IT professionals and technology companies.,703 Riga Plaza,Riga,Latvia,+371 587387235,contact@constructionjob.com,https://www.construction-jobs-la.com,True,False,False,1
Jelgava Employment Solutions,Employment,Professional staffing company focusing on engineering and technical recruitment.,431 Jelgava Center,Jelgava,Latvia,+371 914234953,contact@jelgavaemployme.com,https://www.jelgava-employment-s.com,True,False,True,1
Elite Daugavpils Jobs,Employment,"Professional recruitment consultancy for sales, marketing, and business development roles.",473 Daugavpils Plaza,Daugavpils,Latvia,+371 718191202,contact@elitedaugavpils.com,https://www.elite-daugavpils-job.com,True,True,True,1
Global Talent Latvia,Employment,Executive search firm providing high-level recruitment solutions for multinational companies.,345 Talent Road,Riga,Latvia,+371 258082864,contact@globaltalentlat.com,https://www.global-talent-latvia.com,True,False,True,1
Talent Solutions Liepaja,Employment,Employment agency dedicated to healthcare staffing and medical professional placements.,580 Premier Avenue,Liepaja,Latvia,+371 663364798,contact@talentsolutions.com,https://www.talent-solutions-lie.com,True,False,True,1
Riga Career Center,Employment,International employment services focusing on cross-border career opportunities within the EU.,369 Staffing Road,Riga,Latvia,+371 485544283,contact@rigacareercente.com,https://www.riga-career-center.com,True,False,True,1
Riga Sales Careers,Employment,"Employment consultancy specializing in finance, banking, and accounting careers.",721 Jobs Road,Riga,Latvia,+371 952432878,contact@rigasalescareer.com,https://www.riga-sales-careers.com,True,False,False,1
Liepaja Sales Careers,Employment,Employment agency dedicated to healthcare staffing and medical professional placements.,683 Main Street,Liepaja,Latvia,+371 526806604,contact@liepajasalescar.com,https://www.liepaja-sales-career.com,True,False,False,1
Temporary Staff Liepaja,Employment,Specialized recruitment consultancy for IT professionals and technology companies.,729 Premier Avenue,Liepaja,Latvia,+371 732250600,contact@temporarystaffl.com,https://www.temporary-staff-liep.com,True,False,True,1
Medical Staff Latvia,Employment,"Professional recruitment consultancy for sales, marketing, and business development roles.",777 Main Street,Daugavpils,Latvia,+371 323992997,contact@medicalstafflat.com,https://www.medical-staff-latvia.com,True,False,True,1
Executive Recruitment Jelgava,Employment,International employment services focusing on cross-border career opportunities within the EU.,13 Talent Road,Jelgava,Latvia,+371 128584230,contact@executiverecrui.com,https://www.executive-recruitmen.com,True,False,True,1
Talent Solutions Jurmala,Employment,Full-service employment agency providing workforce solutions for businesses of all sizes.,637 Recruitment Road,Jurmala,Latvia,+371 584090176,contact@talentsolutions.com,https://www.talent-solutions-jur.com,True,False,True,1
Jurmala Sales Careers,Employment,Leading recruitment consultancy connecting talented professionals with top employers in the region.,590 Talent Road,Jurmala,Latvia,+371 376206145,contact@jurmalasalescar.com,https://www.jurmala-sales-career.com,True,False,False,1
EuroJobs Panevezys,Employment,Temporary staffing solutions provider for industrial and manufacturing sectors.,148 Commercial Street,Panevezys,Lithuania,+370 642987958,contact@eurojobspanevez.com,https://www.eurojobs-panevezys.com,True,False,False,1
Construction Jobs Lithuania,Employment,Premier recruitment firm specializing in executive and management level positions.,423 Employment Street,Siauliai,Lithuania,+370 210391127,contact@constructionjob.com,https://www.construction-jobs-li.com,True,False,False,1
Cross-Border Jobs Klaipeda,Employment,"Employment consultancy specializing in finance, banking, and accounting careers.",613 Klaipeda Park,Klaipeda,Lithuania,+370 827510371,contact@crossborderjobs.com,https://www.cross-border-jobs-kl.com,True,False,True,1
Vilnius Temp Solutions,Employment,"Employment consultancy specializing in finance, banking, and accounting careers.",493 Career Street,Vilnius,Lithuania,+370 518391855,contact@vilniustempsolu.com,https://www.vilnius-temp-solutio.com,True,False,True,1
International Staff Panevezys,Employment,"Employment consultancy specializing in finance, banking, and accounting careers.",923 Jobs Road,Panevezys,Lithuania,+370 823293351,contact@internationalst.com,https://www.international-staff-.com,True,False,True,1
Panevezys Work Agency,Employment,Leading recruitment consultancy connecting talented professionals with top employers in the region.,245 Corporate Avenue,Panevezys,Lithuania,+370 622457786,contact@panevezysworkag.com,https://www.panevezys-work-agenc.com,True,False,True,1
Siauliai Headhunters,Employment,Specialized recruitment consultancy for IT professionals and technology companies.,232 Siauliai Square,Siauliai,Lithuania,+370 650248962,contact@siauliaiheadhun.com,https://www.siauliai-headhunters.com,True,False,False,1
Global Employment Klaipeda,Employment,Executive recruitment firm serving multinational corporations and SMEs.,374 Klaipeda Square,Klaipeda,Lithuania,+370 968452492,contact@globalemploymen.com,https://www.global-employment-kl.com,True,False,True,1
International Staff Klaipeda,Employment,Specialized staffing agency for construction and skilled trades professionals.,521 Career Street,Klaipeda,Lithuania,+370 431800151,contact@internationalst.com,https://www.international-staff-.com,True,False,True,1
Professional Placement Siauliai,Employment,International employment services focusing on cross-border career opportunities within the EU.,833 Professional Street,Siauliai,Lithuania,+370 246663362,contact@professionalpla.com,https://www.professional-placeme.com,True,False,True,1
Construction Jobs Lithuania,Employment,Specialized staffing agency for construction and skilled trades professionals.,840 Premier Avenue,Vilnius,Lithuania,+370 384035542,contact@constructionjob.com,https://www.construction-jobs-li.com,True,False,True,1
Interim Staffing Klaipeda,Employment,"Employment consultancy specializing in finance, banking, and accounting careers.",104 Employment Street,Klaipeda,Lithuania,+370 649686482,contact@interimstaffing.com,https://www.interim-staffing-kla.com,True,False,False,1
Human Capital Siauliai,Employment,Specialized staffing agency for construction and skilled trades professionals.,429 Recruitment Road,Siauliai,Lithuania,+370 968858295,contact@humancapitalsia.com,https://www.human-capital-siauli.com,True,True,True,1
International Placement Lithuania,Employment,Executive search firm providing high-level recruitment solutions for multinational companies.,192 Recruitment Road,Panevezys,Lithuania,+370 708610020,contact@internationalpl.com,https://www.international-placem.com,True,True,True,1
Vilnius Sales Careers,Employment,Comprehensive employment services including career counseling and job placement.,41 Vilnius Center,Vilnius,Lithuania,+370 922510317,contact@vilniussalescar.com,https://www.vilnius-sales-career.com,True,False,True,1
Professional Placement Siauliai,Employment,Premier recruitment firm specializing in executive and management level positions.,383 Recruitment Road,Siauliai,Lithuania,+370 118656513,contact@professionalpla.com,https://www.professional-placeme.com,True,False,False,1
Lithuania HR Services,Employment,Comprehensive employment services including career counseling and job placement.,130 Jobs Road,Klaipeda,Lithuania,+370 947424654,contact@lithuaniahrserv.com,https://www.lithuania-hr-service.com,True,True,True,1
Legal Recruitment Vilnius,Employment,Premier recruitment firm specializing in executive and management level positions.,269 Vilnius Square,Vilnius,Lithuania,+370 852569233,contact@legalrecruitmen.com,https://www.legal-recruitment-vi.com,True,False,True,1
Klaipeda Career Center,Employment,Temporary staffing solutions provider for industrial and manufacturing sectors.,824 Central Avenue,Klaipeda,Lithuania,+370 402963003,contact@klaipedacareerc.com,https://www.klaipeda-career-cent.com,True,False,True,1
Finance Careers Klaipeda,Employment,Premier recruitment firm specializing in executive and management level positions.,424 Central Avenue,Klaipeda,Lithuania,+370 758452729,contact@financecareersk.com,https://www.finance-careers-klai.com,True,False,True,1
Executive Recruitment Siauliai,Employment,Professional staffing company focusing on engineering and technical recruitment.,619 Main Street,Siauliai,Lithuania,+370 668946450,contact@executiverecrui.com,https://www.executive-recruitmen.com,True,False,True,1
International Careers Lithuania,Employment,Specialized recruitment consultancy for IT professionals and technology companies.,875 Jobs Road,Panevezys,Lithuania,+370 503240455,contact@internationalca.com,https://www.international-career.com,True,False,False,1
EU Work Solutions,Employment,Professional employment agency specializing in permanent and temporary placements across multiple industries.,941 Staffing Road,Dudelange,Luxembourg,+352 634271839,contact@euworksolutions.com,https://www.eu-work-solutions.com,True,False,True,1
Executive Recruitment Differdange,Employment,Leading recruitment consultancy connecting talented professionals with top employers in the region.,353 Differdange Square,Differdange,Luxembourg,+352 594325367,contact@executiverecrui.com,https://www.executive-recruitmen.com,True,False,True,1
Dudelange Contract Work,Employment,Full-service employment agency providing workforce solutions for businesses of all sizes.,147 Executive Avenue,Dudelange,Luxembourg,+352 372932035,contact@dudelangecontra.com,https://www.dudelange-contract-w.com,True,False,True,1
Global Employment Esch-sur-Alzette,Employment,Professional staffing company focusing on engineering and technical recruitment.,777 Jobs Road,Esch-sur-Alzette,Luxembourg,+352 567808336,contact@globalemploymen.com,https://www.global-employment-es.com,True,True,False,1
Healthcare Staffing Luxembourg,Employment,"Employment consultancy specializing in finance, banking, and accounting careers.",502 Commercial Street,Differdange,Luxembourg,+352 394124772,contact@healthcarestaff.com,https://www.healthcare-staffing-.com,True,False,False,1
Dudelange Work Agency,Employment,Full-service employment agency providing workforce solutions for businesses of all sizes.,121 Dudelange Plaza,Dudelange,Luxembourg,+352 937156515,contact@dudelangeworkag.com,https://www.dudelange-work-agenc.com,True,False,True,1
Luxembourg HR Services,Employment,Specialized recruitment consultancy for IT professionals and technology companies.,256 Luxembourg City Park,Luxembourg City,Luxembourg,+352 590481950,contact@luxembourghrser.com,https://www.luxembourg-hr-servic.com,True,True,False,1
International Placement Luxembourg,Employment,Professional staffing company focusing on engineering and technical recruitment.,89 Corporate Avenue,Luxembourg City,Luxembourg,+352 217026948,contact@internationalpl.com,https://www.international-placem.com,True,False,True,1
International Placement Luxembourg,Employment,Temporary staffing solutions provider for industrial and manufacturing sectors.,881 Luxembourg City Center,Luxembourg City,Luxembourg,+352 833367888,contact@internationalpl.com,https://www.international-placem.com,True,False,True,1
IT Recruitment Dudelange,Employment,"Employment consultancy specializing in finance, banking, and accounting careers.",383 Dudelange Park,Dudelange,Luxembourg,+352 622728956,contact@itrecruitmentdu.com,https://www.it-recruitment-dudel.com,True,False,True,1
EU Work Solutions,Employment,Leading recruitment consultancy connecting talented professionals with top employers in the region.,799 Executive Avenue,Esch-sur-Alzette,Luxembourg,+352 923711709,contact@euworksolutions.com,https://www.eu-work-solutions.com,True,False,False,1
Flexible Work Luxembourg,Employment,Specialized staffing agency for construction and skilled trades professionals.,401 Career Street,Esch-sur-Alzette,Luxembourg,+352 470808995,contact@flexibleworklux.com,https://www.flexible-work-luxemb.com,True,False,True,1
Esch-sur-Alzette Work Agency,Employment,Temporary staffing solutions provider for industrial and manufacturing sectors.,473 Staffing Road,Esch-sur-Alzette,Luxembourg,+352 379242927,contact@eschsuralzettew.com,https://www.esch-sur-alzette-wor.com,True,True,False,1
Finance Careers Differdange,Employment,"Professional recruitment consultancy for sales, marketing, and business development roles.",538 Corporate Avenue,Differdange,Luxembourg,+352 715844912,contact@financecareersd.com,https://www.finance-careers-diff.com,True,False,True,1
Healthcare Staffing Luxembourg,Employment,"Professional recruitment consultancy for sales, marketing, and business development roles.",798 Jobs Road,Differdange,Luxembourg,+352 117583543,contact@healthcarestaff.com,https://www.healthcare-staffing-.com,True,True,False,1
IT Recruitment Esch-sur-Alzette,Employment,Executive recruitment firm serving multinational corporations and SMEs.,378 Esch-sur-Alzette Plaza,Esch-sur-Alzette,Luxembourg,+352 304178024,contact@itrecruitmentes.com,https://www.it-recruitment-esch-.com,True,False,True,1
Medical Staff Luxembourg,Employment,Executive search firm providing high-level recruitment solutions for multinational companies.,633 Luxembourg City Square,Luxembourg City,Luxembourg,+352 630908262,contact@medicalstafflux.com,https://www.medical-staff-luxemb.com,True,False,False,1
Finance Careers Differdange,Employment,Executive search firm providing high-level recruitment solutions for multinational companies.,360 Staffing Road,Differdange,Luxembourg,+352 663929848,contact@financecareersd.com,https://www.finance-careers-diff.com,True,False,True,1
Dudelange Career Center,Employment,Professional staffing company focusing on engineering and technical recruitment.,632 Commercial Street,Dudelange,Luxembourg,+352 877731317,contact@dudelangecareer.com,https://www.dudelange-career-cen.com,True,False,True,1
Luxembourg Recruitment Partners,Employment,Specialized recruitment consultancy for IT professionals and technology companies.,214 Premier Avenue,Differdange,Luxembourg,+352 143500673,contact@luxembourgrecru.com,https://www.luxembourg-recruitme.com,True,False,True,1
Human Capital Dudelange,Employment,Employment agency specializing in legal profession recruitment and placement services.,304 Talent Road,Dudelange,Luxembourg,+352 976741061,contact@humancapitaldud.com,https://www.human-capital-dudela.com,True,False,True,1
IT Recruitment Esch-sur-Alzette,Employment,International recruitment agency for hospitality and tourism industry professionals.,296 Premier Avenue,Esch-sur-Alzette,Luxembourg,+352 975353117,contact@itrecruitmentes.com,https://www.it-recruitment-esch-.com,True,False,False,1
Hospitality Staff Qormi,Employment,International recruitment agency for hospitality and tourism industry professionals.,850 Jobs Road,Qormi,Malta,+356 879193051,contact@hospitalitystaf.com,https://www.hospitality-staff-qo.com,True,False,True,1
International Placement Malta,Employment,Specialized recruitment consultancy for IT professionals and technology companies.,471 Valletta Park,Valletta,Malta,+356 378826355,contact@internationalpl.com,https://www.international-placem.com,True,False,True,1
Flexible Work Malta,Employment,Executive recruitment firm serving multinational corporations and SMEs.,509 Jobs Road,Zabbar,Malta,+356 322391291,contact@flexibleworkmal.com,https://www.flexible-work-malta.com,True,False,True,1
International Staff Birkirkara,Employment,Professional staffing company focusing on engineering and technical recruitment.,606 Jobs Road,Birkirkara,Malta,+356 465489836,contact@internationalst.com,https://www.international-staff-.com,True,False,True,1
Zabbar Headhunters,Employment,International recruitment agency for hospitality and tourism industry professionals.,71 Executive Avenue,Zabbar,Malta,+356 304786121,contact@zabbarheadhunte.com,https://www.zabbar-headhunters.com,True,False,False,1
Executive Search Malta,Employment,Premier recruitment firm specializing in executive and management level positions.,3 Business Street,Mosta,Malta,+356 306145672,contact@executivesearch.com,https://www.executive-search-mal.com,True,False,True,1
Qormi Employment Solutions,Employment,Leading recruitment consultancy connecting talented professionals with top employers in the region.,366 Talent Road,Qormi,Malta,+356 882921971,contact@qormiemployment.com,https://www.qormi-employment-sol.com,True,False,True,1
IT Recruitment Valletta,Employment,International employment services focusing on cross-border career opportunities within the EU.,661 Valletta Plaza,Valletta,Malta,+356 781812813,contact@itrecruitmentva.com,https://www.it-recruitment-valle.com,True,False,True,1
Medical Staff Malta,Employment,"Comprehensive staffing agency offering recruitment, temp services, and HR consulting.",689 Birkirkara Plaza,Birkirkara,Malta,+356 928896739,contact@medicalstaffmal.com,https://www.medical-staff-malta.com,True,False,False,1
Hospitality Staff Mosta,Employment,International recruitment agency for hospitality and tourism industry professionals.,615 Jobs Road,Mosta,Malta,+356 739438231,contact@hospitalitystaf.com,https://www.hospitality-staff-mo.com,True,False,True,1
Workforce Solutions Zabbar,Employment,Specialized recruitment consultancy for IT professionals and technology companies.,616 Premier Avenue,Zabbar,Malta,+356 814150580,contact@workforcesoluti.com,https://www.workforce-solutions-.com,True,False,True,1
Executive Search Malta,Employment,Professional employment agency specializing in permanent and temporary placements across multiple industries.,906 Career Street,Mosta,Malta,+356 712290259,contact@executivesearch.com,https://www.executive-search-mal.com,True,False,False,1
Healthcare Staffing Malta,Employment,Professional employment agency specializing in permanent and temporary placements across multiple industries.,667 Recruitment Road,Valletta,Malta,+356 803186080,contact@healthcarestaff.com,https://www.healthcare-staffing-.com,True,True,False,1
Staffing Excellence Malta,Employment,International employment services focusing on cross-border career opportunities within the EU.,292 Corporate Avenue,Qormi,Malta,+356 629473167,contact@staffingexcelle.com,https://www.staffing-excellence-.com,True,False,True,1
Premier Recruitment Birkirkara,Employment,International recruitment agency for hospitality and tourism industry professionals.,121 Staffing Road,Birkirkara,Malta,+356 863888591,contact@premierrecruitm.com,https://www.premier-recruitment-.com,True,False,True,1
Valletta Headhunters,Employment,Executive search firm providing high-level recruitment solutions for multinational companies.,226 Executive Avenue,Valletta,Malta,+356 736733262,contact@vallettaheadhun.com,https://www.valletta-headhunters.com,True,True,True,1
Malta Recruitment Partners,Employment,"Professional recruitment consultancy for sales, marketing, and business development roles.",56 Zabbar Square,Zabbar,Malta,+356 425827984,contact@maltarecruitmen.com,https://www.malta-recruitment-pa.com,True,False,False,1
Professional Staffing Mosta,Employment,Leading recruitment consultancy connecting talented professionals with top employers in the region.,79 Employment Street,Mosta,Malta,+356 537407581,contact@professionalsta.com,https://www.professional-staffin.com,True,False,True,1
Flexible Work Malta,Employment,International career services helping professionals find opportunities across Europe.,968 Recruitment Road,Mosta,Malta,+356 454233249,contact@flexibleworkmal.com,https://www.flexible-work-malta.com,True,False,True,1
Recruit Pro Mosta,Employment,International recruitment agency for hospitality and tourism industry professionals.,961 Talent Road,Mosta,Malta,+356 246225511,contact@recruitpromosta.com,https://www.recruit-pro-mosta.com,True,False,True,1
European Careers Valletta,Employment,"Employment consultancy specializing in finance, banking, and accounting careers.",328 Corporate Avenue,Valletta,Malta,+356 365422011,contact@europeancareers.com,https://www.european-careers-val.com,True,False,False,1
IT Recruitment Zabbar,Employment,"Comprehensive staffing agency offering recruitment, temp services, and HR consulting.",981 Commercial Street,Zabbar,Malta,+356 126235060,contact@itrecruitmentza.com,https://www.it-recruitment-zabba.com,True,True,False,1
Eindhoven Work Agency,Employment,Executive recruitment firm serving multinational corporations and SMEs.,690 Career Street,Eindhoven,Netherlands,+31 818111353,contact@eindhovenworkag.com,https://www.eindhoven-work-agenc.com,True,False,True,1
Career Builders Netherlands,Employment,"Comprehensive staffing agency offering recruitment, temp services, and HR consulting.",797 Staffing Road,Amsterdam,Netherlands,+31 396645720,contact@careerbuildersn.com,https://www.career-builders-neth.com,True,False,False,1
Legal Recruitment Utrecht,Employment,"Professional recruitment consultancy for sales, marketing, and business development roles.",789 Talent Road,Utrecht,Netherlands,+31 326257855,contact@legalrecruitmen.com,https://www.legal-recruitment-ut.com,True,False,False,1
Netherlands Recruitment Partners,Employment,Executive search firm providing high-level recruitment solutions for multinational companies.,405 Recruitment Road,Rotterdam,Netherlands,+31 773981903,contact@netherlandsrecr.com,https://www.netherlands-recruitm.com,True,True,True,1
WorldWork Amsterdam,Employment,Premier recruitment firm specializing in executive and management level positions.,758 Premier Avenue,Amsterdam,Netherlands,+31 963032316,contact@worldworkamster.com,https://www.worldwork-amsterdam.com,True,False,True,1
Recruit Pro Eindhoven,Employment,Executive recruitment firm serving multinational corporations and SMEs.,417 Corporate Avenue,Eindhoven,Netherlands,+31 496859304,contact@recruitproeindh.com,https://www.recruit-pro-eindhove.com,True,False,True,1
Utrecht Sales Careers,Employment,Leading recruitment consultancy connecting talented professionals with top employers in the region.,420 Recruitment Road,Utrecht,Netherlands,+31 497636321,contact@utrechtsalescar.com,https://www.utrecht-sales-career.com,True,False,False,1
Staffing Excellence Netherlands,Employment,Temporary staffing solutions provider for industrial and manufacturing sectors.,384 Corporate Avenue,Eindhoven,Netherlands,+31 814405002,contact@staffingexcelle.com,https://www.staffing-excellence-.com,True,False,False,1
Professional Staffing Rotterdam,Employment,Professional staffing company focusing on engineering and technical recruitment.,922 Employment Street,Rotterdam,Netherlands,+31 407570858,contact@professionalsta.com,https://www.professional-staffin.com,True,False,False,1
Premier Recruitment The Hague,Employment,Full-service employment agency providing workforce solutions for businesses of all sizes.,614 The Hague Square,The Hague,Netherlands,+31 479342070,contact@premierrecruitm.com,https://www.premier-recruitment-.com,True,False,True,1
Netherlands Recruitment Partners,Employment,Comprehensive employment services including career counseling and job placement.,31 Commercial Street,Eindhoven,Netherlands,+31 464939157,contact@netherlandsrecr.com,https://www.netherlands-recruitm.com,True,False,True,1
Eindhoven Headhunters,Employment,Professional employment agency specializing in permanent and temporary placements across multiple industries.,784 Jobs Road,Eindhoven,Netherlands,+31 324119565,contact@eindhovenheadhu.com,https://www.eindhoven-headhunter.com,True,False,True,1
Netherlands HR Services,Employment,International career services helping professionals find opportunities across Europe.,951 The Hague Park,The Hague,Netherlands,+31 897045213,contact@netherlandshrse.com,https://www.netherlands-hr-servi.com,True,False,True,1
Eindhoven Career Center,Employment,Executive search firm providing high-level recruitment solutions for multinational companies.,385 Business Street,Eindhoven,Netherlands,+31 510703949,contact@eindhovencareer.com,https://www.eindhoven-career-cen.com,True,False,True,1
Engineering Jobs Rotterdam,Employment,International employment services focusing on cross-border career opportunities within the EU.,528 Executive Avenue,Rotterdam,Netherlands,+31 916313869,contact@engineeringjobs.com,https://www.engineering-jobs-rot.com,True,False,False,1
Premier Recruitment Utrecht,Employment,Employment agency dedicated to healthcare staffing and medical professional placements.,702 Utrecht Park,Utrecht,Netherlands,+31 247963382,contact@premierrecruitm.com,https://www.premier-recruitment-.com,True,False,True,1
Finance Careers Eindhoven,Employment,Employment agency specializing in legal profession recruitment and placement services.,884 Premier Avenue,Eindhoven,Netherlands,+31 237233333,contact@financecareerse.com,https://www.finance-careers-eind.com,True,True,True,1
Elite Rotterdam Jobs,Employment,Professional employment agency specializing in permanent and temporary placements across multiple industries.,929 Staffing Road,Rotterdam,Netherlands,+31 639573705,contact@eliterotterdamj.com,https://www.elite-rotterdam-jobs.com,True,False,False,1
Eindhoven Tech Talent,Employment,"Professional recruitment consultancy for sales, marketing, and business development roles.",852 Eindhoven Center,Eindhoven,Netherlands,+31 455994607,contact@eindhoventechta.com,https://www.eindhoven-tech-talen.com,True,False,False,1
Professional Placement Rotterdam,Employment,"Comprehensive staffing agency offering recruitment, temp services, and HR consulting.",844 Business Street,Rotterdam,Netherlands,+31 784650113,contact@professionalpla.com,https://www.professional-placeme.com,True,True,False,1
Eindhoven Contract Work,Employment,"Employment consultancy specializing in finance, banking, and accounting careers.",504 Eindhoven Park,Eindhoven,Netherlands,+31 338867813,contact@eindhovencontra.com,https://www.eindhoven-contract-w.com,True,False,True,1
EuroJobs Rotterdam,Employment,Executive recruitment firm serving multinational corporations and SMEs.,722 Corporate Avenue,Rotterdam,Netherlands,+31 775082078,contact@eurojobsrotterd.com,https://www.eurojobs-rotterdam.com,True,False,True,1
Premier Recruitment Poznan,Employment,"Employment consultancy specializing in finance, banking, and accounting careers.",603 Main Street,Poznan,Poland,+48 322070386,contact@premierrecruitm.com,https://www.premier-recruitment-.com,True,False,True,1
Recruit Pro Poznan,Employment,International staffing company providing workforce solutions across European markets.,970 Staffing Road,Poznan,Poland,+48 691979790,contact@recruitpropozna.com,https://www.recruit-pro-poznan.com,True,False,True,1
International Placement Poland,Employment,Specialized staffing agency for construction and skilled trades professionals.,79 Main Street,Poznan,Poland,+48 390905909,contact@internationalpl.com,https://www.international-placem.com,True,False,True,1
Professional Staffing Wroclaw,Employment,International career services helping professionals find opportunities across Europe.,730 Employment Street,Wroclaw,Poland,+48 653056595,contact@professionalsta.com,https://www.professional-staffin.com,True,False,True,1
Krakow Work Agency,Employment,Executive recruitment firm serving multinational corporations and SMEs.,522 Main Street,Krakow,Poland,+48 704671151,contact@krakowworkagenc.com,https://www.krakow-work-agency.com,True,False,False,1
TalentFind Krakow,Employment,Professional staffing company focusing on engineering and technical recruitment.,619 Staffing Road,Krakow,Poland,+48 913962372,contact@talentfindkrako.com,https://www.talentfind-krakow.com,True,False,True,1
Professional Staffing Warsaw,Employment,Specialized recruitment consultancy for IT professionals and technology companies.,868 Business Street,Warsaw,Poland,+48 780703776,contact@professionalsta.com,https://www.professional-staffin.com,True,False,True,1
JobConnect Poland,Employment,Executive recruitment firm serving multinational corporations and SMEs.,29 Jobs Road,Warsaw,Poland,+48 856372759,contact@jobconnectpolan.com,https://www.jobconnect-poland.com,True,False,True,1
Career Builders Poland,Employment,"Professional recruitment consultancy for sales, marketing, and business development roles.",75 Lodz Plaza,Lodz,Poland,+48 258085640,contact@careerbuildersp.com,https://www.career-builders-pola.com,True,False,True,1
Executive Recruitment Wroclaw,Employment,International staffing company providing workforce solutions across European markets.,312 Wroclaw Plaza,Wroclaw,Poland,+48 408116057,contact@executiverecrui.com,https://www.executive-recruitmen.com,True,False,False,1
Krakow Work Agency,Employment,"Employment consultancy specializing in finance, banking, and accounting careers.",825 Corporate Avenue,Krakow,Poland,+48 879640208,contact@krakowworkagenc.com,https://www.krakow-work-agency.com,True,False,False,1
Temporary Staff Wroclaw,Employment,Professional employment agency specializing in permanent and temporary placements across multiple industries.,749 Staffing Road,Wroclaw,Poland,+48 271629769,contact@temporarystaffw.com,https://www.temporary-staff-wroc.com,True,True,False,1
International Staff Poznan,Employment,Leading recruitment consultancy connecting talented professionals with top employers in the region.,821 Poznan Square,Poznan,Poland,+48 620773728,contact@internationalst.com,https://www.international-staff-.com,True,False,True,1
Career Builders Poland,Employment,International recruitment agency for hospitality and tourism industry professionals.,311 Commercial Street,Krakow,Poland,+48 756851702,contact@careerbuildersp.com,https://www.career-builders-pola.com,True,False,False,1
Talent Solutions Wroclaw,Employment,Executive search firm providing high-level recruitment solutions for multinational companies.,314 Employment Street,Wroclaw,Poland,+48 549570528,contact@talentsolutions.com,https://www.talent-solutions-wro.com,True,False,True,1
Global Talent Poland,Employment,"Professional recruitment consultancy for sales, marketing, and business development roles.",135 Commercial Street,Warsaw,Poland,+48 729746298,contact@globaltalentpol.com,https://www.global-talent-poland.com,True,False,False,1
Warsaw Contract Work,Employment,Employment agency specializing in legal profession recruitment and placement services.,881 Commercial Street,Warsaw,Poland,+48 294393802,contact@warsawcontractw.com,https://www.warsaw-contract-work.com,True,False,True,1
Krakow Work Agency,Employment,International employment services focusing on cross-border career opportunities within the EU.,584 Talent Road,Krakow,Poland,+48 171717371,contact@krakowworkagenc.com,https://www.krakow-work-agency.com,True,True,True,1
International Staff Poznan,Employment,International recruitment agency for hospitality and tourism industry professionals.,6 Executive Avenue,Poznan,Poland,+48 765239758,contact@internationalst.com,https://www.international-staff-.com,True,False,False,1
Wroclaw Tech Talent,Employment,Employment agency dedicated to healthcare staffing and medical professional placements.,590 Central Avenue,Wroclaw,Poland,+48 839239167,contact@wroclawtechtale.com,https://www.wroclaw-tech-talent.com,True,False,False,1
EU Work Solutions,Employment,Leading recruitment consultancy connecting talented professionals with top employers in the region.,877 Executive Avenue,Wroclaw,Poland,+48 245320309,contact@euworksolutions.com,https://www.eu-work-solutions.com,True,False,True,1
Temporary Staff Poznan,Employment,International recruitment agency for hospitality and tourism industry professionals.,755 Poznan Park,Poznan,Poland,+48 617276414,contact@temporarystaffp.com,https://www.temporary-staff-pozn.com,True,False,True,1
WorldWork Braga,Employment,Employment agency dedicated to healthcare staffing and medical professional placements.,266 Braga Plaza,Braga,Portugal,+351 129807722,contact@worldworkbraga.com,https://www.worldwork-braga.com,True,False,True,1
Construction Jobs Portugal,Employment,Professional employment agency specializing in permanent and temporary placements across multiple industries.,961 Talent Road,Porto,Portugal,+351 348056802,contact@constructionjob.com,https://www.construction-jobs-po.com,True,True,True,1
International Careers Portugal,Employment,"Employment consultancy specializing in finance, banking, and accounting careers.",817 Amadora Park,Amadora,Portugal,+351 371700871,contact@internationalca.com,https://www.international-career.com,True,False,True,1
Executive Recruitment Lisbon,Employment,International career services helping professionals find opportunities across Europe.,75 Staffing Road,Lisbon,Portugal,+351 254369661,contact@executiverecrui.com,https://www.executive-recruitmen.com,True,False,True,1
Hospitality Staff Lisbon,Employment,International recruitment agency for hospitality and tourism industry professionals.,427 Professional Street,Lisbon,Portugal,+351 684571889,contact@hospitalitystaf.com,https://www.hospitality-staff-li.com,True,False,True,1
Executive Recruitment Lisbon,Employment,Comprehensive employment services including career counseling and job placement.,658 Career Street,Lisbon,Portugal,+351 892317825,contact@executiverecrui.com,https://www.executive-recruitmen.com,True,False,False,1
Construction Jobs Portugal,Employment,Employment agency dedicated to healthcare staffing and medical professional placements.,548 Professional Street,Lisbon,Portugal,+351 154781095,contact@constructionjob.com,https://www.construction-jobs-po.com,True,False,True,1
Professional Staffing Braga,Employment,International recruitment agency for hospitality and tourism industry professionals.,564 Executive Avenue,Braga,Portugal,+351 626890060,contact@professionalsta.com,https://www.professional-staffin.com,True,False,True,1
Portugal Recruitment Partners,Employment,"Comprehensive staffing agency offering recruitment, temp services, and HR consulting.",681 Porto Plaza,Porto,Portugal,+351 747408313,contact@portugalrecruit.com,https://www.portugal-recruitment.com,True,False,True,1
EU Work Solutions,Employment,Executive search firm providing high-level recruitment solutions for multinational companies.,253 Porto Square,Porto,Portugal,+351 561515503,contact@euworksolutions.com,https://www.eu-work-solutions.com,True,False,False,1
Lisbon Temp Solutions,Employment,International staffing company providing workforce solutions across European markets.,116 Premier Avenue,Lisbon,Portugal,+351 296757304,contact@lisbontempsolut.com,https://www.lisbon-temp-solution.com,True,False,True,1
Healthcare Staffing Portugal,Employment,International staffing company providing workforce solutions across European markets.,266 Porto Square,Porto,Portugal,+351 846251714,contact@healthcarestaff.com,https://www.healthcare-staffing-.com,True,False,False,1
Workforce Solutions Lisbon,Employment,Employment agency dedicated to healthcare staffing and medical professional placements.,369 Commercial Street,Lisbon,Portugal,+351 167526884,contact@workforcesoluti.com,https://www.workforce-solutions-.com,True,False,True,1
Construction Jobs Portugal,Employment,Full-service employment agency providing workforce solutions for businesses of all sizes.,56 Business Street,Porto,Portugal,+351 965569315,contact@constructionjob.com,https://www.construction-jobs-po.com,True,False,True,1
Executive Recruitment Vila Nova de Gaia,Employment,International career services helping professionals find opportunities across Europe.,197 Commercial Street,Vila Nova de Gaia,Portugal,+351 922125349,contact@executiverecrui.com,https://www.executive-recruitmen.com,True,False,True,1
Flexible Work Portugal,Employment,Professional employment agency specializing in permanent and temporary placements across multiple industries.,975 Commercial Street,Braga,Portugal,+351 204207802,contact@flexibleworkpor.com,https://www.flexible-work-portug.com,True,False,True,1
Legal Recruitment Braga,Employment,Specialized staffing agency for construction and skilled trades professionals.,458 Business Street,Braga,Portugal,+351 688901224,contact@legalrecruitmen.com,https://www.legal-recruitment-br.com,True,False,False,1
Premier Recruitment Vila Nova de Gaia,Employment,Specialized recruitment consultancy for IT professionals and technology companies.,879 Premier Avenue,Vila Nova de Gaia,Portugal,+351 777984390,contact@premierrecruitm.com,https://www.premier-recruitment-.com,True,False,False,1
International Careers Portugal,Employment,Professional staffing company focusing on engineering and technical recruitment.,932 Talent Road,Braga,Portugal,+351 238645787,contact@internationalca.com,https://www.international-career.com,True,False,True,1
Vila Nova de Gaia Sales Careers,Employment,Specialized recruitment consultancy for IT professionals and technology companies.,759 Vila Nova de Gaia Plaza,Vila Nova de Gaia,Portugal,+351 749450506,contact@vilanovadegaias.com,https://www.vila-nova-de-gaia-sa.com,True,False,True,1
Premier Recruitment Porto,Employment,Temporary staffing solutions provider for industrial and manufacturing sectors.,429 Premier Avenue,Porto,Portugal,+351 690004367,contact@premierrecruitm.com,https://www.premier-recruitment-.com,True,False,True,1
Professional Placement Amadora,Employment,Professional employment agency specializing in permanent and temporary placements across multiple industries.,287 Amadora Square,Amadora,Portugal,+351 109977658,contact@professionalpla.com,https://www.professional-placeme.com,True,False,True,1
Constanta Sales Careers,Employment,Executive search firm providing high-level recruitment solutions for multinational companies.,428 Central Avenue,Constanta,Romania,+40 862029950,contact@constantasalesc.com,https://www.constanta-sales-care.com,True,False,True,1
International Placement Romania,Employment,"Employment consultancy specializing in finance, banking, and accounting careers.",137 Iasi Square,Iasi,Romania,+40 748715780,contact@internationalpl.com,https://www.international-placem.com,True,False,False,1
Workforce Solutions Iasi,Employment,International career services helping professionals find opportunities across Europe.,918 Professional Street,Iasi,Romania,+40 562218678,contact@workforcesoluti.com,https://www.workforce-solutions-.com,True,False,True,1
Elite Cluj-Napoca Jobs,Employment,Specialized recruitment consultancy for IT professionals and technology companies.,552 Cluj-Napoca Plaza,Cluj-Napoca,Romania,+40 204713835,contact@eliteclujnapoca.com,https://www.elite-cluj-napoca-jo.com,True,False,False,1
Iasi Career Center,Employment,Professional staffing company focusing on engineering and technical recruitment.,583 Executive Avenue,Iasi,Romania,+40 876584168,contact@iasicareercente.com,https://www.iasi-career-center.com,True,False,True,1
Human Capital Constanta,Employment,International staffing company providing workforce solutions across European markets.,264 Corporate Avenue,Constanta,Romania,+40 815604976,contact@humancapitalcon.com,https://www.human-capital-consta.com,True,False,True,1
Romania Recruitment Partners,Employment,Specialized staffing agency for construction and skilled trades professionals.,343 Corporate Avenue,Bucharest,Romania,+40 519435106,contact@romaniarecruitm.com,https://www.romania-recruitment-.com,True,False,False,1
Bucharest Sales Careers,Employment,International recruitment agency for hospitality and tourism industry professionals.,457 Bucharest Park,Bucharest,Romania,+40 713889521,contact@bucharestsalesc.com,https://www.bucharest-sales-care.com,True,False,True,1
Iasi Contract Work,Employment,Executive search firm providing high-level recruitment solutions for multinational companies.,672 Career Street,Iasi,Romania,+40 965851097,contact@iasicontractwor.com,https://www.iasi-contract-work.com,True,False,True,1
Workforce Solutions Bucharest,Employment,Full-service employment agency providing workforce solutions for businesses of all sizes.,439 Talent Road,Bucharest,Romania,+40 362743764,contact@workforcesoluti.com,https://www.workforce-solutions-.com,True,False,True,1
Legal Recruitment Cluj-Napoca,Employment,Leading recruitment consultancy connecting talented professionals with top employers in the region.,233 Executive Avenue,Cluj-Napoca,Romania,+40 872036531,contact@legalrecruitmen.com,https://www.legal-recruitment-cl.com,True,False,True,1
Workforce Solutions Cluj-Napoca,Employment,International recruitment agency for hospitality and tourism industry professionals.,857 Jobs Road,Cluj-Napoca,Romania,+40 115443869,contact@workforcesoluti.com,https://www.workforce-solutions-.com,True,False,False,1
Iasi Sales Careers,Employment,Executive recruitment firm serving multinational corporations and SMEs.,479 Commercial Street,Iasi,Romania,+40 330789096,contact@iasisalescareer.com,https://www.iasi-sales-careers.com,True,False,True,1
Recruit Pro Iasi,Employment,Leading recruitment consultancy connecting talented professionals with top employers in the region.,531 Jobs Road,Iasi,Romania,+40 187938471,contact@recruitproiasi.com,https://www.recruit-pro-iasi.com,True,False,True,1
Professional Staffing Iasi,Employment,International staffing company providing workforce solutions across European markets.,401 Central Avenue,Iasi,Romania,+40 992847719,contact@professionalsta.com,https://www.professional-staffin.com,True,False,True,1
Elite Constanta Jobs,Employment,"Professional recruitment consultancy for sales, marketing, and business development roles.",954 Main Street,Constanta,Romania,+40 624771041,contact@eliteconstantaj.com,https://www.elite-constanta-jobs.com,True,False,True,1
Bucharest Employment Solutions,Employment,Specialized recruitment consultancy for IT professionals and technology companies.,630 Professional Street,Bucharest,Romania,+40 449657219,contact@bucharestemploy.com,https://www.bucharest-employment.com,True,False,False,1
Cross-Border Jobs Iasi,Employment,Executive search firm providing high-level recruitment solutions for multinational companies.,540 Professional Street,Iasi,Romania,+40 610430473,contact@crossborderjobs.com,https://www.cross-border-jobs-ia.com,True,False,False,1
Flexible Work Romania,Employment,Employment agency specializing in legal profession recruitment and placement services.,423 Constanta Square,Constanta,Romania,+40 906651692,contact@flexibleworkrom.com,https://www.flexible-work-romani.com,True,False,True,1
EU Work Solutions,Employment,Employment agency dedicated to healthcare staffing and medical professional placements.,436 Cluj-Napoca Square,Cluj-Napoca,Romania,+40 465862041,contact@euworksolutions.com,https://www.eu-work-solutions.com,True,False,True,1
Human Capital Iasi,Employment,Specialized staffing agency for construction and skilled trades professionals.,482 Talent Road,Iasi,Romania,+40 613275265,contact@humancapitalias.com,https://www.human-capital-iasi.com,True,False,True,1
Human Capital Cluj-Napoca,Employment,Specialized recruitment consultancy for IT professionals and technology companies.,491 Business Street,Cluj-Napoca,Romania,+40 538493546,contact@humancapitalclu.com,https://www.human-capital-cluj-n.com,True,False,True,1
Human Capital Bratislava,Employment,"Comprehensive staffing agency offering recruitment, temp services, and HR consulting.",307 Recruitment Road,Bratislava,Slovakia,+421 428878399,contact@humancapitalbra.com,https://www.human-capital-bratis.com,True,False,True,1
WorldWork Banska Bystrica,Employment,Employment agency specializing in legal profession recruitment and placement services.,394 Central Avenue,Banska Bystrica,Slovakia,+421 390106228,contact@worldworkbanska.com,https://www.worldwork-banska-bys.com,True,True,True,1
Zilina Work Agency,Employment,Specialized recruitment consultancy for IT professionals and technology companies.,460 Zilina Plaza,Zilina,Slovakia,+421 979614346,contact@zilinaworkagenc.com,https://www.zilina-work-agency.com,True,False,False,1
Elite Bratislava Jobs,Employment,Employment agency dedicated to healthcare staffing and medical professional placements.,296 Jobs Road,Bratislava,Slovakia,+421 342918845,contact@elitebratislava.com,https://www.elite-bratislava-job.com,True,False,True,1
Executive Search Slovakia,Employment,Specialized staffing agency for construction and skilled trades professionals.,171 Central Avenue,Zilina,Slovakia,+421 657577461,contact@executivesearch.com,https://www.executive-search-slo.com,True,False,True,1
Legal Recruitment Presov,Employment,Executive search firm providing high-level recruitment solutions for multinational companies.,200 Staffing Road,Presov,Slovakia,+421 129080803,contact@legalrecruitmen.com,https://www.legal-recruitment-pr.com,True,False,True,1
Career Builders Slovakia,Employment,International career services helping professionals find opportunities across Europe.,139 Presov Square,Presov,Slovakia,+421 649344167,contact@careerbuilderss.com,https://www.career-builders-slov.com,True,False,True,1
International Staff Zilina,Employment,"Employment consultancy specializing in finance, banking, and accounting careers.",679 Zilina Center,Zilina,Slovakia,+421 262595518,contact@internationalst.com,https://www.international-staff-.com,True,False,True,1
Bratislava Headhunters,Employment,Full-service employment agency providing workforce solutions for businesses of all sizes.,168 Bratislava Plaza,Bratislava,Slovakia,+421 147217763,contact@bratislavaheadh.com,https://www.bratislava-headhunte.com,True,False,True,1
Kosice Employment Solutions,Employment,Premier recruitment firm specializing in executive and management level positions.,523 Employment Street,Kosice,Slovakia,+421 975899246,contact@kosiceemploymen.com,https://www.kosice-employment-so.com,True,False,True,1
EuroJobs Kosice,Employment,International employment services focusing on cross-border career opportunities within the EU.,155 Staffing Road,Kosice,Slovakia,+421 593619519,contact@eurojobskosice.com,https://www.eurojobs-kosice.com,True,False,False,1
Human Capital Banska Bystrica,Employment,Executive search firm providing high-level recruitment solutions for multinational companies.,7 Banska Bystrica Square,Banska Bystrica,Slovakia,+421 461398825,contact@humancapitalban.com,https://www.human-capital-banska.com,True,False,True,1
Executive Recruitment Bratislava,Employment,"Professional recruitment consultancy for sales, marketing, and business development roles.",241 Staffing Road,Bratislava,Slovakia,+421 816630159,contact@executiverecrui.com,https://www.executive-recruitmen.com,True,False,False,1
Global Employment Bratislava,Employment,International staffing company providing workforce solutions across European markets.,870 Premier Avenue,Bratislava,Slovakia,+421 165977870,contact@globalemploymen.com,https://www.global-employment-br.com,True,False,False,1
International Placement Slovakia,Employment,International recruitment agency for hospitality and tourism industry professionals.,87 Premier Avenue,Zilina,Slovakia,+421 196274713,contact@internationalpl.com,https://www.international-placem.com,True,False,False,1
Staffing Excellence Slovakia,Employment,International recruitment agency for hospitality and tourism industry professionals.,682 Business Street,Zilina,Slovakia,+421 101322400,contact@staffingexcelle.com,https://www.staffing-excellence-.com,True,False,True,1
International Placement Slovakia,Employment,Employment agency specializing in legal profession recruitment and placement services.,798 Corporate Avenue,Zilina,Slovakia,+421 739188462,contact@internationalpl.com,https://www.international-placem.com,True,False,True,1
International Staff Bratislava,Employment,International career services helping professionals find opportunities across Europe.,498 Professional Street,Bratislava,Slovakia,+421 493811123,contact@internationalst.com,https://www.international-staff-.com,True,False,True,1
Workforce Solutions Zilina,Employment,"Comprehensive staffing agency offering recruitment, temp services, and HR consulting.",553 Main Street,Zilina,Slovakia,+421 281648795,contact@workforcesoluti.com,https://www.workforce-solutions-.com,True,False,True,1
Interim Staffing Presov,Employment,"Professional recruitment consultancy for sales, marketing, and business development roles.",177 Executive Avenue,Presov,Slovakia,+421 235609491,contact@interimstaffing.com,https://www.interim-staffing-pre.com,True,False,False,1
Zilina Contract Work,Employment,International employment services focusing on cross-border career opportunities within the EU.,535 Zilina Center,Zilina,Slovakia,+421 831079487,contact@zilinacontractw.com,https://www.zilina-contract-work.com,True,False,True,1
Elite Kosice Jobs,Employment,Employment agency dedicated to healthcare staffing and medical professional placements.,900 Kosice Plaza,Kosice,Slovakia,+421 536377153,contact@elitekosicejobs.com,https://www.elite-kosice-jobs.com,True,False,True,1
European Careers Celje,Employment,Premier recruitment firm specializing in executive and management level positions.,623 Corporate Avenue,Celje,Slovenia,+386 746989679,contact@europeancareers.com,https://www.european-careers-cel.com,True,False,True,1
Staffing Excellence Slovenia,Employment,International career services helping professionals find opportunities across Europe.,371 Executive Avenue,Ljubljana,Slovenia,+386 370838993,contact@staffingexcelle.com,https://www.staffing-excellence-.com,True,False,True,1
Engineering Jobs Ljubljana,Employment,"Employment consultancy specializing in finance, banking, and accounting careers.",684 Ljubljana Plaza,Ljubljana,Slovenia,+386 542611931,contact@engineeringjobs.com,https://www.engineering-jobs-lju.com,True,True,False,1
Professional Staffing Ljubljana,Employment,Full-service employment agency providing workforce solutions for businesses of all sizes.,27 Talent Road,Ljubljana,Slovenia,+386 616746946,contact@professionalsta.com,https://www.professional-staffin.com,True,False,True,1
EU Work Solutions,Employment,Leading recruitment consultancy connecting talented professionals with top employers in the region.,399 Maribor Park,Maribor,Slovenia,+386 860452759,contact@euworksolutions.com,https://www.eu-work-solutions.com,True,False,True,1
Temporary Staff Velenje,Employment,International employment services focusing on cross-border career opportunities within the EU.,876 Commercial Street,Velenje,Slovenia,+386 786104998,contact@temporarystaffv.com,https://www.temporary-staff-vele.com,True,False,True,1
International Staff Kranj,Employment,Employment agency dedicated to healthcare staffing and medical professional placements.,56 Talent Road,Kranj,Slovenia,+386 175845731,contact@internationalst.com,https://www.international-staff-.com,True,False,False,1
Slovenia HR Services,Employment,International employment services focusing on cross-border career opportunities within the EU.,648 Ljubljana Center,Ljubljana,Slovenia,+386 354638637,contact@sloveniahrservi.com,https://www.slovenia-hr-services.com,True,False,False,1
Kranj Career Center,Employment,Executive search firm providing high-level recruitment solutions for multinational companies.,592 Kranj Center,Kranj,Slovenia,+386 203472947,contact@kranjcareercent.com,https://www.kranj-career-center.com,True,False,True,1
Interim Staffing Maribor,Employment,Premier recruitment firm specializing in executive and management level positions.,152 Maribor Center,Maribor,Slovenia,+386 578571648,contact@interimstaffing.com,https://www.interim-staffing-mar.com,True,False,True,1
Staffing Excellence Slovenia,Employment,Leading recruitment consultancy connecting talented professionals with top employers in the region.,223 Talent Road,Velenje,Slovenia,+386 639838061,contact@staffingexcelle.com,https://www.staffing-excellence-.com,True,False,True,1
Medical Staff Slovenia,Employment,Executive search firm providing high-level recruitment solutions for multinational companies.,813 Celje Plaza,Celje,Slovenia,+386 830799716,contact@medicalstaffslo.com,https://www.medical-staff-sloven.com,True,False,True,1
Recruit Pro Maribor,Employment,Specialized recruitment consultancy for IT professionals and technology companies.,661 Maribor Center,Maribor,Slovenia,+386 611016572,contact@recruitpromarib.com,https://www.recruit-pro-maribor.com,True,False,True,1
Slovenia Recruitment Partners,Employment,Executive search firm providing high-level recruitment solutions for multinational companies.,907 Central Avenue,Ljubljana,Slovenia,+386 276170170,contact@sloveniarecruit.com,https://www.slovenia-recruitment.com,True,False,True,1
Global Talent Slovenia,Employment,Premier recruitment firm specializing in executive and management level positions.,710 Professional Street,Kranj,Slovenia,+386 198625095,contact@globaltalentslo.com,https://www.global-talent-sloven.com,True,True,True,1
Engineering Jobs Ljubljana,Employment,International employment services focusing on cross-border career opportunities within the EU.,960 Executive Avenue,Ljubljana,Slovenia,+386 778637808,contact@engineeringjobs.com,https://www.engineering-jobs-lju.com,True,False,True,1
EU Work Solutions,Employment,Comprehensive employment services including career counseling and job placement.,914 Central Avenue,Kranj,Slovenia,+386 183366882,contact@euworksolutions.com,https://www.eu-work-solutions.com,True,False,False,1
Recruit Pro Celje,Employment,Professional employment agency specializing in permanent and temporary placements across multiple industries.,953 Central Avenue,Celje,Slovenia,+386 117245644,contact@recruitprocelje.com,https://www.recruit-pro-celje.com,True,False,False,1
Healthcare Staffing Slovenia,Employment,Employment agency specializing in legal profession recruitment and placement services.,480 Central Avenue,Velenje,Slovenia,+386 225612410,contact@healthcarestaff.com,https://www.healthcare-staffing-.com,True,False,True,1
Maribor Career Center,Employment,Premier recruitment firm specializing in executive and management level positions.,865 Maribor Plaza,Maribor,Slovenia,+386 280707585,contact@mariborcareerce.com,https://www.maribor-career-cente.com,True,False,False,1
Executive Recruitment Velenje,Employment,Leading recruitment consultancy connecting talented professionals with top employers in the region.,66 Velenje Square,Velenje,Slovenia,+386 645852144,contact@executiverecrui.com,https://www.executive-recruitmen.com,True,False,True,1
Interim Staffing Celje,Employment,"Professional recruitment consultancy for sales, marketing, and business development roles.",20 Employment Street,Celje,Slovenia,+386 840329748,contact@interimstaffing.com,https://www.interim-staffing-cel.com,True,False,True,1
Career Builders Spain,Employment,Executive search firm providing high-level recruitment solutions for multinational companies.,105 Executive Avenue,Barcelona,Spain,+34 154446199,contact@careerbuilderss.com,https://www.career-builders-spai.com,True,False,True,1
Human Capital Seville,Employment,Leading recruitment consultancy connecting talented professionals with top employers in the region.,961 Corporate Avenue,Seville,Spain,+34 129444608,contact@humancapitalsev.com,https://www.human-capital-sevill.com,True,True,True,1
Legal Recruitment Barcelona,Employment,Full-service employment agency providing workforce solutions for businesses of all sizes.,469 Staffing Road,Barcelona,Spain,+34 374496494,contact@legalrecruitmen.com,https://www.legal-recruitment-ba.com,True,False,False,1
EuroJobs Madrid,Employment,Executive recruitment firm serving multinational corporations and SMEs.,239 Employment Street,Madrid,Spain,+34 906771487,contact@eurojobsmadrid.com,https://www.eurojobs-madrid.com,True,False,False,1
International Staff Barcelona,Employment,Full-service employment agency providing workforce solutions for businesses of all sizes.,225 Executive Avenue,Barcelona,Spain,+34 161541415,contact@internationalst.com,https://www.international-staff-.com,True,False,True,1
Legal Recruitment Seville,Employment,Comprehensive employment services including career counseling and job placement.,393 Executive Avenue,Seville,Spain,+34 874621251,contact@legalrecruitmen.com,https://www.legal-recruitment-se.com,True,False,False,1
Finance Careers Valencia,Employment,Specialized staffing agency for construction and skilled trades professionals.,875 Valencia Plaza,Valencia,Spain,+34 162332077,contact@financecareersv.com,https://www.finance-careers-vale.com,True,False,True,1
European Careers Zaragoza,Employment,Employment agency specializing in legal profession recruitment and placement services.,588 Zaragoza Park,Zaragoza,Spain,+34 852208130,contact@europeancareers.com,https://www.european-careers-zar.com,True,False,False,1
Talent Solutions Madrid,Employment,Comprehensive employment services including career counseling and job placement.,149 Talent Road,Madrid,Spain,+34 699046252,contact@talentsolutions.com,https://www.talent-solutions-mad.com,True,False,True,1
JobConnect Spain,Employment,"Professional recruitment consultancy for sales, marketing, and business development roles.",341 Recruitment Road,Zaragoza,Spain,+34 325521920,contact@jobconnectspain.com,https://www.jobconnect-spain.com,True,False,True,1
Construction Jobs Spain,Employment,"Professional recruitment consultancy for sales, marketing, and business development roles.",256 Seville Plaza,Seville,Spain,+34 848033196,contact@constructionjob.com,https://www.construction-jobs-sp.com,True,False,True,1
EuroJobs Valencia,Employment,Employment agency dedicated to healthcare staffing and medical professional placements.,665 Valencia Park,Valencia,Spain,+34 388556201,contact@eurojobsvalenci.com,https://www.eurojobs-valencia.com,True,False,False,1
EuroJobs Zaragoza,Employment,"Comprehensive staffing agency offering recruitment, temp services, and HR consulting.",729 Zaragoza Square,Zaragoza,Spain,+34 400500319,contact@eurojobszaragoz.com,https://www.eurojobs-zaragoza.com,True,False,True,1
Cross-Border Jobs Madrid,Employment,"Comprehensive staffing agency offering recruitment, temp services, and HR consulting.",812 Employment Street,Madrid,Spain,+34 455819762,contact@crossborderjobs.com,https://www.cross-border-jobs-ma.com,True,False,True,1
Temporary Staff Valencia,Employment,Specialized recruitment consultancy for IT professionals and technology companies.,551 Jobs Road,Valencia,Spain,+34 510905979,contact@temporarystaffv.com,https://www.temporary-staff-vale.com,True,False,False,1
Hospitality Staff Zaragoza,Employment,Employment agency specializing in legal profession recruitment and placement services.,752 Central Avenue,Zaragoza,Spain,+34 499552503,contact@hospitalitystaf.com,https://www.hospitality-staff-za.com,True,False,True,1
Staffing Excellence Spain,Employment,Temporary staffing solutions provider for industrial and manufacturing sectors.,632 Central Avenue,Madrid,Spain,+34 108044054,contact@staffingexcelle.com,https://www.staffing-excellence-.com,True,False,True,1
Zaragoza Work Agency,Employment,Temporary staffing solutions provider for industrial and manufacturing sectors.,296 Business Street,Zaragoza,Spain,+34 753713129,contact@zaragozaworkage.com,https://www.zaragoza-work-agency.com,True,True,True,1
Barcelona Headhunters,Employment,Executive recruitment firm serving multinational corporations and SMEs.,928 Main Street,Barcelona,Spain,+34 307453465,contact@barcelonaheadhu.com,https://www.barcelona-headhunter.com,True,False,False,1
International Careers Spain,Employment,Leading recruitment consultancy connecting talented professionals with top employers in the region.,917 Madrid Park,Madrid,Spain,+34 532845264,contact@internationalca.com,https://www.international-career.com,True,False,True,1
Hospitality Staff Zaragoza,Employment,Specialized recruitment consultancy for IT professionals and technology companies.,494 Jobs Road,Zaragoza,Spain,+34 284643861,contact@hospitalitystaf.com,https://www.hospitality-staff-za.com,True,False,True,1
European Careers Madrid,Employment,Executive search firm providing high-level recruitment solutions for multinational companies.,319 Madrid Square,Madrid,Spain,+34 410497238,contact@europeancareers.com,https://www.european-careers-mad.com,True,False,True,1
Finance Careers Uppsala,Employment,"Professional recruitment consultancy for sales, marketing, and business development roles.",864 Jobs Road,Uppsala,Sweden,+46 683943225,contact@financecareersu.com,https://www.finance-careers-upps.com,True,False,True,1
International Staff Malmo,Employment,International career services helping professionals find opportunities across Europe.,824 Malmo Square,Malmo,Sweden,+46 247604172,contact@internationalst.com,https://www.international-staff-.com,True,False,True,1
Elite Stockholm Jobs,Employment,International recruitment agency for hospitality and tourism industry professionals.,129 Executive Avenue,Stockholm,Sweden,+46 762595537,contact@elitestockholmj.com,https://www.elite-stockholm-jobs.com,True,False,True,1
Finance Careers Vasteras,Employment,International recruitment agency for hospitality and tourism industry professionals.,48 Jobs Road,Vasteras,Sweden,+46 128379738,contact@financecareersv.com,https://www.finance-careers-vast.com,True,False,True,1
Human Capital Stockholm,Employment,"Comprehensive staffing agency offering recruitment, temp services, and HR consulting.",115 Business Street,Stockholm,Sweden,+46 320153877,contact@humancapitalsto.com,https://www.human-capital-stockh.com,True,False,True,1
EU Work Solutions,Employment,Executive recruitment firm serving multinational corporations and SMEs.,322 Talent Road,Stockholm,Sweden,+46 764049121,contact@euworksolutions.com,https://www.eu-work-solutions.com,True,False,False,1
Premier Recruitment Uppsala,Employment,Employment agency dedicated to healthcare staffing and medical professional placements.,740 Executive Avenue,Uppsala,Sweden,+46 897273038,contact@premierrecruitm.com,https://www.premier-recruitment-.com,True,False,True,1
JobConnect Sweden,Employment,Specialized staffing agency for construction and skilled trades professionals.,577 Stockholm Center,Stockholm,Sweden,+46 178644225,contact@jobconnectswede.com,https://www.jobconnect-sweden.com,True,False,True,1
TalentFind Uppsala,Employment,Executive recruitment firm serving multinational corporations and SMEs.,756 Business Street,Uppsala,Sweden,+46 226562702,contact@talentfinduppsa.com,https://www.talentfind-uppsala.com,True,False,True,1
Gothenburg Contract Work,Employment,Professional staffing company focusing on engineering and technical recruitment.,690 Jobs Road,Gothenburg,Sweden,+46 526515678,contact@gothenburgcontr.com,https://www.gothenburg-contract-.com,True,False,True,1
EuroJobs Stockholm,Employment,International employment services focusing on cross-border career opportunities within the EU.,71 Premier Avenue,Stockholm,Sweden,+46 439725654,contact@eurojobsstockho.com,https://www.eurojobs-stockholm.com,True,True,False,1
Recruit Pro Malmo,Employment,"Professional recruitment consultancy for sales, marketing, and business development roles.",9 Premier Avenue,Malmo,Sweden,+46 250320549,contact@recruitpromalmo.com,https://www.recruit-pro-malmo.com,True,False,True,1
IT Recruitment Stockholm,Employment,Employment agency specializing in legal profession recruitment and placement services.,387 Employment Street,Stockholm,Sweden,+46 758912606,contact@itrecruitmentst.com,https://www.it-recruitment-stock.com,True,False,True,1
Executive Search Sweden,Employment,Specialized staffing agency for construction and skilled trades professionals.,752 Uppsala Center,Uppsala,Sweden,+46 965765078,contact@executivesearch.com,https://www.executive-search-swe.com,True,False,True,1
Professional Staffing Vasteras,Employment,Executive search firm providing high-level recruitment solutions for multinational companies.,803 Main Street,Vasteras,Sweden,+46 972180520,contact@professionalsta.com,https://www.professional-staffin.com,True,False,True,1
JobConnect Sweden,Employment,Employment agency dedicated to healthcare staffing and medical professional placements.,372 Jobs Road,Gothenburg,Sweden,+46 817155253,contact@jobconnectswede.com,https://www.jobconnect-sweden.com,True,False,False,1
Construction Jobs Sweden,Employment,International employment services focusing on cross-border career opportunities within the EU.,766 Main Street,Malmo,Sweden,+46 703630701,contact@constructionjob.com,https://www.construction-jobs-sw.com,True,False,False,1
IT Recruitment Uppsala,Employment,International career services helping professionals find opportunities across Europe.,739 Executive Avenue,Uppsala,Sweden,+46 367978783,contact@itrecruitmentup.com,https://www.it-recruitment-uppsa.com,True,False,False,1
Vasteras Tech Talent,Employment,Professional staffing company focusing on engineering and technical recruitment.,652 Professional Street,Vasteras,Sweden,+46 559357911,contact@vasterastechtal.com,https://www.vasteras-tech-talent.com,True,False,True,1
WorldWork Uppsala,Employment,International recruitment agency for hospitality and tourism industry professionals.,26 Uppsala Park,Uppsala,Sweden,+46 216812249,contact@worldworkuppsal.com,https://www.worldwork-uppsala.com,True,False,False,1
JobConnect Sweden,Employment,International staffing company providing workforce solutions across European markets.,425 Central Avenue,Gothenburg,Sweden,+46 337697321,contact@jobconnectswede.com,https://www.jobconnect-sweden.com,True,False,True,1
Hospitality Staff Uppsala,Employment,Leading recruitment consultancy connecting talented professionals with top employers in the region.,782 Uppsala Park,Uppsala,Sweden,+46 964531372,contact@hospitalitystaf.com,https://www.hospitality-staff-up.com,True,False,True,1
