name,description,category_id,email,phone,website,address,city,country,postal_code,latitude,longitude,monday_hours,tuesday_hours,wednesday_hours,thursday_hours,friday_hours,saturday_hours,sunday_hours,is_active,is_public,is_featured,is_verified
Vienna IT Services,"Quality technology services in Vienna, Austria. Professional and reliable business serving the local community.",1,info@viennaitservices.com,+41-181-6821,https://www.viennaitservices.com,785 King Street,Vienna,Austria,54015,38.121408,12.399913,9:00-17:00,9:00-17:00,9:00-17:00,9:00-17:00,9:00-17:00,10:00-16:00,Closed,true,true,false,false
Innovation Varna,"Quality technology services in Varna, Bulgaria. Professional and reliable business serving the local community.",1,info@innovationvarna.com,+53-986-1765,https://www.innovationvarna.com,14 King Street,Varna,Bulgaria,71896,38.964588,6.671686,9:00-17:00,9:00-17:00,9:00-17:00,9:00-17:00,9:00-17:00,10:00-16:00,Closed,true,true,false,false
Digital Split,"Quality technology services in Split, Croatia. Professional and reliable business serving the local community.",1,info@digitalsplit.com,+70-145-1874,https://www.digitalsplit.com,224 Queen Street,Split,Croatia,60507,63.182904,3.308137,9:00-17:00,9:00-17:00,9:00-17:00,9:00-17:00,9:00-17:00,10:00-16:00,Closed,true,true,false,false
TechSolutions Paphos,"Quality technology services in Paphos, Cyprus. Professional and reliable business serving the local community.",1,info@techsolutionspaphos.com,+30-478-8435,https://www.techsolutionspaphos.com,92 Queen Street,Paphos,Cyprus,62518,60.653494,27.38139,9:00-17:00,9:00-17:00,9:00-17:00,9:00-17:00,9:00-17:00,10:00-16:00,Closed,true,true,false,false
Smart Brno,"Quality technology services in Brno, Czech Republic. Professional and reliable business serving the local community.",1,info@smartbrno.com,+96-813-8708,https://www.smartbrno.com,937 Main Street,Brno,Czech Republic,16116,67.574547,-2.776344,9:00-17:00,9:00-17:00,9:00-17:00,9:00-17:00,9:00-17:00,10:00-16:00,Closed,true,true,false,false
Digital Esbjerg,"Quality technology services in Esbjerg, Denmark. Professional and reliable business serving the local community.",1,info@digitalesbjerg.com,+38-740-4461,https://www.digitalesbjerg.com,76 King Street,Esbjerg,Denmark,66803,63.511181,-8.993258,9:00-17:00,9:00-17:00,9:00-17:00,9:00-17:00,9:00-17:00,10:00-16:00,Closed,true,true,false,true
Innovation Tallinn,"Quality technology services in Tallinn, Estonia. Professional and reliable business serving the local community.",1,info@innovationtallinn.com,+78-896-4148,https://www.innovationtallinn.com,626 Main Street,Tallinn,Estonia,85745,52.245028,-5.528654,9:00-17:00,9:00-17:00,9:00-17:00,9:00-17:00,9:00-17:00,10:00-16:00,Closed,true,true,false,false
Oulu IT Services,"Quality technology services in Oulu, Finland. Professional and reliable business serving the local community.",1,info@ouluitservices.com,+83-366-1565,https://www.ouluitservices.com,477 Main Street,Oulu,Finland,36865,58.977012,7.981743,9:00-17:00,9:00-17:00,9:00-17:00,9:00-17:00,9:00-17:00,10:00-16:00,Closed,true,true,false,true
Innovation Heraklion,"Quality technology services in Heraklion, Greece. Professional and reliable business serving the local community.",1,info@innovationheraklion.com,+64-198-4392,https://www.innovationheraklion.com,968 King Street,Heraklion,Greece,71932,41.049548,-1.082101,9:00-17:00,9:00-17:00,9:00-17:00,9:00-17:00,9:00-17:00,10:00-16:00,Closed,true,true,false,true
Innovation Budapest,"Quality technology services in Budapest, Hungary. Professional and reliable business serving the local community.",1,info@innovationbudapest.com,+68-610-6924,https://www.innovationbudapest.com,702 King Street,Budapest,Hungary,53773,38.048769,9.677096,9:00-17:00,9:00-17:00,9:00-17:00,9:00-17:00,9:00-17:00,10:00-16:00,Closed,true,true,false,true
Smart Cork,"Quality technology services in Cork, Ireland. Professional and reliable business serving the local community.",1,info@smartcork.com,+41-905-1138,https://www.smartcork.com,512 Queen Street,Cork,Ireland,21600,49.040495,5.623694,9:00-17:00,9:00-17:00,9:00-17:00,9:00-17:00,9:00-17:00,10:00-16:00,Closed,true,true,false,true
Innovation Turin,"Quality technology services in Turin, Italy. Professional and reliable business serving the local community.",1,info@innovationturin.com,+54-643-2710,https://www.innovationturin.com,774 Queen Street,Turin,Italy,87321,65.036514,4.443071,9:00-17:00,9:00-17:00,9:00-17:00,9:00-17:00,9:00-17:00,10:00-16:00,Closed,true,true,false,false
Digital Jūrmala,"Quality technology services in Jūrmala, Latvia. Professional and reliable business serving the local community.",1,info@digitaljūrmala.com,+96-321-4667,https://www.digitaljūrmala.com,429 Queen Street,Jūrmala,Latvia,29351,66.245156,9.513663,9:00-17:00,9:00-17:00,9:00-17:00,9:00-17:00,9:00-17:00,10:00-16:00,Closed,true,true,false,false
TechSolutions Klaipėda,"Quality technology services in Klaipėda, Lithuania. Professional and reliable business serving the local community.",1,info@techsolutionsklaipėda.com,+60-194-1627,https://www.techsolutionsklaipėda.com,748 Main Street,Klaipėda,Lithuania,73262,63.447836,3.585803,9:00-17:00,9:00-17:00,9:00-17:00,9:00-17:00,9:00-17:00,10:00-16:00,Closed,true,true,false,false
TechSolutions Luxembourg City,"Quality technology services in Luxembourg City, Luxembourg. Professional and reliable business serving the local community.",1,info@techsolutionsluxembourgcity.com,+99-231-2344,https://www.techsolutionsluxembourgcity.com,525 Main Street,Luxembourg City,Luxembourg,70048,52.007335,-8.853596,9:00-17:00,9:00-17:00,9:00-17:00,9:00-17:00,9:00-17:00,10:00-16:00,Closed,true,true,false,true
Innovation Qormi,"Quality technology services in Qormi, Malta. Professional and reliable business serving the local community.",1,info@innovationqormi.com,+87-255-5533,https://www.innovationqormi.com,668 Queen Street,Qormi,Malta,70778,66.775772,26.668981,9:00-17:00,9:00-17:00,9:00-17:00,9:00-17:00,9:00-17:00,10:00-16:00,Closed,true,true,false,false
Smart Wrocław,"Quality technology services in Wrocław, Poland. Professional and reliable business serving the local community.",1,info@smartwrocław.com,+54-252-7858,https://www.smartwrocław.com,772 High Street,Wrocław,Poland,64530,50.722662,17.766888,9:00-17:00,9:00-17:00,9:00-17:00,9:00-17:00,9:00-17:00,10:00-16:00,Closed,true,true,false,true
Digital Iași,"Quality technology services in Iași, Romania. Professional and reliable business serving the local community.",1,info@digitaliași.com,+86-109-4789,https://www.digitaliași.com,41 High Street,Iași,Romania,80398,55.726578,10.487588,9:00-17:00,9:00-17:00,9:00-17:00,9:00-17:00,9:00-17:00,10:00-16:00,Closed,true,true,false,false
Innovation Žilina,"Quality technology services in Žilina, Slovakia. Professional and reliable business serving the local community.",1,info@innovationžilina.com,+33-846-7719,https://www.innovationžilina.com,76 Queen Street,Žilina,Slovakia,35299,47.545519,8.04313,9:00-17:00,9:00-17:00,9:00-17:00,9:00-17:00,9:00-17:00,10:00-16:00,Closed,true,true,false,true
Innovation Ljubljana,"Quality technology services in Ljubljana, Slovenia. Professional and reliable business serving the local community.",1,info@innovationljubljana.com,+91-452-9007,https://www.innovationljubljana.com,631 Church Street,Ljubljana,Slovenia,59738,57.72248,29.292678,9:00-17:00,9:00-17:00,9:00-17:00,9:00-17:00,9:00-17:00,10:00-16:00,Closed,true,true,false,false
Smart Gothenburg,"Quality technology services in Gothenburg, Sweden. Professional and reliable business serving the local community.",1,info@smartgothenburg.com,+41-452-8863,https://www.smartgothenburg.com,374 High Street,Gothenburg,Sweden,63859,50.806059,3.860782,9:00-17:00,9:00-17:00,9:00-17:00,9:00-17:00,9:00-17:00,10:00-16:00,Closed,true,true,false,false
Linz Financial,"Quality accounting firms services in Linz, Austria. Professional and reliable business serving the local community.",43,info@linzfinancial.com,+78-793-7523,https://www.linzfinancial.com,16 High Street,Linz,Austria,91765,67.235476,13.864932,9:00-17:00,9:00-17:00,9:00-17:00,9:00-17:00,9:00-17:00,10:00-16:00,Closed,true,true,false,false
Tax Experts Sofia,"Quality accounting firms services in Sofia, Bulgaria. Professional and reliable business serving the local community.",43,info@taxexpertssofia.com,+82-985-6161,https://www.taxexpertssofia.com,34 Main Street,Sofia,Bulgaria,49983,51.364895,-2.421245,9:00-17:00,9:00-17:00,9:00-17:00,9:00-17:00,9:00-17:00,10:00-16:00,Closed,true,true,false,false
Zadar Financial,"Quality accounting firms services in Zadar, Croatia. Professional and reliable business serving the local community.",43,info@zadarfinancial.com,+76-124-3803,https://www.zadarfinancial.com,120 King Street,Zadar,Croatia,88212,59.635323,20.616317,9:00-17:00,9:00-17:00,9:00-17:00,9:00-17:00,9:00-17:00,10:00-16:00,Closed,true,true,false,true
Fiscal Larnaca,"Quality accounting firms services in Larnaca, Cyprus. Professional and reliable business serving the local community.",43,info@fiscallarnaca.com,+39-784-6977,https://www.fiscallarnaca.com,114 Main Street,Larnaca,Cyprus,89963,65.841424,-8.524845,9:00-17:00,9:00-17:00,9:00-17:00,9:00-17:00,9:00-17:00,10:00-16:00,Closed,true,true,false,true
Tax Experts Brno,"Quality accounting firms services in Brno, Czech Republic. Professional and reliable business serving the local community.",43,info@taxexpertsbrno.com,+90-652-6348,https://www.taxexpertsbrno.com,278 Main Street,Brno,Czech Republic,44324,46.94849,5.96456,9:00-17:00,9:00-17:00,9:00-17:00,9:00-17:00,9:00-17:00,10:00-16:00,Closed,true,true,false,true
Accounting Plus Aalborg,"Quality accounting firms services in Aalborg, Denmark. Professional and reliable business serving the local community.",43,info@accountingplusaalborg.com,+94-461-3723,https://www.accountingplusaalborg.com,652 High Street,Aalborg,Denmark,91522,62.484732,0.513202,9:00-17:00,9:00-17:00,9:00-17:00,9:00-17:00,9:00-17:00,10:00-16:00,Closed,true,true,false,false
Narva Accounting,"Quality accounting firms services in Narva, Estonia. Professional and reliable business serving the local community.",43,info@narvaaccounting.com,+75-916-1634,https://www.narvaaccounting.com,909 Church Street,Narva,Estonia,31686,62.94154,3.58317,9:00-17:00,9:00-17:00,9:00-17:00,9:00-17:00,9:00-17:00,10:00-16:00,Closed,true,true,false,true
Helsinki Financial,"Quality accounting firms services in Helsinki, Finland. Professional and reliable business serving the local community.",43,info@helsinkifinancial.com,+44-991-3797,https://www.helsinkifinancial.com,798 Queen Street,Helsinki,Finland,58866,57.891876,27.191074,9:00-17:00,9:00-17:00,9:00-17:00,9:00-17:00,9:00-17:00,10:00-16:00,Closed,true,true,false,true
Fiscal Heraklion,"Quality accounting firms services in Heraklion, Greece. Professional and reliable business serving the local community.",43,info@fiscalheraklion.com,+68-414-3201,https://www.fiscalheraklion.com,490 Main Street,Heraklion,Greece,80258,54.88149,4.88903,9:00-17:00,9:00-17:00,9:00-17:00,9:00-17:00,9:00-17:00,10:00-16:00,Closed,true,true,false,true
Fiscal Budapest,"Quality accounting firms services in Budapest, Hungary. Professional and reliable business serving the local community.",43,info@fiscalbudapest.com,+48-576-5812,https://www.fiscalbudapest.com,542 Church Street,Budapest,Hungary,96123,42.013003,23.862139,9:00-17:00,9:00-17:00,9:00-17:00,9:00-17:00,9:00-17:00,10:00-16:00,Closed,true,true,false,true
Waterford Financial,"Quality accounting firms services in Waterford, Ireland. Professional and reliable business serving the local community.",43,info@waterfordfinancial.com,+95-239-4147,https://www.waterfordfinancial.com,162 High Street,Waterford,Ireland,32050,38.711636,11.26918,9:00-17:00,9:00-17:00,9:00-17:00,9:00-17:00,9:00-17:00,10:00-16:00,Closed,true,true,false,true
Fiscal Milan,"Quality accounting firms services in Milan, Italy. Professional and reliable business serving the local community.",43,info@fiscalmilan.com,+75-576-1132,https://www.fiscalmilan.com,683 High Street,Milan,Italy,59916,40.194201,10.073677,9:00-17:00,9:00-17:00,9:00-17:00,9:00-17:00,9:00-17:00,10:00-16:00,Closed,true,true,false,false
Daugavpils Financial,"Quality accounting firms services in Daugavpils, Latvia. Professional and reliable business serving the local community.",43,info@daugavpilsfinancial.com,+68-453-4097,https://www.daugavpilsfinancial.com,167 Main Street,Daugavpils,Latvia,55625,67.399886,-1.058156,9:00-17:00,9:00-17:00,9:00-17:00,9:00-17:00,9:00-17:00,10:00-16:00,Closed,true,true,false,true
Accounting Plus Kaunas,"Quality accounting firms services in Kaunas, Lithuania. Professional and reliable business serving the local community.",43,info@accountingpluskaunas.com,+76-188-1448,https://www.accountingpluskaunas.com,104 Main Street,Kaunas,Lithuania,78619,42.099136,7.554784,9:00-17:00,9:00-17:00,9:00-17:00,9:00-17:00,9:00-17:00,10:00-16:00,Closed,true,true,false,false
Tax Experts Differdange,"Quality accounting firms services in Differdange, Luxembourg. Professional and reliable business serving the local community.",43,info@taxexpertsdifferdange.com,+81-583-3122,https://www.taxexpertsdifferdange.com,484 King Street,Differdange,Luxembourg,17204,49.296154,26.521358,9:00-17:00,9:00-17:00,9:00-17:00,9:00-17:00,9:00-17:00,10:00-16:00,Closed,true,true,false,true
St. Julian's Accounting,"Quality accounting firms services in St. Julian's, Malta. Professional and reliable business serving the local community.",43,info@st.julian'saccounting.com,+92-676-6106,https://www.st.julian'saccounting.com,448 Church Street,St. Julian's,Malta,89042,64.200528,16.601293,9:00-17:00,9:00-17:00,9:00-17:00,9:00-17:00,9:00-17:00,10:00-16:00,Closed,true,true,false,true
Accounting Plus Łódź,"Quality accounting firms services in Łódź, Poland. Professional and reliable business serving the local community.",43,info@accountingplusłódź.com,+43-261-4994,https://www.accountingplusłódź.com,594 Main Street,Łódź,Poland,83891,38.02643,-3.081351,9:00-17:00,9:00-17:00,9:00-17:00,9:00-17:00,9:00-17:00,10:00-16:00,Closed,true,true,false,false
Iași Financial,"Quality accounting firms services in Iași, Romania. Professional and reliable business serving the local community.",43,info@iașifinancial.com,+47-443-4344,https://www.iașifinancial.com,234 King Street,Iași,Romania,62174,56.795648,12.659817,9:00-17:00,9:00-17:00,9:00-17:00,9:00-17:00,9:00-17:00,10:00-16:00,Closed,true,true,false,true
Košice Financial,"Quality accounting firms services in Košice, Slovakia. Professional and reliable business serving the local community.",43,info@košicefinancial.com,+57-135-9346,https://www.košicefinancial.com,692 High Street,Košice,Slovakia,72677,37.849632,-7.218047,9:00-17:00,9:00-17:00,9:00-17:00,9:00-17:00,9:00-17:00,10:00-16:00,Closed,true,true,false,true
Velenje Accounting,"Quality accounting firms services in Velenje, Slovenia. Professional and reliable business serving the local community.",43,info@velenjeaccounting.com,+35-843-2183,https://www.velenjeaccounting.com,350 High Street,Velenje,Slovenia,79160,51.179976,8.816202,9:00-17:00,9:00-17:00,9:00-17:00,9:00-17:00,9:00-17:00,10:00-16:00,Closed,true,true,false,true
Tax Experts Uppsala,"Quality accounting firms services in Uppsala, Sweden. Professional and reliable business serving the local community.",43,info@taxexpertsuppsala.com,+32-365-6962,https://www.taxexpertsuppsala.com,161 High Street,Uppsala,Sweden,65116,35.018673,-0.474108,9:00-17:00,9:00-17:00,9:00-17:00,9:00-17:00,9:00-17:00,10:00-16:00,Closed,true,true,false,false
Gallery Graz,"Quality art galleries services in Graz, Austria. Professional and reliable business serving the local community.",23,info@gallerygraz.com,+68-979-3705,https://www.gallerygraz.com,736 High Street,Graz,Austria,23857,45.317406,20.875725,9:00-17:00,9:00-17:00,9:00-17:00,9:00-17:00,9:00-17:00,10:00-16:00,Closed,true,true,false,false
Art Space Plovdiv,"Quality art galleries services in Plovdiv, Bulgaria. Professional and reliable business serving the local community.",23,info@artspaceplovdiv.com,+59-283-9677,https://www.artspaceplovdiv.com,741 High Street,Plovdiv,Bulgaria,38185,43.159959,15.727092,9:00-17:00,9:00-17:00,9:00-17:00,9:00-17:00,9:00-17:00,10:00-16:00,Closed,true,true,false,false
Atelier Osijek,"Quality art galleries services in Osijek, Croatia. Professional and reliable business serving the local community.",23,info@atelierosijek.com,+91-748-7996,https://www.atelierosijek.com,25 High Street,Osijek,Croatia,54059,39.448381,16.109041,9:00-17:00,9:00-17:00,9:00-17:00,9:00-17:00,9:00-17:00,10:00-16:00,Closed,true,true,false,false
Gallery Paphos,"Quality art galleries services in Paphos, Cyprus. Professional and reliable business serving the local community.",23,info@gallerypaphos.com,+50-648-5433,https://www.gallerypaphos.com,498 King Street,Paphos,Cyprus,97583,63.563944,12.525835,9:00-17:00,9:00-17:00,9:00-17:00,9:00-17:00,9:00-17:00,10:00-16:00,Closed,true,true,false,false
Creative Plzen,"Quality art galleries services in Plzen, Czech Republic. Professional and reliable business serving the local community.",23,info@creativeplzen.com,+72-797-7110,https://www.creativeplzen.com,239 Main Street,Plzen,Czech Republic,66299,61.943887,-7.954975,9:00-17:00,9:00-17:00,9:00-17:00,9:00-17:00,9:00-17:00,10:00-16:00,Closed,true,true,false,false
Gallery Copenhagen,"Quality art galleries services in Copenhagen, Denmark. Professional and reliable business serving the local community.",23,info@gallerycopenhagen.com,+56-976-7698,https://www.gallerycopenhagen.com,667 High Street,Copenhagen,Denmark,42197,64.567121,-2.357916,9:00-17:00,9:00-17:00,9:00-17:00,9:00-17:00,9:00-17:00,10:00-16:00,Closed,true,true,false,false
Narva Arts,"Quality art galleries services in Narva, Estonia. Professional and reliable business serving the local community.",23,info@narvaarts.com,+93-990-2190,https://www.narvaarts.com,365 High Street,Narva,Estonia,17905,47.921045,14.04205,9:00-17:00,9:00-17:00,9:00-17:00,9:00-17:00,9:00-17:00,10:00-16:00,Closed,true,true,false,true
Creative Espoo,"Quality art galleries services in Espoo, Finland. Professional and reliable business serving the local community.",23,info@creativeespoo.com,+40-108-1231,https://www.creativeespoo.com,150 Main Street,Espoo,Finland,65739,63.840676,12.943799,9:00-17:00,9:00-17:00,9:00-17:00,9:00-17:00,9:00-17:00,10:00-16:00,Closed,true,true,false,false
Thessaloniki Arts,"Quality art galleries services in Thessaloniki, Greece. Professional and reliable business serving the local community.",23,info@thessalonikiarts.com,+86-213-8368,https://www.thessalonikiarts.com,597 King Street,Thessaloniki,Greece,35455,58.51458,14.966748,9:00-17:00,9:00-17:00,9:00-17:00,9:00-17:00,9:00-17:00,10:00-16:00,Closed,true,true,false,true
Szeged Arts,"Quality art galleries services in Szeged, Hungary. Professional and reliable business serving the local community.",23,info@szegedarts.com,+87-249-1815,https://www.szegedarts.com,888 King Street,Szeged,Hungary,18911,61.814885,6.443902,9:00-17:00,9:00-17:00,9:00-17:00,9:00-17:00,9:00-17:00,10:00-16:00,Closed,true,true,false,true
Gallery Cork,"Quality art galleries services in Cork, Ireland. Professional and reliable business serving the local community.",23,info@gallerycork.com,+85-539-4233,https://www.gallerycork.com,577 Church Street,Cork,Ireland,79130,59.043828,14.691687,9:00-17:00,9:00-17:00,9:00-17:00,9:00-17:00,9:00-17:00,10:00-16:00,Closed,true,true,false,true
Atelier Naples,"Quality art galleries services in Naples, Italy. Professional and reliable business serving the local community.",23,info@ateliernaples.com,+39-103-8063,https://www.ateliernaples.com,455 Queen Street,Naples,Italy,65778,65.981554,20.354983,9:00-17:00,9:00-17:00,9:00-17:00,9:00-17:00,9:00-17:00,10:00-16:00,Closed,true,true,false,true
Daugavpils Arts,"Quality art galleries services in Daugavpils, Latvia. Professional and reliable business serving the local community.",23,info@daugavpilsarts.com,+57-726-5998,https://www.daugavpilsarts.com,714 King Street,Daugavpils,Latvia,75757,35.242573,29.494244,9:00-17:00,9:00-17:00,9:00-17:00,9:00-17:00,9:00-17:00,10:00-16:00,Closed,true,true,false,true
Gallery Vilnius,"Quality art galleries services in Vilnius, Lithuania. Professional and reliable business serving the local community.",23,info@galleryvilnius.com,+86-995-3697,https://www.galleryvilnius.com,869 King Street,Vilnius,Lithuania,74310,38.22585,21.534458,9:00-17:00,9:00-17:00,9:00-17:00,9:00-17:00,9:00-17:00,10:00-16:00,Closed,true,true,false,false
Art Space Luxembourg City,"Quality art galleries services in Luxembourg City, Luxembourg. Professional and reliable business serving the local community.",23,info@artspaceluxembourgcity.com,+49-951-2749,https://www.artspaceluxembourgcity.com,954 Main Street,Luxembourg City,Luxembourg,72832,69.86756,-9.307291,9:00-17:00,9:00-17:00,9:00-17:00,9:00-17:00,9:00-17:00,10:00-16:00,Closed,true,true,false,false
Art Space Birkirkara,"Quality art galleries services in Birkirkara, Malta. Professional and reliable business serving the local community.",23,info@artspacebirkirkara.com,+67-973-8000,https://www.artspacebirkirkara.com,402 High Street,Birkirkara,Malta,61607,60.574026,14.632621,9:00-17:00,9:00-17:00,9:00-17:00,9:00-17:00,9:00-17:00,10:00-16:00,Closed,true,true,false,false
Atelier Wrocław,"Quality art galleries services in Wrocław, Poland. Professional and reliable business serving the local community.",23,info@atelierwrocław.com,+53-113-6989,https://www.atelierwrocław.com,529 Queen Street,Wrocław,Poland,81317,49.10018,10.765615,9:00-17:00,9:00-17:00,9:00-17:00,9:00-17:00,9:00-17:00,10:00-16:00,Closed,true,true,false,true
Creative Cluj-Napoca,"Quality art galleries services in Cluj-Napoca, Romania. Professional and reliable business serving the local community.",23,info@creativecluj-napoca.com,+98-947-1038,https://www.creativecluj-napoca.com,551 Queen Street,Cluj-Napoca,Romania,91023,53.696974,9.210441,9:00-17:00,9:00-17:00,9:00-17:00,9:00-17:00,9:00-17:00,10:00-16:00,Closed,true,true,false,true
Gallery Prešov,"Quality art galleries services in Prešov, Slovakia. Professional and reliable business serving the local community.",23,info@galleryprešov.com,+78-250-5232,https://www.galleryprešov.com,555 Queen Street,Prešov,Slovakia,87180,38.590491,2.132007,9:00-17:00,9:00-17:00,9:00-17:00,9:00-17:00,9:00-17:00,10:00-16:00,Closed,true,true,false,true
Gallery Ljubljana,"Quality art galleries services in Ljubljana, Slovenia. Professional and reliable business serving the local community.",23,info@galleryljubljana.com,+88-921-8896,https://www.galleryljubljana.com,622 Main Street,Ljubljana,Slovenia,80741,50.919448,9.830299,9:00-17:00,9:00-17:00,9:00-17:00,9:00-17:00,9:00-17:00,10:00-16:00,Closed,true,true,false,true
Creative Västerås,"Quality art galleries services in Västerås, Sweden. Professional and reliable business serving the local community.",23,info@creativevästerås.com,+48-727-6162,https://www.creativevästerås.com,413 King Street,Västerås,Sweden,48480,50.687191,15.159148,9:00-17:00,9:00-17:00,9:00-17:00,9:00-17:00,9:00-17:00,10:00-16:00,Closed,true,true,false,false
Graz Kitchen,"Quality asian restaurants services in Graz, Austria. Professional and reliable business serving the local community.",30,info@grazkitchen.com,+30-102-4410,https://www.grazkitchen.com,620 King Street,Graz,Austria,88901,51.227532,26.170125,9:00-17:00,9:00-17:00,9:00-17:00,9:00-17:00,9:00-17:00,10:00-16:00,Closed,true,true,false,true
Orient Ruse,"Quality asian restaurants services in Ruse, Bulgaria. Professional and reliable business serving the local community.",30,info@orientruse.com,+96-285-5412,https://www.orientruse.com,840 High Street,Ruse,Bulgaria,53657,44.015422,2.709143,9:00-17:00,9:00-17:00,9:00-17:00,9:00-17:00,9:00-17:00,10:00-16:00,Closed,true,true,false,true
Orient Zadar,"Quality asian restaurants services in Zadar, Croatia. Professional and reliable business serving the local community.",30,info@orientzadar.com,+79-932-2818,https://www.orientzadar.com,570 High Street,Zadar,Croatia,78582,47.279079,-5.869914,9:00-17:00,9:00-17:00,9:00-17:00,9:00-17:00,9:00-17:00,10:00-16:00,Closed,true,true,false,true
Asian Fusion Larnaca,"Quality asian restaurants services in Larnaca, Cyprus. Professional and reliable business serving the local community.",30,info@asianfusionlarnaca.com,+51-217-6725,https://www.asianfusionlarnaca.com,334 King Street,Larnaca,Cyprus,59051,46.133366,6.733723,9:00-17:00,9:00-17:00,9:00-17:00,9:00-17:00,9:00-17:00,10:00-16:00,Closed,true,true,false,false
Bamboo Brno,"Quality asian restaurants services in Brno, Czech Republic. Professional and reliable business serving the local community.",30,info@bamboobrno.com,+51-367-7846,https://www.bamboobrno.com,536 Main Street,Brno,Czech Republic,18608,36.784505,29.863954,9:00-17:00,9:00-17:00,9:00-17:00,9:00-17:00,9:00-17:00,10:00-16:00,Closed,true,true,false,false
Asian Fusion Aalborg,"Quality asian restaurants services in Aalborg, Denmark. Professional and reliable business serving the local community.",30,info@asianfusionaalborg.com,+42-235-8430,https://www.asianfusionaalborg.com,779 Church Street,Aalborg,Denmark,81255,35.093382,16.532931,9:00-17:00,9:00-17:00,9:00-17:00,9:00-17:00,9:00-17:00,10:00-16:00,Closed,true,true,false,false
Bamboo Kohtla-Järve,"Quality asian restaurants services in Kohtla-Järve, Estonia. Professional and reliable business serving the local community.",30,info@bambookohtla-järve.com,+67-399-6033,https://www.bambookohtla-järve.com,815 Main Street,Kohtla-Järve,Estonia,30807,60.780174,20.749378,9:00-17:00,9:00-17:00,9:00-17:00,9:00-17:00,9:00-17:00,10:00-16:00,Closed,true,true,false,true
Asian Fusion Tampere,"Quality asian restaurants services in Tampere, Finland. Professional and reliable business serving the local community.",30,info@asianfusiontampere.com,+37-591-7230,https://www.asianfusiontampere.com,466 Queen Street,Tampere,Finland,32621,54.308207,25.410857,9:00-17:00,9:00-17:00,9:00-17:00,9:00-17:00,9:00-17:00,10:00-16:00,Closed,true,true,false,true
Bamboo Heraklion,"Quality asian restaurants services in Heraklion, Greece. Professional and reliable business serving the local community.",30,info@bambooheraklion.com,+40-720-2575,https://www.bambooheraklion.com,791 Main Street,Heraklion,Greece,64970,52.013328,20.270955,9:00-17:00,9:00-17:00,9:00-17:00,9:00-17:00,9:00-17:00,10:00-16:00,Closed,true,true,false,true
Bamboo Miskolc,"Quality asian restaurants services in Miskolc, Hungary. Professional and reliable business serving the local community.",30,info@bamboomiskolc.com,+61-647-2915,https://www.bamboomiskolc.com,118 Queen Street,Miskolc,Hungary,70823,35.762339,23.466724,9:00-17:00,9:00-17:00,9:00-17:00,9:00-17:00,9:00-17:00,10:00-16:00,Closed,true,true,false,true
Limerick Kitchen,"Quality asian restaurants services in Limerick, Ireland. Professional and reliable business serving the local community.",30,info@limerickkitchen.com,+79-206-7392,https://www.limerickkitchen.com,934 Queen Street,Limerick,Ireland,96880,46.663028,6.225039,9:00-17:00,9:00-17:00,9:00-17:00,9:00-17:00,9:00-17:00,10:00-16:00,Closed,true,true,false,false
Dragon Milan,"Quality asian restaurants services in Milan, Italy. Professional and reliable business serving the local community.",30,info@dragonmilan.com,+58-110-2907,https://www.dragonmilan.com,227 High Street,Milan,Italy,77215,63.417416,27.422963,9:00-17:00,9:00-17:00,9:00-17:00,9:00-17:00,9:00-17:00,10:00-16:00,Closed,true,true,false,false
Dragon Jūrmala,"Quality asian restaurants services in Jūrmala, Latvia. Professional and reliable business serving the local community.",30,info@dragonjūrmala.com,+73-864-6234,https://www.dragonjūrmala.com,586 Church Street,Jūrmala,Latvia,47891,38.99669,-6.96211,9:00-17:00,9:00-17:00,9:00-17:00,9:00-17:00,9:00-17:00,10:00-16:00,Closed,true,true,false,false
Orient Panevėžys,"Quality asian restaurants services in Panevėžys, Lithuania. Professional and reliable business serving the local community.",30,info@orientpanevėžys.com,+45-295-8777,https://www.orientpanevėžys.com,222 High Street,Panevėžys,Lithuania,83297,67.258532,15.952238,9:00-17:00,9:00-17:00,9:00-17:00,9:00-17:00,9:00-17:00,10:00-16:00,Closed,true,true,false,false
Bamboo Differdange,"Quality asian restaurants services in Differdange, Luxembourg. Professional and reliable business serving the local community.",30,info@bamboodifferdange.com,+83-310-6413,https://www.bamboodifferdange.com,463 Main Street,Differdange,Luxembourg,48862,61.023989,-8.587631,9:00-17:00,9:00-17:00,9:00-17:00,9:00-17:00,9:00-17:00,10:00-16:00,Closed,true,true,false,true
Bamboo Valletta,"Quality asian restaurants services in Valletta, Malta. Professional and reliable business serving the local community.",30,info@bamboovalletta.com,+74-174-9135,https://www.bamboovalletta.com,472 Church Street,Valletta,Malta,67518,53.395756,4.957639,9:00-17:00,9:00-17:00,9:00-17:00,9:00-17:00,9:00-17:00,10:00-16:00,Closed,true,true,false,false
Poznań Kitchen,"Quality asian restaurants services in Poznań, Poland. Professional and reliable business serving the local community.",30,info@poznańkitchen.com,+99-952-5086,https://www.poznańkitchen.com,636 King Street,Poznań,Poland,92261,54.030361,-5.672553,9:00-17:00,9:00-17:00,9:00-17:00,9:00-17:00,9:00-17:00,10:00-16:00,Closed,true,true,false,false
Asian Fusion Constanța,"Quality asian restaurants services in Constanța, Romania. Professional and reliable business serving the local community.",30,info@asianfusionconstanța.com,+96-204-3786,https://www.asianfusionconstanța.com,555 High Street,Constanța,Romania,18849,56.884316,23.597792,9:00-17:00,9:00-17:00,9:00-17:00,9:00-17:00,9:00-17:00,10:00-16:00,Closed,true,true,false,false
Bamboo Prešov,"Quality asian restaurants services in Prešov, Slovakia. Professional and reliable business serving the local community.",30,info@bambooprešov.com,+55-806-5986,https://www.bambooprešov.com,601 Church Street,Prešov,Slovakia,70092,59.28592,0.837301,9:00-17:00,9:00-17:00,9:00-17:00,9:00-17:00,9:00-17:00,10:00-16:00,Closed,true,true,false,true
Bamboo Kranj,"Quality asian restaurants services in Kranj, Slovenia. Professional and reliable business serving the local community.",30,info@bambookranj.com,+86-892-1388,https://www.bambookranj.com,105 Main Street,Kranj,Slovenia,49230,45.429707,8.919952,9:00-17:00,9:00-17:00,9:00-17:00,9:00-17:00,9:00-17:00,10:00-16:00,Closed,true,true,false,true
Västerås Kitchen,"Quality asian restaurants services in Västerås, Sweden. Professional and reliable business serving the local community.",30,info@västeråskitchen.com,+55-483-4414,https://www.västeråskitchen.com,36 High Street,Västerås,Sweden,43898,59.874228,26.016051,9:00-17:00,9:00-17:00,9:00-17:00,9:00-17:00,9:00-17:00,10:00-16:00,Closed,true,true,false,true
Repair Innsbruck,"Quality auto repair services in Innsbruck, Austria. Professional and reliable business serving the local community.",10,info@repairinnsbruck.com,+75-852-1495,https://www.repairinnsbruck.com,411 Queen Street,Innsbruck,Austria,56788,69.673349,3.886797,9:00-17:00,9:00-17:00,9:00-17:00,9:00-17:00,9:00-17:00,10:00-16:00,Closed,true,true,false,true
Garage Plovdiv,"Quality auto repair services in Plovdiv, Bulgaria. Professional and reliable business serving the local community.",10,info@garageplovdiv.com,+77-707-8545,https://www.garageplovdiv.com,3 King Street,Plovdiv,Bulgaria,48311,64.317925,20.060082,9:00-17:00,9:00-17:00,9:00-17:00,9:00-17:00,9:00-17:00,10:00-16:00,Closed,true,true,false,true
Repair Zagreb,"Quality auto repair services in Zagreb, Croatia. Professional and reliable business serving the local community.",10,info@repairzagreb.com,+95-174-2431,https://www.repairzagreb.com,813 King Street,Zagreb,Croatia,61385,44.285534,1.731839,9:00-17:00,9:00-17:00,9:00-17:00,9:00-17:00,9:00-17:00,10:00-16:00,Closed,true,true,false,false
Repair Larnaca,"Quality auto repair services in Larnaca, Cyprus. Professional and reliable business serving the local community.",10,info@repairlarnaca.com,+63-654-6374,https://www.repairlarnaca.com,670 Church Street,Larnaca,Cyprus,25835,61.516591,-6.192445,9:00-17:00,9:00-17:00,9:00-17:00,9:00-17:00,9:00-17:00,10:00-16:00,Closed,true,true,false,true
Garage Liberec,"Quality auto repair services in Liberec, Czech Republic. Professional and reliable business serving the local community.",10,info@garageliberec.com,+65-772-3628,https://www.garageliberec.com,930 King Street,Liberec,Czech Republic,39265,43.059114,-8.445187,9:00-17:00,9:00-17:00,9:00-17:00,9:00-17:00,9:00-17:00,10:00-16:00,Closed,true,true,false,true
Garage Esbjerg,"Quality auto repair services in Esbjerg, Denmark. Professional and reliable business serving the local community.",10,info@garageesbjerg.com,+70-477-9076,https://www.garageesbjerg.com,504 Queen Street,Esbjerg,Denmark,33057,65.751679,1.345407,9:00-17:00,9:00-17:00,9:00-17:00,9:00-17:00,9:00-17:00,10:00-16:00,Closed,true,true,false,true
CarCare Pärnu,"Quality auto repair services in Pärnu, Estonia. Professional and reliable business serving the local community.",10,info@carcarepärnu.com,+98-246-7166,https://www.carcarepärnu.com,962 Church Street,Pärnu,Estonia,24221,40.783072,19.720977,9:00-17:00,9:00-17:00,9:00-17:00,9:00-17:00,9:00-17:00,10:00-16:00,Closed,true,true,false,false
CarCare Tampere,"Quality auto repair services in Tampere, Finland. Professional and reliable business serving the local community.",10,info@carcaretampere.com,+84-232-8551,https://www.carcaretampere.com,800 King Street,Tampere,Finland,44388,48.042915,17.622195,9:00-17:00,9:00-17:00,9:00-17:00,9:00-17:00,9:00-17:00,10:00-16:00,Closed,true,true,false,true
Garage Heraklion,"Quality auto repair services in Heraklion, Greece. Professional and reliable business serving the local community.",10,info@garageheraklion.com,+91-408-4031,https://www.garageheraklion.com,231 Queen Street,Heraklion,Greece,44064,58.974417,23.621017,9:00-17:00,9:00-17:00,9:00-17:00,9:00-17:00,9:00-17:00,10:00-16:00,Closed,true,true,false,true
Szeged Motors,"Quality auto repair services in Szeged, Hungary. Professional and reliable business serving the local community.",10,info@szegedmotors.com,+42-994-2632,https://www.szegedmotors.com,577 Church Street,Szeged,Hungary,28035,56.77809,27.11461,9:00-17:00,9:00-17:00,9:00-17:00,9:00-17:00,9:00-17:00,10:00-16:00,Closed,true,true,false,false
CarCare Waterford,"Quality auto repair services in Waterford, Ireland. Professional and reliable business serving the local community.",10,info@carcarewaterford.com,+42-177-4623,https://www.carcarewaterford.com,74 Church Street,Waterford,Ireland,53204,43.81643,16.65762,9:00-17:00,9:00-17:00,9:00-17:00,9:00-17:00,9:00-17:00,10:00-16:00,Closed,true,true,false,false
Repair Milan,"Quality auto repair services in Milan, Italy. Professional and reliable business serving the local community.",10,info@repairmilan.com,+93-710-2201,https://www.repairmilan.com,376 Main Street,Milan,Italy,29459,56.713541,21.518399,9:00-17:00,9:00-17:00,9:00-17:00,9:00-17:00,9:00-17:00,10:00-16:00,Closed,true,true,false,true
CarCare Liepāja,"Quality auto repair services in Liepāja, Latvia. Professional and reliable business serving the local community.",10,info@carcareliepāja.com,+83-335-9472,https://www.carcareliepāja.com,877 Queen Street,Liepāja,Latvia,96418,49.801686,-0.746211,9:00-17:00,9:00-17:00,9:00-17:00,9:00-17:00,9:00-17:00,10:00-16:00,Closed,true,true,false,false
CarCare Klaipėda,"Quality auto repair services in Klaipėda, Lithuania. Professional and reliable business serving the local community.",10,info@carcareklaipėda.com,+75-413-3310,https://www.carcareklaipėda.com,965 King Street,Klaipėda,Lithuania,64888,56.683786,18.015558,9:00-17:00,9:00-17:00,9:00-17:00,9:00-17:00,9:00-17:00,10:00-16:00,Closed,true,true,false,true
CarCare Dudelange,"Quality auto repair services in Dudelange, Luxembourg. Professional and reliable business serving the local community.",10,info@carcaredudelange.com,+94-613-5180,https://www.carcaredudelange.com,161 Church Street,Dudelange,Luxembourg,20767,37.965097,-9.697854,9:00-17:00,9:00-17:00,9:00-17:00,9:00-17:00,9:00-17:00,10:00-16:00,Closed,true,true,false,true
CarCare Sliema,"Quality auto repair services in Sliema, Malta. Professional and reliable business serving the local community.",10,info@carcaresliema.com,+86-872-2756,https://www.carcaresliema.com,351 Queen Street,Sliema,Malta,94743,37.688484,-3.052426,9:00-17:00,9:00-17:00,9:00-17:00,9:00-17:00,9:00-17:00,10:00-16:00,Closed,true,true,false,true
Wrocław Motors,"Quality auto repair services in Wrocław, Poland. Professional and reliable business serving the local community.",10,info@wrocławmotors.com,+70-516-2912,https://www.wrocławmotors.com,177 High Street,Wrocław,Poland,71543,45.869427,15.653833,9:00-17:00,9:00-17:00,9:00-17:00,9:00-17:00,9:00-17:00,10:00-16:00,Closed,true,true,false,true
AutoFix Iași,"Quality auto repair services in Iași, Romania. Professional and reliable business serving the local community.",10,info@autofixiași.com,+52-824-2180,https://www.autofixiași.com,27 King Street,Iași,Romania,85025,41.483291,1.148657,9:00-17:00,9:00-17:00,9:00-17:00,9:00-17:00,9:00-17:00,10:00-16:00,Closed,true,true,false,false
Repair Banská Bystrica,"Quality auto repair services in Banská Bystrica, Slovakia. Professional and reliable business serving the local community.",10,info@repairbanskábystrica.com,+92-343-9659,https://www.repairbanskábystrica.com,932 King Street,Banská Bystrica,Slovakia,59869,67.295936,-4.783465,9:00-17:00,9:00-17:00,9:00-17:00,9:00-17:00,9:00-17:00,10:00-16:00,Closed,true,true,false,true
Koper Motors,"Quality auto repair services in Koper, Slovenia. Professional and reliable business serving the local community.",10,info@kopermotors.com,+82-810-9948,https://www.kopermotors.com,127 Queen Street,Koper,Slovenia,76830,69.313257,26.34109,9:00-17:00,9:00-17:00,9:00-17:00,9:00-17:00,9:00-17:00,10:00-16:00,Closed,true,true,false,false
CarCare Uppsala,"Quality auto repair services in Uppsala, Sweden. Professional and reliable business serving the local community.",10,info@carcareuppsala.com,+86-357-4443,https://www.carcareuppsala.com,419 King Street,Uppsala,Sweden,47762,59.618789,7.112377,9:00-17:00,9:00-17:00,9:00-17:00,9:00-17:00,9:00-17:00,10:00-16:00,Closed,true,true,false,false
Linz Cars,"Quality automotive services in Linz, Austria. Professional and reliable business serving the local community.",33,info@linzcars.com,+65-796-7973,https://www.linzcars.com,434 High Street,Linz,Austria,83558,48.910714,-8.315023,9:00-17:00,9:00-17:00,9:00-17:00,9:00-17:00,9:00-17:00,10:00-16:00,Closed,true,true,false,false
Auto Sofia,"Quality automotive services in Sofia, Bulgaria. Professional and reliable business serving the local community.",33,info@autosofia.com,+85-346-2501,https://www.autosofia.com,524 Church Street,Sofia,Bulgaria,83755,56.686004,1.386069,9:00-17:00,9:00-17:00,9:00-17:00,9:00-17:00,9:00-17:00,10:00-16:00,Closed,true,true,false,true
Auto Osijek,"Quality automotive services in Osijek, Croatia. Professional and reliable business serving the local community.",33,info@autoosijek.com,+83-430-5400,https://www.autoosijek.com,398 Church Street,Osijek,Croatia,13676,64.985237,-8.269799,9:00-17:00,9:00-17:00,9:00-17:00,9:00-17:00,9:00-17:00,10:00-16:00,Closed,true,true,false,false
Vehicle Famagusta,"Quality automotive services in Famagusta, Cyprus. Professional and reliable business serving the local community.",33,info@vehiclefamagusta.com,+39-676-2833,https://www.vehiclefamagusta.com,780 High Street,Famagusta,Cyprus,75695,65.963623,18.367098,9:00-17:00,9:00-17:00,9:00-17:00,9:00-17:00,9:00-17:00,10:00-16:00,Closed,true,true,false,false
Auto Brno,"Quality automotive services in Brno, Czech Republic. Professional and reliable business serving the local community.",33,info@autobrno.com,+60-511-3029,https://www.autobrno.com,819 Church Street,Brno,Czech Republic,17460,47.835945,17.4565,9:00-17:00,9:00-17:00,9:00-17:00,9:00-17:00,9:00-17:00,10:00-16:00,Closed,true,true,false,false
Aarhus Cars,"Quality automotive services in Aarhus, Denmark. Professional and reliable business serving the local community.",33,info@aarhuscars.com,+50-558-3350,https://www.aarhuscars.com,130 Main Street,Aarhus,Denmark,25164,63.016108,-1.725107,9:00-17:00,9:00-17:00,9:00-17:00,9:00-17:00,9:00-17:00,10:00-16:00,Closed,true,true,false,true
Vehicle Tallinn,"Quality automotive services in Tallinn, Estonia. Professional and reliable business serving the local community.",33,info@vehicletallinn.com,+77-627-9041,https://www.vehicletallinn.com,66 King Street,Tallinn,Estonia,57704,67.66952,9.078298,9:00-17:00,9:00-17:00,9:00-17:00,9:00-17:00,9:00-17:00,10:00-16:00,Closed,true,true,false,true
Tampere Cars,"Quality automotive services in Tampere, Finland. Professional and reliable business serving the local community.",33,info@tamperecars.com,+43-864-5798,https://www.tamperecars.com,967 Main Street,Tampere,Finland,17666,35.112606,17.395247,9:00-17:00,9:00-17:00,9:00-17:00,9:00-17:00,9:00-17:00,10:00-16:00,Closed,true,true,false,true
Motors Athens,"Quality automotive services in Athens, Greece. Professional and reliable business serving the local community.",33,info@motorsathens.com,+67-639-1818,https://www.motorsathens.com,181 Queen Street,Athens,Greece,58402,52.578185,4.567351,9:00-17:00,9:00-17:00,9:00-17:00,9:00-17:00,9:00-17:00,10:00-16:00,Closed,true,true,false,true
Motors Szeged,"Quality automotive services in Szeged, Hungary. Professional and reliable business serving the local community.",33,info@motorsszeged.com,+46-379-8640,https://www.motorsszeged.com,308 High Street,Szeged,Hungary,56902,56.790511,-6.153086,9:00-17:00,9:00-17:00,9:00-17:00,9:00-17:00,9:00-17:00,10:00-16:00,Closed,true,true,false,true
Vehicle Galway,"Quality automotive services in Galway, Ireland. Professional and reliable business serving the local community.",33,info@vehiclegalway.com,+33-820-5843,https://www.vehiclegalway.com,662 Church Street,Galway,Ireland,40013,42.79368,-6.741822,9:00-17:00,9:00-17:00,9:00-17:00,9:00-17:00,9:00-17:00,10:00-16:00,Closed,true,true,false,false
Motors Milan,"Quality automotive services in Milan, Italy. Professional and reliable business serving the local community.",33,info@motorsmilan.com,+49-721-4623,https://www.motorsmilan.com,763 High Street,Milan,Italy,53983,65.055324,25.759446,9:00-17:00,9:00-17:00,9:00-17:00,9:00-17:00,9:00-17:00,10:00-16:00,Closed,true,true,false,true
Liepāja Cars,"Quality automotive services in Liepāja, Latvia. Professional and reliable business serving the local community.",33,info@liepājacars.com,+31-785-4408,https://www.liepājacars.com,216 Main Street,Liepāja,Latvia,22372,55.616412,22.057494,9:00-17:00,9:00-17:00,9:00-17:00,9:00-17:00,9:00-17:00,10:00-16:00,Closed,true,true,false,true
Motors Šiauliai,"Quality automotive services in Šiauliai, Lithuania. Professional and reliable business serving the local community.",33,info@motorsšiauliai.com,+58-812-1546,https://www.motorsšiauliai.com,122 Main Street,Šiauliai,Lithuania,84775,53.130656,-2.75164,9:00-17:00,9:00-17:00,9:00-17:00,9:00-17:00,9:00-17:00,10:00-16:00,Closed,true,true,false,true
Auto Differdange,"Quality automotive services in Differdange, Luxembourg. Professional and reliable business serving the local community.",33,info@autodifferdange.com,+32-446-3225,https://www.autodifferdange.com,128 King Street,Differdange,Luxembourg,49495,62.20202,27.800005,9:00-17:00,9:00-17:00,9:00-17:00,9:00-17:00,9:00-17:00,10:00-16:00,Closed,true,true,false,true
Drive Sliema,"Quality automotive services in Sliema, Malta. Professional and reliable business serving the local community.",33,info@drivesliema.com,+99-450-7923,https://www.drivesliema.com,679 Main Street,Sliema,Malta,72777,51.811098,0.540053,9:00-17:00,9:00-17:00,9:00-17:00,9:00-17:00,9:00-17:00,10:00-16:00,Closed,true,true,false,false
Vehicle Łódź,"Quality automotive services in Łódź, Poland. Professional and reliable business serving the local community.",33,info@vehiclełódź.com,+86-693-2239,https://www.vehiclełódź.com,127 High Street,Łódź,Poland,78463,66.321265,4.787875,9:00-17:00,9:00-17:00,9:00-17:00,9:00-17:00,9:00-17:00,10:00-16:00,Closed,true,true,false,true
Motors Iași,"Quality automotive services in Iași, Romania. Professional and reliable business serving the local community.",33,info@motorsiași.com,+66-345-8335,https://www.motorsiași.com,229 Queen Street,Iași,Romania,42687,55.49703,18.920254,9:00-17:00,9:00-17:00,9:00-17:00,9:00-17:00,9:00-17:00,10:00-16:00,Closed,true,true,false,true
Auto Bratislava,"Quality automotive services in Bratislava, Slovakia. Professional and reliable business serving the local community.",33,info@autobratislava.com,+83-103-4038,https://www.autobratislava.com,786 High Street,Bratislava,Slovakia,30774,65.236708,13.002875,9:00-17:00,9:00-17:00,9:00-17:00,9:00-17:00,9:00-17:00,10:00-16:00,Closed,true,true,false,false
Auto Koper,"Quality automotive services in Koper, Slovenia. Professional and reliable business serving the local community.",33,info@autokoper.com,+98-833-1813,https://www.autokoper.com,207 Main Street,Koper,Slovenia,69993,46.716537,22.844009,9:00-17:00,9:00-17:00,9:00-17:00,9:00-17:00,9:00-17:00,10:00-16:00,Closed,true,true,false,false
Uppsala Cars,"Quality automotive services in Uppsala, Sweden. Professional and reliable business serving the local community.",33,info@uppsalacars.com,+35-710-6071,https://www.uppsalacars.com,161 Queen Street,Uppsala,Sweden,65950,66.08105,0.545244,9:00-17:00,9:00-17:00,9:00-17:00,9:00-17:00,9:00-17:00,10:00-16:00,Closed,true,true,false,false
Graz Financial,"Quality bank services in Graz, Austria. Professional and reliable business serving the local community.",36,info@grazfinancial.com,+65-610-7182,https://www.grazfinancial.com,440 King Street,Graz,Austria,86573,38.820668,12.48168,9:00-17:00,9:00-17:00,9:00-17:00,9:00-17:00,9:00-17:00,10:00-16:00,Closed,true,true,false,false
Bank Ruse,"Quality bank services in Ruse, Bulgaria. Professional and reliable business serving the local community.",36,info@bankruse.com,+49-671-6514,https://www.bankruse.com,84 King Street,Ruse,Bulgaria,43890,48.331786,1.483664,9:00-17:00,9:00-17:00,9:00-17:00,9:00-17:00,9:00-17:00,10:00-16:00,Closed,true,true,false,true
Finance Osijek,"Quality bank services in Osijek, Croatia. Professional and reliable business serving the local community.",36,info@financeosijek.com,+80-621-4081,https://www.financeosijek.com,395 King Street,Osijek,Croatia,33074,68.536801,10.112044,9:00-17:00,9:00-17:00,9:00-17:00,9:00-17:00,9:00-17:00,10:00-16:00,Closed,true,true,false,true
Credit Limassol,"Quality bank services in Limassol, Cyprus. Professional and reliable business serving the local community.",36,info@creditlimassol.com,+75-738-1297,https://www.creditlimassol.com,613 Queen Street,Limassol,Cyprus,96287,69.417641,3.449241,9:00-17:00,9:00-17:00,9:00-17:00,9:00-17:00,9:00-17:00,10:00-16:00,Closed,true,true,false,true
Credit Plzen,"Quality bank services in Plzen, Czech Republic. Professional and reliable business serving the local community.",36,info@creditplzen.com,+52-551-7517,https://www.creditplzen.com,422 High Street,Plzen,Czech Republic,11515,59.705364,3.946647,9:00-17:00,9:00-17:00,9:00-17:00,9:00-17:00,9:00-17:00,10:00-16:00,Closed,true,true,false,false
Credit Odense,"Quality bank services in Odense, Denmark. Professional and reliable business serving the local community.",36,info@creditodense.com,+58-537-5737,https://www.creditodense.com,201 King Street,Odense,Denmark,20011,48.798217,29.281504,9:00-17:00,9:00-17:00,9:00-17:00,9:00-17:00,9:00-17:00,10:00-16:00,Closed,true,true,false,true
Capital Narva,"Quality bank services in Narva, Estonia. Professional and reliable business serving the local community.",36,info@capitalnarva.com,+55-512-6965,https://www.capitalnarva.com,753 King Street,Narva,Estonia,12380,39.103457,3.651429,9:00-17:00,9:00-17:00,9:00-17:00,9:00-17:00,9:00-17:00,10:00-16:00,Closed,true,true,false,true
Capital Tampere,"Quality bank services in Tampere, Finland. Professional and reliable business serving the local community.",36,info@capitaltampere.com,+31-197-6750,https://www.capitaltampere.com,379 King Street,Tampere,Finland,15194,60.78576,-3.714644,9:00-17:00,9:00-17:00,9:00-17:00,9:00-17:00,9:00-17:00,10:00-16:00,Closed,true,true,false,false
Capital Larissa,"Quality bank services in Larissa, Greece. Professional and reliable business serving the local community.",36,info@capitallarissa.com,+59-172-5837,https://www.capitallarissa.com,173 King Street,Larissa,Greece,15326,47.051326,21.379571,9:00-17:00,9:00-17:00,9:00-17:00,9:00-17:00,9:00-17:00,10:00-16:00,Closed,true,true,false,true
Bank Miskolc,"Quality bank services in Miskolc, Hungary. Professional and reliable business serving the local community.",36,info@bankmiskolc.com,+46-147-6526,https://www.bankmiskolc.com,377 High Street,Miskolc,Hungary,15362,62.108721,6.621578,9:00-17:00,9:00-17:00,9:00-17:00,9:00-17:00,9:00-17:00,10:00-16:00,Closed,true,true,false,true
Bank Cork,"Quality bank services in Cork, Ireland. Professional and reliable business serving the local community.",36,info@bankcork.com,+57-659-1028,https://www.bankcork.com,543 Main Street,Cork,Ireland,74166,51.000767,-9.873131,9:00-17:00,9:00-17:00,9:00-17:00,9:00-17:00,9:00-17:00,10:00-16:00,Closed,true,true,false,true
Turin Financial,"Quality bank services in Turin, Italy. Professional and reliable business serving the local community.",36,info@turinfinancial.com,+67-385-4773,https://www.turinfinancial.com,837 Queen Street,Turin,Italy,97656,50.109709,29.126823,9:00-17:00,9:00-17:00,9:00-17:00,9:00-17:00,9:00-17:00,10:00-16:00,Closed,true,true,false,false
Capital Daugavpils,"Quality bank services in Daugavpils, Latvia. Professional and reliable business serving the local community.",36,info@capitaldaugavpils.com,+36-655-1269,https://www.capitaldaugavpils.com,486 High Street,Daugavpils,Latvia,81132,48.307249,-1.054059,9:00-17:00,9:00-17:00,9:00-17:00,9:00-17:00,9:00-17:00,10:00-16:00,Closed,true,true,false,true
Capital Kaunas,"Quality bank services in Kaunas, Lithuania. Professional and reliable business serving the local community.",36,info@capitalkaunas.com,+85-180-1026,https://www.capitalkaunas.com,838 Queen Street,Kaunas,Lithuania,63550,35.460634,-0.608844,9:00-17:00,9:00-17:00,9:00-17:00,9:00-17:00,9:00-17:00,10:00-16:00,Closed,true,true,false,false
Dudelange Financial,"Quality bank services in Dudelange, Luxembourg. Professional and reliable business serving the local community.",36,info@dudelangefinancial.com,+64-124-1836,https://www.dudelangefinancial.com,561 King Street,Dudelange,Luxembourg,23448,41.565856,2.376478,9:00-17:00,9:00-17:00,9:00-17:00,9:00-17:00,9:00-17:00,10:00-16:00,Closed,true,true,false,false
Capital Birkirkara,"Quality bank services in Birkirkara, Malta. Professional and reliable business serving the local community.",36,info@capitalbirkirkara.com,+78-619-2645,https://www.capitalbirkirkara.com,490 Queen Street,Birkirkara,Malta,25507,49.53632,26.448803,9:00-17:00,9:00-17:00,9:00-17:00,9:00-17:00,9:00-17:00,10:00-16:00,Closed,true,true,false,false
Finance Wrocław,"Quality bank services in Wrocław, Poland. Professional and reliable business serving the local community.",36,info@financewrocław.com,+49-893-3378,https://www.financewrocław.com,103 Queen Street,Wrocław,Poland,63024,58.174434,13.390564,9:00-17:00,9:00-17:00,9:00-17:00,9:00-17:00,9:00-17:00,10:00-16:00,Closed,true,true,false,false
Credit Iași,"Quality bank services in Iași, Romania. Professional and reliable business serving the local community.",36,info@creditiași.com,+97-282-5215,https://www.creditiași.com,304 Church Street,Iași,Romania,65743,38.550972,-3.504175,9:00-17:00,9:00-17:00,9:00-17:00,9:00-17:00,9:00-17:00,10:00-16:00,Closed,true,true,false,false
Credit Prešov,"Quality bank services in Prešov, Slovakia. Professional and reliable business serving the local community.",36,info@creditprešov.com,+73-287-3353,https://www.creditprešov.com,328 King Street,Prešov,Slovakia,52021,50.264771,18.015593,9:00-17:00,9:00-17:00,9:00-17:00,9:00-17:00,9:00-17:00,10:00-16:00,Closed,true,true,false,false
Koper Financial,"Quality bank services in Koper, Slovenia. Professional and reliable business serving the local community.",36,info@koperfinancial.com,+72-209-3901,https://www.koperfinancial.com,38 Main Street,Koper,Slovenia,74705,62.847871,7.212354,9:00-17:00,9:00-17:00,9:00-17:00,9:00-17:00,9:00-17:00,10:00-16:00,Closed,true,true,false,false
Capital Västerås,"Quality bank services in Västerås, Sweden. Professional and reliable business serving the local community.",36,info@capitalvästerås.com,+63-146-6420,https://www.capitalvästerås.com,927 Main Street,Västerås,Sweden,92994,39.934826,-8.078157,9:00-17:00,9:00-17:00,9:00-17:00,9:00-17:00,9:00-17:00,10:00-16:00,Closed,true,true,false,true
Bar Salzburg,"Quality bars & pubs services in Salzburg, Austria. Professional and reliable business serving the local community.",13,info@barsalzburg.com,+98-932-7697,https://www.barsalzburg.com,607 High Street,Salzburg,Austria,47609,66.880346,-0.205687,9:00-17:00,9:00-17:00,9:00-17:00,9:00-17:00,9:00-17:00,10:00-16:00,Closed,true,true,false,true
Bar Ruse,"Quality bars & pubs services in Ruse, Bulgaria. Professional and reliable business serving the local community.",13,info@barruse.com,+53-168-8334,https://www.barruse.com,963 Church Street,Ruse,Bulgaria,46324,67.914996,26.262258,9:00-17:00,9:00-17:00,9:00-17:00,9:00-17:00,9:00-17:00,10:00-16:00,Closed,true,true,false,false
Bar Zagreb,"Quality bars & pubs services in Zagreb, Croatia. Professional and reliable business serving the local community.",13,info@barzagreb.com,+52-244-9708,https://www.barzagreb.com,282 High Street,Zagreb,Croatia,31185,38.111407,15.331945,9:00-17:00,9:00-17:00,9:00-17:00,9:00-17:00,9:00-17:00,10:00-16:00,Closed,true,true,false,false
Pub Nicosia,"Quality bars & pubs services in Nicosia, Cyprus. Professional and reliable business serving the local community.",13,info@pubnicosia.com,+96-877-2787,https://www.pubnicosia.com,989 High Street,Nicosia,Cyprus,54105,54.853632,29.326289,9:00-17:00,9:00-17:00,9:00-17:00,9:00-17:00,9:00-17:00,10:00-16:00,Closed,true,true,false,true
Brewery Ostrava,"Quality bars & pubs services in Ostrava, Czech Republic. Professional and reliable business serving the local community.",13,info@breweryostrava.com,+63-240-8877,https://www.breweryostrava.com,601 King Street,Ostrava,Czech Republic,34886,42.834133,7.042137,9:00-17:00,9:00-17:00,9:00-17:00,9:00-17:00,9:00-17:00,10:00-16:00,Closed,true,true,false,true
Pub Copenhagen,"Quality bars & pubs services in Copenhagen, Denmark. Professional and reliable business serving the local community.",13,info@pubcopenhagen.com,+54-949-7708,https://www.pubcopenhagen.com,565 High Street,Copenhagen,Denmark,35102,52.219484,20.132839,9:00-17:00,9:00-17:00,9:00-17:00,9:00-17:00,9:00-17:00,10:00-16:00,Closed,true,true,false,false
Kohtla-Järve Lounge,"Quality bars & pubs services in Kohtla-Järve, Estonia. Professional and reliable business serving the local community.",13,info@kohtla-järvelounge.com,+88-630-9662,https://www.kohtla-järvelounge.com,738 High Street,Kohtla-Järve,Estonia,46196,49.984138,13.624343,9:00-17:00,9:00-17:00,9:00-17:00,9:00-17:00,9:00-17:00,10:00-16:00,Closed,true,true,false,true
Brewery Tampere,"Quality bars & pubs services in Tampere, Finland. Professional and reliable business serving the local community.",13,info@brewerytampere.com,+49-793-5330,https://www.brewerytampere.com,370 Main Street,Tampere,Finland,22518,62.153621,17.937142,9:00-17:00,9:00-17:00,9:00-17:00,9:00-17:00,9:00-17:00,10:00-16:00,Closed,true,true,false,false
Brewery Larissa,"Quality bars & pubs services in Larissa, Greece. Professional and reliable business serving the local community.",13,info@brewerylarissa.com,+71-900-8721,https://www.brewerylarissa.com,384 High Street,Larissa,Greece,32736,39.465541,1.298718,9:00-17:00,9:00-17:00,9:00-17:00,9:00-17:00,9:00-17:00,10:00-16:00,Closed,true,true,false,false
Pécs Lounge,"Quality bars & pubs services in Pécs, Hungary. Professional and reliable business serving the local community.",13,info@pécslounge.com,+94-396-4485,https://www.pécslounge.com,832 High Street,Pécs,Hungary,52768,50.156493,-6.76498,9:00-17:00,9:00-17:00,9:00-17:00,9:00-17:00,9:00-17:00,10:00-16:00,Closed,true,true,false,true
Bar Cork,"Quality bars & pubs services in Cork, Ireland. Professional and reliable business serving the local community.",13,info@barcork.com,+56-960-5661,https://www.barcork.com,588 King Street,Cork,Ireland,18509,39.557587,-5.415449,9:00-17:00,9:00-17:00,9:00-17:00,9:00-17:00,9:00-17:00,10:00-16:00,Closed,true,true,false,true
Pub Palermo,"Quality bars & pubs services in Palermo, Italy. Professional and reliable business serving the local community.",13,info@pubpalermo.com,+60-519-6665,https://www.pubpalermo.com,750 Queen Street,Palermo,Italy,91136,51.529222,-8.717182,9:00-17:00,9:00-17:00,9:00-17:00,9:00-17:00,9:00-17:00,10:00-16:00,Closed,true,true,false,false
Pub Riga,"Quality bars & pubs services in Riga, Latvia. Professional and reliable business serving the local community.",13,info@pubriga.com,+48-661-4486,https://www.pubriga.com,45 Main Street,Riga,Latvia,42508,45.476175,-2.198395,9:00-17:00,9:00-17:00,9:00-17:00,9:00-17:00,9:00-17:00,10:00-16:00,Closed,true,true,false,true
Pub Panevėžys,"Quality bars & pubs services in Panevėžys, Lithuania. Professional and reliable business serving the local community.",13,info@pubpanevėžys.com,+61-143-7867,https://www.pubpanevėžys.com,204 King Street,Panevėžys,Lithuania,88933,53.026101,16.822152,9:00-17:00,9:00-17:00,9:00-17:00,9:00-17:00,9:00-17:00,10:00-16:00,Closed,true,true,false,true
Pub Luxembourg City,"Quality bars & pubs services in Luxembourg City, Luxembourg. Professional and reliable business serving the local community.",13,info@publuxembourgcity.com,+52-892-4899,https://www.publuxembourgcity.com,405 Main Street,Luxembourg City,Luxembourg,66892,50.197296,-1.575785,9:00-17:00,9:00-17:00,9:00-17:00,9:00-17:00,9:00-17:00,10:00-16:00,Closed,true,true,false,true
Bar Sliema,"Quality bars & pubs services in Sliema, Malta. Professional and reliable business serving the local community.",13,info@barsliema.com,+52-518-5607,https://www.barsliema.com,580 High Street,Sliema,Malta,64153,66.578445,14.924329,9:00-17:00,9:00-17:00,9:00-17:00,9:00-17:00,9:00-17:00,10:00-16:00,Closed,true,true,false,true
Tavern Warsaw,"Quality bars & pubs services in Warsaw, Poland. Professional and reliable business serving the local community.",13,info@tavernwarsaw.com,+44-982-4181,https://www.tavernwarsaw.com,519 Main Street,Warsaw,Poland,58472,58.869296,9.292981,9:00-17:00,9:00-17:00,9:00-17:00,9:00-17:00,9:00-17:00,10:00-16:00,Closed,true,true,false,true
Brewery Cluj-Napoca,"Quality bars & pubs services in Cluj-Napoca, Romania. Professional and reliable business serving the local community.",13,info@brewerycluj-napoca.com,+50-439-3548,https://www.brewerycluj-napoca.com,803 Church Street,Cluj-Napoca,Romania,23265,41.788121,1.270299,9:00-17:00,9:00-17:00,9:00-17:00,9:00-17:00,9:00-17:00,10:00-16:00,Closed,true,true,false,true
Pub Banská Bystrica,"Quality bars & pubs services in Banská Bystrica, Slovakia. Professional and reliable business serving the local community.",13,info@pubbanskábystrica.com,+48-874-7430,https://www.pubbanskábystrica.com,361 High Street,Banská Bystrica,Slovakia,62652,43.684828,11.232952,9:00-17:00,9:00-17:00,9:00-17:00,9:00-17:00,9:00-17:00,10:00-16:00,Closed,true,true,false,false
Bar Koper,"Quality bars & pubs services in Koper, Slovenia. Professional and reliable business serving the local community.",13,info@barkoper.com,+95-318-2071,https://www.barkoper.com,587 Church Street,Koper,Slovenia,19583,63.416653,-6.089511,9:00-17:00,9:00-17:00,9:00-17:00,9:00-17:00,9:00-17:00,10:00-16:00,Closed,true,true,false,true
Stockholm Lounge,"Quality bars & pubs services in Stockholm, Sweden. Professional and reliable business serving the local community.",13,info@stockholmlounge.com,+68-629-1316,https://www.stockholmlounge.com,278 High Street,Stockholm,Sweden,71623,56.889025,15.536955,9:00-17:00,9:00-17:00,9:00-17:00,9:00-17:00,9:00-17:00,10:00-16:00,Closed,true,true,false,true
Glow Graz,"Quality beauty & wellness services in Graz, Austria. Professional and reliable business serving the local community.",60,info@glowgraz.com,+53-778-6092,https://www.glowgraz.com,27 King Street,Graz,Austria,94893,37.160059,7.607295,9:00-17:00,9:00-17:00,9:00-17:00,9:00-17:00,9:00-17:00,10:00-16:00,Closed,true,true,false,false
Sofia Spa,"Quality beauty & wellness services in Sofia, Bulgaria. Professional and reliable business serving the local community.",60,info@sofiaspa.com,+79-793-7729,https://www.sofiaspa.com,961 Main Street,Sofia,Bulgaria,45063,60.34534,23.275939,9:00-17:00,9:00-17:00,9:00-17:00,9:00-17:00,9:00-17:00,10:00-16:00,Closed,true,true,false,true
Relax Zagreb,"Quality beauty & wellness services in Zagreb, Croatia. Professional and reliable business serving the local community.",60,info@relaxzagreb.com,+67-253-3680,https://www.relaxzagreb.com,662 Main Street,Zagreb,Croatia,43413,65.60027,8.93779,9:00-17:00,9:00-17:00,9:00-17:00,9:00-17:00,9:00-17:00,10:00-16:00,Closed,true,true,false,true
Wellness Larnaca,"Quality beauty & wellness services in Larnaca, Cyprus. Professional and reliable business serving the local community.",60,info@wellnesslarnaca.com,+88-497-3160,https://www.wellnesslarnaca.com,540 High Street,Larnaca,Cyprus,29513,62.00926,-9.22612,9:00-17:00,9:00-17:00,9:00-17:00,9:00-17:00,9:00-17:00,10:00-16:00,Closed,true,true,false,false
Brno Spa,"Quality beauty & wellness services in Brno, Czech Republic. Professional and reliable business serving the local community.",60,info@brnospa.com,+89-800-9473,https://www.brnospa.com,670 Main Street,Brno,Czech Republic,46229,40.908259,16.429616,9:00-17:00,9:00-17:00,9:00-17:00,9:00-17:00,9:00-17:00,10:00-16:00,Closed,true,true,false,false
Glow Aarhus,"Quality beauty & wellness services in Aarhus, Denmark. Professional and reliable business serving the local community.",60,info@glowaarhus.com,+76-418-4558,https://www.glowaarhus.com,99 Main Street,Aarhus,Denmark,67245,63.880218,12.037993,9:00-17:00,9:00-17:00,9:00-17:00,9:00-17:00,9:00-17:00,10:00-16:00,Closed,true,true,false,true
Glow Tallinn,"Quality beauty & wellness services in Tallinn, Estonia. Professional and reliable business serving the local community.",60,info@glowtallinn.com,+73-788-4046,https://www.glowtallinn.com,154 Church Street,Tallinn,Estonia,63355,62.334907,-9.05236,9:00-17:00,9:00-17:00,9:00-17:00,9:00-17:00,9:00-17:00,10:00-16:00,Closed,true,true,false,false
Relax Helsinki,"Quality beauty & wellness services in Helsinki, Finland. Professional and reliable business serving the local community.",60,info@relaxhelsinki.com,+52-473-4210,https://www.relaxhelsinki.com,640 Church Street,Helsinki,Finland,71827,47.07775,-3.372061,9:00-17:00,9:00-17:00,9:00-17:00,9:00-17:00,9:00-17:00,10:00-16:00,Closed,true,true,false,true
Thessaloniki Spa,"Quality beauty & wellness services in Thessaloniki, Greece. Professional and reliable business serving the local community.",60,info@thessalonikispa.com,+43-956-3801,https://www.thessalonikispa.com,412 Church Street,Thessaloniki,Greece,68273,59.346568,9.513377,9:00-17:00,9:00-17:00,9:00-17:00,9:00-17:00,9:00-17:00,10:00-16:00,Closed,true,true,false,false
Wellness Debrecen,"Quality beauty & wellness services in Debrecen, Hungary. Professional and reliable business serving the local community.",60,info@wellnessdebrecen.com,+53-150-6855,https://www.wellnessdebrecen.com,263 Church Street,Debrecen,Hungary,76538,64.472036,-5.314058,9:00-17:00,9:00-17:00,9:00-17:00,9:00-17:00,9:00-17:00,10:00-16:00,Closed,true,true,false,true
Cork Spa,"Quality beauty & wellness services in Cork, Ireland. Professional and reliable business serving the local community.",60,info@corkspa.com,+80-910-6652,https://www.corkspa.com,556 High Street,Cork,Ireland,85398,46.499092,19.759985,9:00-17:00,9:00-17:00,9:00-17:00,9:00-17:00,9:00-17:00,10:00-16:00,Closed,true,true,false,false
Wellness Palermo,"Quality beauty & wellness services in Palermo, Italy. Professional and reliable business serving the local community.",60,info@wellnesspalermo.com,+71-818-3035,https://www.wellnesspalermo.com,178 King Street,Palermo,Italy,20510,47.354838,-8.52091,9:00-17:00,9:00-17:00,9:00-17:00,9:00-17:00,9:00-17:00,10:00-16:00,Closed,true,true,false,false
Beauty Jelgava,"Quality beauty & wellness services in Jelgava, Latvia. Professional and reliable business serving the local community.",60,info@beautyjelgava.com,+99-758-8734,https://www.beautyjelgava.com,431 Queen Street,Jelgava,Latvia,71085,41.429962,-8.443853,9:00-17:00,9:00-17:00,9:00-17:00,9:00-17:00,9:00-17:00,10:00-16:00,Closed,true,true,false,false
Glow Panevėžys,"Quality beauty & wellness services in Panevėžys, Lithuania. Professional and reliable business serving the local community.",60,info@glowpanevėžys.com,+56-724-3982,https://www.glowpanevėžys.com,624 Main Street,Panevėžys,Lithuania,81655,69.321015,3.822997,9:00-17:00,9:00-17:00,9:00-17:00,9:00-17:00,9:00-17:00,10:00-16:00,Closed,true,true,false,true
Relax Esch-sur-Alzette,"Quality beauty & wellness services in Esch-sur-Alzette, Luxembourg. Professional and reliable business serving the local community.",60,info@relaxesch-sur-alzette.com,+95-318-9883,https://www.relaxesch-sur-alzette.com,661 King Street,Esch-sur-Alzette,Luxembourg,90133,68.291604,27.55031,9:00-17:00,9:00-17:00,9:00-17:00,9:00-17:00,9:00-17:00,10:00-16:00,Closed,true,true,false,true
Relax Qormi,"Quality beauty & wellness services in Qormi, Malta. Professional and reliable business serving the local community.",60,info@relaxqormi.com,+61-833-4606,https://www.relaxqormi.com,688 Church Street,Qormi,Malta,37229,40.612852,27.014738,9:00-17:00,9:00-17:00,9:00-17:00,9:00-17:00,9:00-17:00,10:00-16:00,Closed,true,true,false,true
Glow Wrocław,"Quality beauty & wellness services in Wrocław, Poland. Professional and reliable business serving the local community.",60,info@glowwrocław.com,+60-473-6124,https://www.glowwrocław.com,737 Church Street,Wrocław,Poland,70149,55.387892,-8.762989,9:00-17:00,9:00-17:00,9:00-17:00,9:00-17:00,9:00-17:00,10:00-16:00,Closed,true,true,false,true
Timișoara Spa,"Quality beauty & wellness services in Timișoara, Romania. Professional and reliable business serving the local community.",60,info@timișoaraspa.com,+51-628-5555,https://www.timișoaraspa.com,523 High Street,Timișoara,Romania,90976,48.860281,7.333507,9:00-17:00,9:00-17:00,9:00-17:00,9:00-17:00,9:00-17:00,10:00-16:00,Closed,true,true,false,false
Wellness Prešov,"Quality beauty & wellness services in Prešov, Slovakia. Professional and reliable business serving the local community.",60,info@wellnessprešov.com,+47-905-3285,https://www.wellnessprešov.com,752 Church Street,Prešov,Slovakia,95741,39.033773,20.811194,9:00-17:00,9:00-17:00,9:00-17:00,9:00-17:00,9:00-17:00,10:00-16:00,Closed,true,true,false,false
Beauty Maribor,"Quality beauty & wellness services in Maribor, Slovenia. Professional and reliable business serving the local community.",60,info@beautymaribor.com,+80-673-3076,https://www.beautymaribor.com,635 Main Street,Maribor,Slovenia,10065,51.744316,28.928445,9:00-17:00,9:00-17:00,9:00-17:00,9:00-17:00,9:00-17:00,10:00-16:00,Closed,true,true,false,true
Gothenburg Spa,"Quality beauty & wellness services in Gothenburg, Sweden. Professional and reliable business serving the local community.",60,info@gothenburgspa.com,+89-716-7065,https://www.gothenburgspa.com,414 High Street,Gothenburg,Sweden,23143,51.101236,11.157875,9:00-17:00,9:00-17:00,9:00-17:00,9:00-17:00,9:00-17:00,10:00-16:00,Closed,true,true,false,false
Graz Style,"Quality beauty salon services in Graz, Austria. Professional and reliable business serving the local community.",32,info@grazstyle.com,+93-543-8004,https://www.grazstyle.com,616 High Street,Graz,Austria,29755,60.969945,5.844939,9:00-17:00,9:00-17:00,9:00-17:00,9:00-17:00,9:00-17:00,10:00-16:00,Closed,true,true,false,false
Chic Burgas,"Quality beauty salon services in Burgas, Bulgaria. Professional and reliable business serving the local community.",32,info@chicburgas.com,+88-647-1206,https://www.chicburgas.com,621 Church Street,Burgas,Bulgaria,50456,55.835348,-2.958771,9:00-17:00,9:00-17:00,9:00-17:00,9:00-17:00,9:00-17:00,10:00-16:00,Closed,true,true,false,true
Zadar Style,"Quality beauty salon services in Zadar, Croatia. Professional and reliable business serving the local community.",32,info@zadarstyle.com,+31-696-8027,https://www.zadarstyle.com,318 Main Street,Zadar,Croatia,42368,39.068589,9.146819,9:00-17:00,9:00-17:00,9:00-17:00,9:00-17:00,9:00-17:00,10:00-16:00,Closed,true,true,false,false
Glamour Larnaca,"Quality beauty salon services in Larnaca, Cyprus. Professional and reliable business serving the local community.",32,info@glamourlarnaca.com,+46-511-9202,https://www.glamourlarnaca.com,899 High Street,Larnaca,Cyprus,81476,37.084787,-9.975745,9:00-17:00,9:00-17:00,9:00-17:00,9:00-17:00,9:00-17:00,10:00-16:00,Closed,true,true,false,true
Beauty Ostrava,"Quality beauty salon services in Ostrava, Czech Republic. Professional and reliable business serving the local community.",32,info@beautyostrava.com,+84-796-7855,https://www.beautyostrava.com,509 Church Street,Ostrava,Czech Republic,97513,68.376683,8.862352,9:00-17:00,9:00-17:00,9:00-17:00,9:00-17:00,9:00-17:00,10:00-16:00,Closed,true,true,false,false
Chic Copenhagen,"Quality beauty salon services in Copenhagen, Denmark. Professional and reliable business serving the local community.",32,info@chiccopenhagen.com,+66-277-1639,https://www.chiccopenhagen.com,220 Main Street,Copenhagen,Denmark,51038,39.805284,20.556837,9:00-17:00,9:00-17:00,9:00-17:00,9:00-17:00,9:00-17:00,10:00-16:00,Closed,true,true,false,false
Glamour Tartu,"Quality beauty salon services in Tartu, Estonia. Professional and reliable business serving the local community.",32,info@glamourtartu.com,+67-370-3254,https://www.glamourtartu.com,477 Main Street,Tartu,Estonia,20353,39.273364,13.259779,9:00-17:00,9:00-17:00,9:00-17:00,9:00-17:00,9:00-17:00,10:00-16:00,Closed,true,true,false,false
Vantaa Style,"Quality beauty salon services in Vantaa, Finland. Professional and reliable business serving the local community.",32,info@vantaastyle.com,+64-341-3753,https://www.vantaastyle.com,890 Church Street,Vantaa,Finland,91237,57.162527,17.357558,9:00-17:00,9:00-17:00,9:00-17:00,9:00-17:00,9:00-17:00,10:00-16:00,Closed,true,true,false,false
Glamour Heraklion,"Quality beauty salon services in Heraklion, Greece. Professional and reliable business serving the local community.",32,info@glamourheraklion.com,+84-831-4339,https://www.glamourheraklion.com,24 Queen Street,Heraklion,Greece,83129,61.703112,0.965215,9:00-17:00,9:00-17:00,9:00-17:00,9:00-17:00,9:00-17:00,10:00-16:00,Closed,true,true,false,true
Miskolc Style,"Quality beauty salon services in Miskolc, Hungary. Professional and reliable business serving the local community.",32,info@miskolcstyle.com,+76-487-8296,https://www.miskolcstyle.com,928 Queen Street,Miskolc,Hungary,73057,63.128615,15.419552,9:00-17:00,9:00-17:00,9:00-17:00,9:00-17:00,9:00-17:00,10:00-16:00,Closed,true,true,false,false
Beauty Limerick,"Quality beauty salon services in Limerick, Ireland. Professional and reliable business serving the local community.",32,info@beautylimerick.com,+34-653-5333,https://www.beautylimerick.com,651 Church Street,Limerick,Ireland,35831,42.304456,-4.869291,9:00-17:00,9:00-17:00,9:00-17:00,9:00-17:00,9:00-17:00,10:00-16:00,Closed,true,true,false,true
Chic Rome,"Quality beauty salon services in Rome, Italy. Professional and reliable business serving the local community.",32,info@chicrome.com,+89-306-7135,https://www.chicrome.com,277 King Street,Rome,Italy,39441,61.40278,-1.097971,9:00-17:00,9:00-17:00,9:00-17:00,9:00-17:00,9:00-17:00,10:00-16:00,Closed,true,true,false,true
Beauty Riga,"Quality beauty salon services in Riga, Latvia. Professional and reliable business serving the local community.",32,info@beautyriga.com,+89-307-8569,https://www.beautyriga.com,818 King Street,Riga,Latvia,54422,65.904358,26.078323,9:00-17:00,9:00-17:00,9:00-17:00,9:00-17:00,9:00-17:00,10:00-16:00,Closed,true,true,false,true
Salon Panevėžys,"Quality beauty salon services in Panevėžys, Lithuania. Professional and reliable business serving the local community.",32,info@salonpanevėžys.com,+59-853-1711,https://www.salonpanevėžys.com,673 High Street,Panevėžys,Lithuania,31935,41.811974,-7.244891,9:00-17:00,9:00-17:00,9:00-17:00,9:00-17:00,9:00-17:00,10:00-16:00,Closed,true,true,false,true
Salon Differdange,"Quality beauty salon services in Differdange, Luxembourg. Professional and reliable business serving the local community.",32,info@salondifferdange.com,+74-990-2949,https://www.salondifferdange.com,67 Church Street,Differdange,Luxembourg,92371,58.220158,-6.409577,9:00-17:00,9:00-17:00,9:00-17:00,9:00-17:00,9:00-17:00,10:00-16:00,Closed,true,true,false,false
Salon Sliema,"Quality beauty salon services in Sliema, Malta. Professional and reliable business serving the local community.",32,info@salonsliema.com,+50-697-4927,https://www.salonsliema.com,437 Queen Street,Sliema,Malta,85630,45.478744,14.779719,9:00-17:00,9:00-17:00,9:00-17:00,9:00-17:00,9:00-17:00,10:00-16:00,Closed,true,true,false,true
Chic Warsaw,"Quality beauty salon services in Warsaw, Poland. Professional and reliable business serving the local community.",32,info@chicwarsaw.com,+38-562-1395,https://www.chicwarsaw.com,11 Queen Street,Warsaw,Poland,60500,46.288013,11.684629,9:00-17:00,9:00-17:00,9:00-17:00,9:00-17:00,9:00-17:00,10:00-16:00,Closed,true,true,false,false
Glamour Iași,"Quality beauty salon services in Iași, Romania. Professional and reliable business serving the local community.",32,info@glamouriași.com,+39-487-8665,https://www.glamouriași.com,986 Church Street,Iași,Romania,96081,47.251623,20.522933,9:00-17:00,9:00-17:00,9:00-17:00,9:00-17:00,9:00-17:00,10:00-16:00,Closed,true,true,false,false
Salon Bratislava,"Quality beauty salon services in Bratislava, Slovakia. Professional and reliable business serving the local community.",32,info@salonbratislava.com,+91-402-5567,https://www.salonbratislava.com,712 Main Street,Bratislava,Slovakia,10647,51.398915,26.137344,9:00-17:00,9:00-17:00,9:00-17:00,9:00-17:00,9:00-17:00,10:00-16:00,Closed,true,true,false,false
Velenje Style,"Quality beauty salon services in Velenje, Slovenia. Professional and reliable business serving the local community.",32,info@velenjestyle.com,+43-633-7892,https://www.velenjestyle.com,730 King Street,Velenje,Slovenia,94920,40.357007,25.501536,9:00-17:00,9:00-17:00,9:00-17:00,9:00-17:00,9:00-17:00,10:00-16:00,Closed,true,true,false,false
Uppsala Style,"Quality beauty salon services in Uppsala, Sweden. Professional and reliable business serving the local community.",32,info@uppsalastyle.com,+72-437-9559,https://www.uppsalastyle.com,651 High Street,Uppsala,Sweden,56839,48.609316,3.400397,9:00-17:00,9:00-17:00,9:00-17:00,9:00-17:00,9:00-17:00,10:00-16:00,Closed,true,true,false,true
B&B Linz,"Quality bed & breakfasts services in Linz, Austria. Professional and reliable business serving the local community.",25,info@bblinz.com,+89-701-4893,https://www.bblinz.com,274 Church Street,Linz,Austria,22674,42.864037,19.557297,9:00-17:00,9:00-17:00,9:00-17:00,9:00-17:00,9:00-17:00,10:00-16:00,Closed,true,true,false,false
Ruse Inn,"Quality bed & breakfasts services in Ruse, Bulgaria. Professional and reliable business serving the local community.",25,info@ruseinn.com,+37-354-6659,https://www.ruseinn.com,214 High Street,Ruse,Bulgaria,67364,65.541179,18.682345,9:00-17:00,9:00-17:00,9:00-17:00,9:00-17:00,9:00-17:00,10:00-16:00,Closed,true,true,false,false
Guesthouse Split,"Quality bed & breakfasts services in Split, Croatia. Professional and reliable business serving the local community.",25,info@guesthousesplit.com,+50-539-3185,https://www.guesthousesplit.com,565 High Street,Split,Croatia,44315,60.806772,0.385798,9:00-17:00,9:00-17:00,9:00-17:00,9:00-17:00,9:00-17:00,10:00-16:00,Closed,true,true,false,true
B&B Famagusta,"Quality bed & breakfasts services in Famagusta, Cyprus. Professional and reliable business serving the local community.",25,info@bbfamagusta.com,+87-717-3298,https://www.bbfamagusta.com,411 Church Street,Famagusta,Cyprus,65595,59.531231,-0.484734,9:00-17:00,9:00-17:00,9:00-17:00,9:00-17:00,9:00-17:00,10:00-16:00,Closed,true,true,false,true
B&B Ostrava,"Quality bed & breakfasts services in Ostrava, Czech Republic. Professional and reliable business serving the local community.",25,info@bbostrava.com,+96-199-8897,https://www.bbostrava.com,396 King Street,Ostrava,Czech Republic,63538,53.117969,-8.715378,9:00-17:00,9:00-17:00,9:00-17:00,9:00-17:00,9:00-17:00,10:00-16:00,Closed,true,true,false,true
Stay Odense,"Quality bed & breakfasts services in Odense, Denmark. Professional and reliable business serving the local community.",25,info@stayodense.com,+35-732-4419,https://www.stayodense.com,229 Church Street,Odense,Denmark,19135,56.646204,1.98793,9:00-17:00,9:00-17:00,9:00-17:00,9:00-17:00,9:00-17:00,10:00-16:00,Closed,true,true,false,false
Guesthouse Pärnu,"Quality bed & breakfasts services in Pärnu, Estonia. Professional and reliable business serving the local community.",25,info@guesthousepärnu.com,+73-902-6816,https://www.guesthousepärnu.com,542 High Street,Pärnu,Estonia,67995,56.574,20.972526,9:00-17:00,9:00-17:00,9:00-17:00,9:00-17:00,9:00-17:00,10:00-16:00,Closed,true,true,false,false
Guesthouse Tampere,"Quality bed & breakfasts services in Tampere, Finland. Professional and reliable business serving the local community.",25,info@guesthousetampere.com,+40-991-3090,https://www.guesthousetampere.com,171 King Street,Tampere,Finland,56191,54.549012,0.645596,9:00-17:00,9:00-17:00,9:00-17:00,9:00-17:00,9:00-17:00,10:00-16:00,Closed,true,true,false,true
Guesthouse Patras,"Quality bed & breakfasts services in Patras, Greece. Professional and reliable business serving the local community.",25,info@guesthousepatras.com,+42-890-4454,https://www.guesthousepatras.com,927 King Street,Patras,Greece,87121,65.463041,17.331999,9:00-17:00,9:00-17:00,9:00-17:00,9:00-17:00,9:00-17:00,10:00-16:00,Closed,true,true,false,false
B&B Miskolc,"Quality bed & breakfasts services in Miskolc, Hungary. Professional and reliable business serving the local community.",25,info@bbmiskolc.com,+77-375-4122,https://www.bbmiskolc.com,88 Queen Street,Miskolc,Hungary,71533,46.085251,10.332001,9:00-17:00,9:00-17:00,9:00-17:00,9:00-17:00,9:00-17:00,10:00-16:00,Closed,true,true,false,true
Stay Dublin,"Quality bed & breakfasts services in Dublin, Ireland. Professional and reliable business serving the local community.",25,info@staydublin.com,+63-622-7595,https://www.staydublin.com,328 High Street,Dublin,Ireland,39783,40.487107,29.703518,9:00-17:00,9:00-17:00,9:00-17:00,9:00-17:00,9:00-17:00,10:00-16:00,Closed,true,true,false,false
Turin Inn,"Quality bed & breakfasts services in Turin, Italy. Professional and reliable business serving the local community.",25,info@turininn.com,+84-685-1009,https://www.turininn.com,485 Queen Street,Turin,Italy,50211,66.923985,13.530449,9:00-17:00,9:00-17:00,9:00-17:00,9:00-17:00,9:00-17:00,10:00-16:00,Closed,true,true,false,false
B&B Riga,"Quality bed & breakfasts services in Riga, Latvia. Professional and reliable business serving the local community.",25,info@bbriga.com,+69-347-5476,https://www.bbriga.com,534 Church Street,Riga,Latvia,45737,67.011324,16.249888,9:00-17:00,9:00-17:00,9:00-17:00,9:00-17:00,9:00-17:00,10:00-16:00,Closed,true,true,false,true
B&B Klaipėda,"Quality bed & breakfasts services in Klaipėda, Lithuania. Professional and reliable business serving the local community.",25,info@bbklaipėda.com,+30-673-6353,https://www.bbklaipėda.com,241 Main Street,Klaipėda,Lithuania,76502,50.197332,21.505752,9:00-17:00,9:00-17:00,9:00-17:00,9:00-17:00,9:00-17:00,10:00-16:00,Closed,true,true,false,false
Rest Dudelange,"Quality bed & breakfasts services in Dudelange, Luxembourg. Professional and reliable business serving the local community.",25,info@restdudelange.com,+75-976-2908,https://www.restdudelange.com,878 High Street,Dudelange,Luxembourg,98350,44.893685,-0.377712,9:00-17:00,9:00-17:00,9:00-17:00,9:00-17:00,9:00-17:00,10:00-16:00,Closed,true,true,false,true
Stay Birkirkara,"Quality bed & breakfasts services in Birkirkara, Malta. Professional and reliable business serving the local community.",25,info@staybirkirkara.com,+80-584-7481,https://www.staybirkirkara.com,824 Church Street,Birkirkara,Malta,68077,54.48665,17.986529,9:00-17:00,9:00-17:00,9:00-17:00,9:00-17:00,9:00-17:00,10:00-16:00,Closed,true,true,false,false
B&B Poznań,"Quality bed & breakfasts services in Poznań, Poland. Professional and reliable business serving the local community.",25,info@bbpoznań.com,+40-260-2789,https://www.bbpoznań.com,239 Main Street,Poznań,Poland,11430,59.014196,5.86409,9:00-17:00,9:00-17:00,9:00-17:00,9:00-17:00,9:00-17:00,10:00-16:00,Closed,true,true,false,true
Stay Constanța,"Quality bed & breakfasts services in Constanța, Romania. Professional and reliable business serving the local community.",25,info@stayconstanța.com,+44-182-3685,https://www.stayconstanța.com,798 Queen Street,Constanța,Romania,38342,67.846228,14.980518,9:00-17:00,9:00-17:00,9:00-17:00,9:00-17:00,9:00-17:00,10:00-16:00,Closed,true,true,false,false
Guesthouse Banská Bystrica,"Quality bed & breakfasts services in Banská Bystrica, Slovakia. Professional and reliable business serving the local community.",25,info@guesthousebanskábystrica.com,+39-489-5501,https://www.guesthousebanskábystrica.com,525 Church Street,Banská Bystrica,Slovakia,94605,46.479239,4.996322,9:00-17:00,9:00-17:00,9:00-17:00,9:00-17:00,9:00-17:00,10:00-16:00,Closed,true,true,false,true
B&B Velenje,"Quality bed & breakfasts services in Velenje, Slovenia. Professional and reliable business serving the local community.",25,info@bbvelenje.com,+37-874-3030,https://www.bbvelenje.com,946 Queen Street,Velenje,Slovenia,68953,67.348075,-7.844758,9:00-17:00,9:00-17:00,9:00-17:00,9:00-17:00,9:00-17:00,10:00-16:00,Closed,true,true,false,true
B&B Västerås,"Quality bed & breakfasts services in Västerås, Sweden. Professional and reliable business serving the local community.",25,info@bbvästerås.com,+73-526-2269,https://www.bbvästerås.com,644 Queen Street,Västerås,Sweden,43472,36.153414,-4.025491,9:00-17:00,9:00-17:00,9:00-17:00,9:00-17:00,9:00-17:00,10:00-16:00,Closed,true,true,false,false
Salzburg Digital,"Quality blockchain services services in Salzburg, Austria. Professional and reliable business serving the local community.",49,info@salzburgdigital.com,+44-890-8683,https://www.salzburgdigital.com,800 King Street,Salzburg,Austria,21995,61.040307,10.58731,9:00-17:00,9:00-17:00,9:00-17:00,9:00-17:00,9:00-17:00,10:00-16:00,Closed,true,true,false,true
Burgas Digital,"Quality blockchain services services in Burgas, Bulgaria. Professional and reliable business serving the local community.",49,info@burgasdigital.com,+32-860-4587,https://www.burgasdigital.com,894 Queen Street,Burgas,Bulgaria,22733,61.6335,25.338089,9:00-17:00,9:00-17:00,9:00-17:00,9:00-17:00,9:00-17:00,10:00-16:00,Closed,true,true,false,true
Blockchain Osijek,"Quality blockchain services services in Osijek, Croatia. Professional and reliable business serving the local community.",49,info@blockchainosijek.com,+32-143-3730,https://www.blockchainosijek.com,846 King Street,Osijek,Croatia,68295,56.919244,0.903015,9:00-17:00,9:00-17:00,9:00-17:00,9:00-17:00,9:00-17:00,10:00-16:00,Closed,true,true,false,true
Blockchain Nicosia,"Quality blockchain services services in Nicosia, Cyprus. Professional and reliable business serving the local community.",49,info@blockchainnicosia.com,+51-237-3820,https://www.blockchainnicosia.com,318 Church Street,Nicosia,Cyprus,78364,69.969012,-8.903527,9:00-17:00,9:00-17:00,9:00-17:00,9:00-17:00,9:00-17:00,10:00-16:00,Closed,true,true,false,true
Plzen Digital,"Quality blockchain services services in Plzen, Czech Republic. Professional and reliable business serving the local community.",49,info@plzendigital.com,+93-711-1095,https://www.plzendigital.com,348 King Street,Plzen,Czech Republic,53240,60.235652,22.233021,9:00-17:00,9:00-17:00,9:00-17:00,9:00-17:00,9:00-17:00,10:00-16:00,Closed,true,true,false,true
Crypto Esbjerg,"Quality blockchain services services in Esbjerg, Denmark. Professional and reliable business serving the local community.",49,info@cryptoesbjerg.com,+92-547-4136,https://www.cryptoesbjerg.com,755 Main Street,Esbjerg,Denmark,56007,53.00509,9.336002,9:00-17:00,9:00-17:00,9:00-17:00,9:00-17:00,9:00-17:00,10:00-16:00,Closed,true,true,false,false
Chain Kohtla-Järve,"Quality blockchain services services in Kohtla-Järve, Estonia. Professional and reliable business serving the local community.",49,info@chainkohtla-järve.com,+72-825-9230,https://www.chainkohtla-järve.com,556 Queen Street,Kohtla-Järve,Estonia,67418,45.805339,-0.762086,9:00-17:00,9:00-17:00,9:00-17:00,9:00-17:00,9:00-17:00,10:00-16:00,Closed,true,true,false,true
Crypto Vantaa,"Quality blockchain services services in Vantaa, Finland. Professional and reliable business serving the local community.",49,info@cryptovantaa.com,+52-290-4217,https://www.cryptovantaa.com,345 Church Street,Vantaa,Finland,25202,66.881887,-3.195918,9:00-17:00,9:00-17:00,9:00-17:00,9:00-17:00,9:00-17:00,10:00-16:00,Closed,true,true,false,false
Chain Athens,"Quality blockchain services services in Athens, Greece. Professional and reliable business serving the local community.",49,info@chainathens.com,+65-269-1656,https://www.chainathens.com,328 Main Street,Athens,Greece,60193,45.084435,-8.771691,9:00-17:00,9:00-17:00,9:00-17:00,9:00-17:00,9:00-17:00,10:00-16:00,Closed,true,true,false,false
Token Miskolc,"Quality blockchain services services in Miskolc, Hungary. Professional and reliable business serving the local community.",49,info@tokenmiskolc.com,+48-510-3331,https://www.tokenmiskolc.com,238 Church Street,Miskolc,Hungary,27062,38.263218,4.88604,9:00-17:00,9:00-17:00,9:00-17:00,9:00-17:00,9:00-17:00,10:00-16:00,Closed,true,true,false,true
Dublin Digital,"Quality blockchain services services in Dublin, Ireland. Professional and reliable business serving the local community.",49,info@dublindigital.com,+71-764-3596,https://www.dublindigital.com,930 Queen Street,Dublin,Ireland,11628,39.612429,4.76463,9:00-17:00,9:00-17:00,9:00-17:00,9:00-17:00,9:00-17:00,10:00-16:00,Closed,true,true,false,false
Milan Digital,"Quality blockchain services services in Milan, Italy. Professional and reliable business serving the local community.",49,info@milandigital.com,+49-826-6598,https://www.milandigital.com,673 King Street,Milan,Italy,51894,53.163699,24.781322,9:00-17:00,9:00-17:00,9:00-17:00,9:00-17:00,9:00-17:00,10:00-16:00,Closed,true,true,false,false
Jūrmala Digital,"Quality blockchain services services in Jūrmala, Latvia. Professional and reliable business serving the local community.",49,info@jūrmaladigital.com,+66-801-3157,https://www.jūrmaladigital.com,704 High Street,Jūrmala,Latvia,80346,37.031035,13.790036,9:00-17:00,9:00-17:00,9:00-17:00,9:00-17:00,9:00-17:00,10:00-16:00,Closed,true,true,false,true
Chain Šiauliai,"Quality blockchain services services in Šiauliai, Lithuania. Professional and reliable business serving the local community.",49,info@chainšiauliai.com,+38-602-1606,https://www.chainšiauliai.com,216 Church Street,Šiauliai,Lithuania,20605,37.254779,10.426365,9:00-17:00,9:00-17:00,9:00-17:00,9:00-17:00,9:00-17:00,10:00-16:00,Closed,true,true,false,true
Esch-sur-Alzette Digital,"Quality blockchain services services in Esch-sur-Alzette, Luxembourg. Professional and reliable business serving the local community.",49,info@esch-sur-alzettedigital.com,+47-993-4067,https://www.esch-sur-alzettedigital.com,917 High Street,Esch-sur-Alzette,Luxembourg,63053,37.548154,17.231055,9:00-17:00,9:00-17:00,9:00-17:00,9:00-17:00,9:00-17:00,10:00-16:00,Closed,true,true,false,true
Chain Valletta,"Quality blockchain services services in Valletta, Malta. Professional and reliable business serving the local community.",49,info@chainvalletta.com,+38-458-2391,https://www.chainvalletta.com,653 King Street,Valletta,Malta,17703,59.780815,25.596015,9:00-17:00,9:00-17:00,9:00-17:00,9:00-17:00,9:00-17:00,10:00-16:00,Closed,true,true,false,true
Chain Wrocław,"Quality blockchain services services in Wrocław, Poland. Professional and reliable business serving the local community.",49,info@chainwrocław.com,+49-167-9132,https://www.chainwrocław.com,495 High Street,Wrocław,Poland,72660,46.381081,-6.289329,9:00-17:00,9:00-17:00,9:00-17:00,9:00-17:00,9:00-17:00,10:00-16:00,Closed,true,true,false,false
Token Cluj-Napoca,"Quality blockchain services services in Cluj-Napoca, Romania. Professional and reliable business serving the local community.",49,info@tokencluj-napoca.com,+97-549-5663,https://www.tokencluj-napoca.com,535 Church Street,Cluj-Napoca,Romania,31612,67.236619,23.150939,9:00-17:00,9:00-17:00,9:00-17:00,9:00-17:00,9:00-17:00,10:00-16:00,Closed,true,true,false,false
Žilina Digital,"Quality blockchain services services in Žilina, Slovakia. Professional and reliable business serving the local community.",49,info@žilinadigital.com,+82-872-9024,https://www.žilinadigital.com,169 Queen Street,Žilina,Slovakia,11865,45.856524,9.116709,9:00-17:00,9:00-17:00,9:00-17:00,9:00-17:00,9:00-17:00,10:00-16:00,Closed,true,true,false,false
Token Kranj,"Quality blockchain services services in Kranj, Slovenia. Professional and reliable business serving the local community.",49,info@tokenkranj.com,+94-706-1230,https://www.tokenkranj.com,424 Church Street,Kranj,Slovenia,19919,49.943371,17.632575,9:00-17:00,9:00-17:00,9:00-17:00,9:00-17:00,9:00-17:00,10:00-16:00,Closed,true,true,false,false
Token Malmö,"Quality blockchain services services in Malmö, Sweden. Professional and reliable business serving the local community.",49,info@tokenmalmö.com,+91-717-8035,https://www.tokenmalmö.com,531 Church Street,Malmö,Sweden,86959,57.676043,11.934637,9:00-17:00,9:00-17:00,9:00-17:00,9:00-17:00,9:00-17:00,10:00-16:00,Closed,true,true,false,true
Story Innsbruck,"Quality books & media services in Innsbruck, Austria. Professional and reliable business serving the local community.",58,info@storyinnsbruck.com,+56-472-4266,https://www.storyinnsbruck.com,508 Main Street,Innsbruck,Austria,50564,37.328443,8.455325,9:00-17:00,9:00-17:00,9:00-17:00,9:00-17:00,9:00-17:00,10:00-16:00,Closed,true,true,false,false
Media Varna,"Quality books & media services in Varna, Bulgaria. Professional and reliable business serving the local community.",58,info@mediavarna.com,+36-344-1524,https://www.mediavarna.com,76 Queen Street,Varna,Bulgaria,53517,60.229964,4.131678,9:00-17:00,9:00-17:00,9:00-17:00,9:00-17:00,9:00-17:00,10:00-16:00,Closed,true,true,false,false
Story Osijek,"Quality books & media services in Osijek, Croatia. Professional and reliable business serving the local community.",58,info@storyosijek.com,+70-428-3210,https://www.storyosijek.com,662 King Street,Osijek,Croatia,23725,44.015524,10.545348,9:00-17:00,9:00-17:00,9:00-17:00,9:00-17:00,9:00-17:00,10:00-16:00,Closed,true,true,false,false
Nicosia Library,"Quality books & media services in Nicosia, Cyprus. Professional and reliable business serving the local community.",58,info@nicosialibrary.com,+66-214-8956,https://www.nicosialibrary.com,720 King Street,Nicosia,Cyprus,11527,53.66844,12.473061,9:00-17:00,9:00-17:00,9:00-17:00,9:00-17:00,9:00-17:00,10:00-16:00,Closed,true,true,false,false
Prague Library,"Quality books & media services in Prague, Czech Republic. Professional and reliable business serving the local community.",58,info@praguelibrary.com,+58-795-2683,https://www.praguelibrary.com,215 Church Street,Prague,Czech Republic,85229,63.555897,-4.158537,9:00-17:00,9:00-17:00,9:00-17:00,9:00-17:00,9:00-17:00,10:00-16:00,Closed,true,true,false,true
Story Odense,"Quality books & media services in Odense, Denmark. Professional and reliable business serving the local community.",58,info@storyodense.com,+78-817-2068,https://www.storyodense.com,916 Main Street,Odense,Denmark,32694,47.674883,29.418826,9:00-17:00,9:00-17:00,9:00-17:00,9:00-17:00,9:00-17:00,10:00-16:00,Closed,true,true,false,false
Books Pärnu,"Quality books & media services in Pärnu, Estonia. Professional and reliable business serving the local community.",58,info@bookspärnu.com,+56-120-5974,https://www.bookspärnu.com,855 Queen Street,Pärnu,Estonia,56116,40.167517,-7.509701,9:00-17:00,9:00-17:00,9:00-17:00,9:00-17:00,9:00-17:00,10:00-16:00,Closed,true,true,false,true
Books Oulu,"Quality books & media services in Oulu, Finland. Professional and reliable business serving the local community.",58,info@booksoulu.com,+99-226-3327,https://www.booksoulu.com,309 Queen Street,Oulu,Finland,88837,61.613446,-8.202321,9:00-17:00,9:00-17:00,9:00-17:00,9:00-17:00,9:00-17:00,10:00-16:00,Closed,true,true,false,true
Larissa Library,"Quality books & media services in Larissa, Greece. Professional and reliable business serving the local community.",58,info@larissalibrary.com,+85-304-8882,https://www.larissalibrary.com,665 Church Street,Larissa,Greece,93135,51.99124,-8.979637,9:00-17:00,9:00-17:00,9:00-17:00,9:00-17:00,9:00-17:00,10:00-16:00,Closed,true,true,false,true
Media Pécs,"Quality books & media services in Pécs, Hungary. Professional and reliable business serving the local community.",58,info@mediapécs.com,+72-734-7012,https://www.mediapécs.com,280 High Street,Pécs,Hungary,44201,55.436388,-0.460834,9:00-17:00,9:00-17:00,9:00-17:00,9:00-17:00,9:00-17:00,10:00-16:00,Closed,true,true,false,true
Books Waterford,"Quality books & media services in Waterford, Ireland. Professional and reliable business serving the local community.",58,info@bookswaterford.com,+92-834-6363,https://www.bookswaterford.com,382 Main Street,Waterford,Ireland,94834,38.164256,15.25556,9:00-17:00,9:00-17:00,9:00-17:00,9:00-17:00,9:00-17:00,10:00-16:00,Closed,true,true,false,false
Turin Library,"Quality books & media services in Turin, Italy. Professional and reliable business serving the local community.",58,info@turinlibrary.com,+33-917-5633,https://www.turinlibrary.com,1 Church Street,Turin,Italy,85755,52.500335,7.005088,9:00-17:00,9:00-17:00,9:00-17:00,9:00-17:00,9:00-17:00,10:00-16:00,Closed,true,true,false,true
Media Jūrmala,"Quality books & media services in Jūrmala, Latvia. Professional and reliable business serving the local community.",58,info@mediajūrmala.com,+69-194-8259,https://www.mediajūrmala.com,979 High Street,Jūrmala,Latvia,84397,36.107315,20.846017,9:00-17:00,9:00-17:00,9:00-17:00,9:00-17:00,9:00-17:00,10:00-16:00,Closed,true,true,false,true
Media Panevėžys,"Quality books & media services in Panevėžys, Lithuania. Professional and reliable business serving the local community.",58,info@mediapanevėžys.com,+96-853-9670,https://www.mediapanevėžys.com,935 Church Street,Panevėžys,Lithuania,49391,43.049435,29.439361,9:00-17:00,9:00-17:00,9:00-17:00,9:00-17:00,9:00-17:00,10:00-16:00,Closed,true,true,false,false
Books Differdange,"Quality books & media services in Differdange, Luxembourg. Professional and reliable business serving the local community.",58,info@booksdifferdange.com,+84-167-4510,https://www.booksdifferdange.com,878 High Street,Differdange,Luxembourg,89083,53.516973,-6.121769,9:00-17:00,9:00-17:00,9:00-17:00,9:00-17:00,9:00-17:00,10:00-16:00,Closed,true,true,false,true
Sliema Library,"Quality books & media services in Sliema, Malta. Professional and reliable business serving the local community.",58,info@sliemalibrary.com,+65-856-4239,https://www.sliemalibrary.com,48 High Street,Sliema,Malta,79168,38.272091,10.241797,9:00-17:00,9:00-17:00,9:00-17:00,9:00-17:00,9:00-17:00,10:00-16:00,Closed,true,true,false,true
Media Łódź,"Quality books & media services in Łódź, Poland. Professional and reliable business serving the local community.",58,info@mediałódź.com,+31-539-3015,https://www.mediałódź.com,989 Church Street,Łódź,Poland,66662,35.047628,-7.216108,9:00-17:00,9:00-17:00,9:00-17:00,9:00-17:00,9:00-17:00,10:00-16:00,Closed,true,true,false,false
Books Cluj-Napoca,"Quality books & media services in Cluj-Napoca, Romania. Professional and reliable business serving the local community.",58,info@bookscluj-napoca.com,+90-364-4270,https://www.bookscluj-napoca.com,2 King Street,Cluj-Napoca,Romania,70143,53.3988,11.440848,9:00-17:00,9:00-17:00,9:00-17:00,9:00-17:00,9:00-17:00,10:00-16:00,Closed,true,true,false,false
Banská Bystrica Library,"Quality books & media services in Banská Bystrica, Slovakia. Professional and reliable business serving the local community.",58,info@banskábystricalibrary.com,+98-415-5742,https://www.banskábystricalibrary.com,15 High Street,Banská Bystrica,Slovakia,72681,67.106462,23.408983,9:00-17:00,9:00-17:00,9:00-17:00,9:00-17:00,9:00-17:00,10:00-16:00,Closed,true,true,false,true
Read Koper,"Quality books & media services in Koper, Slovenia. Professional and reliable business serving the local community.",58,info@readkoper.com,+99-938-9643,https://www.readkoper.com,373 Queen Street,Koper,Slovenia,28048,54.607551,-3.395022,9:00-17:00,9:00-17:00,9:00-17:00,9:00-17:00,9:00-17:00,10:00-16:00,Closed,true,true,false,false
Media Malmö,"Quality books & media services in Malmö, Sweden. Professional and reliable business serving the local community.",58,info@mediamalmö.com,+38-326-1743,https://www.mediamalmö.com,671 High Street,Malmö,Sweden,14669,54.712023,5.450467,9:00-17:00,9:00-17:00,9:00-17:00,9:00-17:00,9:00-17:00,10:00-16:00,Closed,true,true,false,false
Novel Salzburg,"Quality bookstore services in Salzburg, Austria. Professional and reliable business serving the local community.",5,info@novelsalzburg.com,+79-399-1354,https://www.novelsalzburg.com,71 King Street,Salzburg,Austria,47176,46.400952,8.926169,9:00-17:00,9:00-17:00,9:00-17:00,9:00-17:00,9:00-17:00,10:00-16:00,Closed,true,true,false,false
Bookstore Plovdiv,"Quality bookstore services in Plovdiv, Bulgaria. Professional and reliable business serving the local community.",5,info@bookstoreplovdiv.com,+65-864-8506,https://www.bookstoreplovdiv.com,89 High Street,Plovdiv,Bulgaria,60669,54.774854,-0.033725,9:00-17:00,9:00-17:00,9:00-17:00,9:00-17:00,9:00-17:00,10:00-16:00,Closed,true,true,false,true
Split Books,"Quality bookstore services in Split, Croatia. Professional and reliable business serving the local community.",5,info@splitbooks.com,+72-773-6228,https://www.splitbooks.com,797 Main Street,Split,Croatia,13893,44.419657,-4.986165,9:00-17:00,9:00-17:00,9:00-17:00,9:00-17:00,9:00-17:00,10:00-16:00,Closed,true,true,false,true
Read Nicosia,"Quality bookstore services in Nicosia, Cyprus. Professional and reliable business serving the local community.",5,info@readnicosia.com,+31-733-5889,https://www.readnicosia.com,935 King Street,Nicosia,Cyprus,16519,61.754099,-3.148976,9:00-17:00,9:00-17:00,9:00-17:00,9:00-17:00,9:00-17:00,10:00-16:00,Closed,true,true,false,false
Ostrava Books,"Quality bookstore services in Ostrava, Czech Republic. Professional and reliable business serving the local community.",5,info@ostravabooks.com,+97-521-7537,https://www.ostravabooks.com,626 Church Street,Ostrava,Czech Republic,64364,65.171995,-2.714169,9:00-17:00,9:00-17:00,9:00-17:00,9:00-17:00,9:00-17:00,10:00-16:00,Closed,true,true,false,true
Bookstore Odense,"Quality bookstore services in Odense, Denmark. Professional and reliable business serving the local community.",5,info@bookstoreodense.com,+52-577-9945,https://www.bookstoreodense.com,626 Main Street,Odense,Denmark,20406,54.639509,8.678179,9:00-17:00,9:00-17:00,9:00-17:00,9:00-17:00,9:00-17:00,10:00-16:00,Closed,true,true,false,false
Library Kohtla-Järve,"Quality bookstore services in Kohtla-Järve, Estonia. Professional and reliable business serving the local community.",5,info@librarykohtla-järve.com,+74-861-1753,https://www.librarykohtla-järve.com,939 High Street,Kohtla-Järve,Estonia,31723,36.133082,14.801595,9:00-17:00,9:00-17:00,9:00-17:00,9:00-17:00,9:00-17:00,10:00-16:00,Closed,true,true,false,false
Read Vantaa,"Quality bookstore services in Vantaa, Finland. Professional and reliable business serving the local community.",5,info@readvantaa.com,+43-698-5692,https://www.readvantaa.com,775 Main Street,Vantaa,Finland,14233,51.123667,28.709257,9:00-17:00,9:00-17:00,9:00-17:00,9:00-17:00,9:00-17:00,10:00-16:00,Closed,true,true,false,false
Patras Books,"Quality bookstore services in Patras, Greece. Professional and reliable business serving the local community.",5,info@patrasbooks.com,+89-623-8735,https://www.patrasbooks.com,811 Queen Street,Patras,Greece,97810,69.182954,8.759732,9:00-17:00,9:00-17:00,9:00-17:00,9:00-17:00,9:00-17:00,10:00-16:00,Closed,true,true,false,true
Read Budapest,"Quality bookstore services in Budapest, Hungary. Professional and reliable business serving the local community.",5,info@readbudapest.com,+55-490-5627,https://www.readbudapest.com,897 Queen Street,Budapest,Hungary,29051,47.822155,-3.753032,9:00-17:00,9:00-17:00,9:00-17:00,9:00-17:00,9:00-17:00,10:00-16:00,Closed,true,true,false,false
Read Waterford,"Quality bookstore services in Waterford, Ireland. Professional and reliable business serving the local community.",5,info@readwaterford.com,+84-429-9420,https://www.readwaterford.com,97 Main Street,Waterford,Ireland,55192,49.734328,-2.24004,9:00-17:00,9:00-17:00,9:00-17:00,9:00-17:00,9:00-17:00,10:00-16:00,Closed,true,true,false,true
Bookstore Naples,"Quality bookstore services in Naples, Italy. Professional and reliable business serving the local community.",5,info@bookstorenaples.com,+47-313-3651,https://www.bookstorenaples.com,316 Church Street,Naples,Italy,53321,39.838909,-0.510971,9:00-17:00,9:00-17:00,9:00-17:00,9:00-17:00,9:00-17:00,10:00-16:00,Closed,true,true,false,false
Library Liepāja,"Quality bookstore services in Liepāja, Latvia. Professional and reliable business serving the local community.",5,info@libraryliepāja.com,+55-410-5509,https://www.libraryliepāja.com,182 Queen Street,Liepāja,Latvia,47437,44.528994,3.97422,9:00-17:00,9:00-17:00,9:00-17:00,9:00-17:00,9:00-17:00,10:00-16:00,Closed,true,true,false,false
Bookstore Kaunas,"Quality bookstore services in Kaunas, Lithuania. Professional and reliable business serving the local community.",5,info@bookstorekaunas.com,+71-848-9439,https://www.bookstorekaunas.com,28 Queen Street,Kaunas,Lithuania,28139,44.88322,15.774104,9:00-17:00,9:00-17:00,9:00-17:00,9:00-17:00,9:00-17:00,10:00-16:00,Closed,true,true,false,false
Library Luxembourg City,"Quality bookstore services in Luxembourg City, Luxembourg. Professional and reliable business serving the local community.",5,info@libraryluxembourgcity.com,+40-927-2383,https://www.libraryluxembourgcity.com,313 High Street,Luxembourg City,Luxembourg,97636,52.912788,15.62719,9:00-17:00,9:00-17:00,9:00-17:00,9:00-17:00,9:00-17:00,10:00-16:00,Closed,true,true,false,true
Novel Qormi,"Quality bookstore services in Qormi, Malta. Professional and reliable business serving the local community.",5,info@novelqormi.com,+74-372-7208,https://www.novelqormi.com,994 Church Street,Qormi,Malta,41082,55.225744,4.890888,9:00-17:00,9:00-17:00,9:00-17:00,9:00-17:00,9:00-17:00,10:00-16:00,Closed,true,true,false,true
Novel Łódź,"Quality bookstore services in Łódź, Poland. Professional and reliable business serving the local community.",5,info@novelłódź.com,+89-329-3557,https://www.novelłódź.com,145 Main Street,Łódź,Poland,95777,58.515616,22.038604,9:00-17:00,9:00-17:00,9:00-17:00,9:00-17:00,9:00-17:00,10:00-16:00,Closed,true,true,false,true
Bookstore Timișoara,"Quality bookstore services in Timișoara, Romania. Professional and reliable business serving the local community.",5,info@bookstoretimișoara.com,+62-697-5811,https://www.bookstoretimișoara.com,522 Queen Street,Timișoara,Romania,68413,48.741513,-3.111485,9:00-17:00,9:00-17:00,9:00-17:00,9:00-17:00,9:00-17:00,10:00-16:00,Closed,true,true,false,false
Read Žilina,"Quality bookstore services in Žilina, Slovakia. Professional and reliable business serving the local community.",5,info@readžilina.com,+70-169-1008,https://www.readžilina.com,420 Church Street,Žilina,Slovakia,73665,36.809421,6.441784,9:00-17:00,9:00-17:00,9:00-17:00,9:00-17:00,9:00-17:00,10:00-16:00,Closed,true,true,false,true
Novel Ljubljana,"Quality bookstore services in Ljubljana, Slovenia. Professional and reliable business serving the local community.",5,info@novelljubljana.com,+91-389-5065,https://www.novelljubljana.com,929 High Street,Ljubljana,Slovenia,34900,65.664863,7.595861,9:00-17:00,9:00-17:00,9:00-17:00,9:00-17:00,9:00-17:00,10:00-16:00,Closed,true,true,false,true
Library Malmö,"Quality bookstore services in Malmö, Sweden. Professional and reliable business serving the local community.",5,info@librarymalmö.com,+93-813-5777,https://www.librarymalmö.com,96 Main Street,Malmö,Sweden,27503,43.677158,21.039109,9:00-17:00,9:00-17:00,9:00-17:00,9:00-17:00,9:00-17:00,10:00-16:00,Closed,true,true,false,false
Pin Vienna,"Quality bowling alleys services in Vienna, Austria. Professional and reliable business serving the local community.",44,info@pinvienna.com,+95-562-4477,https://www.pinvienna.com,527 Queen Street,Vienna,Austria,54266,35.176675,14.824885,9:00-17:00,9:00-17:00,9:00-17:00,9:00-17:00,9:00-17:00,10:00-16:00,Closed,true,true,false,false
Bowl Sofia,"Quality bowling alleys services in Sofia, Bulgaria. Professional and reliable business serving the local community.",44,info@bowlsofia.com,+96-268-1902,https://www.bowlsofia.com,252 Church Street,Sofia,Bulgaria,50899,38.000497,17.902036,9:00-17:00,9:00-17:00,9:00-17:00,9:00-17:00,9:00-17:00,10:00-16:00,Closed,true,true,false,true
Strike Zadar,"Quality bowling alleys services in Zadar, Croatia. Professional and reliable business serving the local community.",44,info@strikezadar.com,+60-801-4871,https://www.strikezadar.com,904 High Street,Zadar,Croatia,87824,39.707983,-6.54716,9:00-17:00,9:00-17:00,9:00-17:00,9:00-17:00,9:00-17:00,10:00-16:00,Closed,true,true,false,true
Famagusta Lanes,"Quality bowling alleys services in Famagusta, Cyprus. Professional and reliable business serving the local community.",44,info@famagustalanes.com,+75-873-8622,https://www.famagustalanes.com,134 Main Street,Famagusta,Cyprus,13346,58.102878,-5.911393,9:00-17:00,9:00-17:00,9:00-17:00,9:00-17:00,9:00-17:00,10:00-16:00,Closed,true,true,false,false
Bowl Brno,"Quality bowling alleys services in Brno, Czech Republic. Professional and reliable business serving the local community.",44,info@bowlbrno.com,+32-161-7619,https://www.bowlbrno.com,901 High Street,Brno,Czech Republic,45370,56.568374,14.144604,9:00-17:00,9:00-17:00,9:00-17:00,9:00-17:00,9:00-17:00,10:00-16:00,Closed,true,true,false,false
Bowl Aalborg,"Quality bowling alleys services in Aalborg, Denmark. Professional and reliable business serving the local community.",44,info@bowlaalborg.com,+99-406-7394,https://www.bowlaalborg.com,982 Main Street,Aalborg,Denmark,90731,60.061184,-1.30215,9:00-17:00,9:00-17:00,9:00-17:00,9:00-17:00,9:00-17:00,10:00-16:00,Closed,true,true,false,true
Strike Tallinn,"Quality bowling alleys services in Tallinn, Estonia. Professional and reliable business serving the local community.",44,info@striketallinn.com,+66-611-8972,https://www.striketallinn.com,566 King Street,Tallinn,Estonia,39898,64.571044,15.540884,9:00-17:00,9:00-17:00,9:00-17:00,9:00-17:00,9:00-17:00,10:00-16:00,Closed,true,true,false,false
Strike Espoo,"Quality bowling alleys services in Espoo, Finland. Professional and reliable business serving the local community.",44,info@strikeespoo.com,+61-835-7245,https://www.strikeespoo.com,849 Church Street,Espoo,Finland,16780,38.692579,6.880434,9:00-17:00,9:00-17:00,9:00-17:00,9:00-17:00,9:00-17:00,10:00-16:00,Closed,true,true,false,true
Larissa Lanes,"Quality bowling alleys services in Larissa, Greece. Professional and reliable business serving the local community.",44,info@larissalanes.com,+70-609-2721,https://www.larissalanes.com,211 Church Street,Larissa,Greece,71345,50.148794,3.366477,9:00-17:00,9:00-17:00,9:00-17:00,9:00-17:00,9:00-17:00,10:00-16:00,Closed,true,true,false,false
Pin Pécs,"Quality bowling alleys services in Pécs, Hungary. Professional and reliable business serving the local community.",44,info@pinpécs.com,+95-619-4130,https://www.pinpécs.com,42 Queen Street,Pécs,Hungary,27843,44.605961,13.351098,9:00-17:00,9:00-17:00,9:00-17:00,9:00-17:00,9:00-17:00,10:00-16:00,Closed,true,true,false,true
Limerick Lanes,"Quality bowling alleys services in Limerick, Ireland. Professional and reliable business serving the local community.",44,info@limericklanes.com,+70-733-5207,https://www.limericklanes.com,992 King Street,Limerick,Ireland,52006,52.790776,5.198908,9:00-17:00,9:00-17:00,9:00-17:00,9:00-17:00,9:00-17:00,10:00-16:00,Closed,true,true,false,false
Bowl Milan,"Quality bowling alleys services in Milan, Italy. Professional and reliable business serving the local community.",44,info@bowlmilan.com,+60-805-8529,https://www.bowlmilan.com,122 Church Street,Milan,Italy,15492,39.099798,6.989546,9:00-17:00,9:00-17:00,9:00-17:00,9:00-17:00,9:00-17:00,10:00-16:00,Closed,true,true,false,true
Jūrmala Lanes,"Quality bowling alleys services in Jūrmala, Latvia. Professional and reliable business serving the local community.",44,info@jūrmalalanes.com,+82-274-9505,https://www.jūrmalalanes.com,2 Church Street,Jūrmala,Latvia,16373,55.076548,26.558852,9:00-17:00,9:00-17:00,9:00-17:00,9:00-17:00,9:00-17:00,10:00-16:00,Closed,true,true,false,true
Strike Panevėžys,"Quality bowling alleys services in Panevėžys, Lithuania. Professional and reliable business serving the local community.",44,info@strikepanevėžys.com,+67-147-1320,https://www.strikepanevėžys.com,998 Church Street,Panevėžys,Lithuania,21542,48.349808,29.759772,9:00-17:00,9:00-17:00,9:00-17:00,9:00-17:00,9:00-17:00,10:00-16:00,Closed,true,true,false,false
Esch-sur-Alzette Lanes,"Quality bowling alleys services in Esch-sur-Alzette, Luxembourg. Professional and reliable business serving the local community.",44,info@esch-sur-alzettelanes.com,+91-685-7465,https://www.esch-sur-alzettelanes.com,638 Church Street,Esch-sur-Alzette,Luxembourg,39791,47.701252,14.686137,9:00-17:00,9:00-17:00,9:00-17:00,9:00-17:00,9:00-17:00,10:00-16:00,Closed,true,true,false,true
Bowl Valletta,"Quality bowling alleys services in Valletta, Malta. Professional and reliable business serving the local community.",44,info@bowlvalletta.com,+33-132-1258,https://www.bowlvalletta.com,564 King Street,Valletta,Malta,26110,65.168071,9.206083,9:00-17:00,9:00-17:00,9:00-17:00,9:00-17:00,9:00-17:00,10:00-16:00,Closed,true,true,false,true
Wrocław Lanes,"Quality bowling alleys services in Wrocław, Poland. Professional and reliable business serving the local community.",44,info@wrocławlanes.com,+43-853-1278,https://www.wrocławlanes.com,103 Church Street,Wrocław,Poland,19709,48.295142,-8.403067,9:00-17:00,9:00-17:00,9:00-17:00,9:00-17:00,9:00-17:00,10:00-16:00,Closed,true,true,false,true
Alley Timișoara,"Quality bowling alleys services in Timișoara, Romania. Professional and reliable business serving the local community.",44,info@alleytimișoara.com,+58-379-9946,https://www.alleytimișoara.com,664 Church Street,Timișoara,Romania,29751,41.212317,12.670873,9:00-17:00,9:00-17:00,9:00-17:00,9:00-17:00,9:00-17:00,10:00-16:00,Closed,true,true,false,false
Banská Bystrica Lanes,"Quality bowling alleys services in Banská Bystrica, Slovakia. Professional and reliable business serving the local community.",44,info@banskábystricalanes.com,+80-856-8753,https://www.banskábystricalanes.com,816 King Street,Banská Bystrica,Slovakia,53445,49.575745,13.009937,9:00-17:00,9:00-17:00,9:00-17:00,9:00-17:00,9:00-17:00,10:00-16:00,Closed,true,true,false,false
Alley Ljubljana,"Quality bowling alleys services in Ljubljana, Slovenia. Professional and reliable business serving the local community.",44,info@alleyljubljana.com,+91-252-1623,https://www.alleyljubljana.com,639 King Street,Ljubljana,Slovenia,60685,65.818366,2.345864,9:00-17:00,9:00-17:00,9:00-17:00,9:00-17:00,9:00-17:00,10:00-16:00,Closed,true,true,false,true
Alley Stockholm,"Quality bowling alleys services in Stockholm, Sweden. Professional and reliable business serving the local community.",44,info@alleystockholm.com,+31-105-5321,https://www.alleystockholm.com,132 King Street,Stockholm,Sweden,71720,68.21912,-9.497322,9:00-17:00,9:00-17:00,9:00-17:00,9:00-17:00,9:00-17:00,10:00-16:00,Closed,true,true,false,false
Expert Graz,"Quality business consultants services in Graz, Austria. Professional and reliable business serving the local community.",18,info@expertgraz.com,+98-230-6078,https://www.expertgraz.com,784 King Street,Graz,Austria,82326,47.62109,-5.112012,9:00-17:00,9:00-17:00,9:00-17:00,9:00-17:00,9:00-17:00,10:00-16:00,Closed,true,true,false,true
Expert Burgas,"Quality business consultants services in Burgas, Bulgaria. Professional and reliable business serving the local community.",18,info@expertburgas.com,+33-730-3146,https://www.expertburgas.com,934 King Street,Burgas,Bulgaria,19237,67.454782,-9.959993,9:00-17:00,9:00-17:00,9:00-17:00,9:00-17:00,9:00-17:00,10:00-16:00,Closed,true,true,false,false
Expert Zagreb,"Quality business consultants services in Zagreb, Croatia. Professional and reliable business serving the local community.",18,info@expertzagreb.com,+87-812-7286,https://www.expertzagreb.com,810 High Street,Zagreb,Croatia,69361,49.727751,0.542317,9:00-17:00,9:00-17:00,9:00-17:00,9:00-17:00,9:00-17:00,10:00-16:00,Closed,true,true,false,false
Consult Nicosia,"Quality business consultants services in Nicosia, Cyprus. Professional and reliable business serving the local community.",18,info@consultnicosia.com,+66-300-5329,https://www.consultnicosia.com,709 High Street,Nicosia,Cyprus,80481,49.382546,6.5508,9:00-17:00,9:00-17:00,9:00-17:00,9:00-17:00,9:00-17:00,10:00-16:00,Closed,true,true,false,false
Business Brno,"Quality business consultants services in Brno, Czech Republic. Professional and reliable business serving the local community.",18,info@businessbrno.com,+52-599-1552,https://www.businessbrno.com,468 King Street,Brno,Czech Republic,13739,40.968938,-7.884522,9:00-17:00,9:00-17:00,9:00-17:00,9:00-17:00,9:00-17:00,10:00-16:00,Closed,true,true,false,true
Strategy Esbjerg,"Quality business consultants services in Esbjerg, Denmark. Professional and reliable business serving the local community.",18,info@strategyesbjerg.com,+49-477-2282,https://www.strategyesbjerg.com,932 Main Street,Esbjerg,Denmark,83166,37.893041,-7.847125,9:00-17:00,9:00-17:00,9:00-17:00,9:00-17:00,9:00-17:00,10:00-16:00,Closed,true,true,false,true
Expert Narva,"Quality business consultants services in Narva, Estonia. Professional and reliable business serving the local community.",18,info@expertnarva.com,+63-119-5614,https://www.expertnarva.com,424 Main Street,Narva,Estonia,82938,58.826834,28.755147,9:00-17:00,9:00-17:00,9:00-17:00,9:00-17:00,9:00-17:00,10:00-16:00,Closed,true,true,false,true
Consult Espoo,"Quality business consultants services in Espoo, Finland. Professional and reliable business serving the local community.",18,info@consultespoo.com,+54-149-5763,https://www.consultespoo.com,835 Church Street,Espoo,Finland,98860,47.332774,-5.381307,9:00-17:00,9:00-17:00,9:00-17:00,9:00-17:00,9:00-17:00,10:00-16:00,Closed,true,true,false,true
Expert Heraklion,"Quality business consultants services in Heraklion, Greece. Professional and reliable business serving the local community.",18,info@expertheraklion.com,+69-813-5168,https://www.expertheraklion.com,260 King Street,Heraklion,Greece,21353,39.166497,15.107411,9:00-17:00,9:00-17:00,9:00-17:00,9:00-17:00,9:00-17:00,10:00-16:00,Closed,true,true,false,true
Strategy Pécs,"Quality business consultants services in Pécs, Hungary. Professional and reliable business serving the local community.",18,info@strategypécs.com,+83-562-1580,https://www.strategypécs.com,774 High Street,Pécs,Hungary,21465,55.960498,-3.617266,9:00-17:00,9:00-17:00,9:00-17:00,9:00-17:00,9:00-17:00,10:00-16:00,Closed,true,true,false,false
Expert Waterford,"Quality business consultants services in Waterford, Ireland. Professional and reliable business serving the local community.",18,info@expertwaterford.com,+37-423-9917,https://www.expertwaterford.com,635 High Street,Waterford,Ireland,92640,40.94242,20.663045,9:00-17:00,9:00-17:00,9:00-17:00,9:00-17:00,9:00-17:00,10:00-16:00,Closed,true,true,false,false
Business Palermo,"Quality business consultants services in Palermo, Italy. Professional and reliable business serving the local community.",18,info@businesspalermo.com,+75-924-6232,https://www.businesspalermo.com,730 High Street,Palermo,Italy,88258,35.067673,-8.256776,9:00-17:00,9:00-17:00,9:00-17:00,9:00-17:00,9:00-17:00,10:00-16:00,Closed,true,true,false,false
Strategy Jūrmala,"Quality business consultants services in Jūrmala, Latvia. Professional and reliable business serving the local community.",18,info@strategyjūrmala.com,+87-631-7424,https://www.strategyjūrmala.com,595 Main Street,Jūrmala,Latvia,55746,65.322833,4.369507,9:00-17:00,9:00-17:00,9:00-17:00,9:00-17:00,9:00-17:00,10:00-16:00,Closed,true,true,false,false
Business Kaunas,"Quality business consultants services in Kaunas, Lithuania. Professional and reliable business serving the local community.",18,info@businesskaunas.com,+50-820-7819,https://www.businesskaunas.com,798 Church Street,Kaunas,Lithuania,19241,61.439509,-3.833992,9:00-17:00,9:00-17:00,9:00-17:00,9:00-17:00,9:00-17:00,10:00-16:00,Closed,true,true,false,true
Consult Dudelange,"Quality business consultants services in Dudelange, Luxembourg. Professional and reliable business serving the local community.",18,info@consultdudelange.com,+48-190-8576,https://www.consultdudelange.com,889 Church Street,Dudelange,Luxembourg,73116,41.066131,-6.012438,9:00-17:00,9:00-17:00,9:00-17:00,9:00-17:00,9:00-17:00,10:00-16:00,Closed,true,true,false,false
Strategy Valletta,"Quality business consultants services in Valletta, Malta. Professional and reliable business serving the local community.",18,info@strategyvalletta.com,+42-380-9460,https://www.strategyvalletta.com,97 Main Street,Valletta,Malta,37198,36.275212,7.83787,9:00-17:00,9:00-17:00,9:00-17:00,9:00-17:00,9:00-17:00,10:00-16:00,Closed,true,true,false,false
Strategy Łódź,"Quality business consultants services in Łódź, Poland. Professional and reliable business serving the local community.",18,info@strategyłódź.com,+69-292-5628,https://www.strategyłódź.com,971 Church Street,Łódź,Poland,62344,38.893798,5.79749,9:00-17:00,9:00-17:00,9:00-17:00,9:00-17:00,9:00-17:00,10:00-16:00,Closed,true,true,false,true
Consult Cluj-Napoca,"Quality business consultants services in Cluj-Napoca, Romania. Professional and reliable business serving the local community.",18,info@consultcluj-napoca.com,+51-855-9542,https://www.consultcluj-napoca.com,643 Queen Street,Cluj-Napoca,Romania,34248,57.557827,1.351542,9:00-17:00,9:00-17:00,9:00-17:00,9:00-17:00,9:00-17:00,10:00-16:00,Closed,true,true,false,false
Expert Prešov,"Quality business consultants services in Prešov, Slovakia. Professional and reliable business serving the local community.",18,info@expertprešov.com,+78-864-7925,https://www.expertprešov.com,761 King Street,Prešov,Slovakia,68451,56.562652,20.46096,9:00-17:00,9:00-17:00,9:00-17:00,9:00-17:00,9:00-17:00,10:00-16:00,Closed,true,true,false,false
Expert Ljubljana,"Quality business consultants services in Ljubljana, Slovenia. Professional and reliable business serving the local community.",18,info@expertljubljana.com,+93-212-2543,https://www.expertljubljana.com,50 Church Street,Ljubljana,Slovenia,55429,51.768028,-8.232684,9:00-17:00,9:00-17:00,9:00-17:00,9:00-17:00,9:00-17:00,10:00-16:00,Closed,true,true,false,false
Consult Stockholm,"Quality business consultants services in Stockholm, Sweden. Professional and reliable business serving the local community.",18,info@consultstockholm.com,+41-191-1037,https://www.consultstockholm.com,714 King Street,Stockholm,Sweden,65718,66.448378,18.139036,9:00-17:00,9:00-17:00,9:00-17:00,9:00-17:00,9:00-17:00,10:00-16:00,Closed,true,true,false,true
Bean Graz,"Quality cafes services in Graz, Austria. Professional and reliable business serving the local community.",50,info@beangraz.com,+41-203-3399,https://www.beangraz.com,422 Queen Street,Graz,Austria,74942,52.876465,21.400424,9:00-17:00,9:00-17:00,9:00-17:00,9:00-17:00,9:00-17:00,10:00-16:00,Closed,true,true,false,true
Bean Burgas,"Quality cafes services in Burgas, Bulgaria. Professional and reliable business serving the local community.",50,info@beanburgas.com,+63-430-2263,https://www.beanburgas.com,355 Church Street,Burgas,Bulgaria,78138,54.381907,-6.134332,9:00-17:00,9:00-17:00,9:00-17:00,9:00-17:00,9:00-17:00,10:00-16:00,Closed,true,true,false,false
Zagreb Brew,"Quality cafes services in Zagreb, Croatia. Professional and reliable business serving the local community.",50,info@zagrebbrew.com,+44-315-5833,https://www.zagrebbrew.com,300 Queen Street,Zagreb,Croatia,36837,64.805047,-9.768242,9:00-17:00,9:00-17:00,9:00-17:00,9:00-17:00,9:00-17:00,10:00-16:00,Closed,true,true,false,false
Coffee Paphos,"Quality cafes services in Paphos, Cyprus. Professional and reliable business serving the local community.",50,info@coffeepaphos.com,+69-972-1903,https://www.coffeepaphos.com,232 High Street,Paphos,Cyprus,71199,46.876459,4.933701,9:00-17:00,9:00-17:00,9:00-17:00,9:00-17:00,9:00-17:00,10:00-16:00,Closed,true,true,false,true
Coffee Prague,"Quality cafes services in Prague, Czech Republic. Professional and reliable business serving the local community.",50,info@coffeeprague.com,+61-252-1273,https://www.coffeeprague.com,731 Main Street,Prague,Czech Republic,18203,57.204925,9.910054,9:00-17:00,9:00-17:00,9:00-17:00,9:00-17:00,9:00-17:00,10:00-16:00,Closed,true,true,false,false
Espresso Aalborg,"Quality cafes services in Aalborg, Denmark. Professional and reliable business serving the local community.",50,info@espressoaalborg.com,+52-845-9641,https://www.espressoaalborg.com,198 Church Street,Aalborg,Denmark,83008,66.721806,-9.027921,9:00-17:00,9:00-17:00,9:00-17:00,9:00-17:00,9:00-17:00,10:00-16:00,Closed,true,true,false,true
Tallinn Brew,"Quality cafes services in Tallinn, Estonia. Professional and reliable business serving the local community.",50,info@tallinnbrew.com,+83-139-4550,https://www.tallinnbrew.com,789 Queen Street,Tallinn,Estonia,72511,63.526948,0.389128,9:00-17:00,9:00-17:00,9:00-17:00,9:00-17:00,9:00-17:00,10:00-16:00,Closed,true,true,false,true
Oulu Brew,"Quality cafes services in Oulu, Finland. Professional and reliable business serving the local community.",50,info@oulubrew.com,+38-394-9919,https://www.oulubrew.com,202 Church Street,Oulu,Finland,78934,54.126424,23.671907,9:00-17:00,9:00-17:00,9:00-17:00,9:00-17:00,9:00-17:00,10:00-16:00,Closed,true,true,false,true
Heraklion Brew,"Quality cafes services in Heraklion, Greece. Professional and reliable business serving the local community.",50,info@heraklionbrew.com,+85-623-4071,https://www.heraklionbrew.com,999 Queen Street,Heraklion,Greece,27961,45.479918,2.807124,9:00-17:00,9:00-17:00,9:00-17:00,9:00-17:00,9:00-17:00,10:00-16:00,Closed,true,true,false,false
Café Pécs,"Quality cafes services in Pécs, Hungary. Professional and reliable business serving the local community.",50,info@cafépécs.com,+40-479-8255,https://www.cafépécs.com,216 Main Street,Pécs,Hungary,47244,63.935425,9.814393,9:00-17:00,9:00-17:00,9:00-17:00,9:00-17:00,9:00-17:00,10:00-16:00,Closed,true,true,false,false
Espresso Waterford,"Quality cafes services in Waterford, Ireland. Professional and reliable business serving the local community.",50,info@espressowaterford.com,+73-416-7012,https://www.espressowaterford.com,112 Queen Street,Waterford,Ireland,40015,40.114807,25.525436,9:00-17:00,9:00-17:00,9:00-17:00,9:00-17:00,9:00-17:00,10:00-16:00,Closed,true,true,false,true
Naples Brew,"Quality cafes services in Naples, Italy. Professional and reliable business serving the local community.",50,info@naplesbrew.com,+39-201-5778,https://www.naplesbrew.com,799 King Street,Naples,Italy,79896,68.819968,2.666938,9:00-17:00,9:00-17:00,9:00-17:00,9:00-17:00,9:00-17:00,10:00-16:00,Closed,true,true,false,false
Coffee Daugavpils,"Quality cafes services in Daugavpils, Latvia. Professional and reliable business serving the local community.",50,info@coffeedaugavpils.com,+87-416-9308,https://www.coffeedaugavpils.com,778 Church Street,Daugavpils,Latvia,36282,49.937035,-4.430897,9:00-17:00,9:00-17:00,9:00-17:00,9:00-17:00,9:00-17:00,10:00-16:00,Closed,true,true,false,false
Bean Panevėžys,"Quality cafes services in Panevėžys, Lithuania. Professional and reliable business serving the local community.",50,info@beanpanevėžys.com,+92-723-3858,https://www.beanpanevėžys.com,850 King Street,Panevėžys,Lithuania,95924,63.029632,18.707405,9:00-17:00,9:00-17:00,9:00-17:00,9:00-17:00,9:00-17:00,10:00-16:00,Closed,true,true,false,false
Espresso Luxembourg City,"Quality cafes services in Luxembourg City, Luxembourg. Professional and reliable business serving the local community.",50,info@espressoluxembourgcity.com,+98-539-4152,https://www.espressoluxembourgcity.com,961 High Street,Luxembourg City,Luxembourg,32529,58.964049,-8.195951,9:00-17:00,9:00-17:00,9:00-17:00,9:00-17:00,9:00-17:00,10:00-16:00,Closed,true,true,false,true
Coffee Birkirkara,"Quality cafes services in Birkirkara, Malta. Professional and reliable business serving the local community.",50,info@coffeebirkirkara.com,+55-990-2338,https://www.coffeebirkirkara.com,754 Queen Street,Birkirkara,Malta,62467,61.376054,15.394733,9:00-17:00,9:00-17:00,9:00-17:00,9:00-17:00,9:00-17:00,10:00-16:00,Closed,true,true,false,true
Espresso Kraków,"Quality cafes services in Kraków, Poland. Professional and reliable business serving the local community.",50,info@espressokraków.com,+39-558-6457,https://www.espressokraków.com,386 Queen Street,Kraków,Poland,44517,48.724933,15.221241,9:00-17:00,9:00-17:00,9:00-17:00,9:00-17:00,9:00-17:00,10:00-16:00,Closed,true,true,false,true
Coffee Iași,"Quality cafes services in Iași, Romania. Professional and reliable business serving the local community.",50,info@coffeeiași.com,+57-347-1051,https://www.coffeeiași.com,464 Queen Street,Iași,Romania,67021,48.435552,29.114927,9:00-17:00,9:00-17:00,9:00-17:00,9:00-17:00,9:00-17:00,10:00-16:00,Closed,true,true,false,false
Café Banská Bystrica,"Quality cafes services in Banská Bystrica, Slovakia. Professional and reliable business serving the local community.",50,info@cafébanskábystrica.com,+33-861-3176,https://www.cafébanskábystrica.com,169 Church Street,Banská Bystrica,Slovakia,84127,38.718838,8.837637,9:00-17:00,9:00-17:00,9:00-17:00,9:00-17:00,9:00-17:00,10:00-16:00,Closed,true,true,false,false
Café Kranj,"Quality cafes services in Kranj, Slovenia. Professional and reliable business serving the local community.",50,info@cafékranj.com,+58-332-1574,https://www.cafékranj.com,325 Main Street,Kranj,Slovenia,95462,54.728873,3.925769,9:00-17:00,9:00-17:00,9:00-17:00,9:00-17:00,9:00-17:00,10:00-16:00,Closed,true,true,false,true
Bean Malmö,"Quality cafes services in Malmö, Sweden. Professional and reliable business serving the local community.",50,info@beanmalmö.com,+41-187-1446,https://www.beanmalmö.com,396 Church Street,Malmö,Sweden,60459,53.507993,21.22314,9:00-17:00,9:00-17:00,9:00-17:00,9:00-17:00,9:00-17:00,10:00-16:00,Closed,true,true,false,true
Coffee Innsbruck,"Quality café services in Innsbruck, Austria. Professional and reliable business serving the local community.",3,info@coffeeinnsbruck.com,+32-713-1976,https://www.coffeeinnsbruck.com,302 Main Street,Innsbruck,Austria,78922,58.84063,0.851441,9:00-17:00,9:00-17:00,9:00-17:00,9:00-17:00,9:00-17:00,10:00-16:00,Closed,true,true,false,false
Roast Burgas,"Quality café services in Burgas, Bulgaria. Professional and reliable business serving the local community.",3,info@roastburgas.com,+72-253-2158,https://www.roastburgas.com,604 Main Street,Burgas,Bulgaria,78150,36.363173,25.372592,9:00-17:00,9:00-17:00,9:00-17:00,9:00-17:00,9:00-17:00,10:00-16:00,Closed,true,true,false,false
Café Osijek,"Quality café services in Osijek, Croatia. Professional and reliable business serving the local community.",3,info@caféosijek.com,+95-609-6011,https://www.caféosijek.com,910 High Street,Osijek,Croatia,49668,49.955439,27.819307,9:00-17:00,9:00-17:00,9:00-17:00,9:00-17:00,9:00-17:00,10:00-16:00,Closed,true,true,false,false
Brew Famagusta,"Quality café services in Famagusta, Cyprus. Professional and reliable business serving the local community.",3,info@brewfamagusta.com,+96-641-3493,https://www.brewfamagusta.com,514 High Street,Famagusta,Cyprus,43741,52.109785,22.081011,9:00-17:00,9:00-17:00,9:00-17:00,9:00-17:00,9:00-17:00,10:00-16:00,Closed,true,true,false,true
Café Liberec,"Quality café services in Liberec, Czech Republic. Professional and reliable business serving the local community.",3,info@caféliberec.com,+57-906-6981,https://www.caféliberec.com,219 Main Street,Liberec,Czech Republic,48821,52.70585,27.531315,9:00-17:00,9:00-17:00,9:00-17:00,9:00-17:00,9:00-17:00,10:00-16:00,Closed,true,true,false,false
Brew Copenhagen,"Quality café services in Copenhagen, Denmark. Professional and reliable business serving the local community.",3,info@brewcopenhagen.com,+49-864-8965,https://www.brewcopenhagen.com,715 Queen Street,Copenhagen,Denmark,10299,44.488101,-0.315867,9:00-17:00,9:00-17:00,9:00-17:00,9:00-17:00,9:00-17:00,10:00-16:00,Closed,true,true,false,true
Tartu House,"Quality café services in Tartu, Estonia. Professional and reliable business serving the local community.",3,info@tartuhouse.com,+96-129-8377,https://www.tartuhouse.com,532 High Street,Tartu,Estonia,96935,59.396895,26.777483,9:00-17:00,9:00-17:00,9:00-17:00,9:00-17:00,9:00-17:00,10:00-16:00,Closed,true,true,false,false
Helsinki House,"Quality café services in Helsinki, Finland. Professional and reliable business serving the local community.",3,info@helsinkihouse.com,+96-557-4830,https://www.helsinkihouse.com,57 King Street,Helsinki,Finland,12943,35.914711,-7.760188,9:00-17:00,9:00-17:00,9:00-17:00,9:00-17:00,9:00-17:00,10:00-16:00,Closed,true,true,false,false
Heraklion House,"Quality café services in Heraklion, Greece. Professional and reliable business serving the local community.",3,info@heraklionhouse.com,+73-750-8622,https://www.heraklionhouse.com,164 Main Street,Heraklion,Greece,60507,59.746909,16.745132,9:00-17:00,9:00-17:00,9:00-17:00,9:00-17:00,9:00-17:00,10:00-16:00,Closed,true,true,false,false
Roast Miskolc,"Quality café services in Miskolc, Hungary. Professional and reliable business serving the local community.",3,info@roastmiskolc.com,+91-444-9399,https://www.roastmiskolc.com,411 Main Street,Miskolc,Hungary,22950,39.955837,27.911363,9:00-17:00,9:00-17:00,9:00-17:00,9:00-17:00,9:00-17:00,10:00-16:00,Closed,true,true,false,false
Coffee Galway,"Quality café services in Galway, Ireland. Professional and reliable business serving the local community.",3,info@coffeegalway.com,+82-277-4898,https://www.coffeegalway.com,800 King Street,Galway,Ireland,91591,63.500897,21.493223,9:00-17:00,9:00-17:00,9:00-17:00,9:00-17:00,9:00-17:00,10:00-16:00,Closed,true,true,false,false
Roast Rome,"Quality café services in Rome, Italy. Professional and reliable business serving the local community.",3,info@roastrome.com,+30-868-5583,https://www.roastrome.com,650 Main Street,Rome,Italy,91636,69.309129,-4.197418,9:00-17:00,9:00-17:00,9:00-17:00,9:00-17:00,9:00-17:00,10:00-16:00,Closed,true,true,false,false
Roast Jūrmala,"Quality café services in Jūrmala, Latvia. Professional and reliable business serving the local community.",3,info@roastjūrmala.com,+56-414-5966,https://www.roastjūrmala.com,69 High Street,Jūrmala,Latvia,25762,50.446698,6.091256,9:00-17:00,9:00-17:00,9:00-17:00,9:00-17:00,9:00-17:00,10:00-16:00,Closed,true,true,false,false
Coffee Kaunas,"Quality café services in Kaunas, Lithuania. Professional and reliable business serving the local community.",3,info@coffeekaunas.com,+58-558-2022,https://www.coffeekaunas.com,602 Queen Street,Kaunas,Lithuania,43657,54.634259,12.905354,9:00-17:00,9:00-17:00,9:00-17:00,9:00-17:00,9:00-17:00,10:00-16:00,Closed,true,true,false,false
Brew Esch-sur-Alzette,"Quality café services in Esch-sur-Alzette, Luxembourg. Professional and reliable business serving the local community.",3,info@brewesch-sur-alzette.com,+45-714-5990,https://www.brewesch-sur-alzette.com,488 High Street,Esch-sur-Alzette,Luxembourg,35882,55.192733,1.17146,9:00-17:00,9:00-17:00,9:00-17:00,9:00-17:00,9:00-17:00,10:00-16:00,Closed,true,true,false,true
Qormi House,"Quality café services in Qormi, Malta. Professional and reliable business serving the local community.",3,info@qormihouse.com,+57-765-2017,https://www.qormihouse.com,658 High Street,Qormi,Malta,37182,53.499727,-7.907211,9:00-17:00,9:00-17:00,9:00-17:00,9:00-17:00,9:00-17:00,10:00-16:00,Closed,true,true,false,false
Coffee Warsaw,"Quality café services in Warsaw, Poland. Professional and reliable business serving the local community.",3,info@coffeewarsaw.com,+92-900-5458,https://www.coffeewarsaw.com,550 Main Street,Warsaw,Poland,95966,50.752507,2.666046,9:00-17:00,9:00-17:00,9:00-17:00,9:00-17:00,9:00-17:00,10:00-16:00,Closed,true,true,false,true
Roast Bucharest,"Quality café services in Bucharest, Romania. Professional and reliable business serving the local community.",3,info@roastbucharest.com,+37-530-6696,https://www.roastbucharest.com,53 High Street,Bucharest,Romania,35925,57.18467,29.892062,9:00-17:00,9:00-17:00,9:00-17:00,9:00-17:00,9:00-17:00,10:00-16:00,Closed,true,true,false,false
Café Bratislava,"Quality café services in Bratislava, Slovakia. Professional and reliable business serving the local community.",3,info@cafébratislava.com,+60-443-2051,https://www.cafébratislava.com,354 Church Street,Bratislava,Slovakia,82546,49.609559,9.386496,9:00-17:00,9:00-17:00,9:00-17:00,9:00-17:00,9:00-17:00,10:00-16:00,Closed,true,true,false,true
Roast Maribor,"Quality café services in Maribor, Slovenia. Professional and reliable business serving the local community.",3,info@roastmaribor.com,+73-359-9240,https://www.roastmaribor.com,811 King Street,Maribor,Slovenia,72265,61.577605,3.857371,9:00-17:00,9:00-17:00,9:00-17:00,9:00-17:00,9:00-17:00,10:00-16:00,Closed,true,true,false,false
Café Gothenburg,"Quality café services in Gothenburg, Sweden. Professional and reliable business serving the local community.",3,info@cafégothenburg.com,+36-197-9990,https://www.cafégothenburg.com,646 High Street,Gothenburg,Sweden,59510,37.359751,-1.848882,9:00-17:00,9:00-17:00,9:00-17:00,9:00-17:00,9:00-17:00,10:00-16:00,Closed,true,true,false,false
Linz Beans,"Quality cafés & coffee services in Linz, Austria. Professional and reliable business serving the local community.",16,info@linzbeans.com,+32-287-3130,https://www.linzbeans.com,282 High Street,Linz,Austria,76732,61.80615,11.51754,9:00-17:00,9:00-17:00,9:00-17:00,9:00-17:00,9:00-17:00,10:00-16:00,Closed,true,true,false,true
Grind Ruse,"Quality cafés & coffee services in Ruse, Bulgaria. Professional and reliable business serving the local community.",16,info@grindruse.com,+78-165-5369,https://www.grindruse.com,472 King Street,Ruse,Bulgaria,25072,35.326507,23.826672,9:00-17:00,9:00-17:00,9:00-17:00,9:00-17:00,9:00-17:00,10:00-16:00,Closed,true,true,false,false
Brew Zadar,"Quality cafés & coffee services in Zadar, Croatia. Professional and reliable business serving the local community.",16,info@brewzadar.com,+84-841-4088,https://www.brewzadar.com,914 Main Street,Zadar,Croatia,42489,43.491677,-4.468691,9:00-17:00,9:00-17:00,9:00-17:00,9:00-17:00,9:00-17:00,10:00-16:00,Closed,true,true,false,false
Limassol Beans,"Quality cafés & coffee services in Limassol, Cyprus. Professional and reliable business serving the local community.",16,info@limassolbeans.com,+41-356-7690,https://www.limassolbeans.com,643 Church Street,Limassol,Cyprus,62917,65.721373,12.983271,9:00-17:00,9:00-17:00,9:00-17:00,9:00-17:00,9:00-17:00,10:00-16:00,Closed,true,true,false,true
Brew Prague,"Quality cafés & coffee services in Prague, Czech Republic. Professional and reliable business serving the local community.",16,info@brewprague.com,+88-805-6675,https://www.brewprague.com,215 Church Street,Prague,Czech Republic,74987,36.123418,-0.349864,9:00-17:00,9:00-17:00,9:00-17:00,9:00-17:00,9:00-17:00,10:00-16:00,Closed,true,true,false,true
Coffee Esbjerg,"Quality cafés & coffee services in Esbjerg, Denmark. Professional and reliable business serving the local community.",16,info@coffeeesbjerg.com,+84-902-5561,https://www.coffeeesbjerg.com,321 King Street,Esbjerg,Denmark,96469,45.694422,3.321749,9:00-17:00,9:00-17:00,9:00-17:00,9:00-17:00,9:00-17:00,10:00-16:00,Closed,true,true,false,true
Café Kohtla-Järve,"Quality cafés & coffee services in Kohtla-Järve, Estonia. Professional and reliable business serving the local community.",16,info@cafékohtla-järve.com,+98-178-8412,https://www.cafékohtla-järve.com,953 King Street,Kohtla-Järve,Estonia,19342,47.275128,26.328193,9:00-17:00,9:00-17:00,9:00-17:00,9:00-17:00,9:00-17:00,10:00-16:00,Closed,true,true,false,true
Brew Oulu,"Quality cafés & coffee services in Oulu, Finland. Professional and reliable business serving the local community.",16,info@brewoulu.com,+89-829-9438,https://www.brewoulu.com,420 King Street,Oulu,Finland,42068,46.945957,18.315681,9:00-17:00,9:00-17:00,9:00-17:00,9:00-17:00,9:00-17:00,10:00-16:00,Closed,true,true,false,true
Brew Larissa,"Quality cafés & coffee services in Larissa, Greece. Professional and reliable business serving the local community.",16,info@brewlarissa.com,+60-397-3897,https://www.brewlarissa.com,392 Main Street,Larissa,Greece,92129,40.745441,14.388258,9:00-17:00,9:00-17:00,9:00-17:00,9:00-17:00,9:00-17:00,10:00-16:00,Closed,true,true,false,true
Miskolc Beans,"Quality cafés & coffee services in Miskolc, Hungary. Professional and reliable business serving the local community.",16,info@miskolcbeans.com,+39-475-2724,https://www.miskolcbeans.com,42 Church Street,Miskolc,Hungary,12342,59.128865,6.558974,9:00-17:00,9:00-17:00,9:00-17:00,9:00-17:00,9:00-17:00,10:00-16:00,Closed,true,true,false,true
Coffee Waterford,"Quality cafés & coffee services in Waterford, Ireland. Professional and reliable business serving the local community.",16,info@coffeewaterford.com,+76-491-7613,https://www.coffeewaterford.com,13 High Street,Waterford,Ireland,10399,68.738262,11.786819,9:00-17:00,9:00-17:00,9:00-17:00,9:00-17:00,9:00-17:00,10:00-16:00,Closed,true,true,false,true
Coffee Palermo,"Quality cafés & coffee services in Palermo, Italy. Professional and reliable business serving the local community.",16,info@coffeepalermo.com,+71-673-7461,https://www.coffeepalermo.com,935 Church Street,Palermo,Italy,96701,53.861843,-4.287913,9:00-17:00,9:00-17:00,9:00-17:00,9:00-17:00,9:00-17:00,10:00-16:00,Closed,true,true,false,false
Grind Daugavpils,"Quality cafés & coffee services in Daugavpils, Latvia. Professional and reliable business serving the local community.",16,info@grinddaugavpils.com,+60-807-7877,https://www.grinddaugavpils.com,393 Church Street,Daugavpils,Latvia,45345,55.434509,6.604851,9:00-17:00,9:00-17:00,9:00-17:00,9:00-17:00,9:00-17:00,10:00-16:00,Closed,true,true,false,false
Brew Šiauliai,"Quality cafés & coffee services in Šiauliai, Lithuania. Professional and reliable business serving the local community.",16,info@brewšiauliai.com,+37-415-1939,https://www.brewšiauliai.com,119 High Street,Šiauliai,Lithuania,31605,53.292934,9.174407,9:00-17:00,9:00-17:00,9:00-17:00,9:00-17:00,9:00-17:00,10:00-16:00,Closed,true,true,false,false
Luxembourg City Beans,"Quality cafés & coffee services in Luxembourg City, Luxembourg. Professional and reliable business serving the local community.",16,info@luxembourgcitybeans.com,+93-696-7047,https://www.luxembourgcitybeans.com,685 King Street,Luxembourg City,Luxembourg,99916,38.725237,-6.24214,9:00-17:00,9:00-17:00,9:00-17:00,9:00-17:00,9:00-17:00,10:00-16:00,Closed,true,true,false,true
Brew Qormi,"Quality cafés & coffee services in Qormi, Malta. Professional and reliable business serving the local community.",16,info@brewqormi.com,+98-906-4594,https://www.brewqormi.com,101 Church Street,Qormi,Malta,32049,67.97629,5.416326,9:00-17:00,9:00-17:00,9:00-17:00,9:00-17:00,9:00-17:00,10:00-16:00,Closed,true,true,false,false
Café Poznań,"Quality cafés & coffee services in Poznań, Poland. Professional and reliable business serving the local community.",16,info@cafépoznań.com,+79-228-7408,https://www.cafépoznań.com,323 High Street,Poznań,Poland,74874,42.036819,0.772979,9:00-17:00,9:00-17:00,9:00-17:00,9:00-17:00,9:00-17:00,10:00-16:00,Closed,true,true,false,true
Coffee Bucharest,"Quality cafés & coffee services in Bucharest, Romania. Professional and reliable business serving the local community.",16,info@coffeebucharest.com,+65-885-1542,https://www.coffeebucharest.com,857 Queen Street,Bucharest,Romania,61516,45.664507,28.383615,9:00-17:00,9:00-17:00,9:00-17:00,9:00-17:00,9:00-17:00,10:00-16:00,Closed,true,true,false,true
Brew Žilina,"Quality cafés & coffee services in Žilina, Slovakia. Professional and reliable business serving the local community.",16,info@brewžilina.com,+70-506-2961,https://www.brewžilina.com,89 High Street,Žilina,Slovakia,71162,62.200812,14.549914,9:00-17:00,9:00-17:00,9:00-17:00,9:00-17:00,9:00-17:00,10:00-16:00,Closed,true,true,false,true
Brew Maribor,"Quality cafés & coffee services in Maribor, Slovenia. Professional and reliable business serving the local community.",16,info@brewmaribor.com,+34-322-7088,https://www.brewmaribor.com,163 Church Street,Maribor,Slovenia,63622,44.12034,-0.642347,9:00-17:00,9:00-17:00,9:00-17:00,9:00-17:00,9:00-17:00,10:00-16:00,Closed,true,true,false,false
Grind Stockholm,"Quality cafés & coffee services in Stockholm, Sweden. Professional and reliable business serving the local community.",16,info@grindstockholm.com,+82-783-7556,https://www.grindstockholm.com,672 High Street,Stockholm,Sweden,28495,48.077646,19.051628,9:00-17:00,9:00-17:00,9:00-17:00,9:00-17:00,9:00-17:00,10:00-16:00,Closed,true,true,false,true
Linz Motors,"Quality car dealers services in Linz, Austria. Professional and reliable business serving the local community.",29,info@linzmotors.com,+73-254-9724,https://www.linzmotors.com,416 Church Street,Linz,Austria,36734,48.32778,28.277432,9:00-17:00,9:00-17:00,9:00-17:00,9:00-17:00,9:00-17:00,10:00-16:00,Closed,true,true,false,false
Varna Motors,"Quality car dealers services in Varna, Bulgaria. Professional and reliable business serving the local community.",29,info@varnamotors.com,+67-741-6457,https://www.varnamotors.com,699 Queen Street,Varna,Bulgaria,12186,49.027906,13.200015,9:00-17:00,9:00-17:00,9:00-17:00,9:00-17:00,9:00-17:00,10:00-16:00,Closed,true,true,false,false
Zagreb Motors,"Quality car dealers services in Zagreb, Croatia. Professional and reliable business serving the local community.",29,info@zagrebmotors.com,+77-472-8854,https://www.zagrebmotors.com,300 Main Street,Zagreb,Croatia,24535,58.372987,25.778999,9:00-17:00,9:00-17:00,9:00-17:00,9:00-17:00,9:00-17:00,10:00-16:00,Closed,true,true,false,false
Drive Limassol,"Quality car dealers services in Limassol, Cyprus. Professional and reliable business serving the local community.",29,info@drivelimassol.com,+80-595-8145,https://www.drivelimassol.com,688 Queen Street,Limassol,Cyprus,51061,64.511033,-1.215963,9:00-17:00,9:00-17:00,9:00-17:00,9:00-17:00,9:00-17:00,10:00-16:00,Closed,true,true,false,true
Wheels Ostrava,"Quality car dealers services in Ostrava, Czech Republic. Professional and reliable business serving the local community.",29,info@wheelsostrava.com,+31-697-6707,https://www.wheelsostrava.com,579 Church Street,Ostrava,Czech Republic,20022,61.590605,-0.348002,9:00-17:00,9:00-17:00,9:00-17:00,9:00-17:00,9:00-17:00,10:00-16:00,Closed,true,true,false,true
Auto Aarhus,"Quality car dealers services in Aarhus, Denmark. Professional and reliable business serving the local community.",29,info@autoaarhus.com,+77-521-9606,https://www.autoaarhus.com,880 King Street,Aarhus,Denmark,44043,42.491217,23.229202,9:00-17:00,9:00-17:00,9:00-17:00,9:00-17:00,9:00-17:00,10:00-16:00,Closed,true,true,false,false
Tallinn Motors,"Quality car dealers services in Tallinn, Estonia. Professional and reliable business serving the local community.",29,info@tallinnmotors.com,+34-714-3895,https://www.tallinnmotors.com,639 Main Street,Tallinn,Estonia,73679,46.339065,-1.362851,9:00-17:00,9:00-17:00,9:00-17:00,9:00-17:00,9:00-17:00,10:00-16:00,Closed,true,true,false,true
Auto Vantaa,"Quality car dealers services in Vantaa, Finland. Professional and reliable business serving the local community.",29,info@autovantaa.com,+87-216-1096,https://www.autovantaa.com,946 Main Street,Vantaa,Finland,50846,55.889649,-3.719325,9:00-17:00,9:00-17:00,9:00-17:00,9:00-17:00,9:00-17:00,10:00-16:00,Closed,true,true,false,false
Heraklion Motors,"Quality car dealers services in Heraklion, Greece. Professional and reliable business serving the local community.",29,info@heraklionmotors.com,+33-164-2342,https://www.heraklionmotors.com,306 Church Street,Heraklion,Greece,62868,60.810383,7.54927,9:00-17:00,9:00-17:00,9:00-17:00,9:00-17:00,9:00-17:00,10:00-16:00,Closed,true,true,false,false
Auto Szeged,"Quality car dealers services in Szeged, Hungary. Professional and reliable business serving the local community.",29,info@autoszeged.com,+91-726-7771,https://www.autoszeged.com,4 King Street,Szeged,Hungary,88005,35.519928,6.376099,9:00-17:00,9:00-17:00,9:00-17:00,9:00-17:00,9:00-17:00,10:00-16:00,Closed,true,true,false,true
Wheels Galway,"Quality car dealers services in Galway, Ireland. Professional and reliable business serving the local community.",29,info@wheelsgalway.com,+65-383-5809,https://www.wheelsgalway.com,715 High Street,Galway,Ireland,51823,55.004444,-8.212588,9:00-17:00,9:00-17:00,9:00-17:00,9:00-17:00,9:00-17:00,10:00-16:00,Closed,true,true,false,false
Milan Motors,"Quality car dealers services in Milan, Italy. Professional and reliable business serving the local community.",29,info@milanmotors.com,+63-300-6913,https://www.milanmotors.com,474 High Street,Milan,Italy,37101,66.352631,12.641754,9:00-17:00,9:00-17:00,9:00-17:00,9:00-17:00,9:00-17:00,10:00-16:00,Closed,true,true,false,true
Cars Jelgava,"Quality car dealers services in Jelgava, Latvia. Professional and reliable business serving the local community.",29,info@carsjelgava.com,+85-922-4718,https://www.carsjelgava.com,116 Church Street,Jelgava,Latvia,95554,52.487521,17.886863,9:00-17:00,9:00-17:00,9:00-17:00,9:00-17:00,9:00-17:00,10:00-16:00,Closed,true,true,false,true
Cars Kaunas,"Quality car dealers services in Kaunas, Lithuania. Professional and reliable business serving the local community.",29,info@carskaunas.com,+44-592-5162,https://www.carskaunas.com,503 Main Street,Kaunas,Lithuania,61342,56.533879,10.771956,9:00-17:00,9:00-17:00,9:00-17:00,9:00-17:00,9:00-17:00,10:00-16:00,Closed,true,true,false,false
Esch-sur-Alzette Motors,"Quality car dealers services in Esch-sur-Alzette, Luxembourg. Professional and reliable business serving the local community.",29,info@esch-sur-alzettemotors.com,+34-637-6403,https://www.esch-sur-alzettemotors.com,162 Queen Street,Esch-sur-Alzette,Luxembourg,39243,46.181299,25.848867,9:00-17:00,9:00-17:00,9:00-17:00,9:00-17:00,9:00-17:00,10:00-16:00,Closed,true,true,false,false
Birkirkara Motors,"Quality car dealers services in Birkirkara, Malta. Professional and reliable business serving the local community.",29,info@birkirkaramotors.com,+55-692-5502,https://www.birkirkaramotors.com,210 Queen Street,Birkirkara,Malta,80945,64.616556,21.434977,9:00-17:00,9:00-17:00,9:00-17:00,9:00-17:00,9:00-17:00,10:00-16:00,Closed,true,true,false,false
Drive Wrocław,"Quality car dealers services in Wrocław, Poland. Professional and reliable business serving the local community.",29,info@drivewrocław.com,+95-514-6256,https://www.drivewrocław.com,7 Queen Street,Wrocław,Poland,87206,63.829078,18.147831,9:00-17:00,9:00-17:00,9:00-17:00,9:00-17:00,9:00-17:00,10:00-16:00,Closed,true,true,false,false
Cluj-Napoca Motors,"Quality car dealers services in Cluj-Napoca, Romania. Professional and reliable business serving the local community.",29,info@cluj-napocamotors.com,+86-872-3777,https://www.cluj-napocamotors.com,736 Church Street,Cluj-Napoca,Romania,95646,64.593956,14.534552,9:00-17:00,9:00-17:00,9:00-17:00,9:00-17:00,9:00-17:00,10:00-16:00,Closed,true,true,false,true
Cars Banská Bystrica,"Quality car dealers services in Banská Bystrica, Slovakia. Professional and reliable business serving the local community.",29,info@carsbanskábystrica.com,+71-178-7425,https://www.carsbanskábystrica.com,754 King Street,Banská Bystrica,Slovakia,56561,39.986001,25.53585,9:00-17:00,9:00-17:00,9:00-17:00,9:00-17:00,9:00-17:00,10:00-16:00,Closed,true,true,false,true
Auto Maribor,"Quality car dealers services in Maribor, Slovenia. Professional and reliable business serving the local community.",29,info@automaribor.com,+63-635-4192,https://www.automaribor.com,394 Church Street,Maribor,Slovenia,93688,53.654836,15.896939,9:00-17:00,9:00-17:00,9:00-17:00,9:00-17:00,9:00-17:00,10:00-16:00,Closed,true,true,false,false
Wheels Stockholm,"Quality car dealers services in Stockholm, Sweden. Professional and reliable business serving the local community.",29,info@wheelsstockholm.com,+69-784-1145,https://www.wheelsstockholm.com,266 High Street,Stockholm,Sweden,77358,58.099921,5.550558,9:00-17:00,9:00-17:00,9:00-17:00,9:00-17:00,9:00-17:00,10:00-16:00,Closed,true,true,false,true
Fortune Linz,"Quality casinos services in Linz, Austria. Professional and reliable business serving the local community.",48,info@fortunelinz.com,+68-932-7873,https://www.fortunelinz.com,864 High Street,Linz,Austria,63448,65.81533,12.189282,9:00-17:00,9:00-17:00,9:00-17:00,9:00-17:00,9:00-17:00,10:00-16:00,Closed,true,true,false,true
Gaming Plovdiv,"Quality casinos services in Plovdiv, Bulgaria. Professional and reliable business serving the local community.",48,info@gamingplovdiv.com,+85-581-2039,https://www.gamingplovdiv.com,137 Church Street,Plovdiv,Bulgaria,81115,36.800534,23.793678,9:00-17:00,9:00-17:00,9:00-17:00,9:00-17:00,9:00-17:00,10:00-16:00,Closed,true,true,false,true
Fortune Zadar,"Quality casinos services in Zadar, Croatia. Professional and reliable business serving the local community.",48,info@fortunezadar.com,+74-343-2130,https://www.fortunezadar.com,252 High Street,Zadar,Croatia,15419,35.20523,1.556576,9:00-17:00,9:00-17:00,9:00-17:00,9:00-17:00,9:00-17:00,10:00-16:00,Closed,true,true,false,false
Casino Famagusta,"Quality casinos services in Famagusta, Cyprus. Professional and reliable business serving the local community.",48,info@casinofamagusta.com,+61-431-7054,https://www.casinofamagusta.com,387 Queen Street,Famagusta,Cyprus,42143,40.133655,7.050545,9:00-17:00,9:00-17:00,9:00-17:00,9:00-17:00,9:00-17:00,10:00-16:00,Closed,true,true,false,false
Luck Liberec,"Quality casinos services in Liberec, Czech Republic. Professional and reliable business serving the local community.",48,info@luckliberec.com,+31-788-7008,https://www.luckliberec.com,566 High Street,Liberec,Czech Republic,28696,56.998628,23.984032,9:00-17:00,9:00-17:00,9:00-17:00,9:00-17:00,9:00-17:00,10:00-16:00,Closed,true,true,false,true
Gaming Copenhagen,"Quality casinos services in Copenhagen, Denmark. Professional and reliable business serving the local community.",48,info@gamingcopenhagen.com,+93-967-5354,https://www.gamingcopenhagen.com,503 Main Street,Copenhagen,Denmark,52873,48.918109,9.294072,9:00-17:00,9:00-17:00,9:00-17:00,9:00-17:00,9:00-17:00,10:00-16:00,Closed,true,true,false,false
Luck Kohtla-Järve,"Quality casinos services in Kohtla-Järve, Estonia. Professional and reliable business serving the local community.",48,info@luckkohtla-järve.com,+40-528-2731,https://www.luckkohtla-järve.com,703 Queen Street,Kohtla-Järve,Estonia,85659,44.065509,29.761966,9:00-17:00,9:00-17:00,9:00-17:00,9:00-17:00,9:00-17:00,10:00-16:00,Closed,true,true,false,false
Gaming Oulu,"Quality casinos services in Oulu, Finland. Professional and reliable business serving the local community.",48,info@gamingoulu.com,+44-840-6640,https://www.gamingoulu.com,628 Queen Street,Oulu,Finland,71669,60.154,26.691076,9:00-17:00,9:00-17:00,9:00-17:00,9:00-17:00,9:00-17:00,10:00-16:00,Closed,true,true,false,true
Luck Thessaloniki,"Quality casinos services in Thessaloniki, Greece. Professional and reliable business serving the local community.",48,info@luckthessaloniki.com,+96-487-3530,https://www.luckthessaloniki.com,492 King Street,Thessaloniki,Greece,22347,36.191763,3.2885,9:00-17:00,9:00-17:00,9:00-17:00,9:00-17:00,9:00-17:00,10:00-16:00,Closed,true,true,false,false
Casino Pécs,"Quality casinos services in Pécs, Hungary. Professional and reliable business serving the local community.",48,info@casinopécs.com,+55-360-2749,https://www.casinopécs.com,175 Queen Street,Pécs,Hungary,10758,39.377675,-3.015533,9:00-17:00,9:00-17:00,9:00-17:00,9:00-17:00,9:00-17:00,10:00-16:00,Closed,true,true,false,false
Gaming Limerick,"Quality casinos services in Limerick, Ireland. Professional and reliable business serving the local community.",48,info@gaminglimerick.com,+72-984-3890,https://www.gaminglimerick.com,667 Church Street,Limerick,Ireland,48115,66.774726,2.014568,9:00-17:00,9:00-17:00,9:00-17:00,9:00-17:00,9:00-17:00,10:00-16:00,Closed,true,true,false,false
Palermo Palace,"Quality casinos services in Palermo, Italy. Professional and reliable business serving the local community.",48,info@palermopalace.com,+69-652-8799,https://www.palermopalace.com,887 Main Street,Palermo,Italy,88889,36.09839,-1.683411,9:00-17:00,9:00-17:00,9:00-17:00,9:00-17:00,9:00-17:00,10:00-16:00,Closed,true,true,false,true
Casino Jūrmala,"Quality casinos services in Jūrmala, Latvia. Professional and reliable business serving the local community.",48,info@casinojūrmala.com,+83-736-4676,https://www.casinojūrmala.com,969 Church Street,Jūrmala,Latvia,88232,44.32403,23.844273,9:00-17:00,9:00-17:00,9:00-17:00,9:00-17:00,9:00-17:00,10:00-16:00,Closed,true,true,false,false
Fortune Šiauliai,"Quality casinos services in Šiauliai, Lithuania. Professional and reliable business serving the local community.",48,info@fortunešiauliai.com,+31-750-9301,https://www.fortunešiauliai.com,198 Queen Street,Šiauliai,Lithuania,82480,35.581951,13.455143,9:00-17:00,9:00-17:00,9:00-17:00,9:00-17:00,9:00-17:00,10:00-16:00,Closed,true,true,false,true
Fortune Dudelange,"Quality casinos services in Dudelange, Luxembourg. Professional and reliable business serving the local community.",48,info@fortunedudelange.com,+92-976-2810,https://www.fortunedudelange.com,768 Church Street,Dudelange,Luxembourg,45849,50.694252,19.411483,9:00-17:00,9:00-17:00,9:00-17:00,9:00-17:00,9:00-17:00,10:00-16:00,Closed,true,true,false,false
Birkirkara Palace,"Quality casinos services in Birkirkara, Malta. Professional and reliable business serving the local community.",48,info@birkirkarapalace.com,+63-142-3367,https://www.birkirkarapalace.com,800 Main Street,Birkirkara,Malta,20572,56.042519,28.793636,9:00-17:00,9:00-17:00,9:00-17:00,9:00-17:00,9:00-17:00,10:00-16:00,Closed,true,true,false,true
Warsaw Palace,"Quality casinos services in Warsaw, Poland. Professional and reliable business serving the local community.",48,info@warsawpalace.com,+46-671-3833,https://www.warsawpalace.com,731 Main Street,Warsaw,Poland,21914,66.400768,25.776229,9:00-17:00,9:00-17:00,9:00-17:00,9:00-17:00,9:00-17:00,10:00-16:00,Closed,true,true,false,false
Casino Bucharest,"Quality casinos services in Bucharest, Romania. Professional and reliable business serving the local community.",48,info@casinobucharest.com,+75-352-4878,https://www.casinobucharest.com,313 Church Street,Bucharest,Romania,27129,63.295661,3.069976,9:00-17:00,9:00-17:00,9:00-17:00,9:00-17:00,9:00-17:00,10:00-16:00,Closed,true,true,false,false
Fortune Bratislava,"Quality casinos services in Bratislava, Slovakia. Professional and reliable business serving the local community.",48,info@fortunebratislava.com,+96-705-2800,https://www.fortunebratislava.com,306 Church Street,Bratislava,Slovakia,50757,55.711397,28.742911,9:00-17:00,9:00-17:00,9:00-17:00,9:00-17:00,9:00-17:00,10:00-16:00,Closed,true,true,false,true
Fortune Maribor,"Quality casinos services in Maribor, Slovenia. Professional and reliable business serving the local community.",48,info@fortunemaribor.com,+59-528-6800,https://www.fortunemaribor.com,908 Church Street,Maribor,Slovenia,30647,57.813017,-0.565006,9:00-17:00,9:00-17:00,9:00-17:00,9:00-17:00,9:00-17:00,10:00-16:00,Closed,true,true,false,false
Fortune Västerås,"Quality casinos services in Västerås, Sweden. Professional and reliable business serving the local community.",48,info@fortunevästerås.com,+37-149-5466,https://www.fortunevästerås.com,375 Queen Street,Västerås,Sweden,10895,48.096136,25.547108,9:00-17:00,9:00-17:00,9:00-17:00,9:00-17:00,9:00-17:00,10:00-16:00,Closed,true,true,false,false
Graz Theater,"Quality cinemas services in Graz, Austria. Professional and reliable business serving the local community.",17,info@graztheater.com,+62-990-8469,https://www.graztheater.com,563 Church Street,Graz,Austria,28745,38.910656,7.813243,9:00-17:00,9:00-17:00,9:00-17:00,9:00-17:00,9:00-17:00,10:00-16:00,Closed,true,true,false,true
Cinema Burgas,"Quality cinemas services in Burgas, Bulgaria. Professional and reliable business serving the local community.",17,info@cinemaburgas.com,+61-310-9354,https://www.cinemaburgas.com,492 King Street,Burgas,Bulgaria,28320,66.112511,15.283414,9:00-17:00,9:00-17:00,9:00-17:00,9:00-17:00,9:00-17:00,10:00-16:00,Closed,true,true,false,true
Movies Split,"Quality cinemas services in Split, Croatia. Professional and reliable business serving the local community.",17,info@moviessplit.com,+92-171-8008,https://www.moviessplit.com,621 King Street,Split,Croatia,49875,35.322183,-7.817576,9:00-17:00,9:00-17:00,9:00-17:00,9:00-17:00,9:00-17:00,10:00-16:00,Closed,true,true,false,true
Screen Paphos,"Quality cinemas services in Paphos, Cyprus. Professional and reliable business serving the local community.",17,info@screenpaphos.com,+66-829-2404,https://www.screenpaphos.com,666 King Street,Paphos,Cyprus,70064,65.11462,25.61401,9:00-17:00,9:00-17:00,9:00-17:00,9:00-17:00,9:00-17:00,10:00-16:00,Closed,true,true,false,true
Plzen Theater,"Quality cinemas services in Plzen, Czech Republic. Professional and reliable business serving the local community.",17,info@plzentheater.com,+89-247-1388,https://www.plzentheater.com,8 King Street,Plzen,Czech Republic,12405,58.145276,-5.571019,9:00-17:00,9:00-17:00,9:00-17:00,9:00-17:00,9:00-17:00,10:00-16:00,Closed,true,true,false,true
Esbjerg Theater,"Quality cinemas services in Esbjerg, Denmark. Professional and reliable business serving the local community.",17,info@esbjergtheater.com,+91-811-4031,https://www.esbjergtheater.com,474 Church Street,Esbjerg,Denmark,94861,41.743758,-4.817605,9:00-17:00,9:00-17:00,9:00-17:00,9:00-17:00,9:00-17:00,10:00-16:00,Closed,true,true,false,true
Tartu Theater,"Quality cinemas services in Tartu, Estonia. Professional and reliable business serving the local community.",17,info@tartutheater.com,+56-438-9811,https://www.tartutheater.com,397 Queen Street,Tartu,Estonia,85247,69.703567,20.209753,9:00-17:00,9:00-17:00,9:00-17:00,9:00-17:00,9:00-17:00,10:00-16:00,Closed,true,true,false,false
Screen Vantaa,"Quality cinemas services in Vantaa, Finland. Professional and reliable business serving the local community.",17,info@screenvantaa.com,+64-643-5313,https://www.screenvantaa.com,920 King Street,Vantaa,Finland,73496,54.445231,14.113124,9:00-17:00,9:00-17:00,9:00-17:00,9:00-17:00,9:00-17:00,10:00-16:00,Closed,true,true,false,false
Movies Thessaloniki,"Quality cinemas services in Thessaloniki, Greece. Professional and reliable business serving the local community.",17,info@moviesthessaloniki.com,+44-304-9019,https://www.moviesthessaloniki.com,123 High Street,Thessaloniki,Greece,66704,58.469697,-2.079705,9:00-17:00,9:00-17:00,9:00-17:00,9:00-17:00,9:00-17:00,10:00-16:00,Closed,true,true,false,false
Pécs Theater,"Quality cinemas services in Pécs, Hungary. Professional and reliable business serving the local community.",17,info@pécstheater.com,+72-311-7316,https://www.pécstheater.com,76 High Street,Pécs,Hungary,26309,45.064219,-0.492787,9:00-17:00,9:00-17:00,9:00-17:00,9:00-17:00,9:00-17:00,10:00-16:00,Closed,true,true,false,false
Film Cork,"Quality cinemas services in Cork, Ireland. Professional and reliable business serving the local community.",17,info@filmcork.com,+53-145-1822,https://www.filmcork.com,767 High Street,Cork,Ireland,31607,46.304574,12.377768,9:00-17:00,9:00-17:00,9:00-17:00,9:00-17:00,9:00-17:00,10:00-16:00,Closed,true,true,false,false
Film Turin,"Quality cinemas services in Turin, Italy. Professional and reliable business serving the local community.",17,info@filmturin.com,+63-148-7197,https://www.filmturin.com,392 Queen Street,Turin,Italy,19804,36.411823,1.545257,9:00-17:00,9:00-17:00,9:00-17:00,9:00-17:00,9:00-17:00,10:00-16:00,Closed,true,true,false,false
Film Daugavpils,"Quality cinemas services in Daugavpils, Latvia. Professional and reliable business serving the local community.",17,info@filmdaugavpils.com,+65-641-2095,https://www.filmdaugavpils.com,367 Church Street,Daugavpils,Latvia,60632,39.013128,-6.840435,9:00-17:00,9:00-17:00,9:00-17:00,9:00-17:00,9:00-17:00,10:00-16:00,Closed,true,true,false,false
Movies Panevėžys,"Quality cinemas services in Panevėžys, Lithuania. Professional and reliable business serving the local community.",17,info@moviespanevėžys.com,+90-889-3687,https://www.moviespanevėžys.com,861 King Street,Panevėžys,Lithuania,22133,69.124971,2.84553,9:00-17:00,9:00-17:00,9:00-17:00,9:00-17:00,9:00-17:00,10:00-16:00,Closed,true,true,false,true
Film Differdange,"Quality cinemas services in Differdange, Luxembourg. Professional and reliable business serving the local community.",17,info@filmdifferdange.com,+94-924-8014,https://www.filmdifferdange.com,828 Church Street,Differdange,Luxembourg,45665,51.183787,-8.889848,9:00-17:00,9:00-17:00,9:00-17:00,9:00-17:00,9:00-17:00,10:00-16:00,Closed,true,true,false,false
Film Valletta,"Quality cinemas services in Valletta, Malta. Professional and reliable business serving the local community.",17,info@filmvalletta.com,+58-721-1448,https://www.filmvalletta.com,894 High Street,Valletta,Malta,77269,51.29774,-0.813525,9:00-17:00,9:00-17:00,9:00-17:00,9:00-17:00,9:00-17:00,10:00-16:00,Closed,true,true,false,false
Poznań Theater,"Quality cinemas services in Poznań, Poland. Professional and reliable business serving the local community.",17,info@poznańtheater.com,+95-890-3993,https://www.poznańtheater.com,661 King Street,Poznań,Poland,20373,53.359366,-4.15033,9:00-17:00,9:00-17:00,9:00-17:00,9:00-17:00,9:00-17:00,10:00-16:00,Closed,true,true,false,false
Movies Bucharest,"Quality cinemas services in Bucharest, Romania. Professional and reliable business serving the local community.",17,info@moviesbucharest.com,+53-993-2889,https://www.moviesbucharest.com,138 Church Street,Bucharest,Romania,98823,60.804324,-9.159085,9:00-17:00,9:00-17:00,9:00-17:00,9:00-17:00,9:00-17:00,10:00-16:00,Closed,true,true,false,false
Banská Bystrica Theater,"Quality cinemas services in Banská Bystrica, Slovakia. Professional and reliable business serving the local community.",17,info@banskábystricatheater.com,+88-874-6888,https://www.banskábystricatheater.com,959 High Street,Banská Bystrica,Slovakia,98027,35.791226,9.675832,9:00-17:00,9:00-17:00,9:00-17:00,9:00-17:00,9:00-17:00,10:00-16:00,Closed,true,true,false,true
Screen Kranj,"Quality cinemas services in Kranj, Slovenia. Professional and reliable business serving the local community.",17,info@screenkranj.com,+65-531-9393,https://www.screenkranj.com,696 King Street,Kranj,Slovenia,39925,55.792254,-0.403425,9:00-17:00,9:00-17:00,9:00-17:00,9:00-17:00,9:00-17:00,10:00-16:00,Closed,true,true,false,true
Cinema Stockholm,"Quality cinemas services in Stockholm, Sweden. Professional and reliable business serving the local community.",17,info@cinemastockholm.com,+88-948-5115,https://www.cinemastockholm.com,445 Queen Street,Stockholm,Sweden,49646,37.707069,13.36195,9:00-17:00,9:00-17:00,9:00-17:00,9:00-17:00,9:00-17:00,10:00-16:00,Closed,true,true,false,false
Wear Salzburg,"Quality clothing store services in Salzburg, Austria. Professional and reliable business serving the local community.",7,info@wearsalzburg.com,+36-321-5099,https://www.wearsalzburg.com,20 King Street,Salzburg,Austria,63786,66.981555,-9.396803,9:00-17:00,9:00-17:00,9:00-17:00,9:00-17:00,9:00-17:00,10:00-16:00,Closed,true,true,false,true
Wear Varna,"Quality clothing store services in Varna, Bulgaria. Professional and reliable business serving the local community.",7,info@wearvarna.com,+47-132-2773,https://www.wearvarna.com,876 Main Street,Varna,Bulgaria,48179,53.5416,13.288412,9:00-17:00,9:00-17:00,9:00-17:00,9:00-17:00,9:00-17:00,10:00-16:00,Closed,true,true,false,true
Fashion Zadar,"Quality clothing store services in Zadar, Croatia. Professional and reliable business serving the local community.",7,info@fashionzadar.com,+84-958-2858,https://www.fashionzadar.com,211 Main Street,Zadar,Croatia,31089,35.318495,1.817998,9:00-17:00,9:00-17:00,9:00-17:00,9:00-17:00,9:00-17:00,10:00-16:00,Closed,true,true,false,false
Trend Paphos,"Quality clothing store services in Paphos, Cyprus. Professional and reliable business serving the local community.",7,info@trendpaphos.com,+77-453-3225,https://www.trendpaphos.com,824 Main Street,Paphos,Cyprus,64574,46.032585,-2.712793,9:00-17:00,9:00-17:00,9:00-17:00,9:00-17:00,9:00-17:00,10:00-16:00,Closed,true,true,false,false
Clothes Prague,"Quality clothing store services in Prague, Czech Republic. Professional and reliable business serving the local community.",7,info@clothesprague.com,+41-837-8961,https://www.clothesprague.com,260 Main Street,Prague,Czech Republic,70399,67.012955,11.045436,9:00-17:00,9:00-17:00,9:00-17:00,9:00-17:00,9:00-17:00,10:00-16:00,Closed,true,true,false,false
Aalborg Style,"Quality clothing store services in Aalborg, Denmark. Professional and reliable business serving the local community.",7,info@aalborgstyle.com,+57-936-9016,https://www.aalborgstyle.com,180 Main Street,Aalborg,Denmark,12714,46.567243,21.940515,9:00-17:00,9:00-17:00,9:00-17:00,9:00-17:00,9:00-17:00,10:00-16:00,Closed,true,true,false,false
Fashion Kohtla-Järve,"Quality clothing store services in Kohtla-Järve, Estonia. Professional and reliable business serving the local community.",7,info@fashionkohtla-järve.com,+92-878-7566,https://www.fashionkohtla-järve.com,447 Main Street,Kohtla-Järve,Estonia,71172,36.364069,27.520396,9:00-17:00,9:00-17:00,9:00-17:00,9:00-17:00,9:00-17:00,10:00-16:00,Closed,true,true,false,false
Fashion Vantaa,"Quality clothing store services in Vantaa, Finland. Professional and reliable business serving the local community.",7,info@fashionvantaa.com,+52-916-4346,https://www.fashionvantaa.com,707 Church Street,Vantaa,Finland,96758,60.537366,17.816699,9:00-17:00,9:00-17:00,9:00-17:00,9:00-17:00,9:00-17:00,10:00-16:00,Closed,true,true,false,true
Fashion Larissa,"Quality clothing store services in Larissa, Greece. Professional and reliable business serving the local community.",7,info@fashionlarissa.com,+36-675-7834,https://www.fashionlarissa.com,300 High Street,Larissa,Greece,83498,56.216263,2.973752,9:00-17:00,9:00-17:00,9:00-17:00,9:00-17:00,9:00-17:00,10:00-16:00,Closed,true,true,false,false
Wear Budapest,"Quality clothing store services in Budapest, Hungary. Professional and reliable business serving the local community.",7,info@wearbudapest.com,+79-714-6128,https://www.wearbudapest.com,242 King Street,Budapest,Hungary,37029,52.440662,26.573445,9:00-17:00,9:00-17:00,9:00-17:00,9:00-17:00,9:00-17:00,10:00-16:00,Closed,true,true,false,false
Wear Dublin,"Quality clothing store services in Dublin, Ireland. Professional and reliable business serving the local community.",7,info@weardublin.com,+70-350-1746,https://www.weardublin.com,435 King Street,Dublin,Ireland,19144,40.109323,27.583454,9:00-17:00,9:00-17:00,9:00-17:00,9:00-17:00,9:00-17:00,10:00-16:00,Closed,true,true,false,false
Clothes Turin,"Quality clothing store services in Turin, Italy. Professional and reliable business serving the local community.",7,info@clothesturin.com,+73-848-1041,https://www.clothesturin.com,633 King Street,Turin,Italy,39531,50.949263,-9.94036,9:00-17:00,9:00-17:00,9:00-17:00,9:00-17:00,9:00-17:00,10:00-16:00,Closed,true,true,false,true
Fashion Riga,"Quality clothing store services in Riga, Latvia. Professional and reliable business serving the local community.",7,info@fashionriga.com,+71-474-2121,https://www.fashionriga.com,238 Church Street,Riga,Latvia,36521,63.634005,26.337351,9:00-17:00,9:00-17:00,9:00-17:00,9:00-17:00,9:00-17:00,10:00-16:00,Closed,true,true,false,false
Panevėžys Style,"Quality clothing store services in Panevėžys, Lithuania. Professional and reliable business serving the local community.",7,info@panevėžysstyle.com,+43-158-8690,https://www.panevėžysstyle.com,971 King Street,Panevėžys,Lithuania,99991,42.536499,23.770826,9:00-17:00,9:00-17:00,9:00-17:00,9:00-17:00,9:00-17:00,10:00-16:00,Closed,true,true,false,false
Fashion Differdange,"Quality clothing store services in Differdange, Luxembourg. Professional and reliable business serving the local community.",7,info@fashiondifferdange.com,+30-193-2546,https://www.fashiondifferdange.com,824 Main Street,Differdange,Luxembourg,79318,57.330458,1.108917,9:00-17:00,9:00-17:00,9:00-17:00,9:00-17:00,9:00-17:00,10:00-16:00,Closed,true,true,false,false
Wear Sliema,"Quality clothing store services in Sliema, Malta. Professional and reliable business serving the local community.",7,info@wearsliema.com,+68-279-9235,https://www.wearsliema.com,682 King Street,Sliema,Malta,18031,42.140144,0.448061,9:00-17:00,9:00-17:00,9:00-17:00,9:00-17:00,9:00-17:00,10:00-16:00,Closed,true,true,false,false
Fashion Warsaw,"Quality clothing store services in Warsaw, Poland. Professional and reliable business serving the local community.",7,info@fashionwarsaw.com,+94-108-1027,https://www.fashionwarsaw.com,114 Queen Street,Warsaw,Poland,93566,65.046505,6.067331,9:00-17:00,9:00-17:00,9:00-17:00,9:00-17:00,9:00-17:00,10:00-16:00,Closed,true,true,false,true
Trend Cluj-Napoca,"Quality clothing store services in Cluj-Napoca, Romania. Professional and reliable business serving the local community.",7,info@trendcluj-napoca.com,+57-230-9546,https://www.trendcluj-napoca.com,820 Queen Street,Cluj-Napoca,Romania,58309,52.152147,17.356114,9:00-17:00,9:00-17:00,9:00-17:00,9:00-17:00,9:00-17:00,10:00-16:00,Closed,true,true,false,true
Clothes Banská Bystrica,"Quality clothing store services in Banská Bystrica, Slovakia. Professional and reliable business serving the local community.",7,info@clothesbanskábystrica.com,+42-697-4039,https://www.clothesbanskábystrica.com,813 King Street,Banská Bystrica,Slovakia,72123,58.17713,17.092614,9:00-17:00,9:00-17:00,9:00-17:00,9:00-17:00,9:00-17:00,10:00-16:00,Closed,true,true,false,true
Trend Koper,"Quality clothing store services in Koper, Slovenia. Professional and reliable business serving the local community.",7,info@trendkoper.com,+57-358-7097,https://www.trendkoper.com,102 Church Street,Koper,Slovenia,37515,58.653901,-4.98426,9:00-17:00,9:00-17:00,9:00-17:00,9:00-17:00,9:00-17:00,10:00-16:00,Closed,true,true,false,true
Fashion Västerås,"Quality clothing store services in Västerås, Sweden. Professional and reliable business serving the local community.",7,info@fashionvästerås.com,+41-164-8067,https://www.fashionvästerås.com,674 Main Street,Västerås,Sweden,74775,51.469126,29.259647,9:00-17:00,9:00-17:00,9:00-17:00,9:00-17:00,9:00-17:00,10:00-16:00,Closed,true,true,false,false
Smile Innsbruck,"Quality dentist services in Innsbruck, Austria. Professional and reliable business serving the local community.",35,info@smileinnsbruck.com,+46-522-2015,https://www.smileinnsbruck.com,761 King Street,Innsbruck,Austria,97163,47.473613,18.292937,9:00-17:00,9:00-17:00,9:00-17:00,9:00-17:00,9:00-17:00,10:00-16:00,Closed,true,true,false,true
Teeth Burgas,"Quality dentist services in Burgas, Bulgaria. Professional and reliable business serving the local community.",35,info@teethburgas.com,+52-589-2451,https://www.teethburgas.com,141 Queen Street,Burgas,Bulgaria,58090,40.974293,25.183347,9:00-17:00,9:00-17:00,9:00-17:00,9:00-17:00,9:00-17:00,10:00-16:00,Closed,true,true,false,false
Smile Osijek,"Quality dentist services in Osijek, Croatia. Professional and reliable business serving the local community.",35,info@smileosijek.com,+99-225-3737,https://www.smileosijek.com,658 Main Street,Osijek,Croatia,69741,37.120197,7.767604,9:00-17:00,9:00-17:00,9:00-17:00,9:00-17:00,9:00-17:00,10:00-16:00,Closed,true,true,false,false
Teeth Famagusta,"Quality dentist services in Famagusta, Cyprus. Professional and reliable business serving the local community.",35,info@teethfamagusta.com,+84-590-3899,https://www.teethfamagusta.com,370 High Street,Famagusta,Cyprus,76949,38.521165,25.073164,9:00-17:00,9:00-17:00,9:00-17:00,9:00-17:00,9:00-17:00,10:00-16:00,Closed,true,true,false,true
Care Liberec,"Quality dentist services in Liberec, Czech Republic. Professional and reliable business serving the local community.",35,info@careliberec.com,+51-231-4919,https://www.careliberec.com,269 Main Street,Liberec,Czech Republic,55274,62.433958,26.535923,9:00-17:00,9:00-17:00,9:00-17:00,9:00-17:00,9:00-17:00,10:00-16:00,Closed,true,true,false,true
Dental Copenhagen,"Quality dentist services in Copenhagen, Denmark. Professional and reliable business serving the local community.",35,info@dentalcopenhagen.com,+39-962-7098,https://www.dentalcopenhagen.com,526 King Street,Copenhagen,Denmark,93909,60.052555,25.287266,9:00-17:00,9:00-17:00,9:00-17:00,9:00-17:00,9:00-17:00,10:00-16:00,Closed,true,true,false,true
Teeth Pärnu,"Quality dentist services in Pärnu, Estonia. Professional and reliable business serving the local community.",35,info@teethpärnu.com,+44-926-7552,https://www.teethpärnu.com,678 Church Street,Pärnu,Estonia,56257,45.667141,-9.486285,9:00-17:00,9:00-17:00,9:00-17:00,9:00-17:00,9:00-17:00,10:00-16:00,Closed,true,true,false,false
Smile Espoo,"Quality dentist services in Espoo, Finland. Professional and reliable business serving the local community.",35,info@smileespoo.com,+58-167-3270,https://www.smileespoo.com,623 Main Street,Espoo,Finland,66411,57.757481,6.561334,9:00-17:00,9:00-17:00,9:00-17:00,9:00-17:00,9:00-17:00,10:00-16:00,Closed,true,true,false,false
Teeth Athens,"Quality dentist services in Athens, Greece. Professional and reliable business serving the local community.",35,info@teethathens.com,+66-332-4164,https://www.teethathens.com,859 High Street,Athens,Greece,93141,65.460438,-5.437121,9:00-17:00,9:00-17:00,9:00-17:00,9:00-17:00,9:00-17:00,10:00-16:00,Closed,true,true,false,true
Care Budapest,"Quality dentist services in Budapest, Hungary. Professional and reliable business serving the local community.",35,info@carebudapest.com,+40-342-5132,https://www.carebudapest.com,864 Main Street,Budapest,Hungary,73383,49.310637,21.80702,9:00-17:00,9:00-17:00,9:00-17:00,9:00-17:00,9:00-17:00,10:00-16:00,Closed,true,true,false,true
Smile Limerick,"Quality dentist services in Limerick, Ireland. Professional and reliable business serving the local community.",35,info@smilelimerick.com,+73-512-7391,https://www.smilelimerick.com,542 Church Street,Limerick,Ireland,77561,58.474019,-5.599724,9:00-17:00,9:00-17:00,9:00-17:00,9:00-17:00,9:00-17:00,10:00-16:00,Closed,true,true,false,false
Smile Milan,"Quality dentist services in Milan, Italy. Professional and reliable business serving the local community.",35,info@smilemilan.com,+55-804-3202,https://www.smilemilan.com,315 King Street,Milan,Italy,12976,52.720049,29.195496,9:00-17:00,9:00-17:00,9:00-17:00,9:00-17:00,9:00-17:00,10:00-16:00,Closed,true,true,false,false
Dental Jūrmala,"Quality dentist services in Jūrmala, Latvia. Professional and reliable business serving the local community.",35,info@dentaljūrmala.com,+98-123-4784,https://www.dentaljūrmala.com,558 Church Street,Jūrmala,Latvia,36720,63.935942,25.982582,9:00-17:00,9:00-17:00,9:00-17:00,9:00-17:00,9:00-17:00,10:00-16:00,Closed,true,true,false,false
Smile Klaipėda,"Quality dentist services in Klaipėda, Lithuania. Professional and reliable business serving the local community.",35,info@smileklaipėda.com,+57-843-2008,https://www.smileklaipėda.com,307 Queen Street,Klaipėda,Lithuania,68671,36.480796,-0.916783,9:00-17:00,9:00-17:00,9:00-17:00,9:00-17:00,9:00-17:00,10:00-16:00,Closed,true,true,false,true
Teeth Dudelange,"Quality dentist services in Dudelange, Luxembourg. Professional and reliable business serving the local community.",35,info@teethdudelange.com,+46-402-9764,https://www.teethdudelange.com,447 Main Street,Dudelange,Luxembourg,92153,61.250021,8.553621,9:00-17:00,9:00-17:00,9:00-17:00,9:00-17:00,9:00-17:00,10:00-16:00,Closed,true,true,false,false
Care Birkirkara,"Quality dentist services in Birkirkara, Malta. Professional and reliable business serving the local community.",35,info@carebirkirkara.com,+89-747-2371,https://www.carebirkirkara.com,271 Queen Street,Birkirkara,Malta,57095,37.648026,11.879268,9:00-17:00,9:00-17:00,9:00-17:00,9:00-17:00,9:00-17:00,10:00-16:00,Closed,true,true,false,false
Smile Łódź,"Quality dentist services in Łódź, Poland. Professional and reliable business serving the local community.",35,info@smilełódź.com,+67-572-7882,https://www.smilełódź.com,776 Main Street,Łódź,Poland,31660,37.597297,2.215857,9:00-17:00,9:00-17:00,9:00-17:00,9:00-17:00,9:00-17:00,10:00-16:00,Closed,true,true,false,true
Iași Clinic,"Quality dentist services in Iași, Romania. Professional and reliable business serving the local community.",35,info@iașiclinic.com,+69-683-3379,https://www.iașiclinic.com,125 Queen Street,Iași,Romania,81473,38.893714,4.266291,9:00-17:00,9:00-17:00,9:00-17:00,9:00-17:00,9:00-17:00,10:00-16:00,Closed,true,true,false,true
Smile Košice,"Quality dentist services in Košice, Slovakia. Professional and reliable business serving the local community.",35,info@smilekošice.com,+44-203-9808,https://www.smilekošice.com,378 Church Street,Košice,Slovakia,64143,53.167523,-2.611602,9:00-17:00,9:00-17:00,9:00-17:00,9:00-17:00,9:00-17:00,10:00-16:00,Closed,true,true,false,false
Koper Clinic,"Quality dentist services in Koper, Slovenia. Professional and reliable business serving the local community.",35,info@koperclinic.com,+83-945-4460,https://www.koperclinic.com,455 King Street,Koper,Slovenia,48028,47.103542,-0.843473,9:00-17:00,9:00-17:00,9:00-17:00,9:00-17:00,9:00-17:00,10:00-16:00,Closed,true,true,false,true
Västerås Clinic,"Quality dentist services in Västerås, Sweden. Professional and reliable business serving the local community.",35,info@västeråsclinic.com,+48-483-5296,https://www.västeråsclinic.com,109 King Street,Västerås,Sweden,99387,64.590173,29.897073,9:00-17:00,9:00-17:00,9:00-17:00,9:00-17:00,9:00-17:00,10:00-16:00,Closed,true,true,false,true
Gadget Graz,"Quality electronics stores services in Graz, Austria. Professional and reliable business serving the local community.",38,info@gadgetgraz.com,+92-420-8036,https://www.gadgetgraz.com,240 Main Street,Graz,Austria,72621,63.964204,9.728196,9:00-17:00,9:00-17:00,9:00-17:00,9:00-17:00,9:00-17:00,10:00-16:00,Closed,true,true,false,true
Device Ruse,"Quality electronics stores services in Ruse, Bulgaria. Professional and reliable business serving the local community.",38,info@deviceruse.com,+73-809-2477,https://www.deviceruse.com,403 King Street,Ruse,Bulgaria,88237,54.48652,-0.573657,9:00-17:00,9:00-17:00,9:00-17:00,9:00-17:00,9:00-17:00,10:00-16:00,Closed,true,true,false,false
Rijeka Digital,"Quality electronics stores services in Rijeka, Croatia. Professional and reliable business serving the local community.",38,info@rijekadigital.com,+69-835-1481,https://www.rijekadigital.com,236 Main Street,Rijeka,Croatia,23377,64.783497,6.685804,9:00-17:00,9:00-17:00,9:00-17:00,9:00-17:00,9:00-17:00,10:00-16:00,Closed,true,true,false,true
Tech Paphos,"Quality electronics stores services in Paphos, Cyprus. Professional and reliable business serving the local community.",38,info@techpaphos.com,+75-426-1546,https://www.techpaphos.com,216 Queen Street,Paphos,Cyprus,59491,38.044957,5.224329,9:00-17:00,9:00-17:00,9:00-17:00,9:00-17:00,9:00-17:00,10:00-16:00,Closed,true,true,false,true
Brno Digital,"Quality electronics stores services in Brno, Czech Republic. Professional and reliable business serving the local community.",38,info@brnodigital.com,+50-107-9874,https://www.brnodigital.com,238 High Street,Brno,Czech Republic,19514,45.096588,-7.328214,9:00-17:00,9:00-17:00,9:00-17:00,9:00-17:00,9:00-17:00,10:00-16:00,Closed,true,true,false,false
Electronics Copenhagen,"Quality electronics stores services in Copenhagen, Denmark. Professional and reliable business serving the local community.",38,info@electronicscopenhagen.com,+66-595-7984,https://www.electronicscopenhagen.com,810 Queen Street,Copenhagen,Denmark,82733,63.029233,17.833798,9:00-17:00,9:00-17:00,9:00-17:00,9:00-17:00,9:00-17:00,10:00-16:00,Closed,true,true,false,false
Narva Digital,"Quality electronics stores services in Narva, Estonia. Professional and reliable business serving the local community.",38,info@narvadigital.com,+39-393-9792,https://www.narvadigital.com,244 Queen Street,Narva,Estonia,90563,50.73499,9.614862,9:00-17:00,9:00-17:00,9:00-17:00,9:00-17:00,9:00-17:00,10:00-16:00,Closed,true,true,false,false
Tech Oulu,"Quality electronics stores services in Oulu, Finland. Professional and reliable business serving the local community.",38,info@techoulu.com,+60-791-3587,https://www.techoulu.com,562 High Street,Oulu,Finland,94363,35.312521,11.405279,9:00-17:00,9:00-17:00,9:00-17:00,9:00-17:00,9:00-17:00,10:00-16:00,Closed,true,true,false,true
Gadget Thessaloniki,"Quality electronics stores services in Thessaloniki, Greece. Professional and reliable business serving the local community.",38,info@gadgetthessaloniki.com,+72-409-1443,https://www.gadgetthessaloniki.com,123 King Street,Thessaloniki,Greece,52355,63.800112,-8.814173,9:00-17:00,9:00-17:00,9:00-17:00,9:00-17:00,9:00-17:00,10:00-16:00,Closed,true,true,false,true
Tech Pécs,"Quality electronics stores services in Pécs, Hungary. Professional and reliable business serving the local community.",38,info@techpécs.com,+52-701-6599,https://www.techpécs.com,119 King Street,Pécs,Hungary,60649,59.155242,27.746122,9:00-17:00,9:00-17:00,9:00-17:00,9:00-17:00,9:00-17:00,10:00-16:00,Closed,true,true,false,true
Gadget Limerick,"Quality electronics stores services in Limerick, Ireland. Professional and reliable business serving the local community.",38,info@gadgetlimerick.com,+67-362-6619,https://www.gadgetlimerick.com,537 Church Street,Limerick,Ireland,89357,51.559897,-6.763706,9:00-17:00,9:00-17:00,9:00-17:00,9:00-17:00,9:00-17:00,10:00-16:00,Closed,true,true,false,false
Device Milan,"Quality electronics stores services in Milan, Italy. Professional and reliable business serving the local community.",38,info@devicemilan.com,+89-410-7894,https://www.devicemilan.com,210 Main Street,Milan,Italy,73916,38.813352,-5.363854,9:00-17:00,9:00-17:00,9:00-17:00,9:00-17:00,9:00-17:00,10:00-16:00,Closed,true,true,false,false
Device Jelgava,"Quality electronics stores services in Jelgava, Latvia. Professional and reliable business serving the local community.",38,info@devicejelgava.com,+31-766-8694,https://www.devicejelgava.com,201 High Street,Jelgava,Latvia,54808,55.803916,20.46919,9:00-17:00,9:00-17:00,9:00-17:00,9:00-17:00,9:00-17:00,10:00-16:00,Closed,true,true,false,true
Tech Vilnius,"Quality electronics stores services in Vilnius, Lithuania. Professional and reliable business serving the local community.",38,info@techvilnius.com,+97-795-3126,https://www.techvilnius.com,545 High Street,Vilnius,Lithuania,71713,51.336149,10.461046,9:00-17:00,9:00-17:00,9:00-17:00,9:00-17:00,9:00-17:00,10:00-16:00,Closed,true,true,false,false
Tech Luxembourg City,"Quality electronics stores services in Luxembourg City, Luxembourg. Professional and reliable business serving the local community.",38,info@techluxembourgcity.com,+78-385-5222,https://www.techluxembourgcity.com,884 Main Street,Luxembourg City,Luxembourg,16044,58.793014,3.608857,9:00-17:00,9:00-17:00,9:00-17:00,9:00-17:00,9:00-17:00,10:00-16:00,Closed,true,true,false,false
Gadget Sliema,"Quality electronics stores services in Sliema, Malta. Professional and reliable business serving the local community.",38,info@gadgetsliema.com,+37-511-9362,https://www.gadgetsliema.com,414 King Street,Sliema,Malta,52106,44.562826,13.111195,9:00-17:00,9:00-17:00,9:00-17:00,9:00-17:00,9:00-17:00,10:00-16:00,Closed,true,true,false,true
Poznań Digital,"Quality electronics stores services in Poznań, Poland. Professional and reliable business serving the local community.",38,info@poznańdigital.com,+80-773-6871,https://www.poznańdigital.com,728 King Street,Poznań,Poland,47508,44.29053,4.922042,9:00-17:00,9:00-17:00,9:00-17:00,9:00-17:00,9:00-17:00,10:00-16:00,Closed,true,true,false,true
Device Bucharest,"Quality electronics stores services in Bucharest, Romania. Professional and reliable business serving the local community.",38,info@devicebucharest.com,+94-311-3348,https://www.devicebucharest.com,828 Main Street,Bucharest,Romania,32809,64.958674,15.596452,9:00-17:00,9:00-17:00,9:00-17:00,9:00-17:00,9:00-17:00,10:00-16:00,Closed,true,true,false,false
Tech Žilina,"Quality electronics stores services in Žilina, Slovakia. Professional and reliable business serving the local community.",38,info@techžilina.com,+45-485-1285,https://www.techžilina.com,572 High Street,Žilina,Slovakia,74610,50.101999,29.365623,9:00-17:00,9:00-17:00,9:00-17:00,9:00-17:00,9:00-17:00,10:00-16:00,Closed,true,true,false,true
Electronics Velenje,"Quality electronics stores services in Velenje, Slovenia. Professional and reliable business serving the local community.",38,info@electronicsvelenje.com,+61-986-1701,https://www.electronicsvelenje.com,513 King Street,Velenje,Slovenia,71513,43.3841,0.051836,9:00-17:00,9:00-17:00,9:00-17:00,9:00-17:00,9:00-17:00,10:00-16:00,Closed,true,true,false,true
Tech Gothenburg,"Quality electronics stores services in Gothenburg, Sweden. Professional and reliable business serving the local community.",38,info@techgothenburg.com,+32-898-1171,https://www.techgothenburg.com,774 High Street,Gothenburg,Sweden,41720,48.402665,4.435623,9:00-17:00,9:00-17:00,9:00-17:00,9:00-17:00,9:00-17:00,10:00-16:00,Closed,true,true,false,false
Entertainment Salzburg,"Quality entertainment & nightlife services in Salzburg, Austria. Professional and reliable business serving the local community.",24,info@entertainmentsalzburg.com,+31-190-5254,https://www.entertainmentsalzburg.com,950 Main Street,Salzburg,Austria,21176,61.215489,-8.657187,9:00-17:00,9:00-17:00,9:00-17:00,9:00-17:00,9:00-17:00,10:00-16:00,Closed,true,true,false,false
Show Plovdiv,"Quality entertainment & nightlife services in Plovdiv, Bulgaria. Professional and reliable business serving the local community.",24,info@showplovdiv.com,+40-853-2655,https://www.showplovdiv.com,701 King Street,Plovdiv,Bulgaria,53613,52.701254,-3.321738,9:00-17:00,9:00-17:00,9:00-17:00,9:00-17:00,9:00-17:00,10:00-16:00,Closed,true,true,false,false
Zadar Night,"Quality entertainment & nightlife services in Zadar, Croatia. Professional and reliable business serving the local community.",24,info@zadarnight.com,+75-553-9284,https://www.zadarnight.com,597 High Street,Zadar,Croatia,48583,35.811953,11.357698,9:00-17:00,9:00-17:00,9:00-17:00,9:00-17:00,9:00-17:00,10:00-16:00,Closed,true,true,false,true
Fun Larnaca,"Quality entertainment & nightlife services in Larnaca, Cyprus. Professional and reliable business serving the local community.",24,info@funlarnaca.com,+60-515-9299,https://www.funlarnaca.com,495 King Street,Larnaca,Cyprus,44886,53.716771,16.376636,9:00-17:00,9:00-17:00,9:00-17:00,9:00-17:00,9:00-17:00,10:00-16:00,Closed,true,true,false,false
Party Plzen,"Quality entertainment & nightlife services in Plzen, Czech Republic. Professional and reliable business serving the local community.",24,info@partyplzen.com,+97-147-3797,https://www.partyplzen.com,290 King Street,Plzen,Czech Republic,27792,65.136959,14.968533,9:00-17:00,9:00-17:00,9:00-17:00,9:00-17:00,9:00-17:00,10:00-16:00,Closed,true,true,false,true
Show Aarhus,"Quality entertainment & nightlife services in Aarhus, Denmark. Professional and reliable business serving the local community.",24,info@showaarhus.com,+83-334-4698,https://www.showaarhus.com,484 Church Street,Aarhus,Denmark,19630,44.771068,2.918163,9:00-17:00,9:00-17:00,9:00-17:00,9:00-17:00,9:00-17:00,10:00-16:00,Closed,true,true,false,true
Show Tartu,"Quality entertainment & nightlife services in Tartu, Estonia. Professional and reliable business serving the local community.",24,info@showtartu.com,+66-801-9175,https://www.showtartu.com,265 Queen Street,Tartu,Estonia,96640,46.003948,9.733171,9:00-17:00,9:00-17:00,9:00-17:00,9:00-17:00,9:00-17:00,10:00-16:00,Closed,true,true,false,true
Party Helsinki,"Quality entertainment & nightlife services in Helsinki, Finland. Professional and reliable business serving the local community.",24,info@partyhelsinki.com,+59-403-5505,https://www.partyhelsinki.com,268 Church Street,Helsinki,Finland,59547,64.283197,13.323901,9:00-17:00,9:00-17:00,9:00-17:00,9:00-17:00,9:00-17:00,10:00-16:00,Closed,true,true,false,false
Party Heraklion,"Quality entertainment & nightlife services in Heraklion, Greece. Professional and reliable business serving the local community.",24,info@partyheraklion.com,+88-994-2783,https://www.partyheraklion.com,162 High Street,Heraklion,Greece,47999,49.001137,18.227327,9:00-17:00,9:00-17:00,9:00-17:00,9:00-17:00,9:00-17:00,10:00-16:00,Closed,true,true,false,true
Budapest Night,"Quality entertainment & nightlife services in Budapest, Hungary. Professional and reliable business serving the local community.",24,info@budapestnight.com,+56-752-8221,https://www.budapestnight.com,78 Main Street,Budapest,Hungary,54180,40.046872,16.699469,9:00-17:00,9:00-17:00,9:00-17:00,9:00-17:00,9:00-17:00,10:00-16:00,Closed,true,true,false,false
Cork Night,"Quality entertainment & nightlife services in Cork, Ireland. Professional and reliable business serving the local community.",24,info@corknight.com,+37-536-6513,https://www.corknight.com,161 Queen Street,Cork,Ireland,22582,53.700893,8.810494,9:00-17:00,9:00-17:00,9:00-17:00,9:00-17:00,9:00-17:00,10:00-16:00,Closed,true,true,false,false
Entertainment Palermo,"Quality entertainment & nightlife services in Palermo, Italy. Professional and reliable business serving the local community.",24,info@entertainmentpalermo.com,+77-242-7518,https://www.entertainmentpalermo.com,717 King Street,Palermo,Italy,70893,40.094817,-8.271527,9:00-17:00,9:00-17:00,9:00-17:00,9:00-17:00,9:00-17:00,10:00-16:00,Closed,true,true,false,false
Show Daugavpils,"Quality entertainment & nightlife services in Daugavpils, Latvia. Professional and reliable business serving the local community.",24,info@showdaugavpils.com,+38-152-8299,https://www.showdaugavpils.com,127 King Street,Daugavpils,Latvia,76833,48.137374,-1.749227,9:00-17:00,9:00-17:00,9:00-17:00,9:00-17:00,9:00-17:00,10:00-16:00,Closed,true,true,false,false
Fun Klaipėda,"Quality entertainment & nightlife services in Klaipėda, Lithuania. Professional and reliable business serving the local community.",24,info@funklaipėda.com,+76-565-9505,https://www.funklaipėda.com,21 King Street,Klaipėda,Lithuania,88827,45.227145,-7.9177,9:00-17:00,9:00-17:00,9:00-17:00,9:00-17:00,9:00-17:00,10:00-16:00,Closed,true,true,false,true
Show Esch-sur-Alzette,"Quality entertainment & nightlife services in Esch-sur-Alzette, Luxembourg. Professional and reliable business serving the local community.",24,info@showesch-sur-alzette.com,+87-996-6727,https://www.showesch-sur-alzette.com,821 King Street,Esch-sur-Alzette,Luxembourg,73247,46.214957,11.063533,9:00-17:00,9:00-17:00,9:00-17:00,9:00-17:00,9:00-17:00,10:00-16:00,Closed,true,true,false,true
Show Sliema,"Quality entertainment & nightlife services in Sliema, Malta. Professional and reliable business serving the local community.",24,info@showsliema.com,+61-357-2839,https://www.showsliema.com,573 Church Street,Sliema,Malta,46950,47.074996,22.986253,9:00-17:00,9:00-17:00,9:00-17:00,9:00-17:00,9:00-17:00,10:00-16:00,Closed,true,true,false,false
Party Poznań,"Quality entertainment & nightlife services in Poznań, Poland. Professional and reliable business serving the local community.",24,info@partypoznań.com,+68-982-4904,https://www.partypoznań.com,507 Main Street,Poznań,Poland,22810,66.380464,29.768968,9:00-17:00,9:00-17:00,9:00-17:00,9:00-17:00,9:00-17:00,10:00-16:00,Closed,true,true,false,true
Party Timișoara,"Quality entertainment & nightlife services in Timișoara, Romania. Professional and reliable business serving the local community.",24,info@partytimișoara.com,+68-208-5136,https://www.partytimișoara.com,22 Main Street,Timișoara,Romania,15582,49.279856,24.463997,9:00-17:00,9:00-17:00,9:00-17:00,9:00-17:00,9:00-17:00,10:00-16:00,Closed,true,true,false,false
Fun Bratislava,"Quality entertainment & nightlife services in Bratislava, Slovakia. Professional and reliable business serving the local community.",24,info@funbratislava.com,+48-678-6353,https://www.funbratislava.com,605 Queen Street,Bratislava,Slovakia,32096,57.776825,9.598002,9:00-17:00,9:00-17:00,9:00-17:00,9:00-17:00,9:00-17:00,10:00-16:00,Closed,true,true,false,false
Show Kranj,"Quality entertainment & nightlife services in Kranj, Slovenia. Professional and reliable business serving the local community.",24,info@showkranj.com,+82-596-5369,https://www.showkranj.com,711 Main Street,Kranj,Slovenia,10935,60.095682,22.863167,9:00-17:00,9:00-17:00,9:00-17:00,9:00-17:00,9:00-17:00,10:00-16:00,Closed,true,true,false,true
Show Malmö,"Quality entertainment & nightlife services in Malmö, Sweden. Professional and reliable business serving the local community.",24,info@showmalmö.com,+74-222-7760,https://www.showmalmö.com,569 Main Street,Malmö,Sweden,59408,45.057872,12.77339,9:00-17:00,9:00-17:00,9:00-17:00,9:00-17:00,9:00-17:00,10:00-16:00,Closed,true,true,false,false
Style Salzburg,"Quality fashion & clothing services in Salzburg, Austria. Professional and reliable business serving the local community.",53,info@stylesalzburg.com,+89-951-2182,https://www.stylesalzburg.com,813 King Street,Salzburg,Austria,89782,66.703428,-2.86128,9:00-17:00,9:00-17:00,9:00-17:00,9:00-17:00,9:00-17:00,10:00-16:00,Closed,true,true,false,false
Fashion Burgas,"Quality fashion & clothing services in Burgas, Bulgaria. Professional and reliable business serving the local community.",53,info@fashionburgas.com,+45-503-7408,https://www.fashionburgas.com,845 Church Street,Burgas,Bulgaria,47356,64.704682,-8.307246,9:00-17:00,9:00-17:00,9:00-17:00,9:00-17:00,9:00-17:00,10:00-16:00,Closed,true,true,false,true
Mode Zagreb,"Quality fashion & clothing services in Zagreb, Croatia. Professional and reliable business serving the local community.",53,info@modezagreb.com,+48-800-3138,https://www.modezagreb.com,641 Queen Street,Zagreb,Croatia,38216,42.902905,4.510137,9:00-17:00,9:00-17:00,9:00-17:00,9:00-17:00,9:00-17:00,10:00-16:00,Closed,true,true,false,true
Mode Larnaca,"Quality fashion & clothing services in Larnaca, Cyprus. Professional and reliable business serving the local community.",53,info@modelarnaca.com,+99-763-3377,https://www.modelarnaca.com,45 Main Street,Larnaca,Cyprus,60664,47.083623,-1.661228,9:00-17:00,9:00-17:00,9:00-17:00,9:00-17:00,9:00-17:00,10:00-16:00,Closed,true,true,false,true
Style Prague,"Quality fashion & clothing services in Prague, Czech Republic. Professional and reliable business serving the local community.",53,info@styleprague.com,+70-987-3219,https://www.styleprague.com,773 High Street,Prague,Czech Republic,66788,43.556622,-0.379564,9:00-17:00,9:00-17:00,9:00-17:00,9:00-17:00,9:00-17:00,10:00-16:00,Closed,true,true,false,true
Style Copenhagen,"Quality fashion & clothing services in Copenhagen, Denmark. Professional and reliable business serving the local community.",53,info@stylecopenhagen.com,+60-542-3241,https://www.stylecopenhagen.com,963 Queen Street,Copenhagen,Denmark,10952,42.689479,14.162738,9:00-17:00,9:00-17:00,9:00-17:00,9:00-17:00,9:00-17:00,10:00-16:00,Closed,true,true,false,true
Fashion Kohtla-Järve,"Quality fashion & clothing services in Kohtla-Järve, Estonia. Professional and reliable business serving the local community.",53,info@fashionkohtla-järve.com,+57-428-7033,https://www.fashionkohtla-järve.com,767 King Street,Kohtla-Järve,Estonia,55917,51.489607,-6.751216,9:00-17:00,9:00-17:00,9:00-17:00,9:00-17:00,9:00-17:00,10:00-16:00,Closed,true,true,false,true
Mode Vantaa,"Quality fashion & clothing services in Vantaa, Finland. Professional and reliable business serving the local community.",53,info@modevantaa.com,+30-730-5164,https://www.modevantaa.com,570 King Street,Vantaa,Finland,12816,58.456048,21.757313,9:00-17:00,9:00-17:00,9:00-17:00,9:00-17:00,9:00-17:00,10:00-16:00,Closed,true,true,false,false
Fashion Patras,"Quality fashion & clothing services in Patras, Greece. Professional and reliable business serving the local community.",53,info@fashionpatras.com,+92-132-2712,https://www.fashionpatras.com,9 High Street,Patras,Greece,44115,66.3238,28.973287,9:00-17:00,9:00-17:00,9:00-17:00,9:00-17:00,9:00-17:00,10:00-16:00,Closed,true,true,false,true
Style Szeged,"Quality fashion & clothing services in Szeged, Hungary. Professional and reliable business serving the local community.",53,info@styleszeged.com,+57-203-3789,https://www.styleszeged.com,743 Queen Street,Szeged,Hungary,24162,65.596941,2.484733,9:00-17:00,9:00-17:00,9:00-17:00,9:00-17:00,9:00-17:00,10:00-16:00,Closed,true,true,false,true
Mode Waterford,"Quality fashion & clothing services in Waterford, Ireland. Professional and reliable business serving the local community.",53,info@modewaterford.com,+69-625-2697,https://www.modewaterford.com,549 Church Street,Waterford,Ireland,82305,36.616287,26.107473,9:00-17:00,9:00-17:00,9:00-17:00,9:00-17:00,9:00-17:00,10:00-16:00,Closed,true,true,false,false
Chic Milan,"Quality fashion & clothing services in Milan, Italy. Professional and reliable business serving the local community.",53,info@chicmilan.com,+37-866-4112,https://www.chicmilan.com,29 Church Street,Milan,Italy,49688,59.862527,16.679979,9:00-17:00,9:00-17:00,9:00-17:00,9:00-17:00,9:00-17:00,10:00-16:00,Closed,true,true,false,true
Liepāja Boutique,"Quality fashion & clothing services in Liepāja, Latvia. Professional and reliable business serving the local community.",53,info@liepājaboutique.com,+63-726-2832,https://www.liepājaboutique.com,314 King Street,Liepāja,Latvia,63878,47.068104,18.725677,9:00-17:00,9:00-17:00,9:00-17:00,9:00-17:00,9:00-17:00,10:00-16:00,Closed,true,true,false,false
Style Šiauliai,"Quality fashion & clothing services in Šiauliai, Lithuania. Professional and reliable business serving the local community.",53,info@stylešiauliai.com,+85-132-9259,https://www.stylešiauliai.com,369 Queen Street,Šiauliai,Lithuania,25010,55.696895,8.312306,9:00-17:00,9:00-17:00,9:00-17:00,9:00-17:00,9:00-17:00,10:00-16:00,Closed,true,true,false,false
Style Differdange,"Quality fashion & clothing services in Differdange, Luxembourg. Professional and reliable business serving the local community.",53,info@styledifferdange.com,+74-687-2425,https://www.styledifferdange.com,846 King Street,Differdange,Luxembourg,65307,62.00181,10.284891,9:00-17:00,9:00-17:00,9:00-17:00,9:00-17:00,9:00-17:00,10:00-16:00,Closed,true,true,false,true
Mode St. Julian's,"Quality fashion & clothing services in St. Julian's, Malta. Professional and reliable business serving the local community.",53,info@modest.julian's.com,+62-510-9072,https://www.modest.julian's.com,865 High Street,St. Julian's,Malta,56553,43.670196,12.686559,9:00-17:00,9:00-17:00,9:00-17:00,9:00-17:00,9:00-17:00,10:00-16:00,Closed,true,true,false,true
Chic Poznań,"Quality fashion & clothing services in Poznań, Poland. Professional and reliable business serving the local community.",53,info@chicpoznań.com,+99-852-4445,https://www.chicpoznań.com,408 King Street,Poznań,Poland,62026,56.467578,21.646597,9:00-17:00,9:00-17:00,9:00-17:00,9:00-17:00,9:00-17:00,10:00-16:00,Closed,true,true,false,false
Fashion Iași,"Quality fashion & clothing services in Iași, Romania. Professional and reliable business serving the local community.",53,info@fashioniași.com,+69-561-8288,https://www.fashioniași.com,145 King Street,Iași,Romania,86500,63.76539,19.000766,9:00-17:00,9:00-17:00,9:00-17:00,9:00-17:00,9:00-17:00,10:00-16:00,Closed,true,true,false,false
Košice Boutique,"Quality fashion & clothing services in Košice, Slovakia. Professional and reliable business serving the local community.",53,info@košiceboutique.com,+83-571-5703,https://www.košiceboutique.com,490 Queen Street,Košice,Slovakia,97402,68.594569,7.237815,9:00-17:00,9:00-17:00,9:00-17:00,9:00-17:00,9:00-17:00,10:00-16:00,Closed,true,true,false,true
Fashion Kranj,"Quality fashion & clothing services in Kranj, Slovenia. Professional and reliable business serving the local community.",53,info@fashionkranj.com,+30-910-5682,https://www.fashionkranj.com,716 Church Street,Kranj,Slovenia,10340,64.520015,22.00624,9:00-17:00,9:00-17:00,9:00-17:00,9:00-17:00,9:00-17:00,10:00-16:00,Closed,true,true,false,true
Uppsala Boutique,"Quality fashion & clothing services in Uppsala, Sweden. Professional and reliable business serving the local community.",53,info@uppsalaboutique.com,+75-852-1417,https://www.uppsalaboutique.com,712 Main Street,Uppsala,Sweden,92130,63.117382,25.240495,9:00-17:00,9:00-17:00,9:00-17:00,9:00-17:00,9:00-17:00,10:00-16:00,Closed,true,true,false,true
Express Vienna,"Quality fast food services in Vienna, Austria. Professional and reliable business serving the local community.",47,info@expressvienna.com,+57-455-6906,https://www.expressvienna.com,796 Queen Street,Vienna,Austria,13969,50.125839,5.933935,9:00-17:00,9:00-17:00,9:00-17:00,9:00-17:00,9:00-17:00,10:00-16:00,Closed,true,true,false,false
Speed Plovdiv,"Quality fast food services in Plovdiv, Bulgaria. Professional and reliable business serving the local community.",47,info@speedplovdiv.com,+37-438-7814,https://www.speedplovdiv.com,892 Main Street,Plovdiv,Bulgaria,99151,44.755749,23.970902,9:00-17:00,9:00-17:00,9:00-17:00,9:00-17:00,9:00-17:00,10:00-16:00,Closed,true,true,false,true
Quick Split,"Quality fast food services in Split, Croatia. Professional and reliable business serving the local community.",47,info@quicksplit.com,+63-898-1605,https://www.quicksplit.com,861 High Street,Split,Croatia,97909,46.348686,20.933067,9:00-17:00,9:00-17:00,9:00-17:00,9:00-17:00,9:00-17:00,10:00-16:00,Closed,true,true,false,false
Limassol Bite,"Quality fast food services in Limassol, Cyprus. Professional and reliable business serving the local community.",47,info@limassolbite.com,+98-992-5889,https://www.limassolbite.com,12 Main Street,Limassol,Cyprus,30865,52.549525,21.840054,9:00-17:00,9:00-17:00,9:00-17:00,9:00-17:00,9:00-17:00,10:00-16:00,Closed,true,true,false,true
Fast Brno,"Quality fast food services in Brno, Czech Republic. Professional and reliable business serving the local community.",47,info@fastbrno.com,+30-804-3549,https://www.fastbrno.com,738 Church Street,Brno,Czech Republic,49476,66.487784,14.705655,9:00-17:00,9:00-17:00,9:00-17:00,9:00-17:00,9:00-17:00,10:00-16:00,Closed,true,true,false,false
Fast Aalborg,"Quality fast food services in Aalborg, Denmark. Professional and reliable business serving the local community.",47,info@fastaalborg.com,+54-773-7160,https://www.fastaalborg.com,57 Church Street,Aalborg,Denmark,25658,37.636563,8.674157,9:00-17:00,9:00-17:00,9:00-17:00,9:00-17:00,9:00-17:00,10:00-16:00,Closed,true,true,false,true
Fast Narva,"Quality fast food services in Narva, Estonia. Professional and reliable business serving the local community.",47,info@fastnarva.com,+45-955-3003,https://www.fastnarva.com,711 Church Street,Narva,Estonia,22307,39.32258,-6.751354,9:00-17:00,9:00-17:00,9:00-17:00,9:00-17:00,9:00-17:00,10:00-16:00,Closed,true,true,false,false
Vantaa Bite,"Quality fast food services in Vantaa, Finland. Professional and reliable business serving the local community.",47,info@vantaabite.com,+66-482-8447,https://www.vantaabite.com,4 Queen Street,Vantaa,Finland,58600,57.507727,5.345532,9:00-17:00,9:00-17:00,9:00-17:00,9:00-17:00,9:00-17:00,10:00-16:00,Closed,true,true,false,false
Speed Thessaloniki,"Quality fast food services in Thessaloniki, Greece. Professional and reliable business serving the local community.",47,info@speedthessaloniki.com,+95-947-9185,https://www.speedthessaloniki.com,452 Queen Street,Thessaloniki,Greece,68381,44.158941,24.719848,9:00-17:00,9:00-17:00,9:00-17:00,9:00-17:00,9:00-17:00,10:00-16:00,Closed,true,true,false,false
Pécs Bite,"Quality fast food services in Pécs, Hungary. Professional and reliable business serving the local community.",47,info@pécsbite.com,+51-860-6467,https://www.pécsbite.com,521 High Street,Pécs,Hungary,51434,48.98397,29.172135,9:00-17:00,9:00-17:00,9:00-17:00,9:00-17:00,9:00-17:00,10:00-16:00,Closed,true,true,false,false
Cork Bite,"Quality fast food services in Cork, Ireland. Professional and reliable business serving the local community.",47,info@corkbite.com,+75-837-1509,https://www.corkbite.com,732 Queen Street,Cork,Ireland,77603,55.921944,-6.309481,9:00-17:00,9:00-17:00,9:00-17:00,9:00-17:00,9:00-17:00,10:00-16:00,Closed,true,true,false,true
Turin Bite,"Quality fast food services in Turin, Italy. Professional and reliable business serving the local community.",47,info@turinbite.com,+97-330-1465,https://www.turinbite.com,132 King Street,Turin,Italy,80998,43.743094,29.456893,9:00-17:00,9:00-17:00,9:00-17:00,9:00-17:00,9:00-17:00,10:00-16:00,Closed,true,true,false,false
Quick Liepāja,"Quality fast food services in Liepāja, Latvia. Professional and reliable business serving the local community.",47,info@quickliepāja.com,+90-238-8592,https://www.quickliepāja.com,244 King Street,Liepāja,Latvia,53769,36.900641,6.771969,9:00-17:00,9:00-17:00,9:00-17:00,9:00-17:00,9:00-17:00,10:00-16:00,Closed,true,true,false,true
Quick Kaunas,"Quality fast food services in Kaunas, Lithuania. Professional and reliable business serving the local community.",47,info@quickkaunas.com,+91-810-9812,https://www.quickkaunas.com,54 Main Street,Kaunas,Lithuania,55898,59.325143,-0.778895,9:00-17:00,9:00-17:00,9:00-17:00,9:00-17:00,9:00-17:00,10:00-16:00,Closed,true,true,false,false
Fast Luxembourg City,"Quality fast food services in Luxembourg City, Luxembourg. Professional and reliable business serving the local community.",47,info@fastluxembourgcity.com,+45-224-9061,https://www.fastluxembourgcity.com,184 High Street,Luxembourg City,Luxembourg,11568,55.548863,-7.627545,9:00-17:00,9:00-17:00,9:00-17:00,9:00-17:00,9:00-17:00,10:00-16:00,Closed,true,true,false,false
Fast Sliema,"Quality fast food services in Sliema, Malta. Professional and reliable business serving the local community.",47,info@fastsliema.com,+39-920-8908,https://www.fastsliema.com,568 Queen Street,Sliema,Malta,90862,56.780849,9.198809,9:00-17:00,9:00-17:00,9:00-17:00,9:00-17:00,9:00-17:00,10:00-16:00,Closed,true,true,false,true
Quick Warsaw,"Quality fast food services in Warsaw, Poland. Professional and reliable business serving the local community.",47,info@quickwarsaw.com,+44-140-7088,https://www.quickwarsaw.com,786 Main Street,Warsaw,Poland,65062,64.591732,25.160245,9:00-17:00,9:00-17:00,9:00-17:00,9:00-17:00,9:00-17:00,10:00-16:00,Closed,true,true,false,false
Fast Bucharest,"Quality fast food services in Bucharest, Romania. Professional and reliable business serving the local community.",47,info@fastbucharest.com,+57-723-9163,https://www.fastbucharest.com,706 Main Street,Bucharest,Romania,35334,44.111935,17.262014,9:00-17:00,9:00-17:00,9:00-17:00,9:00-17:00,9:00-17:00,10:00-16:00,Closed,true,true,false,true
Express Banská Bystrica,"Quality fast food services in Banská Bystrica, Slovakia. Professional and reliable business serving the local community.",47,info@expressbanskábystrica.com,+45-352-8874,https://www.expressbanskábystrica.com,422 High Street,Banská Bystrica,Slovakia,16700,67.2048,-9.679081,9:00-17:00,9:00-17:00,9:00-17:00,9:00-17:00,9:00-17:00,10:00-16:00,Closed,true,true,false,true
Speed Koper,"Quality fast food services in Koper, Slovenia. Professional and reliable business serving the local community.",47,info@speedkoper.com,+72-263-6679,https://www.speedkoper.com,51 King Street,Koper,Slovenia,60089,63.038019,19.092958,9:00-17:00,9:00-17:00,9:00-17:00,9:00-17:00,9:00-17:00,10:00-16:00,Closed,true,true,false,true
Express Västerås,"Quality fast food services in Västerås, Sweden. Professional and reliable business serving the local community.",47,info@expressvästerås.com,+73-570-7184,https://www.expressvästerås.com,114 High Street,Västerås,Sweden,69690,46.880503,4.703916,9:00-17:00,9:00-17:00,9:00-17:00,9:00-17:00,9:00-17:00,10:00-16:00,Closed,true,true,false,false
Fit Vienna,"Quality fitness & sports services in Vienna, Austria. Professional and reliable business serving the local community.",62,info@fitvienna.com,+85-776-5815,https://www.fitvienna.com,569 High Street,Vienna,Austria,34204,42.099229,-9.008855,9:00-17:00,9:00-17:00,9:00-17:00,9:00-17:00,9:00-17:00,10:00-16:00,Closed,true,true,false,false
Fitness Ruse,"Quality fitness & sports services in Ruse, Bulgaria. Professional and reliable business serving the local community.",62,info@fitnessruse.com,+84-359-3072,https://www.fitnessruse.com,526 High Street,Ruse,Bulgaria,19323,64.123503,4.311518,9:00-17:00,9:00-17:00,9:00-17:00,9:00-17:00,9:00-17:00,10:00-16:00,Closed,true,true,false,true
Rijeka Sports,"Quality fitness & sports services in Rijeka, Croatia. Professional and reliable business serving the local community.",62,info@rijekasports.com,+85-165-5916,https://www.rijekasports.com,5 Church Street,Rijeka,Croatia,71683,64.188687,-4.166832,9:00-17:00,9:00-17:00,9:00-17:00,9:00-17:00,9:00-17:00,10:00-16:00,Closed,true,true,false,false
Active Paphos,"Quality fitness & sports services in Paphos, Cyprus. Professional and reliable business serving the local community.",62,info@activepaphos.com,+94-860-8245,https://www.activepaphos.com,801 Queen Street,Paphos,Cyprus,40093,69.682235,-6.15962,9:00-17:00,9:00-17:00,9:00-17:00,9:00-17:00,9:00-17:00,10:00-16:00,Closed,true,true,false,true
Gym Brno,"Quality fitness & sports services in Brno, Czech Republic. Professional and reliable business serving the local community.",62,info@gymbrno.com,+54-454-4828,https://www.gymbrno.com,931 Church Street,Brno,Czech Republic,64979,35.772605,-6.708946,9:00-17:00,9:00-17:00,9:00-17:00,9:00-17:00,9:00-17:00,10:00-16:00,Closed,true,true,false,true
Fit Aalborg,"Quality fitness & sports services in Aalborg, Denmark. Professional and reliable business serving the local community.",62,info@fitaalborg.com,+46-452-1131,https://www.fitaalborg.com,968 Church Street,Aalborg,Denmark,79264,36.426934,-9.462506,9:00-17:00,9:00-17:00,9:00-17:00,9:00-17:00,9:00-17:00,10:00-16:00,Closed,true,true,false,true
Tartu Sports,"Quality fitness & sports services in Tartu, Estonia. Professional and reliable business serving the local community.",62,info@tartusports.com,+40-166-8888,https://www.tartusports.com,682 King Street,Tartu,Estonia,20957,58.536203,11.964185,9:00-17:00,9:00-17:00,9:00-17:00,9:00-17:00,9:00-17:00,10:00-16:00,Closed,true,true,false,true
Espoo Sports,"Quality fitness & sports services in Espoo, Finland. Professional and reliable business serving the local community.",62,info@espoosports.com,+75-130-7443,https://www.espoosports.com,755 King Street,Espoo,Finland,25545,59.078088,-6.576508,9:00-17:00,9:00-17:00,9:00-17:00,9:00-17:00,9:00-17:00,10:00-16:00,Closed,true,true,false,false
Fit Athens,"Quality fitness & sports services in Athens, Greece. Professional and reliable business serving the local community.",62,info@fitathens.com,+34-576-6993,https://www.fitathens.com,960 Church Street,Athens,Greece,56493,40.566846,15.074044,9:00-17:00,9:00-17:00,9:00-17:00,9:00-17:00,9:00-17:00,10:00-16:00,Closed,true,true,false,true
Active Szeged,"Quality fitness & sports services in Szeged, Hungary. Professional and reliable business serving the local community.",62,info@activeszeged.com,+44-716-6900,https://www.activeszeged.com,401 Main Street,Szeged,Hungary,44323,36.317624,20.651628,9:00-17:00,9:00-17:00,9:00-17:00,9:00-17:00,9:00-17:00,10:00-16:00,Closed,true,true,false,true
Active Waterford,"Quality fitness & sports services in Waterford, Ireland. Professional and reliable business serving the local community.",62,info@activewaterford.com,+33-238-5955,https://www.activewaterford.com,939 King Street,Waterford,Ireland,98475,65.348352,25.474889,9:00-17:00,9:00-17:00,9:00-17:00,9:00-17:00,9:00-17:00,10:00-16:00,Closed,true,true,false,false
Fit Palermo,"Quality fitness & sports services in Palermo, Italy. Professional and reliable business serving the local community.",62,info@fitpalermo.com,+47-773-2343,https://www.fitpalermo.com,517 High Street,Palermo,Italy,53203,42.066099,-9.737449,9:00-17:00,9:00-17:00,9:00-17:00,9:00-17:00,9:00-17:00,10:00-16:00,Closed,true,true,false,true
Gym Jelgava,"Quality fitness & sports services in Jelgava, Latvia. Professional and reliable business serving the local community.",62,info@gymjelgava.com,+95-548-8965,https://www.gymjelgava.com,724 King Street,Jelgava,Latvia,12858,53.003225,13.411963,9:00-17:00,9:00-17:00,9:00-17:00,9:00-17:00,9:00-17:00,10:00-16:00,Closed,true,true,false,false
Active Šiauliai,"Quality fitness & sports services in Šiauliai, Lithuania. Professional and reliable business serving the local community.",62,info@activešiauliai.com,+53-287-1140,https://www.activešiauliai.com,520 Church Street,Šiauliai,Lithuania,97308,52.04497,21.266574,9:00-17:00,9:00-17:00,9:00-17:00,9:00-17:00,9:00-17:00,10:00-16:00,Closed,true,true,false,true
Fitness Dudelange,"Quality fitness & sports services in Dudelange, Luxembourg. Professional and reliable business serving the local community.",62,info@fitnessdudelange.com,+87-305-6063,https://www.fitnessdudelange.com,937 King Street,Dudelange,Luxembourg,19252,51.695756,22.237431,9:00-17:00,9:00-17:00,9:00-17:00,9:00-17:00,9:00-17:00,10:00-16:00,Closed,true,true,false,false
Fit Birkirkara,"Quality fitness & sports services in Birkirkara, Malta. Professional and reliable business serving the local community.",62,info@fitbirkirkara.com,+52-893-8637,https://www.fitbirkirkara.com,199 Queen Street,Birkirkara,Malta,76979,46.68154,-5.062884,9:00-17:00,9:00-17:00,9:00-17:00,9:00-17:00,9:00-17:00,10:00-16:00,Closed,true,true,false,false
Poznań Sports,"Quality fitness & sports services in Poznań, Poland. Professional and reliable business serving the local community.",62,info@poznańsports.com,+50-235-4926,https://www.poznańsports.com,789 Queen Street,Poznań,Poland,46155,38.509407,4.611281,9:00-17:00,9:00-17:00,9:00-17:00,9:00-17:00,9:00-17:00,10:00-16:00,Closed,true,true,false,true
Active Bucharest,"Quality fitness & sports services in Bucharest, Romania. Professional and reliable business serving the local community.",62,info@activebucharest.com,+83-802-7385,https://www.activebucharest.com,807 Main Street,Bucharest,Romania,42466,58.534583,-7.21209,9:00-17:00,9:00-17:00,9:00-17:00,9:00-17:00,9:00-17:00,10:00-16:00,Closed,true,true,false,true
Košice Sports,"Quality fitness & sports services in Košice, Slovakia. Professional and reliable business serving the local community.",62,info@košicesports.com,+42-436-8471,https://www.košicesports.com,395 Main Street,Košice,Slovakia,95423,41.175348,6.785951,9:00-17:00,9:00-17:00,9:00-17:00,9:00-17:00,9:00-17:00,10:00-16:00,Closed,true,true,false,true
Fit Koper,"Quality fitness & sports services in Koper, Slovenia. Professional and reliable business serving the local community.",62,info@fitkoper.com,+52-726-1804,https://www.fitkoper.com,538 King Street,Koper,Slovenia,25380,40.535225,7.595602,9:00-17:00,9:00-17:00,9:00-17:00,9:00-17:00,9:00-17:00,10:00-16:00,Closed,true,true,false,true
Malmö Sports,"Quality fitness & sports services in Malmö, Sweden. Professional and reliable business serving the local community.",62,info@malmösports.com,+91-862-6285,https://www.malmösports.com,978 King Street,Malmö,Sweden,50833,67.566571,-1.525704,9:00-17:00,9:00-17:00,9:00-17:00,9:00-17:00,9:00-17:00,10:00-16:00,Closed,true,true,false,true
Dish Salzburg,"Quality food & beverages services in Salzburg, Austria. Professional and reliable business serving the local community.",51,info@dishsalzburg.com,+63-852-4422,https://www.dishsalzburg.com,110 High Street,Salzburg,Austria,62133,63.119408,16.44287,9:00-17:00,9:00-17:00,9:00-17:00,9:00-17:00,9:00-17:00,10:00-16:00,Closed,true,true,false,false
Taste Plovdiv,"Quality food & beverages services in Plovdiv, Bulgaria. Professional and reliable business serving the local community.",51,info@tasteplovdiv.com,+33-760-4142,https://www.tasteplovdiv.com,829 High Street,Plovdiv,Bulgaria,69217,60.97317,7.077297,9:00-17:00,9:00-17:00,9:00-17:00,9:00-17:00,9:00-17:00,10:00-16:00,Closed,true,true,false,false
Rijeka Kitchen,"Quality food & beverages services in Rijeka, Croatia. Professional and reliable business serving the local community.",51,info@rijekakitchen.com,+64-180-4992,https://www.rijekakitchen.com,989 King Street,Rijeka,Croatia,79314,69.38015,-0.067296,9:00-17:00,9:00-17:00,9:00-17:00,9:00-17:00,9:00-17:00,10:00-16:00,Closed,true,true,false,false
Paphos Kitchen,"Quality food & beverages services in Paphos, Cyprus. Professional and reliable business serving the local community.",51,info@paphoskitchen.com,+84-392-6987,https://www.paphoskitchen.com,19 High Street,Paphos,Cyprus,18037,56.69014,-5.664723,9:00-17:00,9:00-17:00,9:00-17:00,9:00-17:00,9:00-17:00,10:00-16:00,Closed,true,true,false,true
Prague Kitchen,"Quality food & beverages services in Prague, Czech Republic. Professional and reliable business serving the local community.",51,info@praguekitchen.com,+45-552-7143,https://www.praguekitchen.com,925 Church Street,Prague,Czech Republic,65617,59.159853,22.594547,9:00-17:00,9:00-17:00,9:00-17:00,9:00-17:00,9:00-17:00,10:00-16:00,Closed,true,true,false,false
Taste Odense,"Quality food & beverages services in Odense, Denmark. Professional and reliable business serving the local community.",51,info@tasteodense.com,+79-465-7503,https://www.tasteodense.com,99 High Street,Odense,Denmark,96683,63.979894,11.825263,9:00-17:00,9:00-17:00,9:00-17:00,9:00-17:00,9:00-17:00,10:00-16:00,Closed,true,true,false,false
Flavor Kohtla-Järve,"Quality food & beverages services in Kohtla-Järve, Estonia. Professional and reliable business serving the local community.",51,info@flavorkohtla-järve.com,+98-299-7809,https://www.flavorkohtla-järve.com,962 High Street,Kohtla-Järve,Estonia,18006,60.147104,22.505595,9:00-17:00,9:00-17:00,9:00-17:00,9:00-17:00,9:00-17:00,10:00-16:00,Closed,true,true,false,false
Food Oulu,"Quality food & beverages services in Oulu, Finland. Professional and reliable business serving the local community.",51,info@foodoulu.com,+72-941-4394,https://www.foodoulu.com,563 High Street,Oulu,Finland,85418,63.22005,15.170886,9:00-17:00,9:00-17:00,9:00-17:00,9:00-17:00,9:00-17:00,10:00-16:00,Closed,true,true,false,true
Patras Kitchen,"Quality food & beverages services in Patras, Greece. Professional and reliable business serving the local community.",51,info@patraskitchen.com,+43-936-9910,https://www.patraskitchen.com,933 Queen Street,Patras,Greece,37808,41.354443,21.420952,9:00-17:00,9:00-17:00,9:00-17:00,9:00-17:00,9:00-17:00,10:00-16:00,Closed,true,true,false,true
Food Miskolc,"Quality food & beverages services in Miskolc, Hungary. Professional and reliable business serving the local community.",51,info@foodmiskolc.com,+52-188-3690,https://www.foodmiskolc.com,970 Queen Street,Miskolc,Hungary,66134,53.829929,-2.542269,9:00-17:00,9:00-17:00,9:00-17:00,9:00-17:00,9:00-17:00,10:00-16:00,Closed,true,true,false,false
Food Waterford,"Quality food & beverages services in Waterford, Ireland. Professional and reliable business serving the local community.",51,info@foodwaterford.com,+78-824-8468,https://www.foodwaterford.com,677 Church Street,Waterford,Ireland,70731,58.587292,-7.012055,9:00-17:00,9:00-17:00,9:00-17:00,9:00-17:00,9:00-17:00,10:00-16:00,Closed,true,true,false,true
Flavor Naples,"Quality food & beverages services in Naples, Italy. Professional and reliable business serving the local community.",51,info@flavornaples.com,+30-845-3064,https://www.flavornaples.com,2 King Street,Naples,Italy,18289,67.069281,-6.939393,9:00-17:00,9:00-17:00,9:00-17:00,9:00-17:00,9:00-17:00,10:00-16:00,Closed,true,true,false,false
Dish Daugavpils,"Quality food & beverages services in Daugavpils, Latvia. Professional and reliable business serving the local community.",51,info@dishdaugavpils.com,+72-523-4385,https://www.dishdaugavpils.com,108 Queen Street,Daugavpils,Latvia,15337,67.896948,-5.145747,9:00-17:00,9:00-17:00,9:00-17:00,9:00-17:00,9:00-17:00,10:00-16:00,Closed,true,true,false,false
Taste Kaunas,"Quality food & beverages services in Kaunas, Lithuania. Professional and reliable business serving the local community.",51,info@tastekaunas.com,+78-797-4007,https://www.tastekaunas.com,236 Church Street,Kaunas,Lithuania,21737,57.148816,-3.014555,9:00-17:00,9:00-17:00,9:00-17:00,9:00-17:00,9:00-17:00,10:00-16:00,Closed,true,true,false,false
Taste Esch-sur-Alzette,"Quality food & beverages services in Esch-sur-Alzette, Luxembourg. Professional and reliable business serving the local community.",51,info@tasteesch-sur-alzette.com,+84-266-7657,https://www.tasteesch-sur-alzette.com,551 Main Street,Esch-sur-Alzette,Luxembourg,28897,43.576499,18.328556,9:00-17:00,9:00-17:00,9:00-17:00,9:00-17:00,9:00-17:00,10:00-16:00,Closed,true,true,false,true
Flavor St. Julian's,"Quality food & beverages services in St. Julian's, Malta. Professional and reliable business serving the local community.",51,info@flavorst.julian's.com,+44-627-7440,https://www.flavorst.julian's.com,81 Main Street,St. Julian's,Malta,58631,38.944254,13.693075,9:00-17:00,9:00-17:00,9:00-17:00,9:00-17:00,9:00-17:00,10:00-16:00,Closed,true,true,false,false
Flavor Warsaw,"Quality food & beverages services in Warsaw, Poland. Professional and reliable business serving the local community.",51,info@flavorwarsaw.com,+43-981-2229,https://www.flavorwarsaw.com,190 Main Street,Warsaw,Poland,95695,62.866892,11.218261,9:00-17:00,9:00-17:00,9:00-17:00,9:00-17:00,9:00-17:00,10:00-16:00,Closed,true,true,false,true
Food Iași,"Quality food & beverages services in Iași, Romania. Professional and reliable business serving the local community.",51,info@foodiași.com,+96-526-8517,https://www.foodiași.com,926 King Street,Iași,Romania,82898,64.746704,-8.173754,9:00-17:00,9:00-17:00,9:00-17:00,9:00-17:00,9:00-17:00,10:00-16:00,Closed,true,true,false,true
Dish Banská Bystrica,"Quality food & beverages services in Banská Bystrica, Slovakia. Professional and reliable business serving the local community.",51,info@dishbanskábystrica.com,+96-286-3211,https://www.dishbanskábystrica.com,347 Main Street,Banská Bystrica,Slovakia,28115,67.982452,-4.986706,9:00-17:00,9:00-17:00,9:00-17:00,9:00-17:00,9:00-17:00,10:00-16:00,Closed,true,true,false,true
Dish Ljubljana,"Quality food & beverages services in Ljubljana, Slovenia. Professional and reliable business serving the local community.",51,info@dishljubljana.com,+51-504-7293,https://www.dishljubljana.com,248 Main Street,Ljubljana,Slovenia,14653,45.428184,9.199244,9:00-17:00,9:00-17:00,9:00-17:00,9:00-17:00,9:00-17:00,10:00-16:00,Closed,true,true,false,false
Dish Uppsala,"Quality food & beverages services in Uppsala, Sweden. Professional and reliable business serving the local community.",51,info@dishuppsala.com,+97-509-4141,https://www.dishuppsala.com,585 Main Street,Uppsala,Sweden,83246,60.324194,15.379539,9:00-17:00,9:00-17:00,9:00-17:00,9:00-17:00,9:00-17:00,10:00-16:00,Closed,true,true,false,false
Bon Linz,"Quality french restaurants services in Linz, Austria. Professional and reliable business serving the local community.",12,info@bonlinz.com,+45-671-6827,https://www.bonlinz.com,11 King Street,Linz,Austria,40117,45.191493,-2.908545,9:00-17:00,9:00-17:00,9:00-17:00,9:00-17:00,9:00-17:00,10:00-16:00,Closed,true,true,false,false
Bistro Varna,"Quality french restaurants services in Varna, Bulgaria. Professional and reliable business serving the local community.",12,info@bistrovarna.com,+58-908-3522,https://www.bistrovarna.com,930 King Street,Varna,Bulgaria,43039,67.814014,24.466665,9:00-17:00,9:00-17:00,9:00-17:00,9:00-17:00,9:00-17:00,10:00-16:00,Closed,true,true,false,false
Bon Split,"Quality french restaurants services in Split, Croatia. Professional and reliable business serving the local community.",12,info@bonsplit.com,+84-726-4944,https://www.bonsplit.com,136 Main Street,Split,Croatia,39253,38.298982,23.574545,9:00-17:00,9:00-17:00,9:00-17:00,9:00-17:00,9:00-17:00,10:00-16:00,Closed,true,true,false,false
Bistro Larnaca,"Quality french restaurants services in Larnaca, Cyprus. Professional and reliable business serving the local community.",12,info@bistrolarnaca.com,+34-413-1963,https://www.bistrolarnaca.com,480 Main Street,Larnaca,Cyprus,61267,36.342415,-7.168118,9:00-17:00,9:00-17:00,9:00-17:00,9:00-17:00,9:00-17:00,10:00-16:00,Closed,true,true,false,false
Bon Ostrava,"Quality french restaurants services in Ostrava, Czech Republic. Professional and reliable business serving the local community.",12,info@bonostrava.com,+88-487-8521,https://www.bonostrava.com,448 High Street,Ostrava,Czech Republic,62914,42.089833,23.680671,9:00-17:00,9:00-17:00,9:00-17:00,9:00-17:00,9:00-17:00,10:00-16:00,Closed,true,true,false,false
French Copenhagen,"Quality french restaurants services in Copenhagen, Denmark. Professional and reliable business serving the local community.",12,info@frenchcopenhagen.com,+78-668-8519,https://www.frenchcopenhagen.com,974 King Street,Copenhagen,Denmark,51467,53.723648,12.011206,9:00-17:00,9:00-17:00,9:00-17:00,9:00-17:00,9:00-17:00,10:00-16:00,Closed,true,true,false,true
Paris Tartu,"Quality french restaurants services in Tartu, Estonia. Professional and reliable business serving the local community.",12,info@paristartu.com,+83-458-8392,https://www.paristartu.com,856 Queen Street,Tartu,Estonia,41560,36.723262,-9.316149,9:00-17:00,9:00-17:00,9:00-17:00,9:00-17:00,9:00-17:00,10:00-16:00,Closed,true,true,false,false
Bistro Espoo,"Quality french restaurants services in Espoo, Finland. Professional and reliable business serving the local community.",12,info@bistroespoo.com,+83-227-2006,https://www.bistroespoo.com,5 Queen Street,Espoo,Finland,17835,45.00935,4.597873,9:00-17:00,9:00-17:00,9:00-17:00,9:00-17:00,9:00-17:00,10:00-16:00,Closed,true,true,false,false
Bon Thessaloniki,"Quality french restaurants services in Thessaloniki, Greece. Professional and reliable business serving the local community.",12,info@bonthessaloniki.com,+69-353-8057,https://www.bonthessaloniki.com,403 High Street,Thessaloniki,Greece,64687,57.9868,11.459863,9:00-17:00,9:00-17:00,9:00-17:00,9:00-17:00,9:00-17:00,10:00-16:00,Closed,true,true,false,true
French Budapest,"Quality french restaurants services in Budapest, Hungary. Professional and reliable business serving the local community.",12,info@frenchbudapest.com,+93-845-9819,https://www.frenchbudapest.com,892 King Street,Budapest,Hungary,30015,54.604727,8.623535,9:00-17:00,9:00-17:00,9:00-17:00,9:00-17:00,9:00-17:00,10:00-16:00,Closed,true,true,false,false
French Limerick,"Quality french restaurants services in Limerick, Ireland. Professional and reliable business serving the local community.",12,info@frenchlimerick.com,+62-678-2171,https://www.frenchlimerick.com,248 Queen Street,Limerick,Ireland,18778,41.497125,25.292291,9:00-17:00,9:00-17:00,9:00-17:00,9:00-17:00,9:00-17:00,10:00-16:00,Closed,true,true,false,false
Bon Palermo,"Quality french restaurants services in Palermo, Italy. Professional and reliable business serving the local community.",12,info@bonpalermo.com,+48-821-7422,https://www.bonpalermo.com,102 King Street,Palermo,Italy,20826,35.108996,13.427471,9:00-17:00,9:00-17:00,9:00-17:00,9:00-17:00,9:00-17:00,10:00-16:00,Closed,true,true,false,true
Paris Riga,"Quality french restaurants services in Riga, Latvia. Professional and reliable business serving the local community.",12,info@parisriga.com,+55-826-3836,https://www.parisriga.com,141 Church Street,Riga,Latvia,45148,62.405323,12.073376,9:00-17:00,9:00-17:00,9:00-17:00,9:00-17:00,9:00-17:00,10:00-16:00,Closed,true,true,false,false
French Vilnius,"Quality french restaurants services in Vilnius, Lithuania. Professional and reliable business serving the local community.",12,info@frenchvilnius.com,+97-723-5962,https://www.frenchvilnius.com,198 Queen Street,Vilnius,Lithuania,90256,62.948584,-5.14968,9:00-17:00,9:00-17:00,9:00-17:00,9:00-17:00,9:00-17:00,10:00-16:00,Closed,true,true,false,false
Paris Luxembourg City,"Quality french restaurants services in Luxembourg City, Luxembourg. Professional and reliable business serving the local community.",12,info@parisluxembourgcity.com,+94-214-5121,https://www.parisluxembourgcity.com,528 Queen Street,Luxembourg City,Luxembourg,76822,48.631457,23.798391,9:00-17:00,9:00-17:00,9:00-17:00,9:00-17:00,9:00-17:00,10:00-16:00,Closed,true,true,false,false
Bon St. Julian's,"Quality french restaurants services in St. Julian's, Malta. Professional and reliable business serving the local community.",12,info@bonst.julian's.com,+51-991-6748,https://www.bonst.julian's.com,772 Queen Street,St. Julian's,Malta,95511,55.488223,-4.921704,9:00-17:00,9:00-17:00,9:00-17:00,9:00-17:00,9:00-17:00,10:00-16:00,Closed,true,true,false,false
Bistro Łódź,"Quality french restaurants services in Łódź, Poland. Professional and reliable business serving the local community.",12,info@bistrołódź.com,+74-179-5525,https://www.bistrołódź.com,706 High Street,Łódź,Poland,29117,65.228501,0.364405,9:00-17:00,9:00-17:00,9:00-17:00,9:00-17:00,9:00-17:00,10:00-16:00,Closed,true,true,false,false
Iași Cuisine,"Quality french restaurants services in Iași, Romania. Professional and reliable business serving the local community.",12,info@iașicuisine.com,+57-850-2792,https://www.iașicuisine.com,980 Church Street,Iași,Romania,50207,36.485546,8.392127,9:00-17:00,9:00-17:00,9:00-17:00,9:00-17:00,9:00-17:00,10:00-16:00,Closed,true,true,false,false
Bon Banská Bystrica,"Quality french restaurants services in Banská Bystrica, Slovakia. Professional and reliable business serving the local community.",12,info@bonbanskábystrica.com,+37-345-7625,https://www.bonbanskábystrica.com,682 Church Street,Banská Bystrica,Slovakia,13050,56.055766,16.132519,9:00-17:00,9:00-17:00,9:00-17:00,9:00-17:00,9:00-17:00,10:00-16:00,Closed,true,true,false,true
Paris Ljubljana,"Quality french restaurants services in Ljubljana, Slovenia. Professional and reliable business serving the local community.",12,info@parisljubljana.com,+48-232-4230,https://www.parisljubljana.com,551 Church Street,Ljubljana,Slovenia,95229,68.04607,11.513112,9:00-17:00,9:00-17:00,9:00-17:00,9:00-17:00,9:00-17:00,10:00-16:00,Closed,true,true,false,false
Paris Västerås,"Quality french restaurants services in Västerås, Sweden. Professional and reliable business serving the local community.",12,info@parisvästerås.com,+52-469-6001,https://www.parisvästerås.com,551 Church Street,Västerås,Sweden,72515,60.925709,18.143829,9:00-17:00,9:00-17:00,9:00-17:00,9:00-17:00,9:00-17:00,10:00-16:00,Closed,true,true,false,true
Bloom Vienna,"Quality garden center services in Vienna, Austria. Professional and reliable business serving the local community.",4,info@bloomvienna.com,+53-438-9788,https://www.bloomvienna.com,416 Main Street,Vienna,Austria,84515,46.421167,10.147382,9:00-17:00,9:00-17:00,9:00-17:00,9:00-17:00,9:00-17:00,10:00-16:00,Closed,true,true,false,true
Bloom Varna,"Quality garden center services in Varna, Bulgaria. Professional and reliable business serving the local community.",4,info@bloomvarna.com,+90-843-1443,https://www.bloomvarna.com,959 High Street,Varna,Bulgaria,62944,35.18739,7.729622,9:00-17:00,9:00-17:00,9:00-17:00,9:00-17:00,9:00-17:00,10:00-16:00,Closed,true,true,false,true
Garden Rijeka,"Quality garden center services in Rijeka, Croatia. Professional and reliable business serving the local community.",4,info@gardenrijeka.com,+72-211-1117,https://www.gardenrijeka.com,196 Church Street,Rijeka,Croatia,78011,48.345755,-1.607502,9:00-17:00,9:00-17:00,9:00-17:00,9:00-17:00,9:00-17:00,10:00-16:00,Closed,true,true,false,true
Larnaca Green,"Quality garden center services in Larnaca, Cyprus. Professional and reliable business serving the local community.",4,info@larnacagreen.com,+71-931-9315,https://www.larnacagreen.com,726 High Street,Larnaca,Cyprus,46713,38.269139,-1.159897,9:00-17:00,9:00-17:00,9:00-17:00,9:00-17:00,9:00-17:00,10:00-16:00,Closed,true,true,false,true
Garden Brno,"Quality garden center services in Brno, Czech Republic. Professional and reliable business serving the local community.",4,info@gardenbrno.com,+70-774-3897,https://www.gardenbrno.com,396 High Street,Brno,Czech Republic,94968,42.225,25.119948,9:00-17:00,9:00-17:00,9:00-17:00,9:00-17:00,9:00-17:00,10:00-16:00,Closed,true,true,false,false
Plants Aalborg,"Quality garden center services in Aalborg, Denmark. Professional and reliable business serving the local community.",4,info@plantsaalborg.com,+97-616-4408,https://www.plantsaalborg.com,329 Queen Street,Aalborg,Denmark,62982,59.309,-7.61552,9:00-17:00,9:00-17:00,9:00-17:00,9:00-17:00,9:00-17:00,10:00-16:00,Closed,true,true,false,true
Bloom Tallinn,"Quality garden center services in Tallinn, Estonia. Professional and reliable business serving the local community.",4,info@bloomtallinn.com,+62-329-3058,https://www.bloomtallinn.com,224 High Street,Tallinn,Estonia,40842,59.161827,10.758109,9:00-17:00,9:00-17:00,9:00-17:00,9:00-17:00,9:00-17:00,10:00-16:00,Closed,true,true,false,false
Garden Tampere,"Quality garden center services in Tampere, Finland. Professional and reliable business serving the local community.",4,info@gardentampere.com,+46-405-7361,https://www.gardentampere.com,311 Queen Street,Tampere,Finland,30494,51.913242,-3.555882,9:00-17:00,9:00-17:00,9:00-17:00,9:00-17:00,9:00-17:00,10:00-16:00,Closed,true,true,false,true
Plants Larissa,"Quality garden center services in Larissa, Greece. Professional and reliable business serving the local community.",4,info@plantslarissa.com,+40-298-4912,https://www.plantslarissa.com,99 King Street,Larissa,Greece,13416,42.808399,9.769678,9:00-17:00,9:00-17:00,9:00-17:00,9:00-17:00,9:00-17:00,10:00-16:00,Closed,true,true,false,true
Flora Miskolc,"Quality garden center services in Miskolc, Hungary. Professional and reliable business serving the local community.",4,info@floramiskolc.com,+81-513-6252,https://www.floramiskolc.com,561 Church Street,Miskolc,Hungary,99605,45.085439,1.397848,9:00-17:00,9:00-17:00,9:00-17:00,9:00-17:00,9:00-17:00,10:00-16:00,Closed,true,true,false,true
Plants Cork,"Quality garden center services in Cork, Ireland. Professional and reliable business serving the local community.",4,info@plantscork.com,+59-725-7324,https://www.plantscork.com,158 Church Street,Cork,Ireland,36779,69.676433,9.814923,9:00-17:00,9:00-17:00,9:00-17:00,9:00-17:00,9:00-17:00,10:00-16:00,Closed,true,true,false,true
Turin Green,"Quality garden center services in Turin, Italy. Professional and reliable business serving the local community.",4,info@turingreen.com,+66-949-8277,https://www.turingreen.com,434 Queen Street,Turin,Italy,27662,56.29747,21.780073,9:00-17:00,9:00-17:00,9:00-17:00,9:00-17:00,9:00-17:00,10:00-16:00,Closed,true,true,false,true
Garden Jūrmala,"Quality garden center services in Jūrmala, Latvia. Professional and reliable business serving the local community.",4,info@gardenjūrmala.com,+61-848-3715,https://www.gardenjūrmala.com,46 Main Street,Jūrmala,Latvia,37058,52.094497,15.141667,9:00-17:00,9:00-17:00,9:00-17:00,9:00-17:00,9:00-17:00,10:00-16:00,Closed,true,true,false,true
Bloom Klaipėda,"Quality garden center services in Klaipėda, Lithuania. Professional and reliable business serving the local community.",4,info@bloomklaipėda.com,+35-531-7473,https://www.bloomklaipėda.com,987 King Street,Klaipėda,Lithuania,57075,55.305301,-6.4758,9:00-17:00,9:00-17:00,9:00-17:00,9:00-17:00,9:00-17:00,10:00-16:00,Closed,true,true,false,true
Bloom Esch-sur-Alzette,"Quality garden center services in Esch-sur-Alzette, Luxembourg. Professional and reliable business serving the local community.",4,info@bloomesch-sur-alzette.com,+73-962-3741,https://www.bloomesch-sur-alzette.com,415 Main Street,Esch-sur-Alzette,Luxembourg,77110,62.718756,8.733986,9:00-17:00,9:00-17:00,9:00-17:00,9:00-17:00,9:00-17:00,10:00-16:00,Closed,true,true,false,true
Bloom Valletta,"Quality garden center services in Valletta, Malta. Professional and reliable business serving the local community.",4,info@bloomvalletta.com,+45-461-8829,https://www.bloomvalletta.com,269 King Street,Valletta,Malta,56773,55.257237,23.419041,9:00-17:00,9:00-17:00,9:00-17:00,9:00-17:00,9:00-17:00,10:00-16:00,Closed,true,true,false,false
Plants Poznań,"Quality garden center services in Poznań, Poland. Professional and reliable business serving the local community.",4,info@plantspoznań.com,+48-505-2099,https://www.plantspoznań.com,131 Church Street,Poznań,Poland,33215,58.411174,-3.43298,9:00-17:00,9:00-17:00,9:00-17:00,9:00-17:00,9:00-17:00,10:00-16:00,Closed,true,true,false,true
Plants Bucharest,"Quality garden center services in Bucharest, Romania. Professional and reliable business serving the local community.",4,info@plantsbucharest.com,+55-776-7449,https://www.plantsbucharest.com,209 High Street,Bucharest,Romania,96988,60.941111,-2.714443,9:00-17:00,9:00-17:00,9:00-17:00,9:00-17:00,9:00-17:00,10:00-16:00,Closed,true,true,false,true
Bratislava Green,"Quality garden center services in Bratislava, Slovakia. Professional and reliable business serving the local community.",4,info@bratislavagreen.com,+42-878-1124,https://www.bratislavagreen.com,802 Queen Street,Bratislava,Slovakia,70850,37.412976,13.791675,9:00-17:00,9:00-17:00,9:00-17:00,9:00-17:00,9:00-17:00,10:00-16:00,Closed,true,true,false,false
Garden Koper,"Quality garden center services in Koper, Slovenia. Professional and reliable business serving the local community.",4,info@gardenkoper.com,+36-358-8163,https://www.gardenkoper.com,493 Queen Street,Koper,Slovenia,91969,57.181503,22.772368,9:00-17:00,9:00-17:00,9:00-17:00,9:00-17:00,9:00-17:00,10:00-16:00,Closed,true,true,false,false
Flora Västerås,"Quality garden center services in Västerås, Sweden. Professional and reliable business serving the local community.",4,info@floravästerås.com,+95-937-9035,https://www.floravästerås.com,444 Main Street,Västerås,Sweden,79185,57.696191,11.689506,9:00-17:00,9:00-17:00,9:00-17:00,9:00-17:00,9:00-17:00,10:00-16:00,Closed,true,true,false,true
Energy Vienna,"Quality gas stations services in Vienna, Austria. Professional and reliable business serving the local community.",34,info@energyvienna.com,+51-528-8098,https://www.energyvienna.com,466 High Street,Vienna,Austria,30058,67.849377,-2.688996,9:00-17:00,9:00-17:00,9:00-17:00,9:00-17:00,9:00-17:00,10:00-16:00,Closed,true,true,false,true
Petrol Burgas,"Quality gas stations services in Burgas, Bulgaria. Professional and reliable business serving the local community.",34,info@petrolburgas.com,+83-226-8754,https://www.petrolburgas.com,432 King Street,Burgas,Bulgaria,34037,48.090814,11.752699,9:00-17:00,9:00-17:00,9:00-17:00,9:00-17:00,9:00-17:00,10:00-16:00,Closed,true,true,false,true
Energy Split,"Quality gas stations services in Split, Croatia. Professional and reliable business serving the local community.",34,info@energysplit.com,+89-914-6806,https://www.energysplit.com,468 High Street,Split,Croatia,13485,51.70977,2.927373,9:00-17:00,9:00-17:00,9:00-17:00,9:00-17:00,9:00-17:00,10:00-16:00,Closed,true,true,false,true
Larnaca Station,"Quality gas stations services in Larnaca, Cyprus. Professional and reliable business serving the local community.",34,info@larnacastation.com,+49-825-9518,https://www.larnacastation.com,722 King Street,Larnaca,Cyprus,58447,57.842311,6.404427,9:00-17:00,9:00-17:00,9:00-17:00,9:00-17:00,9:00-17:00,10:00-16:00,Closed,true,true,false,false
Gas Brno,"Quality gas stations services in Brno, Czech Republic. Professional and reliable business serving the local community.",34,info@gasbrno.com,+72-870-1961,https://www.gasbrno.com,963 High Street,Brno,Czech Republic,75268,38.801861,-6.201104,9:00-17:00,9:00-17:00,9:00-17:00,9:00-17:00,9:00-17:00,10:00-16:00,Closed,true,true,false,true
Odense Station,"Quality gas stations services in Odense, Denmark. Professional and reliable business serving the local community.",34,info@odensestation.com,+48-661-9000,https://www.odensestation.com,51 Queen Street,Odense,Denmark,16506,42.470472,12.231613,9:00-17:00,9:00-17:00,9:00-17:00,9:00-17:00,9:00-17:00,10:00-16:00,Closed,true,true,false,false
Energy Narva,"Quality gas stations services in Narva, Estonia. Professional and reliable business serving the local community.",34,info@energynarva.com,+92-579-5053,https://www.energynarva.com,192 Main Street,Narva,Estonia,41197,45.113939,28.930065,9:00-17:00,9:00-17:00,9:00-17:00,9:00-17:00,9:00-17:00,10:00-16:00,Closed,true,true,false,true
Petrol Espoo,"Quality gas stations services in Espoo, Finland. Professional and reliable business serving the local community.",34,info@petrolespoo.com,+74-220-3319,https://www.petrolespoo.com,219 King Street,Espoo,Finland,90767,53.19287,28.79014,9:00-17:00,9:00-17:00,9:00-17:00,9:00-17:00,9:00-17:00,10:00-16:00,Closed,true,true,false,true
Energy Thessaloniki,"Quality gas stations services in Thessaloniki, Greece. Professional and reliable business serving the local community.",34,info@energythessaloniki.com,+43-622-8711,https://www.energythessaloniki.com,207 Main Street,Thessaloniki,Greece,38439,48.986046,0.215974,9:00-17:00,9:00-17:00,9:00-17:00,9:00-17:00,9:00-17:00,10:00-16:00,Closed,true,true,false,false
Fuel Szeged,"Quality gas stations services in Szeged, Hungary. Professional and reliable business serving the local community.",34,info@fuelszeged.com,+34-812-4509,https://www.fuelszeged.com,538 High Street,Szeged,Hungary,42620,56.261971,23.933659,9:00-17:00,9:00-17:00,9:00-17:00,9:00-17:00,9:00-17:00,10:00-16:00,Closed,true,true,false,true
Energy Cork,"Quality gas stations services in Cork, Ireland. Professional and reliable business serving the local community.",34,info@energycork.com,+87-274-7759,https://www.energycork.com,668 Church Street,Cork,Ireland,73751,44.36528,23.52532,9:00-17:00,9:00-17:00,9:00-17:00,9:00-17:00,9:00-17:00,10:00-16:00,Closed,true,true,false,false
Fuel Turin,"Quality gas stations services in Turin, Italy. Professional and reliable business serving the local community.",34,info@fuelturin.com,+44-832-5558,https://www.fuelturin.com,952 King Street,Turin,Italy,68854,57.003047,14.16077,9:00-17:00,9:00-17:00,9:00-17:00,9:00-17:00,9:00-17:00,10:00-16:00,Closed,true,true,false,true
Fuel Jelgava,"Quality gas stations services in Jelgava, Latvia. Professional and reliable business serving the local community.",34,info@fueljelgava.com,+61-547-7613,https://www.fueljelgava.com,138 Church Street,Jelgava,Latvia,35460,65.520787,0.235303,9:00-17:00,9:00-17:00,9:00-17:00,9:00-17:00,9:00-17:00,10:00-16:00,Closed,true,true,false,false
Fuel Šiauliai,"Quality gas stations services in Šiauliai, Lithuania. Professional and reliable business serving the local community.",34,info@fuelšiauliai.com,+38-543-3334,https://www.fuelšiauliai.com,728 King Street,Šiauliai,Lithuania,29469,51.943893,28.748513,9:00-17:00,9:00-17:00,9:00-17:00,9:00-17:00,9:00-17:00,10:00-16:00,Closed,true,true,false,false
Petrol Differdange,"Quality gas stations services in Differdange, Luxembourg. Professional and reliable business serving the local community.",34,info@petroldifferdange.com,+62-451-4656,https://www.petroldifferdange.com,305 Church Street,Differdange,Luxembourg,14088,64.823676,10.567086,9:00-17:00,9:00-17:00,9:00-17:00,9:00-17:00,9:00-17:00,10:00-16:00,Closed,true,true,false,true
Fuel Valletta,"Quality gas stations services in Valletta, Malta. Professional and reliable business serving the local community.",34,info@fuelvalletta.com,+56-958-7170,https://www.fuelvalletta.com,414 Queen Street,Valletta,Malta,45508,46.700068,-0.877888,9:00-17:00,9:00-17:00,9:00-17:00,9:00-17:00,9:00-17:00,10:00-16:00,Closed,true,true,false,false
Kraków Station,"Quality gas stations services in Kraków, Poland. Professional and reliable business serving the local community.",34,info@krakówstation.com,+85-322-6740,https://www.krakówstation.com,877 Main Street,Kraków,Poland,67347,48.324876,-2.408698,9:00-17:00,9:00-17:00,9:00-17:00,9:00-17:00,9:00-17:00,10:00-16:00,Closed,true,true,false,true
Bucharest Station,"Quality gas stations services in Bucharest, Romania. Professional and reliable business serving the local community.",34,info@buchareststation.com,+89-839-1253,https://www.buchareststation.com,728 Church Street,Bucharest,Romania,62614,48.996778,12.128036,9:00-17:00,9:00-17:00,9:00-17:00,9:00-17:00,9:00-17:00,10:00-16:00,Closed,true,true,false,false
Prešov Station,"Quality gas stations services in Prešov, Slovakia. Professional and reliable business serving the local community.",34,info@prešovstation.com,+70-432-8870,https://www.prešovstation.com,770 Main Street,Prešov,Slovakia,84718,35.602266,1.258493,9:00-17:00,9:00-17:00,9:00-17:00,9:00-17:00,9:00-17:00,10:00-16:00,Closed,true,true,false,true
Fuel Ljubljana,"Quality gas stations services in Ljubljana, Slovenia. Professional and reliable business serving the local community.",34,info@fuelljubljana.com,+80-316-8182,https://www.fuelljubljana.com,648 Queen Street,Ljubljana,Slovenia,97164,48.92912,24.369448,9:00-17:00,9:00-17:00,9:00-17:00,9:00-17:00,9:00-17:00,10:00-16:00,Closed,true,true,false,true
Petrol Gothenburg,"Quality gas stations services in Gothenburg, Sweden. Professional and reliable business serving the local community.",34,info@petrolgothenburg.com,+60-133-7905,https://www.petrolgothenburg.com,255 Main Street,Gothenburg,Sweden,48178,35.511299,5.770174,9:00-17:00,9:00-17:00,9:00-17:00,9:00-17:00,9:00-17:00,10:00-16:00,Closed,true,true,false,false
Business Salzburg,"Quality general business services in Salzburg, Austria. Professional and reliable business serving the local community.",56,info@businesssalzburg.com,+94-535-6628,https://www.businesssalzburg.com,480 King Street,Salzburg,Austria,15978,59.661745,16.304352,9:00-17:00,9:00-17:00,9:00-17:00,9:00-17:00,9:00-17:00,10:00-16:00,Closed,true,true,false,true
Pro Plovdiv,"Quality general business services in Plovdiv, Bulgaria. Professional and reliable business serving the local community.",56,info@proplovdiv.com,+42-953-8787,https://www.proplovdiv.com,388 Church Street,Plovdiv,Bulgaria,17899,42.703227,12.734672,9:00-17:00,9:00-17:00,9:00-17:00,9:00-17:00,9:00-17:00,10:00-16:00,Closed,true,true,false,false
Expert Split,"Quality general business services in Split, Croatia. Professional and reliable business serving the local community.",56,info@expertsplit.com,+47-214-7859,https://www.expertsplit.com,474 Queen Street,Split,Croatia,66711,62.849139,22.142608,9:00-17:00,9:00-17:00,9:00-17:00,9:00-17:00,9:00-17:00,10:00-16:00,Closed,true,true,false,true
Service Limassol,"Quality general business services in Limassol, Cyprus. Professional and reliable business serving the local community.",56,info@servicelimassol.com,+67-172-9754,https://www.servicelimassol.com,643 King Street,Limassol,Cyprus,34087,37.277446,7.590817,9:00-17:00,9:00-17:00,9:00-17:00,9:00-17:00,9:00-17:00,10:00-16:00,Closed,true,true,false,false
Liberec Solutions,"Quality general business services in Liberec, Czech Republic. Professional and reliable business serving the local community.",56,info@liberecsolutions.com,+48-529-3596,https://www.liberecsolutions.com,411 Queen Street,Liberec,Czech Republic,17007,57.431306,19.311064,9:00-17:00,9:00-17:00,9:00-17:00,9:00-17:00,9:00-17:00,10:00-16:00,Closed,true,true,false,false
Pro Copenhagen,"Quality general business services in Copenhagen, Denmark. Professional and reliable business serving the local community.",56,info@procopenhagen.com,+34-850-1882,https://www.procopenhagen.com,631 Queen Street,Copenhagen,Denmark,19164,41.092794,-8.078628,9:00-17:00,9:00-17:00,9:00-17:00,9:00-17:00,9:00-17:00,10:00-16:00,Closed,true,true,false,true
Expert Pärnu,"Quality general business services in Pärnu, Estonia. Professional and reliable business serving the local community.",56,info@expertpärnu.com,+55-210-4132,https://www.expertpärnu.com,201 Main Street,Pärnu,Estonia,22171,45.308798,12.332996,9:00-17:00,9:00-17:00,9:00-17:00,9:00-17:00,9:00-17:00,10:00-16:00,Closed,true,true,false,true
Oulu Solutions,"Quality general business services in Oulu, Finland. Professional and reliable business serving the local community.",56,info@oulusolutions.com,+83-399-4988,https://www.oulusolutions.com,348 High Street,Oulu,Finland,33732,53.370038,5.604042,9:00-17:00,9:00-17:00,9:00-17:00,9:00-17:00,9:00-17:00,10:00-16:00,Closed,true,true,false,false
Pro Athens,"Quality general business services in Athens, Greece. Professional and reliable business serving the local community.",56,info@proathens.com,+44-571-7069,https://www.proathens.com,92 Main Street,Athens,Greece,64253,62.862649,-0.036599,9:00-17:00,9:00-17:00,9:00-17:00,9:00-17:00,9:00-17:00,10:00-16:00,Closed,true,true,false,false
Pro Budapest,"Quality general business services in Budapest, Hungary. Professional and reliable business serving the local community.",56,info@probudapest.com,+63-694-1812,https://www.probudapest.com,394 King Street,Budapest,Hungary,64396,41.5069,4.679471,9:00-17:00,9:00-17:00,9:00-17:00,9:00-17:00,9:00-17:00,10:00-16:00,Closed,true,true,false,true
Service Waterford,"Quality general business services in Waterford, Ireland. Professional and reliable business serving the local community.",56,info@servicewaterford.com,+49-343-5239,https://www.servicewaterford.com,473 High Street,Waterford,Ireland,34494,39.88346,-1.039751,9:00-17:00,9:00-17:00,9:00-17:00,9:00-17:00,9:00-17:00,10:00-16:00,Closed,true,true,false,true
Rome Solutions,"Quality general business services in Rome, Italy. Professional and reliable business serving the local community.",56,info@romesolutions.com,+50-104-8254,https://www.romesolutions.com,57 High Street,Rome,Italy,67652,65.275546,10.080018,9:00-17:00,9:00-17:00,9:00-17:00,9:00-17:00,9:00-17:00,10:00-16:00,Closed,true,true,false,false
Jūrmala Solutions,"Quality general business services in Jūrmala, Latvia. Professional and reliable business serving the local community.",56,info@jūrmalasolutions.com,+65-796-1481,https://www.jūrmalasolutions.com,134 King Street,Jūrmala,Latvia,13234,64.737071,-8.182927,9:00-17:00,9:00-17:00,9:00-17:00,9:00-17:00,9:00-17:00,10:00-16:00,Closed,true,true,false,false
Expert Šiauliai,"Quality general business services in Šiauliai, Lithuania. Professional and reliable business serving the local community.",56,info@expertšiauliai.com,+40-630-2419,https://www.expertšiauliai.com,810 Church Street,Šiauliai,Lithuania,31760,64.7412,18.184246,9:00-17:00,9:00-17:00,9:00-17:00,9:00-17:00,9:00-17:00,10:00-16:00,Closed,true,true,false,true
Pro Luxembourg City,"Quality general business services in Luxembourg City, Luxembourg. Professional and reliable business serving the local community.",56,info@proluxembourgcity.com,+75-715-8150,https://www.proluxembourgcity.com,758 King Street,Luxembourg City,Luxembourg,92910,66.480621,15.046953,9:00-17:00,9:00-17:00,9:00-17:00,9:00-17:00,9:00-17:00,10:00-16:00,Closed,true,true,false,true
Expert Sliema,"Quality general business services in Sliema, Malta. Professional and reliable business serving the local community.",56,info@expertsliema.com,+75-890-5673,https://www.expertsliema.com,253 High Street,Sliema,Malta,35041,61.177314,-9.203369,9:00-17:00,9:00-17:00,9:00-17:00,9:00-17:00,9:00-17:00,10:00-16:00,Closed,true,true,false,true
Wrocław Solutions,"Quality general business services in Wrocław, Poland. Professional and reliable business serving the local community.",56,info@wrocławsolutions.com,+83-682-9554,https://www.wrocławsolutions.com,370 Church Street,Wrocław,Poland,23035,61.111596,-5.008084,9:00-17:00,9:00-17:00,9:00-17:00,9:00-17:00,9:00-17:00,10:00-16:00,Closed,true,true,false,true
Expert Iași,"Quality general business services in Iași, Romania. Professional and reliable business serving the local community.",56,info@expertiași.com,+89-574-3098,https://www.expertiași.com,475 High Street,Iași,Romania,68100,65.972497,13.694168,9:00-17:00,9:00-17:00,9:00-17:00,9:00-17:00,9:00-17:00,10:00-16:00,Closed,true,true,false,true
Pro Prešov,"Quality general business services in Prešov, Slovakia. Professional and reliable business serving the local community.",56,info@proprešov.com,+96-192-1498,https://www.proprešov.com,215 Queen Street,Prešov,Slovakia,32010,44.076011,-7.021609,9:00-17:00,9:00-17:00,9:00-17:00,9:00-17:00,9:00-17:00,10:00-16:00,Closed,true,true,false,false
Business Koper,"Quality general business services in Koper, Slovenia. Professional and reliable business serving the local community.",56,info@businesskoper.com,+83-518-6224,https://www.businesskoper.com,186 Queen Street,Koper,Slovenia,45442,50.629869,25.895788,9:00-17:00,9:00-17:00,9:00-17:00,9:00-17:00,9:00-17:00,10:00-16:00,Closed,true,true,false,true
Business Uppsala,"Quality general business services in Uppsala, Sweden. Professional and reliable business serving the local community.",56,info@businessuppsala.com,+73-921-4274,https://www.businessuppsala.com,442 Church Street,Uppsala,Sweden,56180,43.419177,5.037652,9:00-17:00,9:00-17:00,9:00-17:00,9:00-17:00,9:00-17:00,10:00-16:00,Closed,true,true,false,true
Strong Vienna,"Quality gym services in Vienna, Austria. Professional and reliable business serving the local community.",42,info@strongvienna.com,+53-596-2420,https://www.strongvienna.com,605 King Street,Vienna,Austria,21187,69.004307,0.359476,9:00-17:00,9:00-17:00,9:00-17:00,9:00-17:00,9:00-17:00,10:00-16:00,Closed,true,true,false,true
Gym Varna,"Quality gym services in Varna, Bulgaria. Professional and reliable business serving the local community.",42,info@gymvarna.com,+52-650-5680,https://www.gymvarna.com,397 Queen Street,Varna,Bulgaria,67716,59.513949,-2.36169,9:00-17:00,9:00-17:00,9:00-17:00,9:00-17:00,9:00-17:00,10:00-16:00,Closed,true,true,false,true
Strong Zagreb,"Quality gym services in Zagreb, Croatia. Professional and reliable business serving the local community.",42,info@strongzagreb.com,+88-638-6288,https://www.strongzagreb.com,311 Main Street,Zagreb,Croatia,25513,43.474981,27.191001,9:00-17:00,9:00-17:00,9:00-17:00,9:00-17:00,9:00-17:00,10:00-16:00,Closed,true,true,false,true
Fitness Paphos,"Quality gym services in Paphos, Cyprus. Professional and reliable business serving the local community.",42,info@fitnesspaphos.com,+42-342-9919,https://www.fitnesspaphos.com,130 King Street,Paphos,Cyprus,85534,40.239442,6.11837,9:00-17:00,9:00-17:00,9:00-17:00,9:00-17:00,9:00-17:00,10:00-16:00,Closed,true,true,false,true
Plzen Training,"Quality gym services in Plzen, Czech Republic. Professional and reliable business serving the local community.",42,info@plzentraining.com,+45-634-3989,https://www.plzentraining.com,846 Church Street,Plzen,Czech Republic,46828,41.462278,-0.724535,9:00-17:00,9:00-17:00,9:00-17:00,9:00-17:00,9:00-17:00,10:00-16:00,Closed,true,true,false,false
Gym Copenhagen,"Quality gym services in Copenhagen, Denmark. Professional and reliable business serving the local community.",42,info@gymcopenhagen.com,+90-435-5600,https://www.gymcopenhagen.com,606 King Street,Copenhagen,Denmark,25768,69.674622,2.493317,9:00-17:00,9:00-17:00,9:00-17:00,9:00-17:00,9:00-17:00,10:00-16:00,Closed,true,true,false,true
Fitness Narva,"Quality gym services in Narva, Estonia. Professional and reliable business serving the local community.",42,info@fitnessnarva.com,+33-591-9906,https://www.fitnessnarva.com,330 Main Street,Narva,Estonia,87562,61.28228,27.168009,9:00-17:00,9:00-17:00,9:00-17:00,9:00-17:00,9:00-17:00,10:00-16:00,Closed,true,true,false,false
Gym Helsinki,"Quality gym services in Helsinki, Finland. Professional and reliable business serving the local community.",42,info@gymhelsinki.com,+68-909-5743,https://www.gymhelsinki.com,780 Main Street,Helsinki,Finland,37567,38.985388,12.563392,9:00-17:00,9:00-17:00,9:00-17:00,9:00-17:00,9:00-17:00,10:00-16:00,Closed,true,true,false,true
Fitness Patras,"Quality gym services in Patras, Greece. Professional and reliable business serving the local community.",42,info@fitnesspatras.com,+70-650-3595,https://www.fitnesspatras.com,980 Church Street,Patras,Greece,47022,35.01408,-5.233303,9:00-17:00,9:00-17:00,9:00-17:00,9:00-17:00,9:00-17:00,10:00-16:00,Closed,true,true,false,true
Power Pécs,"Quality gym services in Pécs, Hungary. Professional and reliable business serving the local community.",42,info@powerpécs.com,+55-773-6131,https://www.powerpécs.com,772 Church Street,Pécs,Hungary,60386,38.824893,17.387065,9:00-17:00,9:00-17:00,9:00-17:00,9:00-17:00,9:00-17:00,10:00-16:00,Closed,true,true,false,false
Fitness Waterford,"Quality gym services in Waterford, Ireland. Professional and reliable business serving the local community.",42,info@fitnesswaterford.com,+70-326-9924,https://www.fitnesswaterford.com,846 Church Street,Waterford,Ireland,44963,39.385757,-9.689252,9:00-17:00,9:00-17:00,9:00-17:00,9:00-17:00,9:00-17:00,10:00-16:00,Closed,true,true,false,true
Power Milan,"Quality gym services in Milan, Italy. Professional and reliable business serving the local community.",42,info@powermilan.com,+85-136-9563,https://www.powermilan.com,593 Church Street,Milan,Italy,53289,50.231997,-0.817117,9:00-17:00,9:00-17:00,9:00-17:00,9:00-17:00,9:00-17:00,10:00-16:00,Closed,true,true,false,true
Liepāja Training,"Quality gym services in Liepāja, Latvia. Professional and reliable business serving the local community.",42,info@liepājatraining.com,+69-249-2234,https://www.liepājatraining.com,676 Queen Street,Liepāja,Latvia,77990,66.714708,24.960432,9:00-17:00,9:00-17:00,9:00-17:00,9:00-17:00,9:00-17:00,10:00-16:00,Closed,true,true,false,true
Gym Klaipėda,"Quality gym services in Klaipėda, Lithuania. Professional and reliable business serving the local community.",42,info@gymklaipėda.com,+57-949-4947,https://www.gymklaipėda.com,297 Queen Street,Klaipėda,Lithuania,54952,42.275833,9.027975,9:00-17:00,9:00-17:00,9:00-17:00,9:00-17:00,9:00-17:00,10:00-16:00,Closed,true,true,false,true
Power Dudelange,"Quality gym services in Dudelange, Luxembourg. Professional and reliable business serving the local community.",42,info@powerdudelange.com,+83-186-3873,https://www.powerdudelange.com,765 High Street,Dudelange,Luxembourg,14819,54.005978,-7.570075,9:00-17:00,9:00-17:00,9:00-17:00,9:00-17:00,9:00-17:00,10:00-16:00,Closed,true,true,false,false
Gym Sliema,"Quality gym services in Sliema, Malta. Professional and reliable business serving the local community.",42,info@gymsliema.com,+87-620-3554,https://www.gymsliema.com,758 High Street,Sliema,Malta,88778,43.268189,10.414649,9:00-17:00,9:00-17:00,9:00-17:00,9:00-17:00,9:00-17:00,10:00-16:00,Closed,true,true,false,true
Power Łódź,"Quality gym services in Łódź, Poland. Professional and reliable business serving the local community.",42,info@powerłódź.com,+56-909-6263,https://www.powerłódź.com,524 Queen Street,Łódź,Poland,57092,56.296706,-8.033937,9:00-17:00,9:00-17:00,9:00-17:00,9:00-17:00,9:00-17:00,10:00-16:00,Closed,true,true,false,false
Strong Cluj-Napoca,"Quality gym services in Cluj-Napoca, Romania. Professional and reliable business serving the local community.",42,info@strongcluj-napoca.com,+37-801-1830,https://www.strongcluj-napoca.com,536 Church Street,Cluj-Napoca,Romania,83045,60.505588,12.343805,9:00-17:00,9:00-17:00,9:00-17:00,9:00-17:00,9:00-17:00,10:00-16:00,Closed,true,true,false,true
Žilina Training,"Quality gym services in Žilina, Slovakia. Professional and reliable business serving the local community.",42,info@žilinatraining.com,+89-560-4996,https://www.žilinatraining.com,139 King Street,Žilina,Slovakia,28952,37.882759,1.981289,9:00-17:00,9:00-17:00,9:00-17:00,9:00-17:00,9:00-17:00,10:00-16:00,Closed,true,true,false,false
Velenje Training,"Quality gym services in Velenje, Slovenia. Professional and reliable business serving the local community.",42,info@velenjetraining.com,+77-607-1019,https://www.velenjetraining.com,871 Queen Street,Velenje,Slovenia,66712,59.016449,25.734605,9:00-17:00,9:00-17:00,9:00-17:00,9:00-17:00,9:00-17:00,10:00-16:00,Closed,true,true,false,false
Fitness Västerås,"Quality gym services in Västerås, Sweden. Professional and reliable business serving the local community.",42,info@fitnessvästerås.com,+32-203-1004,https://www.fitnessvästerås.com,838 Queen Street,Västerås,Sweden,83218,39.430897,-4.692429,9:00-17:00,9:00-17:00,9:00-17:00,9:00-17:00,9:00-17:00,10:00-16:00,Closed,true,true,false,false
Clinic Salzburg,"Quality healthcare services in Salzburg, Austria. Professional and reliable business serving the local community.",61,info@clinicsalzburg.com,+78-800-5503,https://www.clinicsalzburg.com,826 Church Street,Salzburg,Austria,43958,64.802997,-7.811045,9:00-17:00,9:00-17:00,9:00-17:00,9:00-17:00,9:00-17:00,10:00-16:00,Closed,true,true,false,true
Wellness Burgas,"Quality healthcare services in Burgas, Bulgaria. Professional and reliable business serving the local community.",61,info@wellnessburgas.com,+51-715-7363,https://www.wellnessburgas.com,628 Church Street,Burgas,Bulgaria,33033,37.406507,13.56636,9:00-17:00,9:00-17:00,9:00-17:00,9:00-17:00,9:00-17:00,10:00-16:00,Closed,true,true,false,false
Medical Split,"Quality healthcare services in Split, Croatia. Professional and reliable business serving the local community.",61,info@medicalsplit.com,+52-121-2481,https://www.medicalsplit.com,390 Main Street,Split,Croatia,88588,45.276875,15.967229,9:00-17:00,9:00-17:00,9:00-17:00,9:00-17:00,9:00-17:00,10:00-16:00,Closed,true,true,false,false
Wellness Paphos,"Quality healthcare services in Paphos, Cyprus. Professional and reliable business serving the local community.",61,info@wellnesspaphos.com,+52-516-7196,https://www.wellnesspaphos.com,988 High Street,Paphos,Cyprus,75311,43.509128,24.894291,9:00-17:00,9:00-17:00,9:00-17:00,9:00-17:00,9:00-17:00,10:00-16:00,Closed,true,true,false,true
Clinic Brno,"Quality healthcare services in Brno, Czech Republic. Professional and reliable business serving the local community.",61,info@clinicbrno.com,+82-156-4273,https://www.clinicbrno.com,302 Church Street,Brno,Czech Republic,71552,55.114139,8.280366,9:00-17:00,9:00-17:00,9:00-17:00,9:00-17:00,9:00-17:00,10:00-16:00,Closed,true,true,false,true
Wellness Odense,"Quality healthcare services in Odense, Denmark. Professional and reliable business serving the local community.",61,info@wellnessodense.com,+68-452-2644,https://www.wellnessodense.com,696 Main Street,Odense,Denmark,18890,67.673112,25.021851,9:00-17:00,9:00-17:00,9:00-17:00,9:00-17:00,9:00-17:00,10:00-16:00,Closed,true,true,false,false
Tallinn Care,"Quality healthcare services in Tallinn, Estonia. Professional and reliable business serving the local community.",61,info@tallinncare.com,+91-595-4989,https://www.tallinncare.com,826 Church Street,Tallinn,Estonia,82346,49.996639,14.778049,9:00-17:00,9:00-17:00,9:00-17:00,9:00-17:00,9:00-17:00,10:00-16:00,Closed,true,true,false,true
Vantaa Care,"Quality healthcare services in Vantaa, Finland. Professional and reliable business serving the local community.",61,info@vantaacare.com,+54-701-8163,https://www.vantaacare.com,735 Church Street,Vantaa,Finland,80268,35.400477,9.866304,9:00-17:00,9:00-17:00,9:00-17:00,9:00-17:00,9:00-17:00,10:00-16:00,Closed,true,true,false,false
Medical Thessaloniki,"Quality healthcare services in Thessaloniki, Greece. Professional and reliable business serving the local community.",61,info@medicalthessaloniki.com,+36-721-7754,https://www.medicalthessaloniki.com,847 Queen Street,Thessaloniki,Greece,19820,43.227076,7.734443,9:00-17:00,9:00-17:00,9:00-17:00,9:00-17:00,9:00-17:00,10:00-16:00,Closed,true,true,false,false
Wellness Budapest,"Quality healthcare services in Budapest, Hungary. Professional and reliable business serving the local community.",61,info@wellnessbudapest.com,+97-864-7868,https://www.wellnessbudapest.com,827 Main Street,Budapest,Hungary,27153,39.778984,4.516207,9:00-17:00,9:00-17:00,9:00-17:00,9:00-17:00,9:00-17:00,10:00-16:00,Closed,true,true,false,true
Galway Care,"Quality healthcare services in Galway, Ireland. Professional and reliable business serving the local community.",61,info@galwaycare.com,+60-483-3214,https://www.galwaycare.com,801 Church Street,Galway,Ireland,32567,41.933044,26.775545,9:00-17:00,9:00-17:00,9:00-17:00,9:00-17:00,9:00-17:00,10:00-16:00,Closed,true,true,false,true
Medical Palermo,"Quality healthcare services in Palermo, Italy. Professional and reliable business serving the local community.",61,info@medicalpalermo.com,+65-824-9425,https://www.medicalpalermo.com,913 King Street,Palermo,Italy,84422,53.203948,15.177115,9:00-17:00,9:00-17:00,9:00-17:00,9:00-17:00,9:00-17:00,10:00-16:00,Closed,true,true,false,false
Clinic Jūrmala,"Quality healthcare services in Jūrmala, Latvia. Professional and reliable business serving the local community.",61,info@clinicjūrmala.com,+95-613-7684,https://www.clinicjūrmala.com,130 High Street,Jūrmala,Latvia,75783,64.447616,24.592561,9:00-17:00,9:00-17:00,9:00-17:00,9:00-17:00,9:00-17:00,10:00-16:00,Closed,true,true,false,false
Vilnius Care,"Quality healthcare services in Vilnius, Lithuania. Professional and reliable business serving the local community.",61,info@vilniuscare.com,+79-517-7053,https://www.vilniuscare.com,753 Church Street,Vilnius,Lithuania,83343,66.897762,-8.823202,9:00-17:00,9:00-17:00,9:00-17:00,9:00-17:00,9:00-17:00,10:00-16:00,Closed,true,true,false,true
Health Luxembourg City,"Quality healthcare services in Luxembourg City, Luxembourg. Professional and reliable business serving the local community.",61,info@healthluxembourgcity.com,+32-211-7614,https://www.healthluxembourgcity.com,415 King Street,Luxembourg City,Luxembourg,95883,52.514165,10.728187,9:00-17:00,9:00-17:00,9:00-17:00,9:00-17:00,9:00-17:00,10:00-16:00,Closed,true,true,false,false
Birkirkara Care,"Quality healthcare services in Birkirkara, Malta. Professional and reliable business serving the local community.",61,info@birkirkaracare.com,+39-884-8307,https://www.birkirkaracare.com,863 King Street,Birkirkara,Malta,14085,37.506229,6.439109,9:00-17:00,9:00-17:00,9:00-17:00,9:00-17:00,9:00-17:00,10:00-16:00,Closed,true,true,false,false
Wellness Wrocław,"Quality healthcare services in Wrocław, Poland. Professional and reliable business serving the local community.",61,info@wellnesswrocław.com,+30-334-1912,https://www.wellnesswrocław.com,689 Church Street,Wrocław,Poland,14780,38.850932,8.594566,9:00-17:00,9:00-17:00,9:00-17:00,9:00-17:00,9:00-17:00,10:00-16:00,Closed,true,true,false,true
Wellness Timișoara,"Quality healthcare services in Timișoara, Romania. Professional and reliable business serving the local community.",61,info@wellnesstimișoara.com,+88-337-2937,https://www.wellnesstimișoara.com,34 Church Street,Timișoara,Romania,37342,66.588253,13.489512,9:00-17:00,9:00-17:00,9:00-17:00,9:00-17:00,9:00-17:00,10:00-16:00,Closed,true,true,false,false
Clinic Prešov,"Quality healthcare services in Prešov, Slovakia. Professional and reliable business serving the local community.",61,info@clinicprešov.com,+93-735-9862,https://www.clinicprešov.com,31 King Street,Prešov,Slovakia,63908,47.062946,9.648541,9:00-17:00,9:00-17:00,9:00-17:00,9:00-17:00,9:00-17:00,10:00-16:00,Closed,true,true,false,false
Clinic Ljubljana,"Quality healthcare services in Ljubljana, Slovenia. Professional and reliable business serving the local community.",61,info@clinicljubljana.com,+38-733-9881,https://www.clinicljubljana.com,580 King Street,Ljubljana,Slovenia,66781,59.578885,-3.982542,9:00-17:00,9:00-17:00,9:00-17:00,9:00-17:00,9:00-17:00,10:00-16:00,Closed,true,true,false,false
Medical Malmö,"Quality healthcare services in Malmö, Sweden. Professional and reliable business serving the local community.",61,info@medicalmalmö.com,+69-944-1331,https://www.medicalmalmö.com,574 King Street,Malmö,Sweden,43342,48.375146,21.944785,9:00-17:00,9:00-17:00,9:00-17:00,9:00-17:00,9:00-17:00,10:00-16:00,Closed,true,true,false,true
Sleep Linz,"Quality hostels services in Linz, Austria. Professional and reliable business serving the local community.",19,info@sleeplinz.com,+67-910-9498,https://www.sleeplinz.com,257 Church Street,Linz,Austria,37682,37.584308,16.974078,9:00-17:00,9:00-17:00,9:00-17:00,9:00-17:00,9:00-17:00,10:00-16:00,Closed,true,true,false,false
Sleep Sofia,"Quality hostels services in Sofia, Bulgaria. Professional and reliable business serving the local community.",19,info@sleepsofia.com,+93-660-3848,https://www.sleepsofia.com,680 King Street,Sofia,Bulgaria,45923,66.424427,6.231035,9:00-17:00,9:00-17:00,9:00-17:00,9:00-17:00,9:00-17:00,10:00-16:00,Closed,true,true,false,true
Hostel Split,"Quality hostels services in Split, Croatia. Professional and reliable business serving the local community.",19,info@hostelsplit.com,+65-839-9944,https://www.hostelsplit.com,41 King Street,Split,Croatia,62390,59.226726,9.171208,9:00-17:00,9:00-17:00,9:00-17:00,9:00-17:00,9:00-17:00,10:00-16:00,Closed,true,true,false,false
Hostel Nicosia,"Quality hostels services in Nicosia, Cyprus. Professional and reliable business serving the local community.",19,info@hostelnicosia.com,+76-390-1782,https://www.hostelnicosia.com,827 Church Street,Nicosia,Cyprus,63319,53.31826,9.653548,9:00-17:00,9:00-17:00,9:00-17:00,9:00-17:00,9:00-17:00,10:00-16:00,Closed,true,true,false,true
Stay Brno,"Quality hostels services in Brno, Czech Republic. Professional and reliable business serving the local community.",19,info@staybrno.com,+76-720-2932,https://www.staybrno.com,642 Church Street,Brno,Czech Republic,63506,44.136731,23.285253,9:00-17:00,9:00-17:00,9:00-17:00,9:00-17:00,9:00-17:00,10:00-16:00,Closed,true,true,false,true
Sleep Esbjerg,"Quality hostels services in Esbjerg, Denmark. Professional and reliable business serving the local community.",19,info@sleepesbjerg.com,+38-248-8699,https://www.sleepesbjerg.com,782 High Street,Esbjerg,Denmark,84324,36.099141,7.23821,9:00-17:00,9:00-17:00,9:00-17:00,9:00-17:00,9:00-17:00,10:00-16:00,Closed,true,true,false,false
Sleep Kohtla-Järve,"Quality hostels services in Kohtla-Järve, Estonia. Professional and reliable business serving the local community.",19,info@sleepkohtla-järve.com,+99-829-7535,https://www.sleepkohtla-järve.com,432 Main Street,Kohtla-Järve,Estonia,17012,40.18474,23.157361,9:00-17:00,9:00-17:00,9:00-17:00,9:00-17:00,9:00-17:00,10:00-16:00,Closed,true,true,false,false
Rest Helsinki,"Quality hostels services in Helsinki, Finland. Professional and reliable business serving the local community.",19,info@resthelsinki.com,+50-500-4507,https://www.resthelsinki.com,833 High Street,Helsinki,Finland,71303,35.821753,4.165539,9:00-17:00,9:00-17:00,9:00-17:00,9:00-17:00,9:00-17:00,10:00-16:00,Closed,true,true,false,false
Sleep Patras,"Quality hostels services in Patras, Greece. Professional and reliable business serving the local community.",19,info@sleeppatras.com,+75-469-2608,https://www.sleeppatras.com,861 High Street,Patras,Greece,18395,44.715254,23.701227,9:00-17:00,9:00-17:00,9:00-17:00,9:00-17:00,9:00-17:00,10:00-16:00,Closed,true,true,false,true
Sleep Szeged,"Quality hostels services in Szeged, Hungary. Professional and reliable business serving the local community.",19,info@sleepszeged.com,+75-916-1364,https://www.sleepszeged.com,362 High Street,Szeged,Hungary,19444,63.171938,27.521198,9:00-17:00,9:00-17:00,9:00-17:00,9:00-17:00,9:00-17:00,10:00-16:00,Closed,true,true,false,false
Hostel Waterford,"Quality hostels services in Waterford, Ireland. Professional and reliable business serving the local community.",19,info@hostelwaterford.com,+73-415-2257,https://www.hostelwaterford.com,55 King Street,Waterford,Ireland,79101,45.586797,-1.894105,9:00-17:00,9:00-17:00,9:00-17:00,9:00-17:00,9:00-17:00,10:00-16:00,Closed,true,true,false,false
Sleep Milan,"Quality hostels services in Milan, Italy. Professional and reliable business serving the local community.",19,info@sleepmilan.com,+80-437-8957,https://www.sleepmilan.com,926 Main Street,Milan,Italy,10959,59.587296,25.994643,9:00-17:00,9:00-17:00,9:00-17:00,9:00-17:00,9:00-17:00,10:00-16:00,Closed,true,true,false,false
Sleep Riga,"Quality hostels services in Riga, Latvia. Professional and reliable business serving the local community.",19,info@sleepriga.com,+53-761-1050,https://www.sleepriga.com,380 High Street,Riga,Latvia,17158,40.375591,22.963082,9:00-17:00,9:00-17:00,9:00-17:00,9:00-17:00,9:00-17:00,10:00-16:00,Closed,true,true,false,true
Stay Šiauliai,"Quality hostels services in Šiauliai, Lithuania. Professional and reliable business serving the local community.",19,info@stayšiauliai.com,+37-742-4986,https://www.stayšiauliai.com,432 Church Street,Šiauliai,Lithuania,63525,44.727479,-9.694531,9:00-17:00,9:00-17:00,9:00-17:00,9:00-17:00,9:00-17:00,10:00-16:00,Closed,true,true,false,false
Hostel Dudelange,"Quality hostels services in Dudelange, Luxembourg. Professional and reliable business serving the local community.",19,info@hosteldudelange.com,+63-144-4111,https://www.hosteldudelange.com,720 Queen Street,Dudelange,Luxembourg,45196,43.8712,20.668464,9:00-17:00,9:00-17:00,9:00-17:00,9:00-17:00,9:00-17:00,10:00-16:00,Closed,true,true,false,false
Hostel St. Julian's,"Quality hostels services in St. Julian's, Malta. Professional and reliable business serving the local community.",19,info@hostelst.julian's.com,+84-430-2585,https://www.hostelst.julian's.com,510 Church Street,St. Julian's,Malta,58611,49.228737,-5.649753,9:00-17:00,9:00-17:00,9:00-17:00,9:00-17:00,9:00-17:00,10:00-16:00,Closed,true,true,false,false
Stay Łódź,"Quality hostels services in Łódź, Poland. Professional and reliable business serving the local community.",19,info@stayłódź.com,+85-817-9934,https://www.stayłódź.com,410 High Street,Łódź,Poland,14973,39.639987,23.796216,9:00-17:00,9:00-17:00,9:00-17:00,9:00-17:00,9:00-17:00,10:00-16:00,Closed,true,true,false,true
Iași Inn,"Quality hostels services in Iași, Romania. Professional and reliable business serving the local community.",19,info@iașiinn.com,+79-832-6631,https://www.iașiinn.com,199 Church Street,Iași,Romania,40505,54.990747,-0.371585,9:00-17:00,9:00-17:00,9:00-17:00,9:00-17:00,9:00-17:00,10:00-16:00,Closed,true,true,false,false
Rest Žilina,"Quality hostels services in Žilina, Slovakia. Professional and reliable business serving the local community.",19,info@restžilina.com,+71-975-9969,https://www.restžilina.com,439 King Street,Žilina,Slovakia,31638,58.63093,18.475442,9:00-17:00,9:00-17:00,9:00-17:00,9:00-17:00,9:00-17:00,10:00-16:00,Closed,true,true,false,false
Sleep Velenje,"Quality hostels services in Velenje, Slovenia. Professional and reliable business serving the local community.",19,info@sleepvelenje.com,+91-134-2566,https://www.sleepvelenje.com,188 Queen Street,Velenje,Slovenia,51695,50.228141,6.09898,9:00-17:00,9:00-17:00,9:00-17:00,9:00-17:00,9:00-17:00,10:00-16:00,Closed,true,true,false,true
Rest Uppsala,"Quality hostels services in Uppsala, Sweden. Professional and reliable business serving the local community.",19,info@restuppsala.com,+70-350-1339,https://www.restuppsala.com,227 Church Street,Uppsala,Sweden,77003,37.362356,0.689709,9:00-17:00,9:00-17:00,9:00-17:00,9:00-17:00,9:00-17:00,10:00-16:00,Closed,true,true,false,false
Hotel Vienna,"Quality hotel services in Vienna, Austria. Professional and reliable business serving the local community.",14,info@hotelvienna.com,+71-858-3782,https://www.hotelvienna.com,932 Queen Street,Vienna,Austria,54851,59.225142,10.78585,9:00-17:00,9:00-17:00,9:00-17:00,9:00-17:00,9:00-17:00,10:00-16:00,Closed,true,true,false,true
Stay Ruse,"Quality hotel services in Ruse, Bulgaria. Professional and reliable business serving the local community.",14,info@stayruse.com,+34-643-2103,https://www.stayruse.com,201 Church Street,Ruse,Bulgaria,40812,53.67624,4.247162,9:00-17:00,9:00-17:00,9:00-17:00,9:00-17:00,9:00-17:00,10:00-16:00,Closed,true,true,false,true
Lodge Zagreb,"Quality hotel services in Zagreb, Croatia. Professional and reliable business serving the local community.",14,info@lodgezagreb.com,+76-644-1200,https://www.lodgezagreb.com,844 King Street,Zagreb,Croatia,77249,63.180146,9.293576,9:00-17:00,9:00-17:00,9:00-17:00,9:00-17:00,9:00-17:00,10:00-16:00,Closed,true,true,false,false
Hotel Famagusta,"Quality hotel services in Famagusta, Cyprus. Professional and reliable business serving the local community.",14,info@hotelfamagusta.com,+48-349-1882,https://www.hotelfamagusta.com,127 Main Street,Famagusta,Cyprus,44941,47.124404,27.388866,9:00-17:00,9:00-17:00,9:00-17:00,9:00-17:00,9:00-17:00,10:00-16:00,Closed,true,true,false,true
Lodge Liberec,"Quality hotel services in Liberec, Czech Republic. Professional and reliable business serving the local community.",14,info@lodgeliberec.com,+39-519-8898,https://www.lodgeliberec.com,187 Queen Street,Liberec,Czech Republic,18135,58.260231,9.408098,9:00-17:00,9:00-17:00,9:00-17:00,9:00-17:00,9:00-17:00,10:00-16:00,Closed,true,true,false,false
Hotel Aarhus,"Quality hotel services in Aarhus, Denmark. Professional and reliable business serving the local community.",14,info@hotelaarhus.com,+32-647-3636,https://www.hotelaarhus.com,181 Queen Street,Aarhus,Denmark,75313,45.075294,6.037098,9:00-17:00,9:00-17:00,9:00-17:00,9:00-17:00,9:00-17:00,10:00-16:00,Closed,true,true,false,false
Hotel Pärnu,"Quality hotel services in Pärnu, Estonia. Professional and reliable business serving the local community.",14,info@hotelpärnu.com,+60-159-8944,https://www.hotelpärnu.com,850 Church Street,Pärnu,Estonia,32337,35.286127,25.911191,9:00-17:00,9:00-17:00,9:00-17:00,9:00-17:00,9:00-17:00,10:00-16:00,Closed,true,true,false,true
Helsinki Resort,"Quality hotel services in Helsinki, Finland. Professional and reliable business serving the local community.",14,info@helsinkiresort.com,+36-654-9451,https://www.helsinkiresort.com,427 Church Street,Helsinki,Finland,90188,58.037095,16.467917,9:00-17:00,9:00-17:00,9:00-17:00,9:00-17:00,9:00-17:00,10:00-16:00,Closed,true,true,false,true
Stay Thessaloniki,"Quality hotel services in Thessaloniki, Greece. Professional and reliable business serving the local community.",14,info@staythessaloniki.com,+80-579-8543,https://www.staythessaloniki.com,997 Main Street,Thessaloniki,Greece,65809,41.209056,3.279716,9:00-17:00,9:00-17:00,9:00-17:00,9:00-17:00,9:00-17:00,10:00-16:00,Closed,true,true,false,false
Stay Szeged,"Quality hotel services in Szeged, Hungary. Professional and reliable business serving the local community.",14,info@stayszeged.com,+67-446-9895,https://www.stayszeged.com,691 High Street,Szeged,Hungary,27031,55.374181,17.586637,9:00-17:00,9:00-17:00,9:00-17:00,9:00-17:00,9:00-17:00,10:00-16:00,Closed,true,true,false,true
Hotel Waterford,"Quality hotel services in Waterford, Ireland. Professional and reliable business serving the local community.",14,info@hotelwaterford.com,+70-197-1137,https://www.hotelwaterford.com,352 Main Street,Waterford,Ireland,22583,60.613574,6.839431,9:00-17:00,9:00-17:00,9:00-17:00,9:00-17:00,9:00-17:00,10:00-16:00,Closed,true,true,false,false
Stay Naples,"Quality hotel services in Naples, Italy. Professional and reliable business serving the local community.",14,info@staynaples.com,+97-787-8622,https://www.staynaples.com,409 Main Street,Naples,Italy,83479,36.457915,-7.300356,9:00-17:00,9:00-17:00,9:00-17:00,9:00-17:00,9:00-17:00,10:00-16:00,Closed,true,true,false,false
Lodge Liepāja,"Quality hotel services in Liepāja, Latvia. Professional and reliable business serving the local community.",14,info@lodgeliepāja.com,+49-802-9294,https://www.lodgeliepāja.com,49 Main Street,Liepāja,Latvia,25324,46.433047,-7.034183,9:00-17:00,9:00-17:00,9:00-17:00,9:00-17:00,9:00-17:00,10:00-16:00,Closed,true,true,false,true
Kaunas Resort,"Quality hotel services in Kaunas, Lithuania. Professional and reliable business serving the local community.",14,info@kaunasresort.com,+30-477-9699,https://www.kaunasresort.com,749 Main Street,Kaunas,Lithuania,77893,40.875815,23.415842,9:00-17:00,9:00-17:00,9:00-17:00,9:00-17:00,9:00-17:00,10:00-16:00,Closed,true,true,false,false
Lodge Differdange,"Quality hotel services in Differdange, Luxembourg. Professional and reliable business serving the local community.",14,info@lodgedifferdange.com,+72-642-3161,https://www.lodgedifferdange.com,609 Queen Street,Differdange,Luxembourg,18186,47.102407,8.854864,9:00-17:00,9:00-17:00,9:00-17:00,9:00-17:00,9:00-17:00,10:00-16:00,Closed,true,true,false,true
Lodge Valletta,"Quality hotel services in Valletta, Malta. Professional and reliable business serving the local community.",14,info@lodgevalletta.com,+54-927-1818,https://www.lodgevalletta.com,33 King Street,Valletta,Malta,65749,49.542377,-9.997095,9:00-17:00,9:00-17:00,9:00-17:00,9:00-17:00,9:00-17:00,10:00-16:00,Closed,true,true,false,false
Kraków Resort,"Quality hotel services in Kraków, Poland. Professional and reliable business serving the local community.",14,info@krakówresort.com,+94-875-9566,https://www.krakówresort.com,399 Main Street,Kraków,Poland,69456,43.357255,26.928377,9:00-17:00,9:00-17:00,9:00-17:00,9:00-17:00,9:00-17:00,10:00-16:00,Closed,true,true,false,true
Lodge Cluj-Napoca,"Quality hotel services in Cluj-Napoca, Romania. Professional and reliable business serving the local community.",14,info@lodgecluj-napoca.com,+79-366-5573,https://www.lodgecluj-napoca.com,99 Main Street,Cluj-Napoca,Romania,62291,65.202516,18.211767,9:00-17:00,9:00-17:00,9:00-17:00,9:00-17:00,9:00-17:00,10:00-16:00,Closed,true,true,false,false
Lodge Žilina,"Quality hotel services in Žilina, Slovakia. Professional and reliable business serving the local community.",14,info@lodgežilina.com,+44-453-3939,https://www.lodgežilina.com,580 King Street,Žilina,Slovakia,41628,54.679714,21.899932,9:00-17:00,9:00-17:00,9:00-17:00,9:00-17:00,9:00-17:00,10:00-16:00,Closed,true,true,false,true
Grand Kranj,"Quality hotel services in Kranj, Slovenia. Professional and reliable business serving the local community.",14,info@grandkranj.com,+85-895-5160,https://www.grandkranj.com,513 Church Street,Kranj,Slovenia,49496,36.839691,5.403824,9:00-17:00,9:00-17:00,9:00-17:00,9:00-17:00,9:00-17:00,10:00-16:00,Closed,true,true,false,true
Stay Stockholm,"Quality hotel services in Stockholm, Sweden. Professional and reliable business serving the local community.",14,info@staystockholm.com,+46-887-6287,https://www.staystockholm.com,759 High Street,Stockholm,Sweden,90009,38.217067,16.820554,9:00-17:00,9:00-17:00,9:00-17:00,9:00-17:00,9:00-17:00,10:00-16:00,Closed,true,true,false,true
Premium Salzburg,"Quality hotels services in Salzburg, Austria. Professional and reliable business serving the local community.",55,info@premiumsalzburg.com,+85-260-9863,https://www.premiumsalzburg.com,814 Church Street,Salzburg,Austria,71974,64.955593,1.271935,9:00-17:00,9:00-17:00,9:00-17:00,9:00-17:00,9:00-17:00,10:00-16:00,Closed,true,true,false,false
Premium Plovdiv,"Quality hotels services in Plovdiv, Bulgaria. Professional and reliable business serving the local community.",55,info@premiumplovdiv.com,+68-175-7138,https://www.premiumplovdiv.com,115 High Street,Plovdiv,Bulgaria,64725,47.021836,20.766932,9:00-17:00,9:00-17:00,9:00-17:00,9:00-17:00,9:00-17:00,10:00-16:00,Closed,true,true,false,false
Luxury Zagreb,"Quality hotels services in Zagreb, Croatia. Professional and reliable business serving the local community.",55,info@luxuryzagreb.com,+70-683-1406,https://www.luxuryzagreb.com,699 Queen Street,Zagreb,Croatia,21727,39.546552,19.00205,9:00-17:00,9:00-17:00,9:00-17:00,9:00-17:00,9:00-17:00,10:00-16:00,Closed,true,true,false,true
Resort Paphos,"Quality hotels services in Paphos, Cyprus. Professional and reliable business serving the local community.",55,info@resortpaphos.com,+78-178-3522,https://www.resortpaphos.com,580 Queen Street,Paphos,Cyprus,63660,41.596367,6.442491,9:00-17:00,9:00-17:00,9:00-17:00,9:00-17:00,9:00-17:00,10:00-16:00,Closed,true,true,false,false
Resort Liberec,"Quality hotels services in Liberec, Czech Republic. Professional and reliable business serving the local community.",55,info@resortliberec.com,+42-349-3528,https://www.resortliberec.com,454 Main Street,Liberec,Czech Republic,31978,63.502164,-3.589372,9:00-17:00,9:00-17:00,9:00-17:00,9:00-17:00,9:00-17:00,10:00-16:00,Closed,true,true,false,true
Aarhus Palace,"Quality hotels services in Aarhus, Denmark. Professional and reliable business serving the local community.",55,info@aarhuspalace.com,+44-667-7576,https://www.aarhuspalace.com,727 High Street,Aarhus,Denmark,70771,51.521364,-0.471862,9:00-17:00,9:00-17:00,9:00-17:00,9:00-17:00,9:00-17:00,10:00-16:00,Closed,true,true,false,true
Resort Narva,"Quality hotels services in Narva, Estonia. Professional and reliable business serving the local community.",55,info@resortnarva.com,+69-890-7084,https://www.resortnarva.com,441 Queen Street,Narva,Estonia,23135,67.36654,20.490456,9:00-17:00,9:00-17:00,9:00-17:00,9:00-17:00,9:00-17:00,10:00-16:00,Closed,true,true,false,false
Oulu Palace,"Quality hotels services in Oulu, Finland. Professional and reliable business serving the local community.",55,info@oulupalace.com,+54-247-5465,https://www.oulupalace.com,652 Main Street,Oulu,Finland,25078,68.522224,-7.344288,9:00-17:00,9:00-17:00,9:00-17:00,9:00-17:00,9:00-17:00,10:00-16:00,Closed,true,true,false,false
Patras Palace,"Quality hotels services in Patras, Greece. Professional and reliable business serving the local community.",55,info@patraspalace.com,+45-294-7288,https://www.patraspalace.com,955 High Street,Patras,Greece,48007,42.949797,-4.479653,9:00-17:00,9:00-17:00,9:00-17:00,9:00-17:00,9:00-17:00,10:00-16:00,Closed,true,true,false,true
Hotel Miskolc,"Quality hotels services in Miskolc, Hungary. Professional and reliable business serving the local community.",55,info@hotelmiskolc.com,+58-346-5385,https://www.hotelmiskolc.com,849 High Street,Miskolc,Hungary,18646,54.234695,10.80816,9:00-17:00,9:00-17:00,9:00-17:00,9:00-17:00,9:00-17:00,10:00-16:00,Closed,true,true,false,false
Hotel Dublin,"Quality hotels services in Dublin, Ireland. Professional and reliable business serving the local community.",55,info@hoteldublin.com,+74-975-1035,https://www.hoteldublin.com,695 Queen Street,Dublin,Ireland,23235,51.895707,-2.121385,9:00-17:00,9:00-17:00,9:00-17:00,9:00-17:00,9:00-17:00,10:00-16:00,Closed,true,true,false,false
Premium Milan,"Quality hotels services in Milan, Italy. Professional and reliable business serving the local community.",55,info@premiummilan.com,+69-512-3607,https://www.premiummilan.com,28 High Street,Milan,Italy,96474,56.34505,27.991974,9:00-17:00,9:00-17:00,9:00-17:00,9:00-17:00,9:00-17:00,10:00-16:00,Closed,true,true,false,true
Hotel Daugavpils,"Quality hotels services in Daugavpils, Latvia. Professional and reliable business serving the local community.",55,info@hoteldaugavpils.com,+64-816-1717,https://www.hoteldaugavpils.com,643 Church Street,Daugavpils,Latvia,66341,67.546618,29.749739,9:00-17:00,9:00-17:00,9:00-17:00,9:00-17:00,9:00-17:00,10:00-16:00,Closed,true,true,false,false
Resort Vilnius,"Quality hotels services in Vilnius, Lithuania. Professional and reliable business serving the local community.",55,info@resortvilnius.com,+39-335-9728,https://www.resortvilnius.com,14 King Street,Vilnius,Lithuania,69396,40.54068,25.476672,9:00-17:00,9:00-17:00,9:00-17:00,9:00-17:00,9:00-17:00,10:00-16:00,Closed,true,true,false,true
Hotel Dudelange,"Quality hotels services in Dudelange, Luxembourg. Professional and reliable business serving the local community.",55,info@hoteldudelange.com,+65-819-7006,https://www.hoteldudelange.com,646 Main Street,Dudelange,Luxembourg,58133,45.830078,29.384984,9:00-17:00,9:00-17:00,9:00-17:00,9:00-17:00,9:00-17:00,10:00-16:00,Closed,true,true,false,false
Luxury Qormi,"Quality hotels services in Qormi, Malta. Professional and reliable business serving the local community.",55,info@luxuryqormi.com,+80-296-7660,https://www.luxuryqormi.com,340 King Street,Qormi,Malta,41002,47.505483,-9.526122,9:00-17:00,9:00-17:00,9:00-17:00,9:00-17:00,9:00-17:00,10:00-16:00,Closed,true,true,false,false
Wrocław Palace,"Quality hotels services in Wrocław, Poland. Professional and reliable business serving the local community.",55,info@wrocławpalace.com,+94-670-7267,https://www.wrocławpalace.com,514 Church Street,Wrocław,Poland,21589,55.885511,22.469126,9:00-17:00,9:00-17:00,9:00-17:00,9:00-17:00,9:00-17:00,10:00-16:00,Closed,true,true,false,false
Resort Iași,"Quality hotels services in Iași, Romania. Professional and reliable business serving the local community.",55,info@resortiași.com,+87-677-4929,https://www.resortiași.com,948 Main Street,Iași,Romania,72571,63.908533,3.025472,9:00-17:00,9:00-17:00,9:00-17:00,9:00-17:00,9:00-17:00,10:00-16:00,Closed,true,true,false,false
Premium Banská Bystrica,"Quality hotels services in Banská Bystrica, Slovakia. Professional and reliable business serving the local community.",55,info@premiumbanskábystrica.com,+59-869-1293,https://www.premiumbanskábystrica.com,266 Queen Street,Banská Bystrica,Slovakia,97268,53.178713,3.625793,9:00-17:00,9:00-17:00,9:00-17:00,9:00-17:00,9:00-17:00,10:00-16:00,Closed,true,true,false,false
Resort Maribor,"Quality hotels services in Maribor, Slovenia. Professional and reliable business serving the local community.",55,info@resortmaribor.com,+67-102-6001,https://www.resortmaribor.com,683 Church Street,Maribor,Slovenia,73367,37.479673,-2.013347,9:00-17:00,9:00-17:00,9:00-17:00,9:00-17:00,9:00-17:00,10:00-16:00,Closed,true,true,false,true
Premium Malmö,"Quality hotels services in Malmö, Sweden. Professional and reliable business serving the local community.",55,info@premiummalmö.com,+58-203-1825,https://www.premiummalmö.com,888 Queen Street,Malmö,Sweden,42114,38.271976,23.094708,9:00-17:00,9:00-17:00,9:00-17:00,9:00-17:00,9:00-17:00,10:00-16:00,Closed,true,true,false,true
Protect Vienna,"Quality insurance agencies services in Vienna, Austria. Professional and reliable business serving the local community.",28,info@protectvienna.com,+65-784-1503,https://www.protectvienna.com,630 High Street,Vienna,Austria,76144,43.212813,11.99552,9:00-17:00,9:00-17:00,9:00-17:00,9:00-17:00,9:00-17:00,10:00-16:00,Closed,true,true,false,true
Insurance Plovdiv,"Quality insurance agencies services in Plovdiv, Bulgaria. Professional and reliable business serving the local community.",28,info@insuranceplovdiv.com,+65-622-1991,https://www.insuranceplovdiv.com,534 King Street,Plovdiv,Bulgaria,75851,62.696993,29.120505,9:00-17:00,9:00-17:00,9:00-17:00,9:00-17:00,9:00-17:00,10:00-16:00,Closed,true,true,false,true
Protect Rijeka,"Quality insurance agencies services in Rijeka, Croatia. Professional and reliable business serving the local community.",28,info@protectrijeka.com,+98-436-5621,https://www.protectrijeka.com,397 High Street,Rijeka,Croatia,61104,41.348762,12.319686,9:00-17:00,9:00-17:00,9:00-17:00,9:00-17:00,9:00-17:00,10:00-16:00,Closed,true,true,false,true
Insurance Nicosia,"Quality insurance agencies services in Nicosia, Cyprus. Professional and reliable business serving the local community.",28,info@insurancenicosia.com,+42-455-3795,https://www.insurancenicosia.com,220 High Street,Nicosia,Cyprus,63371,49.254401,23.406833,9:00-17:00,9:00-17:00,9:00-17:00,9:00-17:00,9:00-17:00,10:00-16:00,Closed,true,true,false,false
Insurance Ostrava,"Quality insurance agencies services in Ostrava, Czech Republic. Professional and reliable business serving the local community.",28,info@insuranceostrava.com,+39-975-7898,https://www.insuranceostrava.com,463 High Street,Ostrava,Czech Republic,33186,64.289321,17.675047,9:00-17:00,9:00-17:00,9:00-17:00,9:00-17:00,9:00-17:00,10:00-16:00,Closed,true,true,false,true
Protect Odense,"Quality insurance agencies services in Odense, Denmark. Professional and reliable business serving the local community.",28,info@protectodense.com,+98-296-9359,https://www.protectodense.com,817 Main Street,Odense,Denmark,15384,68.739184,12.404133,9:00-17:00,9:00-17:00,9:00-17:00,9:00-17:00,9:00-17:00,10:00-16:00,Closed,true,true,false,true
Insurance Pärnu,"Quality insurance agencies services in Pärnu, Estonia. Professional and reliable business serving the local community.",28,info@insurancepärnu.com,+66-320-9260,https://www.insurancepärnu.com,779 Main Street,Pärnu,Estonia,96444,66.599436,16.30945,9:00-17:00,9:00-17:00,9:00-17:00,9:00-17:00,9:00-17:00,10:00-16:00,Closed,true,true,false,false
Shield Espoo,"Quality insurance agencies services in Espoo, Finland. Professional and reliable business serving the local community.",28,info@shieldespoo.com,+61-143-9803,https://www.shieldespoo.com,603 King Street,Espoo,Finland,24961,54.988607,15.376625,9:00-17:00,9:00-17:00,9:00-17:00,9:00-17:00,9:00-17:00,10:00-16:00,Closed,true,true,false,false
Safe Larissa,"Quality insurance agencies services in Larissa, Greece. Professional and reliable business serving the local community.",28,info@safelarissa.com,+44-277-1179,https://www.safelarissa.com,262 High Street,Larissa,Greece,51610,40.033336,21.085389,9:00-17:00,9:00-17:00,9:00-17:00,9:00-17:00,9:00-17:00,10:00-16:00,Closed,true,true,false,true
Safe Pécs,"Quality insurance agencies services in Pécs, Hungary. Professional and reliable business serving the local community.",28,info@safepécs.com,+71-276-4906,https://www.safepécs.com,947 King Street,Pécs,Hungary,54454,42.404277,23.554146,9:00-17:00,9:00-17:00,9:00-17:00,9:00-17:00,9:00-17:00,10:00-16:00,Closed,true,true,false,false
Protect Dublin,"Quality insurance agencies services in Dublin, Ireland. Professional and reliable business serving the local community.",28,info@protectdublin.com,+75-819-2169,https://www.protectdublin.com,505 Queen Street,Dublin,Ireland,74807,56.00202,22.179821,9:00-17:00,9:00-17:00,9:00-17:00,9:00-17:00,9:00-17:00,10:00-16:00,Closed,true,true,false,true
Safe Turin,"Quality insurance agencies services in Turin, Italy. Professional and reliable business serving the local community.",28,info@safeturin.com,+53-784-2937,https://www.safeturin.com,124 Main Street,Turin,Italy,52926,59.763429,12.277121,9:00-17:00,9:00-17:00,9:00-17:00,9:00-17:00,9:00-17:00,10:00-16:00,Closed,true,true,false,false
Safe Jūrmala,"Quality insurance agencies services in Jūrmala, Latvia. Professional and reliable business serving the local community.",28,info@safejūrmala.com,+30-209-6739,https://www.safejūrmala.com,862 Queen Street,Jūrmala,Latvia,57767,46.997738,26.026342,9:00-17:00,9:00-17:00,9:00-17:00,9:00-17:00,9:00-17:00,10:00-16:00,Closed,true,true,false,true
Protect Vilnius,"Quality insurance agencies services in Vilnius, Lithuania. Professional and reliable business serving the local community.",28,info@protectvilnius.com,+88-410-9959,https://www.protectvilnius.com,614 King Street,Vilnius,Lithuania,72905,63.923787,-1.776262,9:00-17:00,9:00-17:00,9:00-17:00,9:00-17:00,9:00-17:00,10:00-16:00,Closed,true,true,false,true
Insurance Differdange,"Quality insurance agencies services in Differdange, Luxembourg. Professional and reliable business serving the local community.",28,info@insurancedifferdange.com,+49-697-2271,https://www.insurancedifferdange.com,297 Church Street,Differdange,Luxembourg,89536,55.532221,3.684881,9:00-17:00,9:00-17:00,9:00-17:00,9:00-17:00,9:00-17:00,10:00-16:00,Closed,true,true,false,false
Protect Valletta,"Quality insurance agencies services in Valletta, Malta. Professional and reliable business serving the local community.",28,info@protectvalletta.com,+91-182-7114,https://www.protectvalletta.com,185 Queen Street,Valletta,Malta,87558,62.765595,22.564689,9:00-17:00,9:00-17:00,9:00-17:00,9:00-17:00,9:00-17:00,10:00-16:00,Closed,true,true,false,false
Łódź Cover,"Quality insurance agencies services in Łódź, Poland. Professional and reliable business serving the local community.",28,info@łódźcover.com,+35-551-3962,https://www.łódźcover.com,668 High Street,Łódź,Poland,58184,58.748707,18.642951,9:00-17:00,9:00-17:00,9:00-17:00,9:00-17:00,9:00-17:00,10:00-16:00,Closed,true,true,false,true
Insurance Bucharest,"Quality insurance agencies services in Bucharest, Romania. Professional and reliable business serving the local community.",28,info@insurancebucharest.com,+97-715-1685,https://www.insurancebucharest.com,77 Church Street,Bucharest,Romania,11451,50.09223,11.820445,9:00-17:00,9:00-17:00,9:00-17:00,9:00-17:00,9:00-17:00,10:00-16:00,Closed,true,true,false,false
Shield Košice,"Quality insurance agencies services in Košice, Slovakia. Professional and reliable business serving the local community.",28,info@shieldkošice.com,+62-501-9780,https://www.shieldkošice.com,104 King Street,Košice,Slovakia,83245,37.293081,1.896699,9:00-17:00,9:00-17:00,9:00-17:00,9:00-17:00,9:00-17:00,10:00-16:00,Closed,true,true,false,true
Insurance Ljubljana,"Quality insurance agencies services in Ljubljana, Slovenia. Professional and reliable business serving the local community.",28,info@insuranceljubljana.com,+99-380-9422,https://www.insuranceljubljana.com,145 Main Street,Ljubljana,Slovenia,32291,49.581114,-4.384626,9:00-17:00,9:00-17:00,9:00-17:00,9:00-17:00,9:00-17:00,10:00-16:00,Closed,true,true,false,false
Safe Uppsala,"Quality insurance agencies services in Uppsala, Sweden. Professional and reliable business serving the local community.",28,info@safeuppsala.com,+91-603-5013,https://www.safeuppsala.com,489 Main Street,Uppsala,Sweden,54003,56.703273,22.616983,9:00-17:00,9:00-17:00,9:00-17:00,9:00-17:00,9:00-17:00,10:00-16:00,Closed,true,true,false,false
Pasta Salzburg,"Quality italian restaurants services in Salzburg, Austria. Professional and reliable business serving the local community.",26,info@pastasalzburg.com,+43-794-7718,https://www.pastasalzburg.com,451 Church Street,Salzburg,Austria,27625,36.997828,16.948564,9:00-17:00,9:00-17:00,9:00-17:00,9:00-17:00,9:00-17:00,10:00-16:00,Closed,true,true,false,false
Italian Varna,"Quality italian restaurants services in Varna, Bulgaria. Professional and reliable business serving the local community.",26,info@italianvarna.com,+63-153-4735,https://www.italianvarna.com,351 High Street,Varna,Bulgaria,76876,48.067472,-6.340155,9:00-17:00,9:00-17:00,9:00-17:00,9:00-17:00,9:00-17:00,10:00-16:00,Closed,true,true,false,false
Osijek Trattoria,"Quality italian restaurants services in Osijek, Croatia. Professional and reliable business serving the local community.",26,info@osijektrattoria.com,+57-834-6478,https://www.osijektrattoria.com,477 Queen Street,Osijek,Croatia,48979,50.240588,-4.514889,9:00-17:00,9:00-17:00,9:00-17:00,9:00-17:00,9:00-17:00,10:00-16:00,Closed,true,true,false,true
Roma Paphos,"Quality italian restaurants services in Paphos, Cyprus. Professional and reliable business serving the local community.",26,info@romapaphos.com,+94-310-2488,https://www.romapaphos.com,44 High Street,Paphos,Cyprus,10843,58.621618,-2.017697,9:00-17:00,9:00-17:00,9:00-17:00,9:00-17:00,9:00-17:00,10:00-16:00,Closed,true,true,false,true
Bella Prague,"Quality italian restaurants services in Prague, Czech Republic. Professional and reliable business serving the local community.",26,info@bellaprague.com,+89-686-3526,https://www.bellaprague.com,92 Main Street,Prague,Czech Republic,86845,41.006292,-4.930041,9:00-17:00,9:00-17:00,9:00-17:00,9:00-17:00,9:00-17:00,10:00-16:00,Closed,true,true,false,false
Copenhagen Trattoria,"Quality italian restaurants services in Copenhagen, Denmark. Professional and reliable business serving the local community.",26,info@copenhagentrattoria.com,+64-846-2008,https://www.copenhagentrattoria.com,20 Church Street,Copenhagen,Denmark,96938,44.267977,-4.516138,9:00-17:00,9:00-17:00,9:00-17:00,9:00-17:00,9:00-17:00,10:00-16:00,Closed,true,true,false,false
Roma Pärnu,"Quality italian restaurants services in Pärnu, Estonia. Professional and reliable business serving the local community.",26,info@romapärnu.com,+80-184-1338,https://www.romapärnu.com,875 King Street,Pärnu,Estonia,93477,46.538286,-7.612982,9:00-17:00,9:00-17:00,9:00-17:00,9:00-17:00,9:00-17:00,10:00-16:00,Closed,true,true,false,false
Bella Vantaa,"Quality italian restaurants services in Vantaa, Finland. Professional and reliable business serving the local community.",26,info@bellavantaa.com,+56-738-1748,https://www.bellavantaa.com,88 Main Street,Vantaa,Finland,83317,58.724716,-7.441366,9:00-17:00,9:00-17:00,9:00-17:00,9:00-17:00,9:00-17:00,10:00-16:00,Closed,true,true,false,false
Pasta Thessaloniki,"Quality italian restaurants services in Thessaloniki, Greece. Professional and reliable business serving the local community.",26,info@pastathessaloniki.com,+85-960-1091,https://www.pastathessaloniki.com,775 Church Street,Thessaloniki,Greece,50678,55.029429,10.010515,9:00-17:00,9:00-17:00,9:00-17:00,9:00-17:00,9:00-17:00,10:00-16:00,Closed,true,true,false,true
Pasta Szeged,"Quality italian restaurants services in Szeged, Hungary. Professional and reliable business serving the local community.",26,info@pastaszeged.com,+35-273-1599,https://www.pastaszeged.com,77 Church Street,Szeged,Hungary,44445,49.252742,-8.842632,9:00-17:00,9:00-17:00,9:00-17:00,9:00-17:00,9:00-17:00,10:00-16:00,Closed,true,true,false,true
Roma Dublin,"Quality italian restaurants services in Dublin, Ireland. Professional and reliable business serving the local community.",26,info@romadublin.com,+80-538-6426,https://www.romadublin.com,990 High Street,Dublin,Ireland,32164,49.506219,28.078355,9:00-17:00,9:00-17:00,9:00-17:00,9:00-17:00,9:00-17:00,10:00-16:00,Closed,true,true,false,true
Pasta Rome,"Quality italian restaurants services in Rome, Italy. Professional and reliable business serving the local community.",26,info@pastarome.com,+36-115-9041,https://www.pastarome.com,332 Church Street,Rome,Italy,79295,41.073731,0.271902,9:00-17:00,9:00-17:00,9:00-17:00,9:00-17:00,9:00-17:00,10:00-16:00,Closed,true,true,false,true
Bella Liepāja,"Quality italian restaurants services in Liepāja, Latvia. Professional and reliable business serving the local community.",26,info@bellaliepāja.com,+63-493-2431,https://www.bellaliepāja.com,794 Queen Street,Liepāja,Latvia,51978,39.923597,20.155999,9:00-17:00,9:00-17:00,9:00-17:00,9:00-17:00,9:00-17:00,10:00-16:00,Closed,true,true,false,false
Roma Šiauliai,"Quality italian restaurants services in Šiauliai, Lithuania. Professional and reliable business serving the local community.",26,info@romašiauliai.com,+66-595-9493,https://www.romašiauliai.com,193 Main Street,Šiauliai,Lithuania,75965,43.933956,9.054053,9:00-17:00,9:00-17:00,9:00-17:00,9:00-17:00,9:00-17:00,10:00-16:00,Closed,true,true,false,false
Luxembourg City Trattoria,"Quality italian restaurants services in Luxembourg City, Luxembourg. Professional and reliable business serving the local community.",26,info@luxembourgcitytrattoria.com,+82-862-7575,https://www.luxembourgcitytrattoria.com,217 Church Street,Luxembourg City,Luxembourg,16220,55.082374,18.458881,9:00-17:00,9:00-17:00,9:00-17:00,9:00-17:00,9:00-17:00,10:00-16:00,Closed,true,true,false,false
Pasta Valletta,"Quality italian restaurants services in Valletta, Malta. Professional and reliable business serving the local community.",26,info@pastavalletta.com,+86-667-7072,https://www.pastavalletta.com,4 Church Street,Valletta,Malta,94800,59.497274,10.320905,9:00-17:00,9:00-17:00,9:00-17:00,9:00-17:00,9:00-17:00,10:00-16:00,Closed,true,true,false,true
Pasta Wrocław,"Quality italian restaurants services in Wrocław, Poland. Professional and reliable business serving the local community.",26,info@pastawrocław.com,+53-459-2607,https://www.pastawrocław.com,128 Main Street,Wrocław,Poland,88822,35.097587,29.268311,9:00-17:00,9:00-17:00,9:00-17:00,9:00-17:00,9:00-17:00,10:00-16:00,Closed,true,true,false,false
Roma Timișoara,"Quality italian restaurants services in Timișoara, Romania. Professional and reliable business serving the local community.",26,info@romatimișoara.com,+89-849-5772,https://www.romatimișoara.com,977 Church Street,Timișoara,Romania,71555,64.391919,3.002247,9:00-17:00,9:00-17:00,9:00-17:00,9:00-17:00,9:00-17:00,10:00-16:00,Closed,true,true,false,true
Pasta Žilina,"Quality italian restaurants services in Žilina, Slovakia. Professional and reliable business serving the local community.",26,info@pastažilina.com,+62-421-3970,https://www.pastažilina.com,295 King Street,Žilina,Slovakia,83084,47.222045,22.682646,9:00-17:00,9:00-17:00,9:00-17:00,9:00-17:00,9:00-17:00,10:00-16:00,Closed,true,true,false,true
Roma Maribor,"Quality italian restaurants services in Maribor, Slovenia. Professional and reliable business serving the local community.",26,info@romamaribor.com,+98-461-6201,https://www.romamaribor.com,282 Church Street,Maribor,Slovenia,30279,54.362489,17.94717,9:00-17:00,9:00-17:00,9:00-17:00,9:00-17:00,9:00-17:00,10:00-16:00,Closed,true,true,false,true
Bella Uppsala,"Quality italian restaurants services in Uppsala, Sweden. Professional and reliable business serving the local community.",26,info@bellauppsala.com,+55-922-5297,https://www.bellauppsala.com,472 Church Street,Uppsala,Sweden,61112,42.739639,17.988088,9:00-17:00,9:00-17:00,9:00-17:00,9:00-17:00,9:00-17:00,10:00-16:00,Closed,true,true,false,false
Diamond Innsbruck,"Quality jewelry stores services in Innsbruck, Austria. Professional and reliable business serving the local community.",9,info@diamondinnsbruck.com,+42-776-7618,https://www.diamondinnsbruck.com,409 High Street,Innsbruck,Austria,19607,51.07846,-3.423157,9:00-17:00,9:00-17:00,9:00-17:00,9:00-17:00,9:00-17:00,10:00-16:00,Closed,true,true,false,false
Sparkle Varna,"Quality jewelry stores services in Varna, Bulgaria. Professional and reliable business serving the local community.",9,info@sparklevarna.com,+97-973-7445,https://www.sparklevarna.com,788 High Street,Varna,Bulgaria,30175,57.483635,-5.078454,9:00-17:00,9:00-17:00,9:00-17:00,9:00-17:00,9:00-17:00,10:00-16:00,Closed,true,true,false,false
Gold Zagreb,"Quality jewelry stores services in Zagreb, Croatia. Professional and reliable business serving the local community.",9,info@goldzagreb.com,+50-366-6093,https://www.goldzagreb.com,437 Main Street,Zagreb,Croatia,81433,64.138316,10.286744,9:00-17:00,9:00-17:00,9:00-17:00,9:00-17:00,9:00-17:00,10:00-16:00,Closed,true,true,false,true
Jewelry Limassol,"Quality jewelry stores services in Limassol, Cyprus. Professional and reliable business serving the local community.",9,info@jewelrylimassol.com,+69-172-1994,https://www.jewelrylimassol.com,753 Queen Street,Limassol,Cyprus,83994,44.490185,-0.744631,9:00-17:00,9:00-17:00,9:00-17:00,9:00-17:00,9:00-17:00,10:00-16:00,Closed,true,true,false,false
Gold Plzen,"Quality jewelry stores services in Plzen, Czech Republic. Professional and reliable business serving the local community.",9,info@goldplzen.com,+51-964-5727,https://www.goldplzen.com,7 Main Street,Plzen,Czech Republic,78843,57.910218,25.954174,9:00-17:00,9:00-17:00,9:00-17:00,9:00-17:00,9:00-17:00,10:00-16:00,Closed,true,true,false,false
Gold Copenhagen,"Quality jewelry stores services in Copenhagen, Denmark. Professional and reliable business serving the local community.",9,info@goldcopenhagen.com,+56-143-9440,https://www.goldcopenhagen.com,34 Main Street,Copenhagen,Denmark,52265,49.844957,-4.023023,9:00-17:00,9:00-17:00,9:00-17:00,9:00-17:00,9:00-17:00,10:00-16:00,Closed,true,true,false,false
Gold Narva,"Quality jewelry stores services in Narva, Estonia. Professional and reliable business serving the local community.",9,info@goldnarva.com,+61-343-7275,https://www.goldnarva.com,194 King Street,Narva,Estonia,48212,37.35361,2.922126,9:00-17:00,9:00-17:00,9:00-17:00,9:00-17:00,9:00-17:00,10:00-16:00,Closed,true,true,false,false
Tampere Gems,"Quality jewelry stores services in Tampere, Finland. Professional and reliable business serving the local community.",9,info@tamperegems.com,+72-581-3061,https://www.tamperegems.com,490 King Street,Tampere,Finland,86640,66.051906,19.635316,9:00-17:00,9:00-17:00,9:00-17:00,9:00-17:00,9:00-17:00,10:00-16:00,Closed,true,true,false,true
Thessaloniki Gems,"Quality jewelry stores services in Thessaloniki, Greece. Professional and reliable business serving the local community.",9,info@thessalonikigems.com,+53-824-5218,https://www.thessalonikigems.com,461 Main Street,Thessaloniki,Greece,26252,59.105902,17.745685,9:00-17:00,9:00-17:00,9:00-17:00,9:00-17:00,9:00-17:00,10:00-16:00,Closed,true,true,false,true
Sparkle Pécs,"Quality jewelry stores services in Pécs, Hungary. Professional and reliable business serving the local community.",9,info@sparklepécs.com,+40-859-6251,https://www.sparklepécs.com,946 King Street,Pécs,Hungary,69318,64.405716,21.738262,9:00-17:00,9:00-17:00,9:00-17:00,9:00-17:00,9:00-17:00,10:00-16:00,Closed,true,true,false,true
Sparkle Galway,"Quality jewelry stores services in Galway, Ireland. Professional and reliable business serving the local community.",9,info@sparklegalway.com,+67-836-6578,https://www.sparklegalway.com,759 King Street,Galway,Ireland,99564,43.522435,28.560385,9:00-17:00,9:00-17:00,9:00-17:00,9:00-17:00,9:00-17:00,10:00-16:00,Closed,true,true,false,true
Jewelry Naples,"Quality jewelry stores services in Naples, Italy. Professional and reliable business serving the local community.",9,info@jewelrynaples.com,+66-533-6367,https://www.jewelrynaples.com,174 Queen Street,Naples,Italy,41991,45.104305,-6.035455,9:00-17:00,9:00-17:00,9:00-17:00,9:00-17:00,9:00-17:00,10:00-16:00,Closed,true,true,false,false
Gold Liepāja,"Quality jewelry stores services in Liepāja, Latvia. Professional and reliable business serving the local community.",9,info@goldliepāja.com,+82-439-2671,https://www.goldliepāja.com,620 High Street,Liepāja,Latvia,95717,69.289093,11.582274,9:00-17:00,9:00-17:00,9:00-17:00,9:00-17:00,9:00-17:00,10:00-16:00,Closed,true,true,false,true
Jewelry Vilnius,"Quality jewelry stores services in Vilnius, Lithuania. Professional and reliable business serving the local community.",9,info@jewelryvilnius.com,+31-838-5593,https://www.jewelryvilnius.com,720 Church Street,Vilnius,Lithuania,83050,69.629565,20.636519,9:00-17:00,9:00-17:00,9:00-17:00,9:00-17:00,9:00-17:00,10:00-16:00,Closed,true,true,false,true
Differdange Gems,"Quality jewelry stores services in Differdange, Luxembourg. Professional and reliable business serving the local community.",9,info@differdangegems.com,+83-143-9439,https://www.differdangegems.com,580 King Street,Differdange,Luxembourg,69565,53.342654,10.025333,9:00-17:00,9:00-17:00,9:00-17:00,9:00-17:00,9:00-17:00,10:00-16:00,Closed,true,true,false,true
Jewelry Birkirkara,"Quality jewelry stores services in Birkirkara, Malta. Professional and reliable business serving the local community.",9,info@jewelrybirkirkara.com,+68-946-7884,https://www.jewelrybirkirkara.com,714 High Street,Birkirkara,Malta,92606,50.418909,8.150457,9:00-17:00,9:00-17:00,9:00-17:00,9:00-17:00,9:00-17:00,10:00-16:00,Closed,true,true,false,true
Warsaw Gems,"Quality jewelry stores services in Warsaw, Poland. Professional and reliable business serving the local community.",9,info@warsawgems.com,+34-107-5159,https://www.warsawgems.com,566 King Street,Warsaw,Poland,91331,60.570955,2.319179,9:00-17:00,9:00-17:00,9:00-17:00,9:00-17:00,9:00-17:00,10:00-16:00,Closed,true,true,false,false
Jewelry Constanța,"Quality jewelry stores services in Constanța, Romania. Professional and reliable business serving the local community.",9,info@jewelryconstanța.com,+94-938-4229,https://www.jewelryconstanța.com,183 King Street,Constanța,Romania,87168,68.847837,-6.608575,9:00-17:00,9:00-17:00,9:00-17:00,9:00-17:00,9:00-17:00,10:00-16:00,Closed,true,true,false,true
Jewelry Košice,"Quality jewelry stores services in Košice, Slovakia. Professional and reliable business serving the local community.",9,info@jewelrykošice.com,+58-388-1808,https://www.jewelrykošice.com,481 Main Street,Košice,Slovakia,77659,67.735998,4.497959,9:00-17:00,9:00-17:00,9:00-17:00,9:00-17:00,9:00-17:00,10:00-16:00,Closed,true,true,false,true
Gold Ljubljana,"Quality jewelry stores services in Ljubljana, Slovenia. Professional and reliable business serving the local community.",9,info@goldljubljana.com,+40-189-9070,https://www.goldljubljana.com,161 Main Street,Ljubljana,Slovenia,41462,64.880463,0.301355,9:00-17:00,9:00-17:00,9:00-17:00,9:00-17:00,9:00-17:00,10:00-16:00,Closed,true,true,false,false
Jewelry Malmö,"Quality jewelry stores services in Malmö, Sweden. Professional and reliable business serving the local community.",9,info@jewelrymalmö.com,+49-478-4304,https://www.jewelrymalmö.com,156 Queen Street,Malmö,Sweden,33506,49.573001,20.478334,9:00-17:00,9:00-17:00,9:00-17:00,9:00-17:00,9:00-17:00,10:00-16:00,Closed,true,true,false,false
Justice Graz,"Quality legal services services in Graz, Austria. Professional and reliable business serving the local community.",6,info@justicegraz.com,+44-622-9531,https://www.justicegraz.com,205 High Street,Graz,Austria,40939,69.099186,19.91394,9:00-17:00,9:00-17:00,9:00-17:00,9:00-17:00,9:00-17:00,10:00-16:00,Closed,true,true,false,true
Varna Associates,"Quality legal services services in Varna, Bulgaria. Professional and reliable business serving the local community.",6,info@varnaassociates.com,+85-427-8307,https://www.varnaassociates.com,276 Queen Street,Varna,Bulgaria,57892,42.346551,17.623788,9:00-17:00,9:00-17:00,9:00-17:00,9:00-17:00,9:00-17:00,10:00-16:00,Closed,true,true,false,false
Split Associates,"Quality legal services services in Split, Croatia. Professional and reliable business serving the local community.",6,info@splitassociates.com,+30-252-5411,https://www.splitassociates.com,501 King Street,Split,Croatia,53391,53.473172,11.501368,9:00-17:00,9:00-17:00,9:00-17:00,9:00-17:00,9:00-17:00,10:00-16:00,Closed,true,true,false,false
Law Paphos,"Quality legal services services in Paphos, Cyprus. Professional and reliable business serving the local community.",6,info@lawpaphos.com,+37-348-8631,https://www.lawpaphos.com,806 Queen Street,Paphos,Cyprus,20868,65.253751,-3.33243,9:00-17:00,9:00-17:00,9:00-17:00,9:00-17:00,9:00-17:00,10:00-16:00,Closed,true,true,false,false
Legal Brno,"Quality legal services services in Brno, Czech Republic. Professional and reliable business serving the local community.",6,info@legalbrno.com,+61-332-8095,https://www.legalbrno.com,992 High Street,Brno,Czech Republic,20975,36.668966,18.869238,9:00-17:00,9:00-17:00,9:00-17:00,9:00-17:00,9:00-17:00,10:00-16:00,Closed,true,true,false,true
Law Esbjerg,"Quality legal services services in Esbjerg, Denmark. Professional and reliable business serving the local community.",6,info@lawesbjerg.com,+56-350-8368,https://www.lawesbjerg.com,195 Queen Street,Esbjerg,Denmark,18269,35.89904,19.081323,9:00-17:00,9:00-17:00,9:00-17:00,9:00-17:00,9:00-17:00,10:00-16:00,Closed,true,true,false,true
Rights Kohtla-Järve,"Quality legal services services in Kohtla-Järve, Estonia. Professional and reliable business serving the local community.",6,info@rightskohtla-järve.com,+90-162-8698,https://www.rightskohtla-järve.com,860 High Street,Kohtla-Järve,Estonia,79410,65.959771,10.778464,9:00-17:00,9:00-17:00,9:00-17:00,9:00-17:00,9:00-17:00,10:00-16:00,Closed,true,true,false,true
Legal Espoo,"Quality legal services services in Espoo, Finland. Professional and reliable business serving the local community.",6,info@legalespoo.com,+55-667-1994,https://www.legalespoo.com,915 Church Street,Espoo,Finland,57724,61.721585,2.77745,9:00-17:00,9:00-17:00,9:00-17:00,9:00-17:00,9:00-17:00,10:00-16:00,Closed,true,true,false,false
Rights Thessaloniki,"Quality legal services services in Thessaloniki, Greece. Professional and reliable business serving the local community.",6,info@rightsthessaloniki.com,+79-433-5417,https://www.rightsthessaloniki.com,251 King Street,Thessaloniki,Greece,56665,39.784714,3.680081,9:00-17:00,9:00-17:00,9:00-17:00,9:00-17:00,9:00-17:00,10:00-16:00,Closed,true,true,false,false
Legal Budapest,"Quality legal services services in Budapest, Hungary. Professional and reliable business serving the local community.",6,info@legalbudapest.com,+58-994-6937,https://www.legalbudapest.com,525 Main Street,Budapest,Hungary,31102,37.950886,26.775475,9:00-17:00,9:00-17:00,9:00-17:00,9:00-17:00,9:00-17:00,10:00-16:00,Closed,true,true,false,true
Legal Galway,"Quality legal services services in Galway, Ireland. Professional and reliable business serving the local community.",6,info@legalgalway.com,+74-836-7699,https://www.legalgalway.com,381 High Street,Galway,Ireland,93221,55.068976,13.559611,9:00-17:00,9:00-17:00,9:00-17:00,9:00-17:00,9:00-17:00,10:00-16:00,Closed,true,true,false,false
Law Milan,"Quality legal services services in Milan, Italy. Professional and reliable business serving the local community.",6,info@lawmilan.com,+66-166-5855,https://www.lawmilan.com,145 King Street,Milan,Italy,19857,58.067471,16.920307,9:00-17:00,9:00-17:00,9:00-17:00,9:00-17:00,9:00-17:00,10:00-16:00,Closed,true,true,false,true
Jelgava Associates,"Quality legal services services in Jelgava, Latvia. Professional and reliable business serving the local community.",6,info@jelgavaassociates.com,+79-571-1856,https://www.jelgavaassociates.com,785 Main Street,Jelgava,Latvia,27180,63.876047,2.197561,9:00-17:00,9:00-17:00,9:00-17:00,9:00-17:00,9:00-17:00,10:00-16:00,Closed,true,true,false,false
Kaunas Associates,"Quality legal services services in Kaunas, Lithuania. Professional and reliable business serving the local community.",6,info@kaunasassociates.com,+33-814-5070,https://www.kaunasassociates.com,719 High Street,Kaunas,Lithuania,17006,59.53497,0.304788,9:00-17:00,9:00-17:00,9:00-17:00,9:00-17:00,9:00-17:00,10:00-16:00,Closed,true,true,false,false
Justice Luxembourg City,"Quality legal services services in Luxembourg City, Luxembourg. Professional and reliable business serving the local community.",6,info@justiceluxembourgcity.com,+30-846-4507,https://www.justiceluxembourgcity.com,340 High Street,Luxembourg City,Luxembourg,14583,43.920195,21.103391,9:00-17:00,9:00-17:00,9:00-17:00,9:00-17:00,9:00-17:00,10:00-16:00,Closed,true,true,false,false
Legal St. Julian's,"Quality legal services services in St. Julian's, Malta. Professional and reliable business serving the local community.",6,info@legalst.julian's.com,+67-559-4299,https://www.legalst.julian's.com,365 High Street,St. Julian's,Malta,85674,44.365421,7.046083,9:00-17:00,9:00-17:00,9:00-17:00,9:00-17:00,9:00-17:00,10:00-16:00,Closed,true,true,false,true
Poznań Associates,"Quality legal services services in Poznań, Poland. Professional and reliable business serving the local community.",6,info@poznańassociates.com,+73-597-6954,https://www.poznańassociates.com,993 King Street,Poznań,Poland,88344,41.158325,23.618518,9:00-17:00,9:00-17:00,9:00-17:00,9:00-17:00,9:00-17:00,10:00-16:00,Closed,true,true,false,true
Legal Bucharest,"Quality legal services services in Bucharest, Romania. Professional and reliable business serving the local community.",6,info@legalbucharest.com,+83-177-7695,https://www.legalbucharest.com,599 Main Street,Bucharest,Romania,34164,54.915304,4.806815,9:00-17:00,9:00-17:00,9:00-17:00,9:00-17:00,9:00-17:00,10:00-16:00,Closed,true,true,false,true
Justice Prešov,"Quality legal services services in Prešov, Slovakia. Professional and reliable business serving the local community.",6,info@justiceprešov.com,+56-296-6199,https://www.justiceprešov.com,395 King Street,Prešov,Slovakia,60114,43.020422,16.428865,9:00-17:00,9:00-17:00,9:00-17:00,9:00-17:00,9:00-17:00,10:00-16:00,Closed,true,true,false,false
Rights Ljubljana,"Quality legal services services in Ljubljana, Slovenia. Professional and reliable business serving the local community.",6,info@rightsljubljana.com,+81-199-9056,https://www.rightsljubljana.com,608 High Street,Ljubljana,Slovenia,79813,44.007133,10.070751,9:00-17:00,9:00-17:00,9:00-17:00,9:00-17:00,9:00-17:00,10:00-16:00,Closed,true,true,false,true
Justice Gothenburg,"Quality legal services services in Gothenburg, Sweden. Professional and reliable business serving the local community.",6,info@justicegothenburg.com,+34-642-2757,https://www.justicegothenburg.com,99 Main Street,Gothenburg,Sweden,81444,49.945012,21.060419,9:00-17:00,9:00-17:00,9:00-17:00,9:00-17:00,9:00-17:00,10:00-16:00,Closed,true,true,false,false
Library Innsbruck,"Quality libraries services in Innsbruck, Austria. Professional and reliable business serving the local community.",45,info@libraryinnsbruck.com,+47-479-7404,https://www.libraryinnsbruck.com,134 Church Street,Innsbruck,Austria,37197,52.036528,3.229372,9:00-17:00,9:00-17:00,9:00-17:00,9:00-17:00,9:00-17:00,10:00-16:00,Closed,true,true,false,false
Study Plovdiv,"Quality libraries services in Plovdiv, Bulgaria. Professional and reliable business serving the local community.",45,info@studyplovdiv.com,+70-601-1867,https://www.studyplovdiv.com,2 Queen Street,Plovdiv,Bulgaria,73086,55.651805,-3.204654,9:00-17:00,9:00-17:00,9:00-17:00,9:00-17:00,9:00-17:00,10:00-16:00,Closed,true,true,false,false
Books Split,"Quality libraries services in Split, Croatia. Professional and reliable business serving the local community.",45,info@bookssplit.com,+31-762-6846,https://www.bookssplit.com,63 Queen Street,Split,Croatia,36539,35.038533,3.243304,9:00-17:00,9:00-17:00,9:00-17:00,9:00-17:00,9:00-17:00,10:00-16:00,Closed,true,true,false,false
Study Limassol,"Quality libraries services in Limassol, Cyprus. Professional and reliable business serving the local community.",45,info@studylimassol.com,+48-972-7377,https://www.studylimassol.com,47 Queen Street,Limassol,Cyprus,88038,68.518198,23.005203,9:00-17:00,9:00-17:00,9:00-17:00,9:00-17:00,9:00-17:00,10:00-16:00,Closed,true,true,false,false
Library Brno,"Quality libraries services in Brno, Czech Republic. Professional and reliable business serving the local community.",45,info@librarybrno.com,+38-641-5390,https://www.librarybrno.com,562 High Street,Brno,Czech Republic,88122,68.814111,11.643415,9:00-17:00,9:00-17:00,9:00-17:00,9:00-17:00,9:00-17:00,10:00-16:00,Closed,true,true,false,true
Study Copenhagen,"Quality libraries services in Copenhagen, Denmark. Professional and reliable business serving the local community.",45,info@studycopenhagen.com,+97-511-1811,https://www.studycopenhagen.com,822 High Street,Copenhagen,Denmark,76820,61.467873,-5.457531,9:00-17:00,9:00-17:00,9:00-17:00,9:00-17:00,9:00-17:00,10:00-16:00,Closed,true,true,false,true
Books Tallinn,"Quality libraries services in Tallinn, Estonia. Professional and reliable business serving the local community.",45,info@bookstallinn.com,+55-540-8175,https://www.bookstallinn.com,327 King Street,Tallinn,Estonia,13050,56.888982,28.182382,9:00-17:00,9:00-17:00,9:00-17:00,9:00-17:00,9:00-17:00,10:00-16:00,Closed,true,true,false,true
Library Vantaa,"Quality libraries services in Vantaa, Finland. Professional and reliable business serving the local community.",45,info@libraryvantaa.com,+48-794-6601,https://www.libraryvantaa.com,451 High Street,Vantaa,Finland,31873,51.955926,1.101657,9:00-17:00,9:00-17:00,9:00-17:00,9:00-17:00,9:00-17:00,10:00-16:00,Closed,true,true,false,false
Study Athens,"Quality libraries services in Athens, Greece. Professional and reliable business serving the local community.",45,info@studyathens.com,+76-729-1630,https://www.studyathens.com,723 Queen Street,Athens,Greece,89423,41.63003,-0.577298,9:00-17:00,9:00-17:00,9:00-17:00,9:00-17:00,9:00-17:00,10:00-16:00,Closed,true,true,false,true
Books Budapest,"Quality libraries services in Budapest, Hungary. Professional and reliable business serving the local community.",45,info@booksbudapest.com,+90-720-2626,https://www.booksbudapest.com,616 Church Street,Budapest,Hungary,93257,66.352326,26.629732,9:00-17:00,9:00-17:00,9:00-17:00,9:00-17:00,9:00-17:00,10:00-16:00,Closed,true,true,false,true
Library Limerick,"Quality libraries services in Limerick, Ireland. Professional and reliable business serving the local community.",45,info@librarylimerick.com,+38-845-3608,https://www.librarylimerick.com,797 Queen Street,Limerick,Ireland,24956,36.760988,6.701131,9:00-17:00,9:00-17:00,9:00-17:00,9:00-17:00,9:00-17:00,10:00-16:00,Closed,true,true,false,true
Books Rome,"Quality libraries services in Rome, Italy. Professional and reliable business serving the local community.",45,info@booksrome.com,+91-137-6226,https://www.booksrome.com,770 Main Street,Rome,Italy,39721,42.645789,26.195733,9:00-17:00,9:00-17:00,9:00-17:00,9:00-17:00,9:00-17:00,10:00-16:00,Closed,true,true,false,false
Liepāja Archive,"Quality libraries services in Liepāja, Latvia. Professional and reliable business serving the local community.",45,info@liepājaarchive.com,+71-267-5530,https://www.liepājaarchive.com,466 Queen Street,Liepāja,Latvia,42731,67.254997,-7.071977,9:00-17:00,9:00-17:00,9:00-17:00,9:00-17:00,9:00-17:00,10:00-16:00,Closed,true,true,false,false
Books Šiauliai,"Quality libraries services in Šiauliai, Lithuania. Professional and reliable business serving the local community.",45,info@booksšiauliai.com,+65-585-5410,https://www.booksšiauliai.com,805 King Street,Šiauliai,Lithuania,66681,68.233832,14.760889,9:00-17:00,9:00-17:00,9:00-17:00,9:00-17:00,9:00-17:00,10:00-16:00,Closed,true,true,false,false
Library Luxembourg City,"Quality libraries services in Luxembourg City, Luxembourg. Professional and reliable business serving the local community.",45,info@libraryluxembourgcity.com,+86-247-2031,https://www.libraryluxembourgcity.com,500 High Street,Luxembourg City,Luxembourg,91097,36.503689,10.544405,9:00-17:00,9:00-17:00,9:00-17:00,9:00-17:00,9:00-17:00,10:00-16:00,Closed,true,true,false,true
Sliema Archive,"Quality libraries services in Sliema, Malta. Professional and reliable business serving the local community.",45,info@sliemaarchive.com,+31-708-3824,https://www.sliemaarchive.com,206 Main Street,Sliema,Malta,58694,66.22683,23.768691,9:00-17:00,9:00-17:00,9:00-17:00,9:00-17:00,9:00-17:00,10:00-16:00,Closed,true,true,false,true
Knowledge Wrocław,"Quality libraries services in Wrocław, Poland. Professional and reliable business serving the local community.",45,info@knowledgewrocław.com,+80-519-9732,https://www.knowledgewrocław.com,115 Queen Street,Wrocław,Poland,56305,44.231087,29.396297,9:00-17:00,9:00-17:00,9:00-17:00,9:00-17:00,9:00-17:00,10:00-16:00,Closed,true,true,false,true
Knowledge Cluj-Napoca,"Quality libraries services in Cluj-Napoca, Romania. Professional and reliable business serving the local community.",45,info@knowledgecluj-napoca.com,+33-790-6495,https://www.knowledgecluj-napoca.com,113 Church Street,Cluj-Napoca,Romania,44554,48.620688,1.703954,9:00-17:00,9:00-17:00,9:00-17:00,9:00-17:00,9:00-17:00,10:00-16:00,Closed,true,true,false,true
Library Banská Bystrica,"Quality libraries services in Banská Bystrica, Slovakia. Professional and reliable business serving the local community.",45,info@librarybanskábystrica.com,+68-494-4609,https://www.librarybanskábystrica.com,27 King Street,Banská Bystrica,Slovakia,41012,58.978323,3.439818,9:00-17:00,9:00-17:00,9:00-17:00,9:00-17:00,9:00-17:00,10:00-16:00,Closed,true,true,false,true
Study Maribor,"Quality libraries services in Maribor, Slovenia. Professional and reliable business serving the local community.",45,info@studymaribor.com,+62-162-5300,https://www.studymaribor.com,727 Church Street,Maribor,Slovenia,54280,65.856342,26.897452,9:00-17:00,9:00-17:00,9:00-17:00,9:00-17:00,9:00-17:00,10:00-16:00,Closed,true,true,false,true
Books Gothenburg,"Quality libraries services in Gothenburg, Sweden. Professional and reliable business serving the local community.",45,info@booksgothenburg.com,+81-891-2263,https://www.booksgothenburg.com,763 Queen Street,Gothenburg,Sweden,43512,66.841154,29.774099,9:00-17:00,9:00-17:00,9:00-17:00,9:00-17:00,9:00-17:00,10:00-16:00,Closed,true,true,false,true
Medical Linz,"Quality medical laboratories services in Linz, Austria. Professional and reliable business serving the local community.",41,info@medicallinz.com,+58-485-6308,https://www.medicallinz.com,750 King Street,Linz,Austria,87526,39.411047,3.906068,9:00-17:00,9:00-17:00,9:00-17:00,9:00-17:00,9:00-17:00,10:00-16:00,Closed,true,true,false,true
Ruse Testing,"Quality medical laboratories services in Ruse, Bulgaria. Professional and reliable business serving the local community.",41,info@rusetesting.com,+95-124-1729,https://www.rusetesting.com,288 High Street,Ruse,Bulgaria,73362,42.943265,13.958153,9:00-17:00,9:00-17:00,9:00-17:00,9:00-17:00,9:00-17:00,10:00-16:00,Closed,true,true,false,true
Analysis Zagreb,"Quality medical laboratories services in Zagreb, Croatia. Professional and reliable business serving the local community.",41,info@analysiszagreb.com,+87-140-2073,https://www.analysiszagreb.com,543 High Street,Zagreb,Croatia,33438,65.826281,-8.540362,9:00-17:00,9:00-17:00,9:00-17:00,9:00-17:00,9:00-17:00,10:00-16:00,Closed,true,true,false,false
Lab Paphos,"Quality medical laboratories services in Paphos, Cyprus. Professional and reliable business serving the local community.",41,info@labpaphos.com,+50-370-5205,https://www.labpaphos.com,614 King Street,Paphos,Cyprus,75722,45.524605,-1.290782,9:00-17:00,9:00-17:00,9:00-17:00,9:00-17:00,9:00-17:00,10:00-16:00,Closed,true,true,false,true
Health Brno,"Quality medical laboratories services in Brno, Czech Republic. Professional and reliable business serving the local community.",41,info@healthbrno.com,+37-130-1361,https://www.healthbrno.com,697 Church Street,Brno,Czech Republic,18926,68.831213,27.882042,9:00-17:00,9:00-17:00,9:00-17:00,9:00-17:00,9:00-17:00,10:00-16:00,Closed,true,true,false,false
Analysis Aalborg,"Quality medical laboratories services in Aalborg, Denmark. Professional and reliable business serving the local community.",41,info@analysisaalborg.com,+57-258-5156,https://www.analysisaalborg.com,487 Main Street,Aalborg,Denmark,96908,53.154554,17.054187,9:00-17:00,9:00-17:00,9:00-17:00,9:00-17:00,9:00-17:00,10:00-16:00,Closed,true,true,false,false
Lab Tartu,"Quality medical laboratories services in Tartu, Estonia. Professional and reliable business serving the local community.",41,info@labtartu.com,+81-391-2121,https://www.labtartu.com,919 Church Street,Tartu,Estonia,50757,41.704873,-2.760967,9:00-17:00,9:00-17:00,9:00-17:00,9:00-17:00,9:00-17:00,10:00-16:00,Closed,true,true,false,false
Lab Helsinki,"Quality medical laboratories services in Helsinki, Finland. Professional and reliable business serving the local community.",41,info@labhelsinki.com,+61-561-7237,https://www.labhelsinki.com,87 Main Street,Helsinki,Finland,27558,63.710811,4.34576,9:00-17:00,9:00-17:00,9:00-17:00,9:00-17:00,9:00-17:00,10:00-16:00,Closed,true,true,false,false
Lab Larissa,"Quality medical laboratories services in Larissa, Greece. Professional and reliable business serving the local community.",41,info@lablarissa.com,+62-454-1760,https://www.lablarissa.com,326 King Street,Larissa,Greece,34947,53.047682,17.733265,9:00-17:00,9:00-17:00,9:00-17:00,9:00-17:00,9:00-17:00,10:00-16:00,Closed,true,true,false,true
Health Budapest,"Quality medical laboratories services in Budapest, Hungary. Professional and reliable business serving the local community.",41,info@healthbudapest.com,+53-257-6937,https://www.healthbudapest.com,614 Main Street,Budapest,Hungary,88687,56.91129,10.912551,9:00-17:00,9:00-17:00,9:00-17:00,9:00-17:00,9:00-17:00,10:00-16:00,Closed,true,true,false,false
Lab Limerick,"Quality medical laboratories services in Limerick, Ireland. Professional and reliable business serving the local community.",41,info@lablimerick.com,+39-595-9932,https://www.lablimerick.com,50 Main Street,Limerick,Ireland,14799,64.011658,6.790094,9:00-17:00,9:00-17:00,9:00-17:00,9:00-17:00,9:00-17:00,10:00-16:00,Closed,true,true,false,false
Health Naples,"Quality medical laboratories services in Naples, Italy. Professional and reliable business serving the local community.",41,info@healthnaples.com,+76-850-1736,https://www.healthnaples.com,779 Church Street,Naples,Italy,86060,58.18607,29.108142,9:00-17:00,9:00-17:00,9:00-17:00,9:00-17:00,9:00-17:00,10:00-16:00,Closed,true,true,false,true
Jelgava Testing,"Quality medical laboratories services in Jelgava, Latvia. Professional and reliable business serving the local community.",41,info@jelgavatesting.com,+87-462-5048,https://www.jelgavatesting.com,476 High Street,Jelgava,Latvia,31573,65.909223,-9.821906,9:00-17:00,9:00-17:00,9:00-17:00,9:00-17:00,9:00-17:00,10:00-16:00,Closed,true,true,false,false
Analysis Klaipėda,"Quality medical laboratories services in Klaipėda, Lithuania. Professional and reliable business serving the local community.",41,info@analysisklaipėda.com,+65-797-2618,https://www.analysisklaipėda.com,330 Queen Street,Klaipėda,Lithuania,41454,38.583877,-3.882075,9:00-17:00,9:00-17:00,9:00-17:00,9:00-17:00,9:00-17:00,10:00-16:00,Closed,true,true,false,true
Lab Luxembourg City,"Quality medical laboratories services in Luxembourg City, Luxembourg. Professional and reliable business serving the local community.",41,info@labluxembourgcity.com,+68-398-5446,https://www.labluxembourgcity.com,622 Church Street,Luxembourg City,Luxembourg,46182,55.08865,26.475874,9:00-17:00,9:00-17:00,9:00-17:00,9:00-17:00,9:00-17:00,10:00-16:00,Closed,true,true,false,false
Analysis Birkirkara,"Quality medical laboratories services in Birkirkara, Malta. Professional and reliable business serving the local community.",41,info@analysisbirkirkara.com,+40-864-6225,https://www.analysisbirkirkara.com,681 Main Street,Birkirkara,Malta,44885,68.821765,19.942719,9:00-17:00,9:00-17:00,9:00-17:00,9:00-17:00,9:00-17:00,10:00-16:00,Closed,true,true,false,true
Łódź Testing,"Quality medical laboratories services in Łódź, Poland. Professional and reliable business serving the local community.",41,info@łódźtesting.com,+84-252-9177,https://www.łódźtesting.com,975 Queen Street,Łódź,Poland,89744,57.551553,6.978982,9:00-17:00,9:00-17:00,9:00-17:00,9:00-17:00,9:00-17:00,10:00-16:00,Closed,true,true,false,true
Iași Testing,"Quality medical laboratories services in Iași, Romania. Professional and reliable business serving the local community.",41,info@iașitesting.com,+44-488-9154,https://www.iașitesting.com,808 Main Street,Iași,Romania,34619,63.952186,24.931834,9:00-17:00,9:00-17:00,9:00-17:00,9:00-17:00,9:00-17:00,10:00-16:00,Closed,true,true,false,true
Medical Košice,"Quality medical laboratories services in Košice, Slovakia. Professional and reliable business serving the local community.",41,info@medicalkošice.com,+75-741-7244,https://www.medicalkošice.com,412 Main Street,Košice,Slovakia,58799,65.616636,-1.410061,9:00-17:00,9:00-17:00,9:00-17:00,9:00-17:00,9:00-17:00,10:00-16:00,Closed,true,true,false,false
Lab Koper,"Quality medical laboratories services in Koper, Slovenia. Professional and reliable business serving the local community.",41,info@labkoper.com,+62-171-9060,https://www.labkoper.com,907 Main Street,Koper,Slovenia,27365,57.00296,9.441901,9:00-17:00,9:00-17:00,9:00-17:00,9:00-17:00,9:00-17:00,10:00-16:00,Closed,true,true,false,false
Analysis Stockholm,"Quality medical laboratories services in Stockholm, Sweden. Professional and reliable business serving the local community.",41,info@analysisstockholm.com,+33-317-7247,https://www.analysisstockholm.com,87 Main Street,Stockholm,Sweden,93683,66.317441,18.181539,9:00-17:00,9:00-17:00,9:00-17:00,9:00-17:00,9:00-17:00,10:00-16:00,Closed,true,true,false,true
Culture Linz,"Quality museums services in Linz, Austria. Professional and reliable business serving the local community.",59,info@culturelinz.com,+60-545-9241,https://www.culturelinz.com,194 Main Street,Linz,Austria,38492,40.50072,22.962338,9:00-17:00,9:00-17:00,9:00-17:00,9:00-17:00,9:00-17:00,10:00-16:00,Closed,true,true,false,false
Museum Ruse,"Quality museums services in Ruse, Bulgaria. Professional and reliable business serving the local community.",59,info@museumruse.com,+33-114-2733,https://www.museumruse.com,79 High Street,Ruse,Bulgaria,41748,59.466524,-2.817341,9:00-17:00,9:00-17:00,9:00-17:00,9:00-17:00,9:00-17:00,10:00-16:00,Closed,true,true,false,true
Zadar Heritage,"Quality museums services in Zadar, Croatia. Professional and reliable business serving the local community.",59,info@zadarheritage.com,+52-943-5623,https://www.zadarheritage.com,113 Church Street,Zadar,Croatia,43478,44.905908,12.502433,9:00-17:00,9:00-17:00,9:00-17:00,9:00-17:00,9:00-17:00,10:00-16:00,Closed,true,true,false,false
Limassol Heritage,"Quality museums services in Limassol, Cyprus. Professional and reliable business serving the local community.",59,info@limassolheritage.com,+38-194-2622,https://www.limassolheritage.com,183 Queen Street,Limassol,Cyprus,72494,44.355456,11.392283,9:00-17:00,9:00-17:00,9:00-17:00,9:00-17:00,9:00-17:00,10:00-16:00,Closed,true,true,false,false
Ostrava Heritage,"Quality museums services in Ostrava, Czech Republic. Professional and reliable business serving the local community.",59,info@ostravaheritage.com,+42-332-6505,https://www.ostravaheritage.com,355 Queen Street,Ostrava,Czech Republic,85871,39.163007,3.904912,9:00-17:00,9:00-17:00,9:00-17:00,9:00-17:00,9:00-17:00,10:00-16:00,Closed,true,true,false,false
Gallery Aarhus,"Quality museums services in Aarhus, Denmark. Professional and reliable business serving the local community.",59,info@galleryaarhus.com,+85-630-4690,https://www.galleryaarhus.com,44 Main Street,Aarhus,Denmark,87320,62.644138,11.666573,9:00-17:00,9:00-17:00,9:00-17:00,9:00-17:00,9:00-17:00,10:00-16:00,Closed,true,true,false,true
History Pärnu,"Quality museums services in Pärnu, Estonia. Professional and reliable business serving the local community.",59,info@historypärnu.com,+69-798-1126,https://www.historypärnu.com,961 Queen Street,Pärnu,Estonia,88853,54.320424,20.69304,9:00-17:00,9:00-17:00,9:00-17:00,9:00-17:00,9:00-17:00,10:00-16:00,Closed,true,true,false,false
Museum Oulu,"Quality museums services in Oulu, Finland. Professional and reliable business serving the local community.",59,info@museumoulu.com,+51-542-6412,https://www.museumoulu.com,629 Church Street,Oulu,Finland,47315,68.782015,-1.264019,9:00-17:00,9:00-17:00,9:00-17:00,9:00-17:00,9:00-17:00,10:00-16:00,Closed,true,true,false,true
Patras Heritage,"Quality museums services in Patras, Greece. Professional and reliable business serving the local community.",59,info@patrasheritage.com,+33-942-6258,https://www.patrasheritage.com,909 Queen Street,Patras,Greece,36798,46.215851,24.417148,9:00-17:00,9:00-17:00,9:00-17:00,9:00-17:00,9:00-17:00,10:00-16:00,Closed,true,true,false,false
Museum Pécs,"Quality museums services in Pécs, Hungary. Professional and reliable business serving the local community.",59,info@museumpécs.com,+93-351-9627,https://www.museumpécs.com,140 King Street,Pécs,Hungary,18079,36.187629,18.973355,9:00-17:00,9:00-17:00,9:00-17:00,9:00-17:00,9:00-17:00,10:00-16:00,Closed,true,true,false,false
History Cork,"Quality museums services in Cork, Ireland. Professional and reliable business serving the local community.",59,info@historycork.com,+42-655-3252,https://www.historycork.com,429 Queen Street,Cork,Ireland,69364,40.941487,29.149713,9:00-17:00,9:00-17:00,9:00-17:00,9:00-17:00,9:00-17:00,10:00-16:00,Closed,true,true,false,false
Milan Heritage,"Quality museums services in Milan, Italy. Professional and reliable business serving the local community.",59,info@milanheritage.com,+96-623-5906,https://www.milanheritage.com,318 Queen Street,Milan,Italy,93644,58.431443,-3.246731,9:00-17:00,9:00-17:00,9:00-17:00,9:00-17:00,9:00-17:00,10:00-16:00,Closed,true,true,false,true
Daugavpils Heritage,"Quality museums services in Daugavpils, Latvia. Professional and reliable business serving the local community.",59,info@daugavpilsheritage.com,+78-267-7162,https://www.daugavpilsheritage.com,82 King Street,Daugavpils,Latvia,97772,52.146873,-5.638131,9:00-17:00,9:00-17:00,9:00-17:00,9:00-17:00,9:00-17:00,10:00-16:00,Closed,true,true,false,true
Šiauliai Heritage,"Quality museums services in Šiauliai, Lithuania. Professional and reliable business serving the local community.",59,info@šiauliaiheritage.com,+80-734-1761,https://www.šiauliaiheritage.com,418 Queen Street,Šiauliai,Lithuania,58654,53.153596,14.500273,9:00-17:00,9:00-17:00,9:00-17:00,9:00-17:00,9:00-17:00,10:00-16:00,Closed,true,true,false,true
Museum Dudelange,"Quality museums services in Dudelange, Luxembourg. Professional and reliable business serving the local community.",59,info@museumdudelange.com,+62-604-1332,https://www.museumdudelange.com,670 High Street,Dudelange,Luxembourg,14203,43.57144,3.382389,9:00-17:00,9:00-17:00,9:00-17:00,9:00-17:00,9:00-17:00,10:00-16:00,Closed,true,true,false,true
History Qormi,"Quality museums services in Qormi, Malta. Professional and reliable business serving the local community.",59,info@historyqormi.com,+83-236-5838,https://www.historyqormi.com,80 King Street,Qormi,Malta,29033,45.966176,2.777087,9:00-17:00,9:00-17:00,9:00-17:00,9:00-17:00,9:00-17:00,10:00-16:00,Closed,true,true,false,true
History Warsaw,"Quality museums services in Warsaw, Poland. Professional and reliable business serving the local community.",59,info@historywarsaw.com,+44-982-2775,https://www.historywarsaw.com,518 Church Street,Warsaw,Poland,40998,68.697487,6.801194,9:00-17:00,9:00-17:00,9:00-17:00,9:00-17:00,9:00-17:00,10:00-16:00,Closed,true,true,false,true
Museum Constanța,"Quality museums services in Constanța, Romania. Professional and reliable business serving the local community.",59,info@museumconstanța.com,+82-361-5962,https://www.museumconstanța.com,504 Church Street,Constanța,Romania,44413,49.756769,0.766255,9:00-17:00,9:00-17:00,9:00-17:00,9:00-17:00,9:00-17:00,10:00-16:00,Closed,true,true,false,true
Prešov Heritage,"Quality museums services in Prešov, Slovakia. Professional and reliable business serving the local community.",59,info@prešovheritage.com,+71-288-4449,https://www.prešovheritage.com,631 Queen Street,Prešov,Slovakia,50473,36.609333,13.728123,9:00-17:00,9:00-17:00,9:00-17:00,9:00-17:00,9:00-17:00,10:00-16:00,Closed,true,true,false,true
Koper Heritage,"Quality museums services in Koper, Slovenia. Professional and reliable business serving the local community.",59,info@koperheritage.com,+83-832-4443,https://www.koperheritage.com,665 King Street,Koper,Slovenia,17565,56.253009,26.313286,9:00-17:00,9:00-17:00,9:00-17:00,9:00-17:00,9:00-17:00,10:00-16:00,Closed,true,true,false,false
History Uppsala,"Quality museums services in Uppsala, Sweden. Professional and reliable business serving the local community.",59,info@historyuppsala.com,+65-159-2766,https://www.historyuppsala.com,507 Queen Street,Uppsala,Sweden,84612,36.159262,17.835631,9:00-17:00,9:00-17:00,9:00-17:00,9:00-17:00,9:00-17:00,10:00-16:00,Closed,true,true,false,false
Sound Salzburg,"Quality music services in Salzburg, Austria. Professional and reliable business serving the local community.",65,info@soundsalzburg.com,+69-835-1953,https://www.soundsalzburg.com,525 Queen Street,Salzburg,Austria,12751,38.958791,-2.227797,9:00-17:00,9:00-17:00,9:00-17:00,9:00-17:00,9:00-17:00,10:00-16:00,Closed,true,true,false,true
Harmony Ruse,"Quality music services in Ruse, Bulgaria. Professional and reliable business serving the local community.",65,info@harmonyruse.com,+59-607-2107,https://www.harmonyruse.com,331 Main Street,Ruse,Bulgaria,87117,45.830192,0.190842,9:00-17:00,9:00-17:00,9:00-17:00,9:00-17:00,9:00-17:00,10:00-16:00,Closed,true,true,false,true
Sound Zagreb,"Quality music services in Zagreb, Croatia. Professional and reliable business serving the local community.",65,info@soundzagreb.com,+85-592-7028,https://www.soundzagreb.com,115 High Street,Zagreb,Croatia,57614,41.767848,24.316959,9:00-17:00,9:00-17:00,9:00-17:00,9:00-17:00,9:00-17:00,10:00-16:00,Closed,true,true,false,true
Larnaca Studio,"Quality music services in Larnaca, Cyprus. Professional and reliable business serving the local community.",65,info@larnacastudio.com,+83-968-7976,https://www.larnacastudio.com,846 High Street,Larnaca,Cyprus,68634,59.935036,11.469646,9:00-17:00,9:00-17:00,9:00-17:00,9:00-17:00,9:00-17:00,10:00-16:00,Closed,true,true,false,true
Sound Brno,"Quality music services in Brno, Czech Republic. Professional and reliable business serving the local community.",65,info@soundbrno.com,+97-615-9589,https://www.soundbrno.com,367 Church Street,Brno,Czech Republic,27072,62.279891,2.412539,9:00-17:00,9:00-17:00,9:00-17:00,9:00-17:00,9:00-17:00,10:00-16:00,Closed,true,true,false,true
Melody Esbjerg,"Quality music services in Esbjerg, Denmark. Professional and reliable business serving the local community.",65,info@melodyesbjerg.com,+63-495-4401,https://www.melodyesbjerg.com,380 High Street,Esbjerg,Denmark,35497,56.182564,3.052197,9:00-17:00,9:00-17:00,9:00-17:00,9:00-17:00,9:00-17:00,10:00-16:00,Closed,true,true,false,false
Pärnu Studio,"Quality music services in Pärnu, Estonia. Professional and reliable business serving the local community.",65,info@pärnustudio.com,+47-869-7276,https://www.pärnustudio.com,925 Queen Street,Pärnu,Estonia,51652,60.539925,0.697766,9:00-17:00,9:00-17:00,9:00-17:00,9:00-17:00,9:00-17:00,10:00-16:00,Closed,true,true,false,true
Helsinki Studio,"Quality music services in Helsinki, Finland. Professional and reliable business serving the local community.",65,info@helsinkistudio.com,+50-293-1239,https://www.helsinkistudio.com,788 Queen Street,Helsinki,Finland,30193,47.695896,5.222669,9:00-17:00,9:00-17:00,9:00-17:00,9:00-17:00,9:00-17:00,10:00-16:00,Closed,true,true,false,true
Harmony Athens,"Quality music services in Athens, Greece. Professional and reliable business serving the local community.",65,info@harmonyathens.com,+38-699-2992,https://www.harmonyathens.com,447 Church Street,Athens,Greece,83173,66.129031,20.69783,9:00-17:00,9:00-17:00,9:00-17:00,9:00-17:00,9:00-17:00,10:00-16:00,Closed,true,true,false,true
Debrecen Studio,"Quality music services in Debrecen, Hungary. Professional and reliable business serving the local community.",65,info@debrecenstudio.com,+56-896-1872,https://www.debrecenstudio.com,390 Main Street,Debrecen,Hungary,16233,44.564885,-3.867488,9:00-17:00,9:00-17:00,9:00-17:00,9:00-17:00,9:00-17:00,10:00-16:00,Closed,true,true,false,false
Music Limerick,"Quality music services in Limerick, Ireland. Professional and reliable business serving the local community.",65,info@musiclimerick.com,+87-428-8701,https://www.musiclimerick.com,566 Queen Street,Limerick,Ireland,93812,40.173135,7.980755,9:00-17:00,9:00-17:00,9:00-17:00,9:00-17:00,9:00-17:00,10:00-16:00,Closed,true,true,false,false
Music Rome,"Quality music services in Rome, Italy. Professional and reliable business serving the local community.",65,info@musicrome.com,+95-430-6351,https://www.musicrome.com,144 Queen Street,Rome,Italy,86511,35.897793,-0.309748,9:00-17:00,9:00-17:00,9:00-17:00,9:00-17:00,9:00-17:00,10:00-16:00,Closed,true,true,false,false
Melody Liepāja,"Quality music services in Liepāja, Latvia. Professional and reliable business serving the local community.",65,info@melodyliepāja.com,+47-201-4269,https://www.melodyliepāja.com,717 King Street,Liepāja,Latvia,32920,69.271783,-9.922569,9:00-17:00,9:00-17:00,9:00-17:00,9:00-17:00,9:00-17:00,10:00-16:00,Closed,true,true,false,false
Melody Vilnius,"Quality music services in Vilnius, Lithuania. Professional and reliable business serving the local community.",65,info@melodyvilnius.com,+32-249-9096,https://www.melodyvilnius.com,287 Church Street,Vilnius,Lithuania,48886,60.819274,5.533851,9:00-17:00,9:00-17:00,9:00-17:00,9:00-17:00,9:00-17:00,10:00-16:00,Closed,true,true,false,false
Sound Differdange,"Quality music services in Differdange, Luxembourg. Professional and reliable business serving the local community.",65,info@sounddifferdange.com,+91-223-1484,https://www.sounddifferdange.com,691 Queen Street,Differdange,Luxembourg,90103,63.651782,-5.058837,9:00-17:00,9:00-17:00,9:00-17:00,9:00-17:00,9:00-17:00,10:00-16:00,Closed,true,true,false,false
Sliema Studio,"Quality music services in Sliema, Malta. Professional and reliable business serving the local community.",65,info@sliemastudio.com,+97-787-5320,https://www.sliemastudio.com,537 Main Street,Sliema,Malta,63310,38.801369,-6.55941,9:00-17:00,9:00-17:00,9:00-17:00,9:00-17:00,9:00-17:00,10:00-16:00,Closed,true,true,false,true
Melody Łódź,"Quality music services in Łódź, Poland. Professional and reliable business serving the local community.",65,info@melodyłódź.com,+48-908-7367,https://www.melodyłódź.com,633 High Street,Łódź,Poland,51660,43.268368,21.410775,9:00-17:00,9:00-17:00,9:00-17:00,9:00-17:00,9:00-17:00,10:00-16:00,Closed,true,true,false,true
Music Timișoara,"Quality music services in Timișoara, Romania. Professional and reliable business serving the local community.",65,info@musictimișoara.com,+50-720-2953,https://www.musictimișoara.com,739 High Street,Timișoara,Romania,60678,40.021829,24.410476,9:00-17:00,9:00-17:00,9:00-17:00,9:00-17:00,9:00-17:00,10:00-16:00,Closed,true,true,false,false
Sound Košice,"Quality music services in Košice, Slovakia. Professional and reliable business serving the local community.",65,info@soundkošice.com,+56-567-8178,https://www.soundkošice.com,476 High Street,Košice,Slovakia,61640,37.000517,24.432441,9:00-17:00,9:00-17:00,9:00-17:00,9:00-17:00,9:00-17:00,10:00-16:00,Closed,true,true,false,true
Maribor Studio,"Quality music services in Maribor, Slovenia. Professional and reliable business serving the local community.",65,info@mariborstudio.com,+54-535-1438,https://www.mariborstudio.com,411 Church Street,Maribor,Slovenia,84508,51.712869,2.094131,9:00-17:00,9:00-17:00,9:00-17:00,9:00-17:00,9:00-17:00,10:00-16:00,Closed,true,true,false,true
Stockholm Studio,"Quality music services in Stockholm, Sweden. Professional and reliable business serving the local community.",65,info@stockholmstudio.com,+44-750-2131,https://www.stockholmstudio.com,269 Main Street,Stockholm,Sweden,11534,53.951052,9.699369,9:00-17:00,9:00-17:00,9:00-17:00,9:00-17:00,9:00-17:00,10:00-16:00,Closed,true,true,false,false
Graz Sweets,"Quality pastry shops services in Graz, Austria. Professional and reliable business serving the local community.",27,info@grazsweets.com,+79-426-8503,https://www.grazsweets.com,921 Main Street,Graz,Austria,26504,46.998555,-5.841739,9:00-17:00,9:00-17:00,9:00-17:00,9:00-17:00,9:00-17:00,10:00-16:00,Closed,true,true,false,false
Pastry Varna,"Quality pastry shops services in Varna, Bulgaria. Professional and reliable business serving the local community.",27,info@pastryvarna.com,+59-979-9575,https://www.pastryvarna.com,601 Queen Street,Varna,Bulgaria,79930,42.804423,-5.681652,9:00-17:00,9:00-17:00,9:00-17:00,9:00-17:00,9:00-17:00,10:00-16:00,Closed,true,true,false,true
Bakery Zagreb,"Quality pastry shops services in Zagreb, Croatia. Professional and reliable business serving the local community.",27,info@bakeryzagreb.com,+86-750-8911,https://www.bakeryzagreb.com,90 King Street,Zagreb,Croatia,98138,67.228654,2.661319,9:00-17:00,9:00-17:00,9:00-17:00,9:00-17:00,9:00-17:00,10:00-16:00,Closed,true,true,false,true
Bakery Famagusta,"Quality pastry shops services in Famagusta, Cyprus. Professional and reliable business serving the local community.",27,info@bakeryfamagusta.com,+87-802-5114,https://www.bakeryfamagusta.com,3 Queen Street,Famagusta,Cyprus,10173,35.641341,14.54905,9:00-17:00,9:00-17:00,9:00-17:00,9:00-17:00,9:00-17:00,10:00-16:00,Closed,true,true,false,true
Prague Sweets,"Quality pastry shops services in Prague, Czech Republic. Professional and reliable business serving the local community.",27,info@praguesweets.com,+62-948-4540,https://www.praguesweets.com,365 Church Street,Prague,Czech Republic,16989,37.682346,1.169637,9:00-17:00,9:00-17:00,9:00-17:00,9:00-17:00,9:00-17:00,10:00-16:00,Closed,true,true,false,false
Aalborg Sweets,"Quality pastry shops services in Aalborg, Denmark. Professional and reliable business serving the local community.",27,info@aalborgsweets.com,+54-200-1917,https://www.aalborgsweets.com,399 King Street,Aalborg,Denmark,43299,37.304385,1.378298,9:00-17:00,9:00-17:00,9:00-17:00,9:00-17:00,9:00-17:00,10:00-16:00,Closed,true,true,false,false
Pastry Pärnu,"Quality pastry shops services in Pärnu, Estonia. Professional and reliable business serving the local community.",27,info@pastrypärnu.com,+47-137-8220,https://www.pastrypärnu.com,898 King Street,Pärnu,Estonia,99722,66.040344,25.052413,9:00-17:00,9:00-17:00,9:00-17:00,9:00-17:00,9:00-17:00,10:00-16:00,Closed,true,true,false,false
Cake Espoo,"Quality pastry shops services in Espoo, Finland. Professional and reliable business serving the local community.",27,info@cakeespoo.com,+41-647-1593,https://www.cakeespoo.com,105 Church Street,Espoo,Finland,49135,50.281204,16.790212,9:00-17:00,9:00-17:00,9:00-17:00,9:00-17:00,9:00-17:00,10:00-16:00,Closed,true,true,false,false
Cake Heraklion,"Quality pastry shops services in Heraklion, Greece. Professional and reliable business serving the local community.",27,info@cakeheraklion.com,+32-257-2608,https://www.cakeheraklion.com,734 Queen Street,Heraklion,Greece,60672,64.578558,24.2905,9:00-17:00,9:00-17:00,9:00-17:00,9:00-17:00,9:00-17:00,10:00-16:00,Closed,true,true,false,false
Cake Pécs,"Quality pastry shops services in Pécs, Hungary. Professional and reliable business serving the local community.",27,info@cakepécs.com,+31-921-6133,https://www.cakepécs.com,822 King Street,Pécs,Hungary,88297,61.584312,19.068343,9:00-17:00,9:00-17:00,9:00-17:00,9:00-17:00,9:00-17:00,10:00-16:00,Closed,true,true,false,true
Bakery Cork,"Quality pastry shops services in Cork, Ireland. Professional and reliable business serving the local community.",27,info@bakerycork.com,+40-519-9716,https://www.bakerycork.com,13 High Street,Cork,Ireland,42788,38.351937,18.710174,9:00-17:00,9:00-17:00,9:00-17:00,9:00-17:00,9:00-17:00,10:00-16:00,Closed,true,true,false,true
Cake Naples,"Quality pastry shops services in Naples, Italy. Professional and reliable business serving the local community.",27,info@cakenaples.com,+43-510-5555,https://www.cakenaples.com,116 High Street,Naples,Italy,72340,44.647172,-0.833851,9:00-17:00,9:00-17:00,9:00-17:00,9:00-17:00,9:00-17:00,10:00-16:00,Closed,true,true,false,false
Liepāja Sweets,"Quality pastry shops services in Liepāja, Latvia. Professional and reliable business serving the local community.",27,info@liepājasweets.com,+72-466-1733,https://www.liepājasweets.com,280 Main Street,Liepāja,Latvia,23264,66.485177,21.546842,9:00-17:00,9:00-17:00,9:00-17:00,9:00-17:00,9:00-17:00,10:00-16:00,Closed,true,true,false,true
Bread Vilnius,"Quality pastry shops services in Vilnius, Lithuania. Professional and reliable business serving the local community.",27,info@breadvilnius.com,+57-372-2433,https://www.breadvilnius.com,215 Main Street,Vilnius,Lithuania,34834,54.095353,20.12184,9:00-17:00,9:00-17:00,9:00-17:00,9:00-17:00,9:00-17:00,10:00-16:00,Closed,true,true,false,false
Cake Dudelange,"Quality pastry shops services in Dudelange, Luxembourg. Professional and reliable business serving the local community.",27,info@cakedudelange.com,+69-789-3546,https://www.cakedudelange.com,182 King Street,Dudelange,Luxembourg,81109,46.193452,-8.223177,9:00-17:00,9:00-17:00,9:00-17:00,9:00-17:00,9:00-17:00,10:00-16:00,Closed,true,true,false,true
Pastry Birkirkara,"Quality pastry shops services in Birkirkara, Malta. Professional and reliable business serving the local community.",27,info@pastrybirkirkara.com,+82-545-7638,https://www.pastrybirkirkara.com,102 High Street,Birkirkara,Malta,16205,51.662666,0.853935,9:00-17:00,9:00-17:00,9:00-17:00,9:00-17:00,9:00-17:00,10:00-16:00,Closed,true,true,false,false
Cake Poznań,"Quality pastry shops services in Poznań, Poland. Professional and reliable business serving the local community.",27,info@cakepoznań.com,+93-878-1969,https://www.cakepoznań.com,769 High Street,Poznań,Poland,59683,64.792232,10.737862,9:00-17:00,9:00-17:00,9:00-17:00,9:00-17:00,9:00-17:00,10:00-16:00,Closed,true,true,false,true
Bucharest Sweets,"Quality pastry shops services in Bucharest, Romania. Professional and reliable business serving the local community.",27,info@bucharestsweets.com,+57-818-6102,https://www.bucharestsweets.com,882 King Street,Bucharest,Romania,90295,58.293293,18.651117,9:00-17:00,9:00-17:00,9:00-17:00,9:00-17:00,9:00-17:00,10:00-16:00,Closed,true,true,false,false
Prešov Sweets,"Quality pastry shops services in Prešov, Slovakia. Professional and reliable business serving the local community.",27,info@prešovsweets.com,+42-549-1424,https://www.prešovsweets.com,198 King Street,Prešov,Slovakia,48938,60.729971,22.042018,9:00-17:00,9:00-17:00,9:00-17:00,9:00-17:00,9:00-17:00,10:00-16:00,Closed,true,true,false,false
Bread Kranj,"Quality pastry shops services in Kranj, Slovenia. Professional and reliable business serving the local community.",27,info@breadkranj.com,+93-982-2384,https://www.breadkranj.com,498 High Street,Kranj,Slovenia,48307,56.510033,8.610587,9:00-17:00,9:00-17:00,9:00-17:00,9:00-17:00,9:00-17:00,10:00-16:00,Closed,true,true,false,true
Pastry Stockholm,"Quality pastry shops services in Stockholm, Sweden. Professional and reliable business serving the local community.",27,info@pastrystockholm.com,+85-843-1278,https://www.pastrystockholm.com,879 Church Street,Stockholm,Sweden,80618,47.757833,-8.237162,9:00-17:00,9:00-17:00,9:00-17:00,9:00-17:00,9:00-17:00,10:00-16:00,Closed,true,true,false,false
Medicine Salzburg,"Quality pharmacy services in Salzburg, Austria. Professional and reliable business serving the local community.",40,info@medicinesalzburg.com,+34-637-8305,https://www.medicinesalzburg.com,211 Church Street,Salzburg,Austria,63118,38.864131,14.467847,9:00-17:00,9:00-17:00,9:00-17:00,9:00-17:00,9:00-17:00,10:00-16:00,Closed,true,true,false,true
Pharmacy Sofia,"Quality pharmacy services in Sofia, Bulgaria. Professional and reliable business serving the local community.",40,info@pharmacysofia.com,+38-121-7652,https://www.pharmacysofia.com,743 Queen Street,Sofia,Bulgaria,42066,64.11757,13.803697,9:00-17:00,9:00-17:00,9:00-17:00,9:00-17:00,9:00-17:00,10:00-16:00,Closed,true,true,false,true
Wellness Zadar,"Quality pharmacy services in Zadar, Croatia. Professional and reliable business serving the local community.",40,info@wellnesszadar.com,+98-979-9840,https://www.wellnesszadar.com,836 Church Street,Zadar,Croatia,56008,46.144478,-0.355889,9:00-17:00,9:00-17:00,9:00-17:00,9:00-17:00,9:00-17:00,10:00-16:00,Closed,true,true,false,false
Medicine Limassol,"Quality pharmacy services in Limassol, Cyprus. Professional and reliable business serving the local community.",40,info@medicinelimassol.com,+36-625-7167,https://www.medicinelimassol.com,219 Church Street,Limassol,Cyprus,79064,66.14908,-4.414579,9:00-17:00,9:00-17:00,9:00-17:00,9:00-17:00,9:00-17:00,10:00-16:00,Closed,true,true,false,false
Pharmacy Ostrava,"Quality pharmacy services in Ostrava, Czech Republic. Professional and reliable business serving the local community.",40,info@pharmacyostrava.com,+61-705-4578,https://www.pharmacyostrava.com,239 Main Street,Ostrava,Czech Republic,35862,58.405239,-6.327255,9:00-17:00,9:00-17:00,9:00-17:00,9:00-17:00,9:00-17:00,10:00-16:00,Closed,true,true,false,false
Wellness Aarhus,"Quality pharmacy services in Aarhus, Denmark. Professional and reliable business serving the local community.",40,info@wellnessaarhus.com,+43-354-8870,https://www.wellnessaarhus.com,305 High Street,Aarhus,Denmark,64010,62.288593,-0.319173,9:00-17:00,9:00-17:00,9:00-17:00,9:00-17:00,9:00-17:00,10:00-16:00,Closed,true,true,false,true
Pharmacy Kohtla-Järve,"Quality pharmacy services in Kohtla-Järve, Estonia. Professional and reliable business serving the local community.",40,info@pharmacykohtla-järve.com,+41-196-8680,https://www.pharmacykohtla-järve.com,315 Church Street,Kohtla-Järve,Estonia,22453,40.151283,21.00429,9:00-17:00,9:00-17:00,9:00-17:00,9:00-17:00,9:00-17:00,10:00-16:00,Closed,true,true,false,true
Vantaa Care,"Quality pharmacy services in Vantaa, Finland. Professional and reliable business serving the local community.",40,info@vantaacare.com,+65-780-8247,https://www.vantaacare.com,613 Queen Street,Vantaa,Finland,31040,69.673772,6.937126,9:00-17:00,9:00-17:00,9:00-17:00,9:00-17:00,9:00-17:00,10:00-16:00,Closed,true,true,false,false
Health Heraklion,"Quality pharmacy services in Heraklion, Greece. Professional and reliable business serving the local community.",40,info@healthheraklion.com,+45-233-5060,https://www.healthheraklion.com,947 Queen Street,Heraklion,Greece,23928,67.047034,10.545908,9:00-17:00,9:00-17:00,9:00-17:00,9:00-17:00,9:00-17:00,10:00-16:00,Closed,true,true,false,false
Pharmacy Szeged,"Quality pharmacy services in Szeged, Hungary. Professional and reliable business serving the local community.",40,info@pharmacyszeged.com,+34-148-1433,https://www.pharmacyszeged.com,46 Main Street,Szeged,Hungary,79833,36.897033,29.226458,9:00-17:00,9:00-17:00,9:00-17:00,9:00-17:00,9:00-17:00,10:00-16:00,Closed,true,true,false,true
Pharmacy Waterford,"Quality pharmacy services in Waterford, Ireland. Professional and reliable business serving the local community.",40,info@pharmacywaterford.com,+74-854-7321,https://www.pharmacywaterford.com,507 High Street,Waterford,Ireland,38724,60.404751,25.482063,9:00-17:00,9:00-17:00,9:00-17:00,9:00-17:00,9:00-17:00,10:00-16:00,Closed,true,true,false,true
Health Palermo,"Quality pharmacy services in Palermo, Italy. Professional and reliable business serving the local community.",40,info@healthpalermo.com,+38-960-2743,https://www.healthpalermo.com,544 King Street,Palermo,Italy,39814,54.570977,21.754503,9:00-17:00,9:00-17:00,9:00-17:00,9:00-17:00,9:00-17:00,10:00-16:00,Closed,true,true,false,false
Liepāja Care,"Quality pharmacy services in Liepāja, Latvia. Professional and reliable business serving the local community.",40,info@liepājacare.com,+51-222-2092,https://www.liepājacare.com,832 Church Street,Liepāja,Latvia,86127,57.091559,15.092086,9:00-17:00,9:00-17:00,9:00-17:00,9:00-17:00,9:00-17:00,10:00-16:00,Closed,true,true,false,false
Pharmacy Panevėžys,"Quality pharmacy services in Panevėžys, Lithuania. Professional and reliable business serving the local community.",40,info@pharmacypanevėžys.com,+32-408-9709,https://www.pharmacypanevėžys.com,42 Church Street,Panevėžys,Lithuania,18937,43.025749,28.277034,9:00-17:00,9:00-17:00,9:00-17:00,9:00-17:00,9:00-17:00,10:00-16:00,Closed,true,true,false,false
Wellness Differdange,"Quality pharmacy services in Differdange, Luxembourg. Professional and reliable business serving the local community.",40,info@wellnessdifferdange.com,+51-379-6148,https://www.wellnessdifferdange.com,879 Church Street,Differdange,Luxembourg,75452,58.675461,12.485267,9:00-17:00,9:00-17:00,9:00-17:00,9:00-17:00,9:00-17:00,10:00-16:00,Closed,true,true,false,true
Valletta Care,"Quality pharmacy services in Valletta, Malta. Professional and reliable business serving the local community.",40,info@vallettacare.com,+73-187-7188,https://www.vallettacare.com,925 King Street,Valletta,Malta,72958,69.582497,7.673104,9:00-17:00,9:00-17:00,9:00-17:00,9:00-17:00,9:00-17:00,10:00-16:00,Closed,true,true,false,false
Pharmacy Warsaw,"Quality pharmacy services in Warsaw, Poland. Professional and reliable business serving the local community.",40,info@pharmacywarsaw.com,+75-733-9461,https://www.pharmacywarsaw.com,859 King Street,Warsaw,Poland,93839,63.249696,3.665292,9:00-17:00,9:00-17:00,9:00-17:00,9:00-17:00,9:00-17:00,10:00-16:00,Closed,true,true,false,true
Health Timișoara,"Quality pharmacy services in Timișoara, Romania. Professional and reliable business serving the local community.",40,info@healthtimișoara.com,+92-499-3128,https://www.healthtimișoara.com,143 High Street,Timișoara,Romania,48537,39.091137,8.547261,9:00-17:00,9:00-17:00,9:00-17:00,9:00-17:00,9:00-17:00,10:00-16:00,Closed,true,true,false,true
Prešov Care,"Quality pharmacy services in Prešov, Slovakia. Professional and reliable business serving the local community.",40,info@prešovcare.com,+77-947-9550,https://www.prešovcare.com,114 King Street,Prešov,Slovakia,36038,39.16497,-0.929013,9:00-17:00,9:00-17:00,9:00-17:00,9:00-17:00,9:00-17:00,10:00-16:00,Closed,true,true,false,false
Medicine Koper,"Quality pharmacy services in Koper, Slovenia. Professional and reliable business serving the local community.",40,info@medicinekoper.com,+98-167-2829,https://www.medicinekoper.com,261 High Street,Koper,Slovenia,30964,50.431145,-7.177321,9:00-17:00,9:00-17:00,9:00-17:00,9:00-17:00,9:00-17:00,10:00-16:00,Closed,true,true,false,true
Pharmacy Västerås,"Quality pharmacy services in Västerås, Sweden. Professional and reliable business serving the local community.",40,info@pharmacyvästerås.com,+70-940-2986,https://www.pharmacyvästerås.com,838 Queen Street,Västerås,Sweden,80004,45.023993,14.556363,9:00-17:00,9:00-17:00,9:00-17:00,9:00-17:00,9:00-17:00,10:00-16:00,Closed,true,true,false,true
Recovery Vienna,"Quality physiotherapy services in Vienna, Austria. Professional and reliable business serving the local community.",39,info@recoveryvienna.com,+81-775-7897,https://www.recoveryvienna.com,182 High Street,Vienna,Austria,28002,60.996001,4.484269,9:00-17:00,9:00-17:00,9:00-17:00,9:00-17:00,9:00-17:00,10:00-16:00,Closed,true,true,false,true
Sofia Health,"Quality physiotherapy services in Sofia, Bulgaria. Professional and reliable business serving the local community.",39,info@sofiahealth.com,+72-361-8352,https://www.sofiahealth.com,369 King Street,Sofia,Bulgaria,68724,45.735272,-4.379246,9:00-17:00,9:00-17:00,9:00-17:00,9:00-17:00,9:00-17:00,10:00-16:00,Closed,true,true,false,true
Zadar Health,"Quality physiotherapy services in Zadar, Croatia. Professional and reliable business serving the local community.",39,info@zadarhealth.com,+71-675-8671,https://www.zadarhealth.com,268 Main Street,Zadar,Croatia,11394,36.271244,-4.666006,9:00-17:00,9:00-17:00,9:00-17:00,9:00-17:00,9:00-17:00,10:00-16:00,Closed,true,true,false,false
Therapy Limassol,"Quality physiotherapy services in Limassol, Cyprus. Professional and reliable business serving the local community.",39,info@therapylimassol.com,+71-860-3742,https://www.therapylimassol.com,525 King Street,Limassol,Cyprus,22966,63.63401,20.711903,9:00-17:00,9:00-17:00,9:00-17:00,9:00-17:00,9:00-17:00,10:00-16:00,Closed,true,true,false,true
Prague Health,"Quality physiotherapy services in Prague, Czech Republic. Professional and reliable business serving the local community.",39,info@praguehealth.com,+34-476-8086,https://www.praguehealth.com,565 Queen Street,Prague,Czech Republic,85589,54.635434,13.923464,9:00-17:00,9:00-17:00,9:00-17:00,9:00-17:00,9:00-17:00,10:00-16:00,Closed,true,true,false,true
Odense Health,"Quality physiotherapy services in Odense, Denmark. Professional and reliable business serving the local community.",39,info@odensehealth.com,+93-528-8049,https://www.odensehealth.com,751 Church Street,Odense,Denmark,42314,60.102451,23.119921,9:00-17:00,9:00-17:00,9:00-17:00,9:00-17:00,9:00-17:00,10:00-16:00,Closed,true,true,false,false
Narva Health,"Quality physiotherapy services in Narva, Estonia. Professional and reliable business serving the local community.",39,info@narvahealth.com,+59-649-4398,https://www.narvahealth.com,561 Queen Street,Narva,Estonia,29454,54.10644,22.881813,9:00-17:00,9:00-17:00,9:00-17:00,9:00-17:00,9:00-17:00,10:00-16:00,Closed,true,true,false,false
Therapy Helsinki,"Quality physiotherapy services in Helsinki, Finland. Professional and reliable business serving the local community.",39,info@therapyhelsinki.com,+63-241-6234,https://www.therapyhelsinki.com,753 Church Street,Helsinki,Finland,17587,65.485625,28.69228,9:00-17:00,9:00-17:00,9:00-17:00,9:00-17:00,9:00-17:00,10:00-16:00,Closed,true,true,false,false
Athens Health,"Quality physiotherapy services in Athens, Greece. Professional and reliable business serving the local community.",39,info@athenshealth.com,+87-608-8420,https://www.athenshealth.com,707 Church Street,Athens,Greece,18311,43.64617,-3.262557,9:00-17:00,9:00-17:00,9:00-17:00,9:00-17:00,9:00-17:00,10:00-16:00,Closed,true,true,false,false
Movement Pécs,"Quality physiotherapy services in Pécs, Hungary. Professional and reliable business serving the local community.",39,info@movementpécs.com,+40-992-3837,https://www.movementpécs.com,302 Main Street,Pécs,Hungary,65047,38.063617,-0.117646,9:00-17:00,9:00-17:00,9:00-17:00,9:00-17:00,9:00-17:00,10:00-16:00,Closed,true,true,false,true
Recovery Galway,"Quality physiotherapy services in Galway, Ireland. Professional and reliable business serving the local community.",39,info@recoverygalway.com,+64-286-3579,https://www.recoverygalway.com,673 King Street,Galway,Ireland,80799,42.836888,-2.533566,9:00-17:00,9:00-17:00,9:00-17:00,9:00-17:00,9:00-17:00,10:00-16:00,Closed,true,true,false,true
Physio Palermo,"Quality physiotherapy services in Palermo, Italy. Professional and reliable business serving the local community.",39,info@physiopalermo.com,+33-317-8136,https://www.physiopalermo.com,992 Church Street,Palermo,Italy,65958,40.88063,18.583134,9:00-17:00,9:00-17:00,9:00-17:00,9:00-17:00,9:00-17:00,10:00-16:00,Closed,true,true,false,false
Liepāja Health,"Quality physiotherapy services in Liepāja, Latvia. Professional and reliable business serving the local community.",39,info@liepājahealth.com,+91-558-2344,https://www.liepājahealth.com,100 Main Street,Liepāja,Latvia,69439,44.488256,17.044774,9:00-17:00,9:00-17:00,9:00-17:00,9:00-17:00,9:00-17:00,10:00-16:00,Closed,true,true,false,false
Therapy Šiauliai,"Quality physiotherapy services in Šiauliai, Lithuania. Professional and reliable business serving the local community.",39,info@therapyšiauliai.com,+85-433-5451,https://www.therapyšiauliai.com,490 Main Street,Šiauliai,Lithuania,77495,65.562346,28.340771,9:00-17:00,9:00-17:00,9:00-17:00,9:00-17:00,9:00-17:00,10:00-16:00,Closed,true,true,false,true
Movement Esch-sur-Alzette,"Quality physiotherapy services in Esch-sur-Alzette, Luxembourg. Professional and reliable business serving the local community.",39,info@movementesch-sur-alzette.com,+37-544-2844,https://www.movementesch-sur-alzette.com,610 Queen Street,Esch-sur-Alzette,Luxembourg,73523,36.040793,24.433476,9:00-17:00,9:00-17:00,9:00-17:00,9:00-17:00,9:00-17:00,10:00-16:00,Closed,true,true,false,false
Physio Birkirkara,"Quality physiotherapy services in Birkirkara, Malta. Professional and reliable business serving the local community.",39,info@physiobirkirkara.com,+98-348-6386,https://www.physiobirkirkara.com,497 Church Street,Birkirkara,Malta,29738,47.426732,3.71986,9:00-17:00,9:00-17:00,9:00-17:00,9:00-17:00,9:00-17:00,10:00-16:00,Closed,true,true,false,true
Physio Łódź,"Quality physiotherapy services in Łódź, Poland. Professional and reliable business serving the local community.",39,info@physiołódź.com,+78-521-4840,https://www.physiołódź.com,970 King Street,Łódź,Poland,21169,60.873986,-9.930931,9:00-17:00,9:00-17:00,9:00-17:00,9:00-17:00,9:00-17:00,10:00-16:00,Closed,true,true,false,false
Therapy Constanța,"Quality physiotherapy services in Constanța, Romania. Professional and reliable business serving the local community.",39,info@therapyconstanța.com,+36-141-1088,https://www.therapyconstanța.com,30 High Street,Constanța,Romania,23924,59.741338,7.968403,9:00-17:00,9:00-17:00,9:00-17:00,9:00-17:00,9:00-17:00,10:00-16:00,Closed,true,true,false,true
Therapy Žilina,"Quality physiotherapy services in Žilina, Slovakia. Professional and reliable business serving the local community.",39,info@therapyžilina.com,+45-138-5176,https://www.therapyžilina.com,31 King Street,Žilina,Slovakia,81984,41.463019,10.202463,9:00-17:00,9:00-17:00,9:00-17:00,9:00-17:00,9:00-17:00,10:00-16:00,Closed,true,true,false,true
Physio Velenje,"Quality physiotherapy services in Velenje, Slovenia. Professional and reliable business serving the local community.",39,info@physiovelenje.com,+63-446-7297,https://www.physiovelenje.com,478 Queen Street,Velenje,Slovenia,47635,50.327296,12.233902,9:00-17:00,9:00-17:00,9:00-17:00,9:00-17:00,9:00-17:00,10:00-16:00,Closed,true,true,false,false
Recovery Stockholm,"Quality physiotherapy services in Stockholm, Sweden. Professional and reliable business serving the local community.",39,info@recoverystockholm.com,+80-776-3239,https://www.recoverystockholm.com,33 High Street,Stockholm,Sweden,97003,44.128162,20.811647,9:00-17:00,9:00-17:00,9:00-17:00,9:00-17:00,9:00-17:00,10:00-16:00,Closed,true,true,false,false
Dough Graz,"Quality pizza restaurants services in Graz, Austria. Professional and reliable business serving the local community.",20,info@doughgraz.com,+34-185-1764,https://www.doughgraz.com,896 Queen Street,Graz,Austria,18926,57.581833,0.203051,9:00-17:00,9:00-17:00,9:00-17:00,9:00-17:00,9:00-17:00,10:00-16:00,Closed,true,true,false,false
Slice Varna,"Quality pizza restaurants services in Varna, Bulgaria. Professional and reliable business serving the local community.",20,info@slicevarna.com,+76-357-6552,https://www.slicevarna.com,964 Queen Street,Varna,Bulgaria,65022,58.863768,28.059523,9:00-17:00,9:00-17:00,9:00-17:00,9:00-17:00,9:00-17:00,10:00-16:00,Closed,true,true,false,true
Dough Zagreb,"Quality pizza restaurants services in Zagreb, Croatia. Professional and reliable business serving the local community.",20,info@doughzagreb.com,+39-405-6616,https://www.doughzagreb.com,681 Main Street,Zagreb,Croatia,90839,58.033897,18.752172,9:00-17:00,9:00-17:00,9:00-17:00,9:00-17:00,9:00-17:00,10:00-16:00,Closed,true,true,false,true
Dough Limassol,"Quality pizza restaurants services in Limassol, Cyprus. Professional and reliable business serving the local community.",20,info@doughlimassol.com,+83-909-7903,https://www.doughlimassol.com,951 Main Street,Limassol,Cyprus,92833,69.501248,-5.249646,9:00-17:00,9:00-17:00,9:00-17:00,9:00-17:00,9:00-17:00,10:00-16:00,Closed,true,true,false,false
Slice Liberec,"Quality pizza restaurants services in Liberec, Czech Republic. Professional and reliable business serving the local community.",20,info@sliceliberec.com,+47-813-6815,https://www.sliceliberec.com,205 King Street,Liberec,Czech Republic,88772,52.499136,11.008308,9:00-17:00,9:00-17:00,9:00-17:00,9:00-17:00,9:00-17:00,10:00-16:00,Closed,true,true,false,true
Dough Esbjerg,"Quality pizza restaurants services in Esbjerg, Denmark. Professional and reliable business serving the local community.",20,info@doughesbjerg.com,+47-748-2849,https://www.doughesbjerg.com,967 Queen Street,Esbjerg,Denmark,42127,67.890022,26.763719,9:00-17:00,9:00-17:00,9:00-17:00,9:00-17:00,9:00-17:00,10:00-16:00,Closed,true,true,false,false
Slice Narva,"Quality pizza restaurants services in Narva, Estonia. Professional and reliable business serving the local community.",20,info@slicenarva.com,+88-566-4262,https://www.slicenarva.com,360 Main Street,Narva,Estonia,94716,43.300901,11.543244,9:00-17:00,9:00-17:00,9:00-17:00,9:00-17:00,9:00-17:00,10:00-16:00,Closed,true,true,false,true
Espoo Pizzeria,"Quality pizza restaurants services in Espoo, Finland. Professional and reliable business serving the local community.",20,info@espoopizzeria.com,+43-884-3811,https://www.espoopizzeria.com,461 High Street,Espoo,Finland,41143,40.435898,-7.303406,9:00-17:00,9:00-17:00,9:00-17:00,9:00-17:00,9:00-17:00,10:00-16:00,Closed,true,true,false,true
Pizza Thessaloniki,"Quality pizza restaurants services in Thessaloniki, Greece. Professional and reliable business serving the local community.",20,info@pizzathessaloniki.com,+92-292-7766,https://www.pizzathessaloniki.com,704 Queen Street,Thessaloniki,Greece,25979,68.456496,13.856968,9:00-17:00,9:00-17:00,9:00-17:00,9:00-17:00,9:00-17:00,10:00-16:00,Closed,true,true,false,false
Pizza Pécs,"Quality pizza restaurants services in Pécs, Hungary. Professional and reliable business serving the local community.",20,info@pizzapécs.com,+71-226-4137,https://www.pizzapécs.com,596 Queen Street,Pécs,Hungary,89551,49.587068,-5.048852,9:00-17:00,9:00-17:00,9:00-17:00,9:00-17:00,9:00-17:00,10:00-16:00,Closed,true,true,false,true
Pizza Galway,"Quality pizza restaurants services in Galway, Ireland. Professional and reliable business serving the local community.",20,info@pizzagalway.com,+34-264-5446,https://www.pizzagalway.com,146 Church Street,Galway,Ireland,92047,68.650092,21.59034,9:00-17:00,9:00-17:00,9:00-17:00,9:00-17:00,9:00-17:00,10:00-16:00,Closed,true,true,false,true
Cheesy Rome,"Quality pizza restaurants services in Rome, Italy. Professional and reliable business serving the local community.",20,info@cheesyrome.com,+34-425-3913,https://www.cheesyrome.com,366 Church Street,Rome,Italy,62891,55.779627,24.812036,9:00-17:00,9:00-17:00,9:00-17:00,9:00-17:00,9:00-17:00,10:00-16:00,Closed,true,true,false,false
Riga Pizzeria,"Quality pizza restaurants services in Riga, Latvia. Professional and reliable business serving the local community.",20,info@rigapizzeria.com,+52-160-7651,https://www.rigapizzeria.com,526 Queen Street,Riga,Latvia,39464,55.957558,27.843747,9:00-17:00,9:00-17:00,9:00-17:00,9:00-17:00,9:00-17:00,10:00-16:00,Closed,true,true,false,false
Slice Vilnius,"Quality pizza restaurants services in Vilnius, Lithuania. Professional and reliable business serving the local community.",20,info@slicevilnius.com,+79-922-5307,https://www.slicevilnius.com,615 Main Street,Vilnius,Lithuania,92496,66.068473,28.333182,9:00-17:00,9:00-17:00,9:00-17:00,9:00-17:00,9:00-17:00,10:00-16:00,Closed,true,true,false,false
Dough Esch-sur-Alzette,"Quality pizza restaurants services in Esch-sur-Alzette, Luxembourg. Professional and reliable business serving the local community.",20,info@doughesch-sur-alzette.com,+43-293-6442,https://www.doughesch-sur-alzette.com,301 King Street,Esch-sur-Alzette,Luxembourg,61390,44.734062,15.728533,9:00-17:00,9:00-17:00,9:00-17:00,9:00-17:00,9:00-17:00,10:00-16:00,Closed,true,true,false,true
Pizza Birkirkara,"Quality pizza restaurants services in Birkirkara, Malta. Professional and reliable business serving the local community.",20,info@pizzabirkirkara.com,+79-816-1919,https://www.pizzabirkirkara.com,228 Queen Street,Birkirkara,Malta,66680,56.445297,-7.618029,9:00-17:00,9:00-17:00,9:00-17:00,9:00-17:00,9:00-17:00,10:00-16:00,Closed,true,true,false,true
Slice Wrocław,"Quality pizza restaurants services in Wrocław, Poland. Professional and reliable business serving the local community.",20,info@slicewrocław.com,+60-500-5247,https://www.slicewrocław.com,520 Queen Street,Wrocław,Poland,68297,47.130734,4.571975,9:00-17:00,9:00-17:00,9:00-17:00,9:00-17:00,9:00-17:00,10:00-16:00,Closed,true,true,false,true
Constanța Pizzeria,"Quality pizza restaurants services in Constanța, Romania. Professional and reliable business serving the local community.",20,info@constanțapizzeria.com,+76-377-5353,https://www.constanțapizzeria.com,595 High Street,Constanța,Romania,70242,43.400907,-9.610601,9:00-17:00,9:00-17:00,9:00-17:00,9:00-17:00,9:00-17:00,10:00-16:00,Closed,true,true,false,true
Slice Žilina,"Quality pizza restaurants services in Žilina, Slovakia. Professional and reliable business serving the local community.",20,info@slicežilina.com,+38-699-2746,https://www.slicežilina.com,2 High Street,Žilina,Slovakia,34101,54.438419,9.137625,9:00-17:00,9:00-17:00,9:00-17:00,9:00-17:00,9:00-17:00,10:00-16:00,Closed,true,true,false,true
Ljubljana Pizzeria,"Quality pizza restaurants services in Ljubljana, Slovenia. Professional and reliable business serving the local community.",20,info@ljubljanapizzeria.com,+42-722-3030,https://www.ljubljanapizzeria.com,376 Queen Street,Ljubljana,Slovenia,19114,49.713614,5.306187,9:00-17:00,9:00-17:00,9:00-17:00,9:00-17:00,9:00-17:00,10:00-16:00,Closed,true,true,false,false
Pizza Malmö,"Quality pizza restaurants services in Malmö, Sweden. Professional and reliable business serving the local community.",20,info@pizzamalmö.com,+36-298-4957,https://www.pizzamalmö.com,615 Main Street,Malmö,Sweden,20802,47.146695,24.959798,9:00-17:00,9:00-17:00,9:00-17:00,9:00-17:00,9:00-17:00,10:00-16:00,Closed,true,true,false,true
Realty Linz,"Quality real estate services in Linz, Austria. Professional and reliable business serving the local community.",63,info@realtylinz.com,+40-881-6629,https://www.realtylinz.com,776 King Street,Linz,Austria,86580,62.668777,19.916772,9:00-17:00,9:00-17:00,9:00-17:00,9:00-17:00,9:00-17:00,10:00-16:00,Closed,true,true,false,false
Realty Sofia,"Quality real estate services in Sofia, Bulgaria. Professional and reliable business serving the local community.",63,info@realtysofia.com,+94-617-4085,https://www.realtysofia.com,976 Church Street,Sofia,Bulgaria,49925,49.665723,7.057301,9:00-17:00,9:00-17:00,9:00-17:00,9:00-17:00,9:00-17:00,10:00-16:00,Closed,true,true,false,true
Realty Zagreb,"Quality real estate services in Zagreb, Croatia. Professional and reliable business serving the local community.",63,info@realtyzagreb.com,+34-477-3792,https://www.realtyzagreb.com,194 Queen Street,Zagreb,Croatia,23227,38.649249,20.053126,9:00-17:00,9:00-17:00,9:00-17:00,9:00-17:00,9:00-17:00,10:00-16:00,Closed,true,true,false,false
Estate Paphos,"Quality real estate services in Paphos, Cyprus. Professional and reliable business serving the local community.",63,info@estatepaphos.com,+56-240-9092,https://www.estatepaphos.com,541 Queen Street,Paphos,Cyprus,57638,46.088553,-5.920871,9:00-17:00,9:00-17:00,9:00-17:00,9:00-17:00,9:00-17:00,10:00-16:00,Closed,true,true,false,true
Housing Liberec,"Quality real estate services in Liberec, Czech Republic. Professional and reliable business serving the local community.",63,info@housingliberec.com,+45-291-2336,https://www.housingliberec.com,87 Queen Street,Liberec,Czech Republic,28343,65.594622,8.909521,9:00-17:00,9:00-17:00,9:00-17:00,9:00-17:00,9:00-17:00,10:00-16:00,Closed,true,true,false,true
Housing Aalborg,"Quality real estate services in Aalborg, Denmark. Professional and reliable business serving the local community.",63,info@housingaalborg.com,+99-263-7736,https://www.housingaalborg.com,104 Main Street,Aalborg,Denmark,66250,35.028128,-4.551407,9:00-17:00,9:00-17:00,9:00-17:00,9:00-17:00,9:00-17:00,10:00-16:00,Closed,true,true,false,true
Property Narva,"Quality real estate services in Narva, Estonia. Professional and reliable business serving the local community.",63,info@propertynarva.com,+67-913-1995,https://www.propertynarva.com,244 Queen Street,Narva,Estonia,33671,40.02209,19.949886,9:00-17:00,9:00-17:00,9:00-17:00,9:00-17:00,9:00-17:00,10:00-16:00,Closed,true,true,false,true
Property Espoo,"Quality real estate services in Espoo, Finland. Professional and reliable business serving the local community.",63,info@propertyespoo.com,+54-326-7680,https://www.propertyespoo.com,108 Church Street,Espoo,Finland,41736,53.108126,25.3689,9:00-17:00,9:00-17:00,9:00-17:00,9:00-17:00,9:00-17:00,10:00-16:00,Closed,true,true,false,false
Estate Athens,"Quality real estate services in Athens, Greece. Professional and reliable business serving the local community.",63,info@estateathens.com,+34-190-7319,https://www.estateathens.com,600 King Street,Athens,Greece,44892,57.431997,-7.8199,9:00-17:00,9:00-17:00,9:00-17:00,9:00-17:00,9:00-17:00,10:00-16:00,Closed,true,true,false,false
Housing Budapest,"Quality real estate services in Budapest, Hungary. Professional and reliable business serving the local community.",63,info@housingbudapest.com,+83-357-9041,https://www.housingbudapest.com,565 Main Street,Budapest,Hungary,83799,60.212142,-7.735344,9:00-17:00,9:00-17:00,9:00-17:00,9:00-17:00,9:00-17:00,10:00-16:00,Closed,true,true,false,false
Property Limerick,"Quality real estate services in Limerick, Ireland. Professional and reliable business serving the local community.",63,info@propertylimerick.com,+81-176-1715,https://www.propertylimerick.com,980 King Street,Limerick,Ireland,88345,35.970714,8.678305,9:00-17:00,9:00-17:00,9:00-17:00,9:00-17:00,9:00-17:00,10:00-16:00,Closed,true,true,false,true
Rome Homes,"Quality real estate services in Rome, Italy. Professional and reliable business serving the local community.",63,info@romehomes.com,+98-293-5401,https://www.romehomes.com,723 Main Street,Rome,Italy,62961,49.110068,2.370991,9:00-17:00,9:00-17:00,9:00-17:00,9:00-17:00,9:00-17:00,10:00-16:00,Closed,true,true,false,true
Estate Liepāja,"Quality real estate services in Liepāja, Latvia. Professional and reliable business serving the local community.",63,info@estateliepāja.com,+96-198-1111,https://www.estateliepāja.com,614 Queen Street,Liepāja,Latvia,53874,54.158823,15.609827,9:00-17:00,9:00-17:00,9:00-17:00,9:00-17:00,9:00-17:00,10:00-16:00,Closed,true,true,false,false
Property Šiauliai,"Quality real estate services in Šiauliai, Lithuania. Professional and reliable business serving the local community.",63,info@propertyšiauliai.com,+78-760-6080,https://www.propertyšiauliai.com,531 Main Street,Šiauliai,Lithuania,35965,65.669317,7.03255,9:00-17:00,9:00-17:00,9:00-17:00,9:00-17:00,9:00-17:00,10:00-16:00,Closed,true,true,false,true
Realty Luxembourg City,"Quality real estate services in Luxembourg City, Luxembourg. Professional and reliable business serving the local community.",63,info@realtyluxembourgcity.com,+41-879-5523,https://www.realtyluxembourgcity.com,918 Church Street,Luxembourg City,Luxembourg,12287,54.897086,1.539494,9:00-17:00,9:00-17:00,9:00-17:00,9:00-17:00,9:00-17:00,10:00-16:00,Closed,true,true,false,true
Estate Qormi,"Quality real estate services in Qormi, Malta. Professional and reliable business serving the local community.",63,info@estateqormi.com,+59-713-2999,https://www.estateqormi.com,694 King Street,Qormi,Malta,39901,53.967629,15.085753,9:00-17:00,9:00-17:00,9:00-17:00,9:00-17:00,9:00-17:00,10:00-16:00,Closed,true,true,false,true
Warsaw Homes,"Quality real estate services in Warsaw, Poland. Professional and reliable business serving the local community.",63,info@warsawhomes.com,+32-897-1338,https://www.warsawhomes.com,966 King Street,Warsaw,Poland,69117,38.73638,-6.609541,9:00-17:00,9:00-17:00,9:00-17:00,9:00-17:00,9:00-17:00,10:00-16:00,Closed,true,true,false,true
Bucharest Homes,"Quality real estate services in Bucharest, Romania. Professional and reliable business serving the local community.",63,info@bucharesthomes.com,+90-367-8055,https://www.bucharesthomes.com,307 King Street,Bucharest,Romania,33983,53.902546,-5.409226,9:00-17:00,9:00-17:00,9:00-17:00,9:00-17:00,9:00-17:00,10:00-16:00,Closed,true,true,false,true
Realty Košice,"Quality real estate services in Košice, Slovakia. Professional and reliable business serving the local community.",63,info@realtykošice.com,+65-549-4467,https://www.realtykošice.com,949 Church Street,Košice,Slovakia,59732,64.019526,2.675618,9:00-17:00,9:00-17:00,9:00-17:00,9:00-17:00,9:00-17:00,10:00-16:00,Closed,true,true,false,true
Housing Maribor,"Quality real estate services in Maribor, Slovenia. Professional and reliable business serving the local community.",63,info@housingmaribor.com,+53-273-7357,https://www.housingmaribor.com,477 High Street,Maribor,Slovenia,77952,57.05816,2.284649,9:00-17:00,9:00-17:00,9:00-17:00,9:00-17:00,9:00-17:00,10:00-16:00,Closed,true,true,false,true
Realty Västerås,"Quality real estate services in Västerås, Sweden. Professional and reliable business serving the local community.",63,info@realtyvästerås.com,+90-963-6561,https://www.realtyvästerås.com,247 Main Street,Västerås,Sweden,64606,46.567033,11.350409,9:00-17:00,9:00-17:00,9:00-17:00,9:00-17:00,9:00-17:00,10:00-16:00,Closed,true,true,false,false
Land Vienna,"Quality real estate agencies services in Vienna, Austria. Professional and reliable business serving the local community.",22,info@landvienna.com,+76-976-2548,https://www.landvienna.com,424 King Street,Vienna,Austria,81437,67.627763,4.231426,9:00-17:00,9:00-17:00,9:00-17:00,9:00-17:00,9:00-17:00,10:00-16:00,Closed,true,true,false,true
Property Burgas,"Quality real estate agencies services in Burgas, Bulgaria. Professional and reliable business serving the local community.",22,info@propertyburgas.com,+49-942-8014,https://www.propertyburgas.com,230 High Street,Burgas,Bulgaria,64366,68.878488,18.231061,9:00-17:00,9:00-17:00,9:00-17:00,9:00-17:00,9:00-17:00,10:00-16:00,Closed,true,true,false,false
Real Estate Zagreb,"Quality real estate agencies services in Zagreb, Croatia. Professional and reliable business serving the local community.",22,info@realestatezagreb.com,+89-607-5135,https://www.realestatezagreb.com,572 Queen Street,Zagreb,Croatia,78924,52.928159,-8.858254,9:00-17:00,9:00-17:00,9:00-17:00,9:00-17:00,9:00-17:00,10:00-16:00,Closed,true,true,false,true
Homes Larnaca,"Quality real estate agencies services in Larnaca, Cyprus. Professional and reliable business serving the local community.",22,info@homeslarnaca.com,+40-385-4266,https://www.homeslarnaca.com,677 Church Street,Larnaca,Cyprus,38023,51.767931,-9.780964,9:00-17:00,9:00-17:00,9:00-17:00,9:00-17:00,9:00-17:00,10:00-16:00,Closed,true,true,false,false
Real Estate Brno,"Quality real estate agencies services in Brno, Czech Republic. Professional and reliable business serving the local community.",22,info@realestatebrno.com,+59-923-2342,https://www.realestatebrno.com,413 Church Street,Brno,Czech Republic,33970,41.50288,-3.009386,9:00-17:00,9:00-17:00,9:00-17:00,9:00-17:00,9:00-17:00,10:00-16:00,Closed,true,true,false,true
Property Copenhagen,"Quality real estate agencies services in Copenhagen, Denmark. Professional and reliable business serving the local community.",22,info@propertycopenhagen.com,+99-173-6258,https://www.propertycopenhagen.com,345 Queen Street,Copenhagen,Denmark,86210,44.886269,6.492879,9:00-17:00,9:00-17:00,9:00-17:00,9:00-17:00,9:00-17:00,10:00-16:00,Closed,true,true,false,true
Property Kohtla-Järve,"Quality real estate agencies services in Kohtla-Järve, Estonia. Professional and reliable business serving the local community.",22,info@propertykohtla-järve.com,+39-740-6691,https://www.propertykohtla-järve.com,357 Main Street,Kohtla-Järve,Estonia,37642,61.990066,25.946793,9:00-17:00,9:00-17:00,9:00-17:00,9:00-17:00,9:00-17:00,10:00-16:00,Closed,true,true,false,true
Land Oulu,"Quality real estate agencies services in Oulu, Finland. Professional and reliable business serving the local community.",22,info@landoulu.com,+61-312-6102,https://www.landoulu.com,768 Main Street,Oulu,Finland,87316,35.93127,9.737694,9:00-17:00,9:00-17:00,9:00-17:00,9:00-17:00,9:00-17:00,10:00-16:00,Closed,true,true,false,false
Heraklion Realty,"Quality real estate agencies services in Heraklion, Greece. Professional and reliable business serving the local community.",22,info@heraklionrealty.com,+56-392-4445,https://www.heraklionrealty.com,441 Queen Street,Heraklion,Greece,24560,58.149092,10.525123,9:00-17:00,9:00-17:00,9:00-17:00,9:00-17:00,9:00-17:00,10:00-16:00,Closed,true,true,false,true
Real Estate Pécs,"Quality real estate agencies services in Pécs, Hungary. Professional and reliable business serving the local community.",22,info@realestatepécs.com,+67-996-7268,https://www.realestatepécs.com,126 Main Street,Pécs,Hungary,71056,53.235772,-4.09534,9:00-17:00,9:00-17:00,9:00-17:00,9:00-17:00,9:00-17:00,10:00-16:00,Closed,true,true,false,false
Land Limerick,"Quality real estate agencies services in Limerick, Ireland. Professional and reliable business serving the local community.",22,info@landlimerick.com,+65-332-4115,https://www.landlimerick.com,323 High Street,Limerick,Ireland,37973,44.632901,-8.742054,9:00-17:00,9:00-17:00,9:00-17:00,9:00-17:00,9:00-17:00,10:00-16:00,Closed,true,true,false,true
Land Rome,"Quality real estate agencies services in Rome, Italy. Professional and reliable business serving the local community.",22,info@landrome.com,+54-677-4824,https://www.landrome.com,310 High Street,Rome,Italy,12763,39.902446,12.428412,9:00-17:00,9:00-17:00,9:00-17:00,9:00-17:00,9:00-17:00,10:00-16:00,Closed,true,true,false,false
Jūrmala Realty,"Quality real estate agencies services in Jūrmala, Latvia. Professional and reliable business serving the local community.",22,info@jūrmalarealty.com,+87-595-5408,https://www.jūrmalarealty.com,325 Main Street,Jūrmala,Latvia,10096,42.242091,24.006135,9:00-17:00,9:00-17:00,9:00-17:00,9:00-17:00,9:00-17:00,10:00-16:00,Closed,true,true,false,true
Land Klaipėda,"Quality real estate agencies services in Klaipėda, Lithuania. Professional and reliable business serving the local community.",22,info@landklaipėda.com,+75-568-3002,https://www.landklaipėda.com,345 Church Street,Klaipėda,Lithuania,69704,53.694765,-5.557392,9:00-17:00,9:00-17:00,9:00-17:00,9:00-17:00,9:00-17:00,10:00-16:00,Closed,true,true,false,true
Esch-sur-Alzette Realty,"Quality real estate agencies services in Esch-sur-Alzette, Luxembourg. Professional and reliable business serving the local community.",22,info@esch-sur-alzetterealty.com,+70-920-4137,https://www.esch-sur-alzetterealty.com,180 Church Street,Esch-sur-Alzette,Luxembourg,60009,38.878832,-5.614872,9:00-17:00,9:00-17:00,9:00-17:00,9:00-17:00,9:00-17:00,10:00-16:00,Closed,true,true,false,true
Birkirkara Realty,"Quality real estate agencies services in Birkirkara, Malta. Professional and reliable business serving the local community.",22,info@birkirkararealty.com,+57-219-6311,https://www.birkirkararealty.com,198 High Street,Birkirkara,Malta,52050,63.101423,19.622876,9:00-17:00,9:00-17:00,9:00-17:00,9:00-17:00,9:00-17:00,10:00-16:00,Closed,true,true,false,false
Property Warsaw,"Quality real estate agencies services in Warsaw, Poland. Professional and reliable business serving the local community.",22,info@propertywarsaw.com,+31-494-3525,https://www.propertywarsaw.com,831 King Street,Warsaw,Poland,32856,56.946179,8.981219,9:00-17:00,9:00-17:00,9:00-17:00,9:00-17:00,9:00-17:00,10:00-16:00,Closed,true,true,false,true
Cluj-Napoca Realty,"Quality real estate agencies services in Cluj-Napoca, Romania. Professional and reliable business serving the local community.",22,info@cluj-napocarealty.com,+56-779-5015,https://www.cluj-napocarealty.com,723 Queen Street,Cluj-Napoca,Romania,88573,42.415724,-1.441304,9:00-17:00,9:00-17:00,9:00-17:00,9:00-17:00,9:00-17:00,10:00-16:00,Closed,true,true,false,true
Property Banská Bystrica,"Quality real estate agencies services in Banská Bystrica, Slovakia. Professional and reliable business serving the local community.",22,info@propertybanskábystrica.com,+57-980-5357,https://www.propertybanskábystrica.com,402 Church Street,Banská Bystrica,Slovakia,65155,52.212123,27.066368,9:00-17:00,9:00-17:00,9:00-17:00,9:00-17:00,9:00-17:00,10:00-16:00,Closed,true,true,false,true
Koper Realty,"Quality real estate agencies services in Koper, Slovenia. Professional and reliable business serving the local community.",22,info@koperrealty.com,+68-686-5431,https://www.koperrealty.com,894 Church Street,Koper,Slovenia,16175,51.542351,15.012335,9:00-17:00,9:00-17:00,9:00-17:00,9:00-17:00,9:00-17:00,10:00-16:00,Closed,true,true,false,true
Real Estate Uppsala,"Quality real estate agencies services in Uppsala, Sweden. Professional and reliable business serving the local community.",22,info@realestateuppsala.com,+83-362-6179,https://www.realestateuppsala.com,274 High Street,Uppsala,Sweden,27578,35.792422,24.789792,9:00-17:00,9:00-17:00,9:00-17:00,9:00-17:00,9:00-17:00,10:00-16:00,Closed,true,true,false,false
Graz Community,"Quality religious organizations services in Graz, Austria. Professional and reliable business serving the local community.",64,info@grazcommunity.com,+36-315-9269,https://www.grazcommunity.com,996 Church Street,Graz,Austria,86902,38.179504,-7.856259,9:00-17:00,9:00-17:00,9:00-17:00,9:00-17:00,9:00-17:00,10:00-16:00,Closed,true,true,false,true
Faith Plovdiv,"Quality religious organizations services in Plovdiv, Bulgaria. Professional and reliable business serving the local community.",64,info@faithplovdiv.com,+31-752-8469,https://www.faithplovdiv.com,649 King Street,Plovdiv,Bulgaria,67321,49.992067,-9.899755,9:00-17:00,9:00-17:00,9:00-17:00,9:00-17:00,9:00-17:00,10:00-16:00,Closed,true,true,false,true
Faith Zadar,"Quality religious organizations services in Zadar, Croatia. Professional and reliable business serving the local community.",64,info@faithzadar.com,+70-687-2263,https://www.faithzadar.com,779 Main Street,Zadar,Croatia,52103,64.748405,25.369175,9:00-17:00,9:00-17:00,9:00-17:00,9:00-17:00,9:00-17:00,10:00-16:00,Closed,true,true,false,false
Faith Limassol,"Quality religious organizations services in Limassol, Cyprus. Professional and reliable business serving the local community.",64,info@faithlimassol.com,+33-350-4283,https://www.faithlimassol.com,903 Main Street,Limassol,Cyprus,11472,37.97265,21.00376,9:00-17:00,9:00-17:00,9:00-17:00,9:00-17:00,9:00-17:00,10:00-16:00,Closed,true,true,false,false
Church Brno,"Quality religious organizations services in Brno, Czech Republic. Professional and reliable business serving the local community.",64,info@churchbrno.com,+51-287-3933,https://www.churchbrno.com,482 King Street,Brno,Czech Republic,75976,37.25704,0.162477,9:00-17:00,9:00-17:00,9:00-17:00,9:00-17:00,9:00-17:00,10:00-16:00,Closed,true,true,false,true
Sacred Aarhus,"Quality religious organizations services in Aarhus, Denmark. Professional and reliable business serving the local community.",64,info@sacredaarhus.com,+90-237-9483,https://www.sacredaarhus.com,424 High Street,Aarhus,Denmark,97277,63.611262,25.488831,9:00-17:00,9:00-17:00,9:00-17:00,9:00-17:00,9:00-17:00,10:00-16:00,Closed,true,true,false,true
Spirit Narva,"Quality religious organizations services in Narva, Estonia. Professional and reliable business serving the local community.",64,info@spiritnarva.com,+92-301-6700,https://www.spiritnarva.com,417 Main Street,Narva,Estonia,10594,56.070774,6.098134,9:00-17:00,9:00-17:00,9:00-17:00,9:00-17:00,9:00-17:00,10:00-16:00,Closed,true,true,false,true
Church Helsinki,"Quality religious organizations services in Helsinki, Finland. Professional and reliable business serving the local community.",64,info@churchhelsinki.com,+93-771-9337,https://www.churchhelsinki.com,879 Main Street,Helsinki,Finland,88465,52.626153,2.53716,9:00-17:00,9:00-17:00,9:00-17:00,9:00-17:00,9:00-17:00,10:00-16:00,Closed,true,true,false,true
Faith Heraklion,"Quality religious organizations services in Heraklion, Greece. Professional and reliable business serving the local community.",64,info@faithheraklion.com,+47-566-3990,https://www.faithheraklion.com,400 King Street,Heraklion,Greece,96939,51.231859,12.848181,9:00-17:00,9:00-17:00,9:00-17:00,9:00-17:00,9:00-17:00,10:00-16:00,Closed,true,true,false,false
Szeged Community,"Quality religious organizations services in Szeged, Hungary. Professional and reliable business serving the local community.",64,info@szegedcommunity.com,+54-423-3935,https://www.szegedcommunity.com,638 Queen Street,Szeged,Hungary,48024,57.222019,0.312279,9:00-17:00,9:00-17:00,9:00-17:00,9:00-17:00,9:00-17:00,10:00-16:00,Closed,true,true,false,false
Galway Community,"Quality religious organizations services in Galway, Ireland. Professional and reliable business serving the local community.",64,info@galwaycommunity.com,+36-742-6356,https://www.galwaycommunity.com,769 High Street,Galway,Ireland,81477,42.10809,0.197842,9:00-17:00,9:00-17:00,9:00-17:00,9:00-17:00,9:00-17:00,10:00-16:00,Closed,true,true,false,true
Church Naples,"Quality religious organizations services in Naples, Italy. Professional and reliable business serving the local community.",64,info@churchnaples.com,+67-912-7199,https://www.churchnaples.com,41 King Street,Naples,Italy,14891,63.743941,24.143906,9:00-17:00,9:00-17:00,9:00-17:00,9:00-17:00,9:00-17:00,10:00-16:00,Closed,true,true,false,false
Spirit Riga,"Quality religious organizations services in Riga, Latvia. Professional and reliable business serving the local community.",64,info@spiritriga.com,+91-244-4482,https://www.spiritriga.com,545 Church Street,Riga,Latvia,36151,53.663092,5.311573,9:00-17:00,9:00-17:00,9:00-17:00,9:00-17:00,9:00-17:00,10:00-16:00,Closed,true,true,false,true
Faith Šiauliai,"Quality religious organizations services in Šiauliai, Lithuania. Professional and reliable business serving the local community.",64,info@faithšiauliai.com,+61-358-5416,https://www.faithšiauliai.com,14 King Street,Šiauliai,Lithuania,26542,47.566276,-7.511083,9:00-17:00,9:00-17:00,9:00-17:00,9:00-17:00,9:00-17:00,10:00-16:00,Closed,true,true,false,true
Sacred Dudelange,"Quality religious organizations services in Dudelange, Luxembourg. Professional and reliable business serving the local community.",64,info@sacreddudelange.com,+72-244-4501,https://www.sacreddudelange.com,133 Queen Street,Dudelange,Luxembourg,71911,52.923941,23.715357,9:00-17:00,9:00-17:00,9:00-17:00,9:00-17:00,9:00-17:00,10:00-16:00,Closed,true,true,false,false
Faith Valletta,"Quality religious organizations services in Valletta, Malta. Professional and reliable business serving the local community.",64,info@faithvalletta.com,+32-695-6067,https://www.faithvalletta.com,180 Main Street,Valletta,Malta,45639,42.850068,-4.027586,9:00-17:00,9:00-17:00,9:00-17:00,9:00-17:00,9:00-17:00,10:00-16:00,Closed,true,true,false,false
Church Kraków,"Quality religious organizations services in Kraków, Poland. Professional and reliable business serving the local community.",64,info@churchkraków.com,+92-982-2523,https://www.churchkraków.com,535 King Street,Kraków,Poland,68661,44.531327,-8.849882,9:00-17:00,9:00-17:00,9:00-17:00,9:00-17:00,9:00-17:00,10:00-16:00,Closed,true,true,false,true
Sacred Cluj-Napoca,"Quality religious organizations services in Cluj-Napoca, Romania. Professional and reliable business serving the local community.",64,info@sacredcluj-napoca.com,+42-508-9506,https://www.sacredcluj-napoca.com,920 Main Street,Cluj-Napoca,Romania,88881,39.43543,15.191237,9:00-17:00,9:00-17:00,9:00-17:00,9:00-17:00,9:00-17:00,10:00-16:00,Closed,true,true,false,true
Spirit Bratislava,"Quality religious organizations services in Bratislava, Slovakia. Professional and reliable business serving the local community.",64,info@spiritbratislava.com,+94-783-1552,https://www.spiritbratislava.com,195 Main Street,Bratislava,Slovakia,11574,64.615792,1.269649,9:00-17:00,9:00-17:00,9:00-17:00,9:00-17:00,9:00-17:00,10:00-16:00,Closed,true,true,false,false
Spirit Maribor,"Quality religious organizations services in Maribor, Slovenia. Professional and reliable business serving the local community.",64,info@spiritmaribor.com,+85-199-8575,https://www.spiritmaribor.com,933 Queen Street,Maribor,Slovenia,35177,62.407687,15.464215,9:00-17:00,9:00-17:00,9:00-17:00,9:00-17:00,9:00-17:00,10:00-16:00,Closed,true,true,false,true
Stockholm Community,"Quality religious organizations services in Stockholm, Sweden. Professional and reliable business serving the local community.",64,info@stockholmcommunity.com,+72-571-1481,https://www.stockholmcommunity.com,46 Queen Street,Stockholm,Sweden,96219,58.73296,6.166696,9:00-17:00,9:00-17:00,9:00-17:00,9:00-17:00,9:00-17:00,10:00-16:00,Closed,true,true,false,true
Taste Salzburg,"Quality restaurant services in Salzburg, Austria. Professional and reliable business serving the local community.",2,info@tastesalzburg.com,+43-797-5839,https://www.tastesalzburg.com,949 High Street,Salzburg,Austria,50635,60.909602,29.083398,9:00-17:00,9:00-17:00,9:00-17:00,9:00-17:00,9:00-17:00,10:00-16:00,Closed,true,true,false,true
Cuisine Varna,"Quality restaurant services in Varna, Bulgaria. Professional and reliable business serving the local community.",2,info@cuisinevarna.com,+80-232-4610,https://www.cuisinevarna.com,715 Church Street,Varna,Bulgaria,35628,35.20226,8.897089,9:00-17:00,9:00-17:00,9:00-17:00,9:00-17:00,9:00-17:00,10:00-16:00,Closed,true,true,false,false
Cuisine Rijeka,"Quality restaurant services in Rijeka, Croatia. Professional and reliable business serving the local community.",2,info@cuisinerijeka.com,+89-735-9737,https://www.cuisinerijeka.com,504 Queen Street,Rijeka,Croatia,20274,67.699536,-0.327369,9:00-17:00,9:00-17:00,9:00-17:00,9:00-17:00,9:00-17:00,10:00-16:00,Closed,true,true,false,true
Cuisine Limassol,"Quality restaurant services in Limassol, Cyprus. Professional and reliable business serving the local community.",2,info@cuisinelimassol.com,+45-815-4357,https://www.cuisinelimassol.com,308 High Street,Limassol,Cyprus,25193,44.187489,18.960901,9:00-17:00,9:00-17:00,9:00-17:00,9:00-17:00,9:00-17:00,10:00-16:00,Closed,true,true,false,true
Cuisine Brno,"Quality restaurant services in Brno, Czech Republic. Professional and reliable business serving the local community.",2,info@cuisinebrno.com,+49-859-8300,https://www.cuisinebrno.com,948 Queen Street,Brno,Czech Republic,87099,54.020736,9.071941,9:00-17:00,9:00-17:00,9:00-17:00,9:00-17:00,9:00-17:00,10:00-16:00,Closed,true,true,false,false
Taste Aarhus,"Quality restaurant services in Aarhus, Denmark. Professional and reliable business serving the local community.",2,info@tasteaarhus.com,+42-110-8864,https://www.tasteaarhus.com,449 Church Street,Aarhus,Denmark,57841,50.863698,16.737848,9:00-17:00,9:00-17:00,9:00-17:00,9:00-17:00,9:00-17:00,10:00-16:00,Closed,true,true,false,true
Dining Narva,"Quality restaurant services in Narva, Estonia. Professional and reliable business serving the local community.",2,info@diningnarva.com,+52-814-6744,https://www.diningnarva.com,748 Church Street,Narva,Estonia,17041,37.434286,22.870698,9:00-17:00,9:00-17:00,9:00-17:00,9:00-17:00,9:00-17:00,10:00-16:00,Closed,true,true,false,false
Oulu Kitchen,"Quality restaurant services in Oulu, Finland. Professional and reliable business serving the local community.",2,info@oulukitchen.com,+94-615-4062,https://www.oulukitchen.com,990 Main Street,Oulu,Finland,64112,36.324308,10.133727,9:00-17:00,9:00-17:00,9:00-17:00,9:00-17:00,9:00-17:00,10:00-16:00,Closed,true,true,false,false
Thessaloniki Kitchen,"Quality restaurant services in Thessaloniki, Greece. Professional and reliable business serving the local community.",2,info@thessalonikikitchen.com,+90-406-5814,https://www.thessalonikikitchen.com,19 High Street,Thessaloniki,Greece,40134,57.497839,13.582772,9:00-17:00,9:00-17:00,9:00-17:00,9:00-17:00,9:00-17:00,10:00-16:00,Closed,true,true,false,true
Budapest Kitchen,"Quality restaurant services in Budapest, Hungary. Professional and reliable business serving the local community.",2,info@budapestkitchen.com,+42-861-2777,https://www.budapestkitchen.com,371 Queen Street,Budapest,Hungary,62446,46.743894,5.22148,9:00-17:00,9:00-17:00,9:00-17:00,9:00-17:00,9:00-17:00,10:00-16:00,Closed,true,true,false,false
Restaurant Galway,"Quality restaurant services in Galway, Ireland. Professional and reliable business serving the local community.",2,info@restaurantgalway.com,+90-178-7963,https://www.restaurantgalway.com,166 King Street,Galway,Ireland,96415,50.388563,11.675973,9:00-17:00,9:00-17:00,9:00-17:00,9:00-17:00,9:00-17:00,10:00-16:00,Closed,true,true,false,false
Palermo Kitchen,"Quality restaurant services in Palermo, Italy. Professional and reliable business serving the local community.",2,info@palermokitchen.com,+97-943-5407,https://www.palermokitchen.com,559 King Street,Palermo,Italy,27824,65.899661,-9.16127,9:00-17:00,9:00-17:00,9:00-17:00,9:00-17:00,9:00-17:00,10:00-16:00,Closed,true,true,false,false
Dining Liepāja,"Quality restaurant services in Liepāja, Latvia. Professional and reliable business serving the local community.",2,info@diningliepāja.com,+66-447-9612,https://www.diningliepāja.com,100 Church Street,Liepāja,Latvia,16449,41.329095,20.112593,9:00-17:00,9:00-17:00,9:00-17:00,9:00-17:00,9:00-17:00,10:00-16:00,Closed,true,true,false,true
Taste Panevėžys,"Quality restaurant services in Panevėžys, Lithuania. Professional and reliable business serving the local community.",2,info@tastepanevėžys.com,+79-200-3830,https://www.tastepanevėžys.com,323 Queen Street,Panevėžys,Lithuania,47604,66.350719,10.204899,9:00-17:00,9:00-17:00,9:00-17:00,9:00-17:00,9:00-17:00,10:00-16:00,Closed,true,true,false,true
Cuisine Luxembourg City,"Quality restaurant services in Luxembourg City, Luxembourg. Professional and reliable business serving the local community.",2,info@cuisineluxembourgcity.com,+51-340-5976,https://www.cuisineluxembourgcity.com,203 King Street,Luxembourg City,Luxembourg,80928,65.339801,-3.684209,9:00-17:00,9:00-17:00,9:00-17:00,9:00-17:00,9:00-17:00,10:00-16:00,Closed,true,true,false,true
Cuisine Birkirkara,"Quality restaurant services in Birkirkara, Malta. Professional and reliable business serving the local community.",2,info@cuisinebirkirkara.com,+88-806-5171,https://www.cuisinebirkirkara.com,28 High Street,Birkirkara,Malta,58257,50.55958,-0.091938,9:00-17:00,9:00-17:00,9:00-17:00,9:00-17:00,9:00-17:00,10:00-16:00,Closed,true,true,false,false
Taste Poznań,"Quality restaurant services in Poznań, Poland. Professional and reliable business serving the local community.",2,info@tastepoznań.com,+55-233-4733,https://www.tastepoznań.com,360 Main Street,Poznań,Poland,61788,68.281848,3.64052,9:00-17:00,9:00-17:00,9:00-17:00,9:00-17:00,9:00-17:00,10:00-16:00,Closed,true,true,false,true
Cuisine Timișoara,"Quality restaurant services in Timișoara, Romania. Professional and reliable business serving the local community.",2,info@cuisinetimișoara.com,+99-771-3127,https://www.cuisinetimișoara.com,871 Main Street,Timișoara,Romania,50407,48.895666,16.53172,9:00-17:00,9:00-17:00,9:00-17:00,9:00-17:00,9:00-17:00,10:00-16:00,Closed,true,true,false,true
Cuisine Banská Bystrica,"Quality restaurant services in Banská Bystrica, Slovakia. Professional and reliable business serving the local community.",2,info@cuisinebanskábystrica.com,+59-606-3260,https://www.cuisinebanskábystrica.com,122 Church Street,Banská Bystrica,Slovakia,59441,41.528892,20.649531,9:00-17:00,9:00-17:00,9:00-17:00,9:00-17:00,9:00-17:00,10:00-16:00,Closed,true,true,false,true
Taste Maribor,"Quality restaurant services in Maribor, Slovenia. Professional and reliable business serving the local community.",2,info@tastemaribor.com,+59-597-9473,https://www.tastemaribor.com,277 Church Street,Maribor,Slovenia,44180,56.963746,9.099344,9:00-17:00,9:00-17:00,9:00-17:00,9:00-17:00,9:00-17:00,10:00-16:00,Closed,true,true,false,false
Cuisine Malmö,"Quality restaurant services in Malmö, Sweden. Professional and reliable business serving the local community.",2,info@cuisinemalmö.com,+76-148-3950,https://www.cuisinemalmö.com,309 King Street,Malmö,Sweden,95135,38.903417,13.061369,9:00-17:00,9:00-17:00,9:00-17:00,9:00-17:00,9:00-17:00,10:00-16:00,Closed,true,true,false,false
Retail Salzburg,"Quality retail services in Salzburg, Austria. Professional and reliable business serving the local community.",15,info@retailsalzburg.com,+89-314-7401,https://www.retailsalzburg.com,541 Queen Street,Salzburg,Austria,14846,64.815638,11.171681,9:00-17:00,9:00-17:00,9:00-17:00,9:00-17:00,9:00-17:00,10:00-16:00,Closed,true,true,false,true
Market Sofia,"Quality retail services in Sofia, Bulgaria. Professional and reliable business serving the local community.",15,info@marketsofia.com,+33-490-1002,https://www.marketsofia.com,939 Queen Street,Sofia,Bulgaria,35623,66.951323,10.739029,9:00-17:00,9:00-17:00,9:00-17:00,9:00-17:00,9:00-17:00,10:00-16:00,Closed,true,true,false,true
Market Zagreb,"Quality retail services in Zagreb, Croatia. Professional and reliable business serving the local community.",15,info@marketzagreb.com,+93-519-2304,https://www.marketzagreb.com,197 King Street,Zagreb,Croatia,98228,60.573107,4.951179,9:00-17:00,9:00-17:00,9:00-17:00,9:00-17:00,9:00-17:00,10:00-16:00,Closed,true,true,false,false
Retail Larnaca,"Quality retail services in Larnaca, Cyprus. Professional and reliable business serving the local community.",15,info@retaillarnaca.com,+87-251-4159,https://www.retaillarnaca.com,886 Queen Street,Larnaca,Cyprus,79629,45.306297,24.671997,9:00-17:00,9:00-17:00,9:00-17:00,9:00-17:00,9:00-17:00,10:00-16:00,Closed,true,true,false,true
Shopping Liberec,"Quality retail services in Liberec, Czech Republic. Professional and reliable business serving the local community.",15,info@shoppingliberec.com,+71-674-9040,https://www.shoppingliberec.com,303 Queen Street,Liberec,Czech Republic,60122,48.373062,8.696658,9:00-17:00,9:00-17:00,9:00-17:00,9:00-17:00,9:00-17:00,10:00-16:00,Closed,true,true,false,false
Retail Aarhus,"Quality retail services in Aarhus, Denmark. Professional and reliable business serving the local community.",15,info@retailaarhus.com,+82-683-4925,https://www.retailaarhus.com,298 Queen Street,Aarhus,Denmark,94576,64.426796,1.915718,9:00-17:00,9:00-17:00,9:00-17:00,9:00-17:00,9:00-17:00,10:00-16:00,Closed,true,true,false,false
Market Tallinn,"Quality retail services in Tallinn, Estonia. Professional and reliable business serving the local community.",15,info@markettallinn.com,+62-449-8906,https://www.markettallinn.com,131 King Street,Tallinn,Estonia,13690,41.654983,-1.226001,9:00-17:00,9:00-17:00,9:00-17:00,9:00-17:00,9:00-17:00,10:00-16:00,Closed,true,true,false,false
Shopping Vantaa,"Quality retail services in Vantaa, Finland. Professional and reliable business serving the local community.",15,info@shoppingvantaa.com,+79-899-8374,https://www.shoppingvantaa.com,864 Queen Street,Vantaa,Finland,73004,48.334344,13.882116,9:00-17:00,9:00-17:00,9:00-17:00,9:00-17:00,9:00-17:00,10:00-16:00,Closed,true,true,false,true
Retail Athens,"Quality retail services in Athens, Greece. Professional and reliable business serving the local community.",15,info@retailathens.com,+77-472-7140,https://www.retailathens.com,163 High Street,Athens,Greece,78937,45.640973,-9.136653,9:00-17:00,9:00-17:00,9:00-17:00,9:00-17:00,9:00-17:00,10:00-16:00,Closed,true,true,false,true
Pécs Store,"Quality retail services in Pécs, Hungary. Professional and reliable business serving the local community.",15,info@pécsstore.com,+95-280-3232,https://www.pécsstore.com,322 Main Street,Pécs,Hungary,85953,43.560012,-1.088097,9:00-17:00,9:00-17:00,9:00-17:00,9:00-17:00,9:00-17:00,10:00-16:00,Closed,true,true,false,false
Shopping Cork,"Quality retail services in Cork, Ireland. Professional and reliable business serving the local community.",15,info@shoppingcork.com,+41-962-5554,https://www.shoppingcork.com,423 King Street,Cork,Ireland,86967,49.752369,10.414169,9:00-17:00,9:00-17:00,9:00-17:00,9:00-17:00,9:00-17:00,10:00-16:00,Closed,true,true,false,true
Naples Store,"Quality retail services in Naples, Italy. Professional and reliable business serving the local community.",15,info@naplesstore.com,+46-695-6623,https://www.naplesstore.com,180 Church Street,Naples,Italy,65792,52.556201,-7.051183,9:00-17:00,9:00-17:00,9:00-17:00,9:00-17:00,9:00-17:00,10:00-16:00,Closed,true,true,false,true
Jelgava Store,"Quality retail services in Jelgava, Latvia. Professional and reliable business serving the local community.",15,info@jelgavastore.com,+59-761-7454,https://www.jelgavastore.com,273 High Street,Jelgava,Latvia,51266,67.752307,18.313073,9:00-17:00,9:00-17:00,9:00-17:00,9:00-17:00,9:00-17:00,10:00-16:00,Closed,true,true,false,false
Market Kaunas,"Quality retail services in Kaunas, Lithuania. Professional and reliable business serving the local community.",15,info@marketkaunas.com,+31-905-5376,https://www.marketkaunas.com,748 King Street,Kaunas,Lithuania,33655,62.976454,25.132712,9:00-17:00,9:00-17:00,9:00-17:00,9:00-17:00,9:00-17:00,10:00-16:00,Closed,true,true,false,true
Shop Luxembourg City,"Quality retail services in Luxembourg City, Luxembourg. Professional and reliable business serving the local community.",15,info@shopluxembourgcity.com,+41-904-1451,https://www.shopluxembourgcity.com,120 Church Street,Luxembourg City,Luxembourg,74794,44.948518,0.696887,9:00-17:00,9:00-17:00,9:00-17:00,9:00-17:00,9:00-17:00,10:00-16:00,Closed,true,true,false,false
Market Qormi,"Quality retail services in Qormi, Malta. Professional and reliable business serving the local community.",15,info@marketqormi.com,+59-872-2686,https://www.marketqormi.com,460 Queen Street,Qormi,Malta,16744,41.727824,4.789195,9:00-17:00,9:00-17:00,9:00-17:00,9:00-17:00,9:00-17:00,10:00-16:00,Closed,true,true,false,false
Retail Wrocław,"Quality retail services in Wrocław, Poland. Professional and reliable business serving the local community.",15,info@retailwrocław.com,+96-457-6780,https://www.retailwrocław.com,963 High Street,Wrocław,Poland,96860,54.391404,14.755712,9:00-17:00,9:00-17:00,9:00-17:00,9:00-17:00,9:00-17:00,10:00-16:00,Closed,true,true,false,false
Shopping Timișoara,"Quality retail services in Timișoara, Romania. Professional and reliable business serving the local community.",15,info@shoppingtimișoara.com,+57-461-8958,https://www.shoppingtimișoara.com,487 Main Street,Timișoara,Romania,17654,52.864591,24.290843,9:00-17:00,9:00-17:00,9:00-17:00,9:00-17:00,9:00-17:00,10:00-16:00,Closed,true,true,false,true
Shop Košice,"Quality retail services in Košice, Slovakia. Professional and reliable business serving the local community.",15,info@shopkošice.com,+37-996-3356,https://www.shopkošice.com,96 Queen Street,Košice,Slovakia,50733,60.071462,-6.975982,9:00-17:00,9:00-17:00,9:00-17:00,9:00-17:00,9:00-17:00,10:00-16:00,Closed,true,true,false,true
Maribor Store,"Quality retail services in Maribor, Slovenia. Professional and reliable business serving the local community.",15,info@mariborstore.com,+38-468-6810,https://www.mariborstore.com,556 Main Street,Maribor,Slovenia,60355,68.933005,10.374297,9:00-17:00,9:00-17:00,9:00-17:00,9:00-17:00,9:00-17:00,10:00-16:00,Closed,true,true,false,true
Shop Uppsala,"Quality retail services in Uppsala, Sweden. Professional and reliable business serving the local community.",15,info@shopuppsala.com,+82-319-6321,https://www.shopuppsala.com,740 High Street,Uppsala,Sweden,95126,45.268881,7.590853,9:00-17:00,9:00-17:00,9:00-17:00,9:00-17:00,9:00-17:00,10:00-16:00,Closed,true,true,false,false
Graz Retail,"Quality retail stores services in Graz, Austria. Professional and reliable business serving the local community.",54,info@grazretail.com,+42-801-7007,https://www.grazretail.com,668 Church Street,Graz,Austria,53070,43.906857,24.698519,9:00-17:00,9:00-17:00,9:00-17:00,9:00-17:00,9:00-17:00,10:00-16:00,Closed,true,true,false,true
Market Burgas,"Quality retail stores services in Burgas, Bulgaria. Professional and reliable business serving the local community.",54,info@marketburgas.com,+80-224-9268,https://www.marketburgas.com,749 Queen Street,Burgas,Bulgaria,68276,59.524098,9.784589,9:00-17:00,9:00-17:00,9:00-17:00,9:00-17:00,9:00-17:00,10:00-16:00,Closed,true,true,false,true
Market Rijeka,"Quality retail stores services in Rijeka, Croatia. Professional and reliable business serving the local community.",54,info@marketrijeka.com,+43-345-1000,https://www.marketrijeka.com,124 Queen Street,Rijeka,Croatia,68282,62.697124,10.749115,9:00-17:00,9:00-17:00,9:00-17:00,9:00-17:00,9:00-17:00,10:00-16:00,Closed,true,true,false,false
Outlet Limassol,"Quality retail stores services in Limassol, Cyprus. Professional and reliable business serving the local community.",54,info@outletlimassol.com,+62-590-2673,https://www.outletlimassol.com,155 Church Street,Limassol,Cyprus,66763,65.157592,10.908143,9:00-17:00,9:00-17:00,9:00-17:00,9:00-17:00,9:00-17:00,10:00-16:00,Closed,true,true,false,true
Outlet Liberec,"Quality retail stores services in Liberec, Czech Republic. Professional and reliable business serving the local community.",54,info@outletliberec.com,+70-506-2557,https://www.outletliberec.com,117 High Street,Liberec,Czech Republic,12569,39.343477,0.408558,9:00-17:00,9:00-17:00,9:00-17:00,9:00-17:00,9:00-17:00,10:00-16:00,Closed,true,true,false,false
Copenhagen Retail,"Quality retail stores services in Copenhagen, Denmark. Professional and reliable business serving the local community.",54,info@copenhagenretail.com,+97-298-8750,https://www.copenhagenretail.com,317 Church Street,Copenhagen,Denmark,55559,36.424134,4.307582,9:00-17:00,9:00-17:00,9:00-17:00,9:00-17:00,9:00-17:00,10:00-16:00,Closed,true,true,false,false
Market Kohtla-Järve,"Quality retail stores services in Kohtla-Järve, Estonia. Professional and reliable business serving the local community.",54,info@marketkohtla-järve.com,+82-892-6581,https://www.marketkohtla-järve.com,240 High Street,Kohtla-Järve,Estonia,55697,68.648637,24.880523,9:00-17:00,9:00-17:00,9:00-17:00,9:00-17:00,9:00-17:00,10:00-16:00,Closed,true,true,false,true
Market Vantaa,"Quality retail stores services in Vantaa, Finland. Professional and reliable business serving the local community.",54,info@marketvantaa.com,+62-563-8110,https://www.marketvantaa.com,487 King Street,Vantaa,Finland,19600,56.391824,1.678601,9:00-17:00,9:00-17:00,9:00-17:00,9:00-17:00,9:00-17:00,10:00-16:00,Closed,true,true,false,true
Outlet Thessaloniki,"Quality retail stores services in Thessaloniki, Greece. Professional and reliable business serving the local community.",54,info@outletthessaloniki.com,+34-705-2459,https://www.outletthessaloniki.com,261 Main Street,Thessaloniki,Greece,96724,35.740241,2.177104,9:00-17:00,9:00-17:00,9:00-17:00,9:00-17:00,9:00-17:00,10:00-16:00,Closed,true,true,false,false
Store Debrecen,"Quality retail stores services in Debrecen, Hungary. Professional and reliable business serving the local community.",54,info@storedebrecen.com,+54-153-2235,https://www.storedebrecen.com,112 Queen Street,Debrecen,Hungary,23427,63.224695,-4.92966,9:00-17:00,9:00-17:00,9:00-17:00,9:00-17:00,9:00-17:00,10:00-16:00,Closed,true,true,false,false
Outlet Galway,"Quality retail stores services in Galway, Ireland. Professional and reliable business serving the local community.",54,info@outletgalway.com,+80-921-5587,https://www.outletgalway.com,210 King Street,Galway,Ireland,67379,69.002466,12.040303,9:00-17:00,9:00-17:00,9:00-17:00,9:00-17:00,9:00-17:00,10:00-16:00,Closed,true,true,false,false
Market Naples,"Quality retail stores services in Naples, Italy. Professional and reliable business serving the local community.",54,info@marketnaples.com,+94-874-7771,https://www.marketnaples.com,913 King Street,Naples,Italy,43724,44.194034,-9.508579,9:00-17:00,9:00-17:00,9:00-17:00,9:00-17:00,9:00-17:00,10:00-16:00,Closed,true,true,false,false
Market Riga,"Quality retail stores services in Riga, Latvia. Professional and reliable business serving the local community.",54,info@marketriga.com,+68-145-4753,https://www.marketriga.com,94 Main Street,Riga,Latvia,87103,61.0716,29.468185,9:00-17:00,9:00-17:00,9:00-17:00,9:00-17:00,9:00-17:00,10:00-16:00,Closed,true,true,false,true
Store Kaunas,"Quality retail stores services in Kaunas, Lithuania. Professional and reliable business serving the local community.",54,info@storekaunas.com,+87-866-2623,https://www.storekaunas.com,782 High Street,Kaunas,Lithuania,24325,66.857645,-9.178409,9:00-17:00,9:00-17:00,9:00-17:00,9:00-17:00,9:00-17:00,10:00-16:00,Closed,true,true,false,true
Market Esch-sur-Alzette,"Quality retail stores services in Esch-sur-Alzette, Luxembourg. Professional and reliable business serving the local community.",54,info@marketesch-sur-alzette.com,+93-692-7596,https://www.marketesch-sur-alzette.com,58 King Street,Esch-sur-Alzette,Luxembourg,11183,50.077221,24.339804,9:00-17:00,9:00-17:00,9:00-17:00,9:00-17:00,9:00-17:00,10:00-16:00,Closed,true,true,false,false
Sliema Retail,"Quality retail stores services in Sliema, Malta. Professional and reliable business serving the local community.",54,info@sliemaretail.com,+78-954-7763,https://www.sliemaretail.com,505 Main Street,Sliema,Malta,79967,55.345356,-0.956312,9:00-17:00,9:00-17:00,9:00-17:00,9:00-17:00,9:00-17:00,10:00-16:00,Closed,true,true,false,false
Poznań Retail,"Quality retail stores services in Poznań, Poland. Professional and reliable business serving the local community.",54,info@poznańretail.com,+58-531-3686,https://www.poznańretail.com,133 High Street,Poznań,Poland,51574,49.282212,10.522078,9:00-17:00,9:00-17:00,9:00-17:00,9:00-17:00,9:00-17:00,10:00-16:00,Closed,true,true,false,false
Market Constanța,"Quality retail stores services in Constanța, Romania. Professional and reliable business serving the local community.",54,info@marketconstanța.com,+80-358-4731,https://www.marketconstanța.com,399 Church Street,Constanța,Romania,60275,45.961771,6.131165,9:00-17:00,9:00-17:00,9:00-17:00,9:00-17:00,9:00-17:00,10:00-16:00,Closed,true,true,false,true
Market Bratislava,"Quality retail stores services in Bratislava, Slovakia. Professional and reliable business serving the local community.",54,info@marketbratislava.com,+96-406-5796,https://www.marketbratislava.com,345 High Street,Bratislava,Slovakia,44978,39.446192,0.651027,9:00-17:00,9:00-17:00,9:00-17:00,9:00-17:00,9:00-17:00,10:00-16:00,Closed,true,true,false,false
Store Koper,"Quality retail stores services in Koper, Slovenia. Professional and reliable business serving the local community.",54,info@storekoper.com,+77-600-7265,https://www.storekoper.com,312 Church Street,Koper,Slovenia,35331,52.29732,23.875798,9:00-17:00,9:00-17:00,9:00-17:00,9:00-17:00,9:00-17:00,10:00-16:00,Closed,true,true,false,false
Stockholm Retail,"Quality retail stores services in Stockholm, Sweden. Professional and reliable business serving the local community.",54,info@stockholmretail.com,+79-753-4964,https://www.stockholmretail.com,801 High Street,Stockholm,Sweden,24798,67.517084,2.654368,9:00-17:00,9:00-17:00,9:00-17:00,9:00-17:00,9:00-17:00,10:00-16:00,Closed,true,true,false,true
Study Linz,"Quality schools services in Linz, Austria. Professional and reliable business serving the local community.",31,info@studylinz.com,+70-328-3695,https://www.studylinz.com,604 Main Street,Linz,Austria,79892,38.830547,20.555493,9:00-17:00,9:00-17:00,9:00-17:00,9:00-17:00,9:00-17:00,10:00-16:00,Closed,true,true,false,true
School Burgas,"Quality schools services in Burgas, Bulgaria. Professional and reliable business serving the local community.",31,info@schoolburgas.com,+99-382-5385,https://www.schoolburgas.com,67 Main Street,Burgas,Bulgaria,65849,47.846252,5.452656,9:00-17:00,9:00-17:00,9:00-17:00,9:00-17:00,9:00-17:00,10:00-16:00,Closed,true,true,false,false
Study Split,"Quality schools services in Split, Croatia. Professional and reliable business serving the local community.",31,info@studysplit.com,+79-537-9075,https://www.studysplit.com,569 High Street,Split,Croatia,91299,45.42649,23.828293,9:00-17:00,9:00-17:00,9:00-17:00,9:00-17:00,9:00-17:00,10:00-16:00,Closed,true,true,false,true
Study Larnaca,"Quality schools services in Larnaca, Cyprus. Professional and reliable business serving the local community.",31,info@studylarnaca.com,+68-459-4046,https://www.studylarnaca.com,844 High Street,Larnaca,Cyprus,40747,54.67361,10.069927,9:00-17:00,9:00-17:00,9:00-17:00,9:00-17:00,9:00-17:00,10:00-16:00,Closed,true,true,false,false
Education Brno,"Quality schools services in Brno, Czech Republic. Professional and reliable business serving the local community.",31,info@educationbrno.com,+56-538-8879,https://www.educationbrno.com,42 Church Street,Brno,Czech Republic,33055,65.951777,-9.611466,9:00-17:00,9:00-17:00,9:00-17:00,9:00-17:00,9:00-17:00,10:00-16:00,Closed,true,true,false,false
Copenhagen Academy,"Quality schools services in Copenhagen, Denmark. Professional and reliable business serving the local community.",31,info@copenhagenacademy.com,+70-889-1185,https://www.copenhagenacademy.com,859 King Street,Copenhagen,Denmark,62950,46.165007,3.23584,9:00-17:00,9:00-17:00,9:00-17:00,9:00-17:00,9:00-17:00,10:00-16:00,Closed,true,true,false,true
Pärnu Academy,"Quality schools services in Pärnu, Estonia. Professional and reliable business serving the local community.",31,info@pärnuacademy.com,+94-181-7313,https://www.pärnuacademy.com,559 Church Street,Pärnu,Estonia,28372,56.76661,14.756373,9:00-17:00,9:00-17:00,9:00-17:00,9:00-17:00,9:00-17:00,10:00-16:00,Closed,true,true,false,false
Learn Tampere,"Quality schools services in Tampere, Finland. Professional and reliable business serving the local community.",31,info@learntampere.com,+53-483-2363,https://www.learntampere.com,611 High Street,Tampere,Finland,75704,37.957216,7.418742,9:00-17:00,9:00-17:00,9:00-17:00,9:00-17:00,9:00-17:00,10:00-16:00,Closed,true,true,false,false
School Athens,"Quality schools services in Athens, Greece. Professional and reliable business serving the local community.",31,info@schoolathens.com,+53-292-8552,https://www.schoolathens.com,963 High Street,Athens,Greece,58520,58.361335,13.44124,9:00-17:00,9:00-17:00,9:00-17:00,9:00-17:00,9:00-17:00,10:00-16:00,Closed,true,true,false,false
Learn Miskolc,"Quality schools services in Miskolc, Hungary. Professional and reliable business serving the local community.",31,info@learnmiskolc.com,+31-279-5397,https://www.learnmiskolc.com,757 Main Street,Miskolc,Hungary,94570,56.772966,-1.155768,9:00-17:00,9:00-17:00,9:00-17:00,9:00-17:00,9:00-17:00,10:00-16:00,Closed,true,true,false,false
Study Dublin,"Quality schools services in Dublin, Ireland. Professional and reliable business serving the local community.",31,info@studydublin.com,+61-384-5529,https://www.studydublin.com,564 Queen Street,Dublin,Ireland,68246,66.430239,20.766258,9:00-17:00,9:00-17:00,9:00-17:00,9:00-17:00,9:00-17:00,10:00-16:00,Closed,true,true,false,true
Study Turin,"Quality schools services in Turin, Italy. Professional and reliable business serving the local community.",31,info@studyturin.com,+73-313-9057,https://www.studyturin.com,768 High Street,Turin,Italy,65492,64.537463,-7.225319,9:00-17:00,9:00-17:00,9:00-17:00,9:00-17:00,9:00-17:00,10:00-16:00,Closed,true,true,false,false
Daugavpils Academy,"Quality schools services in Daugavpils, Latvia. Professional and reliable business serving the local community.",31,info@daugavpilsacademy.com,+49-405-5536,https://www.daugavpilsacademy.com,519 King Street,Daugavpils,Latvia,60183,66.56461,-9.897083,9:00-17:00,9:00-17:00,9:00-17:00,9:00-17:00,9:00-17:00,10:00-16:00,Closed,true,true,false,true
Learn Vilnius,"Quality schools services in Vilnius, Lithuania. Professional and reliable business serving the local community.",31,info@learnvilnius.com,+32-719-9868,https://www.learnvilnius.com,278 Main Street,Vilnius,Lithuania,19224,37.063471,-5.797766,9:00-17:00,9:00-17:00,9:00-17:00,9:00-17:00,9:00-17:00,10:00-16:00,Closed,true,true,false,false
Study Luxembourg City,"Quality schools services in Luxembourg City, Luxembourg. Professional and reliable business serving the local community.",31,info@studyluxembourgcity.com,+70-642-8913,https://www.studyluxembourgcity.com,540 High Street,Luxembourg City,Luxembourg,76572,50.997838,10.17902,9:00-17:00,9:00-17:00,9:00-17:00,9:00-17:00,9:00-17:00,10:00-16:00,Closed,true,true,false,true
Study Birkirkara,"Quality schools services in Birkirkara, Malta. Professional and reliable business serving the local community.",31,info@studybirkirkara.com,+79-274-3446,https://www.studybirkirkara.com,741 Church Street,Birkirkara,Malta,17707,68.392138,25.272917,9:00-17:00,9:00-17:00,9:00-17:00,9:00-17:00,9:00-17:00,10:00-16:00,Closed,true,true,false,false
Warsaw Academy,"Quality schools services in Warsaw, Poland. Professional and reliable business serving the local community.",31,info@warsawacademy.com,+90-700-7857,https://www.warsawacademy.com,606 High Street,Warsaw,Poland,63423,48.04784,-4.777323,9:00-17:00,9:00-17:00,9:00-17:00,9:00-17:00,9:00-17:00,10:00-16:00,Closed,true,true,false,true
Study Iași,"Quality schools services in Iași, Romania. Professional and reliable business serving the local community.",31,info@studyiași.com,+67-312-4852,https://www.studyiași.com,812 King Street,Iași,Romania,40722,55.282459,-8.308344,9:00-17:00,9:00-17:00,9:00-17:00,9:00-17:00,9:00-17:00,10:00-16:00,Closed,true,true,false,true
Education Košice,"Quality schools services in Košice, Slovakia. Professional and reliable business serving the local community.",31,info@educationkošice.com,+45-847-8195,https://www.educationkošice.com,937 High Street,Košice,Slovakia,89109,54.398481,6.323692,9:00-17:00,9:00-17:00,9:00-17:00,9:00-17:00,9:00-17:00,10:00-16:00,Closed,true,true,false,false
Kranj Academy,"Quality schools services in Kranj, Slovenia. Professional and reliable business serving the local community.",31,info@kranjacademy.com,+34-165-4172,https://www.kranjacademy.com,241 Church Street,Kranj,Slovenia,57708,36.457185,20.734602,9:00-17:00,9:00-17:00,9:00-17:00,9:00-17:00,9:00-17:00,10:00-16:00,Closed,true,true,false,false
Education Malmö,"Quality schools services in Malmö, Sweden. Professional and reliable business serving the local community.",31,info@educationmalmö.com,+93-351-2166,https://www.educationmalmö.com,589 Main Street,Malmö,Sweden,16104,69.037894,-9.190819,9:00-17:00,9:00-17:00,9:00-17:00,9:00-17:00,9:00-17:00,10:00-16:00,Closed,true,true,false,true
Walk Innsbruck,"Quality shoe stores services in Innsbruck, Austria. Professional and reliable business serving the local community.",21,info@walkinnsbruck.com,+71-728-6520,https://www.walkinnsbruck.com,273 King Street,Innsbruck,Austria,97879,52.401841,24.876753,9:00-17:00,9:00-17:00,9:00-17:00,9:00-17:00,9:00-17:00,10:00-16:00,Closed,true,true,false,true
Footwear Burgas,"Quality shoe stores services in Burgas, Bulgaria. Professional and reliable business serving the local community.",21,info@footwearburgas.com,+95-872-2355,https://www.footwearburgas.com,58 Church Street,Burgas,Bulgaria,32277,60.775624,20.078789,9:00-17:00,9:00-17:00,9:00-17:00,9:00-17:00,9:00-17:00,10:00-16:00,Closed,true,true,false,true
Shoes Osijek,"Quality shoe stores services in Osijek, Croatia. Professional and reliable business serving the local community.",21,info@shoesosijek.com,+51-248-5968,https://www.shoesosijek.com,109 Main Street,Osijek,Croatia,56288,61.160396,29.978965,9:00-17:00,9:00-17:00,9:00-17:00,9:00-17:00,9:00-17:00,10:00-16:00,Closed,true,true,false,true
Paphos Steps,"Quality shoe stores services in Paphos, Cyprus. Professional and reliable business serving the local community.",21,info@paphossteps.com,+40-285-5815,https://www.paphossteps.com,673 Queen Street,Paphos,Cyprus,43198,62.691638,28.058872,9:00-17:00,9:00-17:00,9:00-17:00,9:00-17:00,9:00-17:00,10:00-16:00,Closed,true,true,false,false
Footwear Liberec,"Quality shoe stores services in Liberec, Czech Republic. Professional and reliable business serving the local community.",21,info@footwearliberec.com,+81-309-2228,https://www.footwearliberec.com,325 High Street,Liberec,Czech Republic,25620,66.947601,-3.456692,9:00-17:00,9:00-17:00,9:00-17:00,9:00-17:00,9:00-17:00,10:00-16:00,Closed,true,true,false,false
Footwear Copenhagen,"Quality shoe stores services in Copenhagen, Denmark. Professional and reliable business serving the local community.",21,info@footwearcopenhagen.com,+97-391-5430,https://www.footwearcopenhagen.com,798 Queen Street,Copenhagen,Denmark,53160,62.277434,10.222102,9:00-17:00,9:00-17:00,9:00-17:00,9:00-17:00,9:00-17:00,10:00-16:00,Closed,true,true,false,false
Footwear Kohtla-Järve,"Quality shoe stores services in Kohtla-Järve, Estonia. Professional and reliable business serving the local community.",21,info@footwearkohtla-järve.com,+32-446-5932,https://www.footwearkohtla-järve.com,556 King Street,Kohtla-Järve,Estonia,66745,48.304234,20.62565,9:00-17:00,9:00-17:00,9:00-17:00,9:00-17:00,9:00-17:00,10:00-16:00,Closed,true,true,false,true
Shoes Vantaa,"Quality shoe stores services in Vantaa, Finland. Professional and reliable business serving the local community.",21,info@shoesvantaa.com,+96-124-4919,https://www.shoesvantaa.com,210 Queen Street,Vantaa,Finland,24917,57.855702,21.551374,9:00-17:00,9:00-17:00,9:00-17:00,9:00-17:00,9:00-17:00,10:00-16:00,Closed,true,true,false,true
Sole Heraklion,"Quality shoe stores services in Heraklion, Greece. Professional and reliable business serving the local community.",21,info@soleheraklion.com,+60-577-2169,https://www.soleheraklion.com,401 Queen Street,Heraklion,Greece,76109,62.195246,18.532796,9:00-17:00,9:00-17:00,9:00-17:00,9:00-17:00,9:00-17:00,10:00-16:00,Closed,true,true,false,false
Footwear Miskolc,"Quality shoe stores services in Miskolc, Hungary. Professional and reliable business serving the local community.",21,info@footwearmiskolc.com,+69-543-1410,https://www.footwearmiskolc.com,469 High Street,Miskolc,Hungary,12492,35.113704,3.620969,9:00-17:00,9:00-17:00,9:00-17:00,9:00-17:00,9:00-17:00,10:00-16:00,Closed,true,true,false,true
Shoes Limerick,"Quality shoe stores services in Limerick, Ireland. Professional and reliable business serving the local community.",21,info@shoeslimerick.com,+48-429-9673,https://www.shoeslimerick.com,634 King Street,Limerick,Ireland,49710,45.525691,-5.161368,9:00-17:00,9:00-17:00,9:00-17:00,9:00-17:00,9:00-17:00,10:00-16:00,Closed,true,true,false,true
Sole Milan,"Quality shoe stores services in Milan, Italy. Professional and reliable business serving the local community.",21,info@solemilan.com,+66-414-7987,https://www.solemilan.com,343 Main Street,Milan,Italy,80584,46.10014,-3.377851,9:00-17:00,9:00-17:00,9:00-17:00,9:00-17:00,9:00-17:00,10:00-16:00,Closed,true,true,false,false
Walk Riga,"Quality shoe stores services in Riga, Latvia. Professional and reliable business serving the local community.",21,info@walkriga.com,+51-244-6002,https://www.walkriga.com,90 Church Street,Riga,Latvia,84346,42.330248,-4.860427,9:00-17:00,9:00-17:00,9:00-17:00,9:00-17:00,9:00-17:00,10:00-16:00,Closed,true,true,false,false
Sole Panevėžys,"Quality shoe stores services in Panevėžys, Lithuania. Professional and reliable business serving the local community.",21,info@solepanevėžys.com,+78-515-4723,https://www.solepanevėžys.com,219 Queen Street,Panevėžys,Lithuania,43184,68.71299,10.260889,9:00-17:00,9:00-17:00,9:00-17:00,9:00-17:00,9:00-17:00,10:00-16:00,Closed,true,true,false,false
Footwear Dudelange,"Quality shoe stores services in Dudelange, Luxembourg. Professional and reliable business serving the local community.",21,info@footweardudelange.com,+92-892-2550,https://www.footweardudelange.com,343 Main Street,Dudelange,Luxembourg,39529,58.382892,9.387628,9:00-17:00,9:00-17:00,9:00-17:00,9:00-17:00,9:00-17:00,10:00-16:00,Closed,true,true,false,true
Sole Valletta,"Quality shoe stores services in Valletta, Malta. Professional and reliable business serving the local community.",21,info@solevalletta.com,+98-313-1222,https://www.solevalletta.com,615 King Street,Valletta,Malta,44516,69.555867,16.555876,9:00-17:00,9:00-17:00,9:00-17:00,9:00-17:00,9:00-17:00,10:00-16:00,Closed,true,true,false,false
Shoes Łódź,"Quality shoe stores services in Łódź, Poland. Professional and reliable business serving the local community.",21,info@shoesłódź.com,+86-501-2092,https://www.shoesłódź.com,695 Main Street,Łódź,Poland,69607,67.557403,1.241682,9:00-17:00,9:00-17:00,9:00-17:00,9:00-17:00,9:00-17:00,10:00-16:00,Closed,true,true,false,true
Footwear Iași,"Quality shoe stores services in Iași, Romania. Professional and reliable business serving the local community.",21,info@footweariași.com,+49-965-3941,https://www.footweariași.com,144 Church Street,Iași,Romania,76031,35.144441,-5.419322,9:00-17:00,9:00-17:00,9:00-17:00,9:00-17:00,9:00-17:00,10:00-16:00,Closed,true,true,false,false
Žilina Steps,"Quality shoe stores services in Žilina, Slovakia. Professional and reliable business serving the local community.",21,info@žilinasteps.com,+44-556-3522,https://www.žilinasteps.com,364 Church Street,Žilina,Slovakia,92891,48.672713,13.026873,9:00-17:00,9:00-17:00,9:00-17:00,9:00-17:00,9:00-17:00,10:00-16:00,Closed,true,true,false,true
Shoes Ljubljana,"Quality shoe stores services in Ljubljana, Slovenia. Professional and reliable business serving the local community.",21,info@shoesljubljana.com,+38-818-5343,https://www.shoesljubljana.com,486 High Street,Ljubljana,Slovenia,23123,56.106104,26.006159,9:00-17:00,9:00-17:00,9:00-17:00,9:00-17:00,9:00-17:00,10:00-16:00,Closed,true,true,false,false
Sole Västerås,"Quality shoe stores services in Västerås, Sweden. Professional and reliable business serving the local community.",21,info@solevästerås.com,+84-376-1995,https://www.solevästerås.com,767 High Street,Västerås,Sweden,51630,68.850617,5.42372,9:00-17:00,9:00-17:00,9:00-17:00,9:00-17:00,9:00-17:00,10:00-16:00,Closed,true,true,false,false
Plaza Linz,"Quality shopping centers services in Linz, Austria. Professional and reliable business serving the local community.",52,info@plazalinz.com,+60-664-9677,https://www.plazalinz.com,181 Queen Street,Linz,Austria,62025,57.995058,25.959492,9:00-17:00,9:00-17:00,9:00-17:00,9:00-17:00,9:00-17:00,10:00-16:00,Closed,true,true,false,false
Sofia Center,"Quality shopping centers services in Sofia, Bulgaria. Professional and reliable business serving the local community.",52,info@sofiacenter.com,+64-439-7718,https://www.sofiacenter.com,499 King Street,Sofia,Bulgaria,48993,42.456919,8.185385,9:00-17:00,9:00-17:00,9:00-17:00,9:00-17:00,9:00-17:00,10:00-16:00,Closed,true,true,false,false
Rijeka Center,"Quality shopping centers services in Rijeka, Croatia. Professional and reliable business serving the local community.",52,info@rijekacenter.com,+44-232-7482,https://www.rijekacenter.com,568 Church Street,Rijeka,Croatia,27176,62.194458,29.112401,9:00-17:00,9:00-17:00,9:00-17:00,9:00-17:00,9:00-17:00,10:00-16:00,Closed,true,true,false,false
Limassol Center,"Quality shopping centers services in Limassol, Cyprus. Professional and reliable business serving the local community.",52,info@limassolcenter.com,+94-938-5616,https://www.limassolcenter.com,188 High Street,Limassol,Cyprus,21785,69.090784,8.151874,9:00-17:00,9:00-17:00,9:00-17:00,9:00-17:00,9:00-17:00,10:00-16:00,Closed,true,true,false,false
Ostrava Center,"Quality shopping centers services in Ostrava, Czech Republic. Professional and reliable business serving the local community.",52,info@ostravacenter.com,+72-236-2228,https://www.ostravacenter.com,258 High Street,Ostrava,Czech Republic,62571,46.456043,1.248765,9:00-17:00,9:00-17:00,9:00-17:00,9:00-17:00,9:00-17:00,10:00-16:00,Closed,true,true,false,false
Plaza Esbjerg,"Quality shopping centers services in Esbjerg, Denmark. Professional and reliable business serving the local community.",52,info@plazaesbjerg.com,+57-390-2744,https://www.plazaesbjerg.com,616 Church Street,Esbjerg,Denmark,46709,50.887132,5.745425,9:00-17:00,9:00-17:00,9:00-17:00,9:00-17:00,9:00-17:00,10:00-16:00,Closed,true,true,false,false
Tallinn Center,"Quality shopping centers services in Tallinn, Estonia. Professional and reliable business serving the local community.",52,info@tallinncenter.com,+52-412-3273,https://www.tallinncenter.com,213 Church Street,Tallinn,Estonia,73317,44.301675,-9.378154,9:00-17:00,9:00-17:00,9:00-17:00,9:00-17:00,9:00-17:00,10:00-16:00,Closed,true,true,false,true
Plaza Helsinki,"Quality shopping centers services in Helsinki, Finland. Professional and reliable business serving the local community.",52,info@plazahelsinki.com,+60-452-7825,https://www.plazahelsinki.com,645 King Street,Helsinki,Finland,60535,62.551099,12.750469,9:00-17:00,9:00-17:00,9:00-17:00,9:00-17:00,9:00-17:00,10:00-16:00,Closed,true,true,false,true
Heraklion Center,"Quality shopping centers services in Heraklion, Greece. Professional and reliable business serving the local community.",52,info@heraklioncenter.com,+70-215-4576,https://www.heraklioncenter.com,32 King Street,Heraklion,Greece,16721,49.568349,8.394391,9:00-17:00,9:00-17:00,9:00-17:00,9:00-17:00,9:00-17:00,10:00-16:00,Closed,true,true,false,false
Plaza Budapest,"Quality shopping centers services in Budapest, Hungary. Professional and reliable business serving the local community.",52,info@plazabudapest.com,+98-949-1286,https://www.plazabudapest.com,594 Queen Street,Budapest,Hungary,43461,43.347278,24.10649,9:00-17:00,9:00-17:00,9:00-17:00,9:00-17:00,9:00-17:00,10:00-16:00,Closed,true,true,false,true
Plaza Galway,"Quality shopping centers services in Galway, Ireland. Professional and reliable business serving the local community.",52,info@plazagalway.com,+70-625-2475,https://www.plazagalway.com,352 High Street,Galway,Ireland,36332,50.296933,29.758365,9:00-17:00,9:00-17:00,9:00-17:00,9:00-17:00,9:00-17:00,10:00-16:00,Closed,true,true,false,true
Market Naples,"Quality shopping centers services in Naples, Italy. Professional and reliable business serving the local community.",52,info@marketnaples.com,+72-720-3676,https://www.marketnaples.com,970 Main Street,Naples,Italy,54019,51.03161,7.299953,9:00-17:00,9:00-17:00,9:00-17:00,9:00-17:00,9:00-17:00,10:00-16:00,Closed,true,true,false,false
Liepāja Center,"Quality shopping centers services in Liepāja, Latvia. Professional and reliable business serving the local community.",52,info@liepājacenter.com,+53-347-9587,https://www.liepājacenter.com,51 King Street,Liepāja,Latvia,86145,51.392902,9.481433,9:00-17:00,9:00-17:00,9:00-17:00,9:00-17:00,9:00-17:00,10:00-16:00,Closed,true,true,false,true
Mall Panevėžys,"Quality shopping centers services in Panevėžys, Lithuania. Professional and reliable business serving the local community.",52,info@mallpanevėžys.com,+81-680-7124,https://www.mallpanevėžys.com,599 High Street,Panevėžys,Lithuania,76840,48.92472,11.405582,9:00-17:00,9:00-17:00,9:00-17:00,9:00-17:00,9:00-17:00,10:00-16:00,Closed,true,true,false,false
Luxembourg City Center,"Quality shopping centers services in Luxembourg City, Luxembourg. Professional and reliable business serving the local community.",52,info@luxembourgcitycenter.com,+36-916-3923,https://www.luxembourgcitycenter.com,878 Queen Street,Luxembourg City,Luxembourg,74225,57.317672,-2.153913,9:00-17:00,9:00-17:00,9:00-17:00,9:00-17:00,9:00-17:00,10:00-16:00,Closed,true,true,false,false
Mall Birkirkara,"Quality shopping centers services in Birkirkara, Malta. Professional and reliable business serving the local community.",52,info@mallbirkirkara.com,+42-761-6173,https://www.mallbirkirkara.com,876 Main Street,Birkirkara,Malta,57314,69.330689,3.417041,9:00-17:00,9:00-17:00,9:00-17:00,9:00-17:00,9:00-17:00,10:00-16:00,Closed,true,true,false,false
Warsaw Center,"Quality shopping centers services in Warsaw, Poland. Professional and reliable business serving the local community.",52,info@warsawcenter.com,+46-249-8946,https://www.warsawcenter.com,623 King Street,Warsaw,Poland,20695,50.859903,17.550925,9:00-17:00,9:00-17:00,9:00-17:00,9:00-17:00,9:00-17:00,10:00-16:00,Closed,true,true,false,true
Market Cluj-Napoca,"Quality shopping centers services in Cluj-Napoca, Romania. Professional and reliable business serving the local community.",52,info@marketcluj-napoca.com,+35-286-3507,https://www.marketcluj-napoca.com,584 Church Street,Cluj-Napoca,Romania,59749,59.281409,-8.819171,9:00-17:00,9:00-17:00,9:00-17:00,9:00-17:00,9:00-17:00,10:00-16:00,Closed,true,true,false,false
Mall Bratislava,"Quality shopping centers services in Bratislava, Slovakia. Professional and reliable business serving the local community.",52,info@mallbratislava.com,+91-963-5889,https://www.mallbratislava.com,749 Main Street,Bratislava,Slovakia,64402,40.392724,-0.169818,9:00-17:00,9:00-17:00,9:00-17:00,9:00-17:00,9:00-17:00,10:00-16:00,Closed,true,true,false,true
Koper Center,"Quality shopping centers services in Koper, Slovenia. Professional and reliable business serving the local community.",52,info@kopercenter.com,+99-824-1970,https://www.kopercenter.com,168 Church Street,Koper,Slovenia,27332,63.718359,4.746917,9:00-17:00,9:00-17:00,9:00-17:00,9:00-17:00,9:00-17:00,10:00-16:00,Closed,true,true,false,false
Plaza Malmö,"Quality shopping centers services in Malmö, Sweden. Professional and reliable business serving the local community.",52,info@plazamalmö.com,+41-884-7406,https://www.plazamalmö.com,523 Church Street,Malmö,Sweden,14588,65.946057,0.257008,9:00-17:00,9:00-17:00,9:00-17:00,9:00-17:00,9:00-17:00,10:00-16:00,Closed,true,true,false,true
Vienna Wellness,"Quality spas services in Vienna, Austria. Professional and reliable business serving the local community.",11,info@viennawellness.com,+73-501-6199,https://www.viennawellness.com,14 High Street,Vienna,Austria,63701,61.165554,-1.100271,9:00-17:00,9:00-17:00,9:00-17:00,9:00-17:00,9:00-17:00,10:00-16:00,Closed,true,true,false,false
Ruse Wellness,"Quality spas services in Ruse, Bulgaria. Professional and reliable business serving the local community.",11,info@rusewellness.com,+69-920-1387,https://www.rusewellness.com,351 Queen Street,Ruse,Bulgaria,34910,38.687544,16.625139,9:00-17:00,9:00-17:00,9:00-17:00,9:00-17:00,9:00-17:00,10:00-16:00,Closed,true,true,false,false
Serenity Split,"Quality spas services in Split, Croatia. Professional and reliable business serving the local community.",11,info@serenitysplit.com,+80-292-3903,https://www.serenitysplit.com,584 High Street,Split,Croatia,67285,66.89576,1.073451,9:00-17:00,9:00-17:00,9:00-17:00,9:00-17:00,9:00-17:00,10:00-16:00,Closed,true,true,false,true
Spa Nicosia,"Quality spas services in Nicosia, Cyprus. Professional and reliable business serving the local community.",11,info@spanicosia.com,+74-494-5003,https://www.spanicosia.com,717 Main Street,Nicosia,Cyprus,23619,54.102583,2.502106,9:00-17:00,9:00-17:00,9:00-17:00,9:00-17:00,9:00-17:00,10:00-16:00,Closed,true,true,false,true
Relax Ostrava,"Quality spas services in Ostrava, Czech Republic. Professional and reliable business serving the local community.",11,info@relaxostrava.com,+80-988-6765,https://www.relaxostrava.com,250 Queen Street,Ostrava,Czech Republic,31600,45.522683,-1.597549,9:00-17:00,9:00-17:00,9:00-17:00,9:00-17:00,9:00-17:00,10:00-16:00,Closed,true,true,false,true
Serenity Aarhus,"Quality spas services in Aarhus, Denmark. Professional and reliable business serving the local community.",11,info@serenityaarhus.com,+37-270-8999,https://www.serenityaarhus.com,254 Church Street,Aarhus,Denmark,59584,42.701857,13.636334,9:00-17:00,9:00-17:00,9:00-17:00,9:00-17:00,9:00-17:00,10:00-16:00,Closed,true,true,false,false
Tartu Wellness,"Quality spas services in Tartu, Estonia. Professional and reliable business serving the local community.",11,info@tartuwellness.com,+76-527-6644,https://www.tartuwellness.com,542 Queen Street,Tartu,Estonia,19288,66.041057,14.552484,9:00-17:00,9:00-17:00,9:00-17:00,9:00-17:00,9:00-17:00,10:00-16:00,Closed,true,true,false,false
Bliss Oulu,"Quality spas services in Oulu, Finland. Professional and reliable business serving the local community.",11,info@blissoulu.com,+97-258-1227,https://www.blissoulu.com,475 Church Street,Oulu,Finland,91859,66.841027,-4.767496,9:00-17:00,9:00-17:00,9:00-17:00,9:00-17:00,9:00-17:00,10:00-16:00,Closed,true,true,false,true
Serenity Heraklion,"Quality spas services in Heraklion, Greece. Professional and reliable business serving the local community.",11,info@serenityheraklion.com,+44-238-2661,https://www.serenityheraklion.com,896 King Street,Heraklion,Greece,70424,68.815452,-1.686074,9:00-17:00,9:00-17:00,9:00-17:00,9:00-17:00,9:00-17:00,10:00-16:00,Closed,true,true,false,true
Serenity Szeged,"Quality spas services in Szeged, Hungary. Professional and reliable business serving the local community.",11,info@serenityszeged.com,+73-761-7117,https://www.serenityszeged.com,735 Main Street,Szeged,Hungary,29048,54.346682,2.107376,9:00-17:00,9:00-17:00,9:00-17:00,9:00-17:00,9:00-17:00,10:00-16:00,Closed,true,true,false,true
Spa Dublin,"Quality spas services in Dublin, Ireland. Professional and reliable business serving the local community.",11,info@spadublin.com,+54-753-6725,https://www.spadublin.com,745 Main Street,Dublin,Ireland,31234,59.633776,7.239269,9:00-17:00,9:00-17:00,9:00-17:00,9:00-17:00,9:00-17:00,10:00-16:00,Closed,true,true,false,true
Serenity Palermo,"Quality spas services in Palermo, Italy. Professional and reliable business serving the local community.",11,info@serenitypalermo.com,+34-117-4569,https://www.serenitypalermo.com,27 Queen Street,Palermo,Italy,97103,35.953586,-1.201778,9:00-17:00,9:00-17:00,9:00-17:00,9:00-17:00,9:00-17:00,10:00-16:00,Closed,true,true,false,false
Relax Daugavpils,"Quality spas services in Daugavpils, Latvia. Professional and reliable business serving the local community.",11,info@relaxdaugavpils.com,+57-721-7903,https://www.relaxdaugavpils.com,974 Queen Street,Daugavpils,Latvia,64954,46.16658,-4.03907,9:00-17:00,9:00-17:00,9:00-17:00,9:00-17:00,9:00-17:00,10:00-16:00,Closed,true,true,false,true
Spa Kaunas,"Quality spas services in Kaunas, Lithuania. Professional and reliable business serving the local community.",11,info@spakaunas.com,+67-860-7711,https://www.spakaunas.com,837 Church Street,Kaunas,Lithuania,79238,41.848352,14.504112,9:00-17:00,9:00-17:00,9:00-17:00,9:00-17:00,9:00-17:00,10:00-16:00,Closed,true,true,false,true
Serenity Luxembourg City,"Quality spas services in Luxembourg City, Luxembourg. Professional and reliable business serving the local community.",11,info@serenityluxembourgcity.com,+42-909-4481,https://www.serenityluxembourgcity.com,195 High Street,Luxembourg City,Luxembourg,76494,65.722284,20.271286,9:00-17:00,9:00-17:00,9:00-17:00,9:00-17:00,9:00-17:00,10:00-16:00,Closed,true,true,false,true
Serenity St. Julian's,"Quality spas services in St. Julian's, Malta. Professional and reliable business serving the local community.",11,info@serenityst.julian's.com,+54-874-2465,https://www.serenityst.julian's.com,79 High Street,St. Julian's,Malta,69475,47.04726,-8.496692,9:00-17:00,9:00-17:00,9:00-17:00,9:00-17:00,9:00-17:00,10:00-16:00,Closed,true,true,false,true
Wrocław Wellness,"Quality spas services in Wrocław, Poland. Professional and reliable business serving the local community.",11,info@wrocławwellness.com,+94-344-7510,https://www.wrocławwellness.com,725 King Street,Wrocław,Poland,92249,44.230138,8.102813,9:00-17:00,9:00-17:00,9:00-17:00,9:00-17:00,9:00-17:00,10:00-16:00,Closed,true,true,false,true
Spa Timișoara,"Quality spas services in Timișoara, Romania. Professional and reliable business serving the local community.",11,info@spatimișoara.com,+37-468-6142,https://www.spatimișoara.com,366 King Street,Timișoara,Romania,49624,40.021681,22.435206,9:00-17:00,9:00-17:00,9:00-17:00,9:00-17:00,9:00-17:00,10:00-16:00,Closed,true,true,false,false
Serenity Bratislava,"Quality spas services in Bratislava, Slovakia. Professional and reliable business serving the local community.",11,info@serenitybratislava.com,+98-275-9856,https://www.serenitybratislava.com,416 Church Street,Bratislava,Slovakia,10357,55.363121,15.666428,9:00-17:00,9:00-17:00,9:00-17:00,9:00-17:00,9:00-17:00,10:00-16:00,Closed,true,true,false,false
Bliss Ljubljana,"Quality spas services in Ljubljana, Slovenia. Professional and reliable business serving the local community.",11,info@blissljubljana.com,+67-119-2062,https://www.blissljubljana.com,627 Queen Street,Ljubljana,Slovenia,20390,69.368932,6.111788,9:00-17:00,9:00-17:00,9:00-17:00,9:00-17:00,9:00-17:00,10:00-16:00,Closed,true,true,false,true
Serenity Gothenburg,"Quality spas services in Gothenburg, Sweden. Professional and reliable business serving the local community.",11,info@serenitygothenburg.com,+69-728-9720,https://www.serenitygothenburg.com,785 Church Street,Gothenburg,Sweden,50920,41.983053,13.118911,9:00-17:00,9:00-17:00,9:00-17:00,9:00-17:00,9:00-17:00,10:00-16:00,Closed,true,true,false,false
Fresh Linz,"Quality supermarkets services in Linz, Austria. Professional and reliable business serving the local community.",37,info@freshlinz.com,+99-551-3413,https://www.freshlinz.com,896 Church Street,Linz,Austria,56715,36.15556,12.754476,9:00-17:00,9:00-17:00,9:00-17:00,9:00-17:00,9:00-17:00,10:00-16:00,Closed,true,true,false,true
Super Plovdiv,"Quality supermarkets services in Plovdiv, Bulgaria. Professional and reliable business serving the local community.",37,info@superplovdiv.com,+67-229-5481,https://www.superplovdiv.com,611 King Street,Plovdiv,Bulgaria,42584,67.833651,-5.304559,9:00-17:00,9:00-17:00,9:00-17:00,9:00-17:00,9:00-17:00,10:00-16:00,Closed,true,true,false,false
Split Mart,"Quality supermarkets services in Split, Croatia. Professional and reliable business serving the local community.",37,info@splitmart.com,+72-934-8502,https://www.splitmart.com,968 High Street,Split,Croatia,20424,68.013958,12.833876,9:00-17:00,9:00-17:00,9:00-17:00,9:00-17:00,9:00-17:00,10:00-16:00,Closed,true,true,false,true
Super Paphos,"Quality supermarkets services in Paphos, Cyprus. Professional and reliable business serving the local community.",37,info@superpaphos.com,+76-404-2362,https://www.superpaphos.com,159 High Street,Paphos,Cyprus,92284,69.771233,15.379512,9:00-17:00,9:00-17:00,9:00-17:00,9:00-17:00,9:00-17:00,10:00-16:00,Closed,true,true,false,true
Fresh Prague,"Quality supermarkets services in Prague, Czech Republic. Professional and reliable business serving the local community.",37,info@freshprague.com,+42-124-4229,https://www.freshprague.com,745 Main Street,Prague,Czech Republic,30865,69.905833,24.317886,9:00-17:00,9:00-17:00,9:00-17:00,9:00-17:00,9:00-17:00,10:00-16:00,Closed,true,true,false,false
Fresh Aalborg,"Quality supermarkets services in Aalborg, Denmark. Professional and reliable business serving the local community.",37,info@freshaalborg.com,+63-658-9283,https://www.freshaalborg.com,777 High Street,Aalborg,Denmark,93937,64.969849,-2.819065,9:00-17:00,9:00-17:00,9:00-17:00,9:00-17:00,9:00-17:00,10:00-16:00,Closed,true,true,false,false
Kohtla-Järve Mart,"Quality supermarkets services in Kohtla-Järve, Estonia. Professional and reliable business serving the local community.",37,info@kohtla-järvemart.com,+69-411-1875,https://www.kohtla-järvemart.com,282 Main Street,Kohtla-Järve,Estonia,59127,64.586104,-1.450691,9:00-17:00,9:00-17:00,9:00-17:00,9:00-17:00,9:00-17:00,10:00-16:00,Closed,true,true,false,false
Daily Vantaa,"Quality supermarkets services in Vantaa, Finland. Professional and reliable business serving the local community.",37,info@dailyvantaa.com,+65-715-7252,https://www.dailyvantaa.com,144 Church Street,Vantaa,Finland,52478,40.593447,18.588623,9:00-17:00,9:00-17:00,9:00-17:00,9:00-17:00,9:00-17:00,10:00-16:00,Closed,true,true,false,true
Market Patras,"Quality supermarkets services in Patras, Greece. Professional and reliable business serving the local community.",37,info@marketpatras.com,+41-654-8017,https://www.marketpatras.com,532 Main Street,Patras,Greece,28406,42.020205,9.948291,9:00-17:00,9:00-17:00,9:00-17:00,9:00-17:00,9:00-17:00,10:00-16:00,Closed,true,true,false,false
Miskolc Mart,"Quality supermarkets services in Miskolc, Hungary. Professional and reliable business serving the local community.",37,info@miskolcmart.com,+80-298-3354,https://www.miskolcmart.com,789 Queen Street,Miskolc,Hungary,90448,69.602276,7.525097,9:00-17:00,9:00-17:00,9:00-17:00,9:00-17:00,9:00-17:00,10:00-16:00,Closed,true,true,false,true
Daily Cork,"Quality supermarkets services in Cork, Ireland. Professional and reliable business serving the local community.",37,info@dailycork.com,+96-139-3994,https://www.dailycork.com,500 Church Street,Cork,Ireland,55988,61.825106,19.849537,9:00-17:00,9:00-17:00,9:00-17:00,9:00-17:00,9:00-17:00,10:00-16:00,Closed,true,true,false,false
Milan Mart,"Quality supermarkets services in Milan, Italy. Professional and reliable business serving the local community.",37,info@milanmart.com,+63-987-4781,https://www.milanmart.com,79 Church Street,Milan,Italy,24939,43.852481,-1.14995,9:00-17:00,9:00-17:00,9:00-17:00,9:00-17:00,9:00-17:00,10:00-16:00,Closed,true,true,false,false
Liepāja Mart,"Quality supermarkets services in Liepāja, Latvia. Professional and reliable business serving the local community.",37,info@liepājamart.com,+81-494-1119,https://www.liepājamart.com,685 Main Street,Liepāja,Latvia,60397,49.300249,1.490765,9:00-17:00,9:00-17:00,9:00-17:00,9:00-17:00,9:00-17:00,10:00-16:00,Closed,true,true,false,true
Market Vilnius,"Quality supermarkets services in Vilnius, Lithuania. Professional and reliable business serving the local community.",37,info@marketvilnius.com,+37-424-8455,https://www.marketvilnius.com,175 Main Street,Vilnius,Lithuania,76698,42.374893,-3.442091,9:00-17:00,9:00-17:00,9:00-17:00,9:00-17:00,9:00-17:00,10:00-16:00,Closed,true,true,false,true
Fresh Differdange,"Quality supermarkets services in Differdange, Luxembourg. Professional and reliable business serving the local community.",37,info@freshdifferdange.com,+64-508-2781,https://www.freshdifferdange.com,148 High Street,Differdange,Luxembourg,93890,66.514689,2.509536,9:00-17:00,9:00-17:00,9:00-17:00,9:00-17:00,9:00-17:00,10:00-16:00,Closed,true,true,false,false
Qormi Mart,"Quality supermarkets services in Qormi, Malta. Professional and reliable business serving the local community.",37,info@qormimart.com,+86-789-1106,https://www.qormimart.com,854 King Street,Qormi,Malta,26811,41.39191,5.34884,9:00-17:00,9:00-17:00,9:00-17:00,9:00-17:00,9:00-17:00,10:00-16:00,Closed,true,true,false,false
Market Kraków,"Quality supermarkets services in Kraków, Poland. Professional and reliable business serving the local community.",37,info@marketkraków.com,+80-622-8763,https://www.marketkraków.com,601 Church Street,Kraków,Poland,34240,38.521862,0.225011,9:00-17:00,9:00-17:00,9:00-17:00,9:00-17:00,9:00-17:00,10:00-16:00,Closed,true,true,false,false
Fresh Bucharest,"Quality supermarkets services in Bucharest, Romania. Professional and reliable business serving the local community.",37,info@freshbucharest.com,+41-348-6566,https://www.freshbucharest.com,491 Queen Street,Bucharest,Romania,68074,44.309725,24.875812,9:00-17:00,9:00-17:00,9:00-17:00,9:00-17:00,9:00-17:00,10:00-16:00,Closed,true,true,false,true
Žilina Mart,"Quality supermarkets services in Žilina, Slovakia. Professional and reliable business serving the local community.",37,info@žilinamart.com,+75-205-3877,https://www.žilinamart.com,518 Church Street,Žilina,Slovakia,54371,64.514723,17.637657,9:00-17:00,9:00-17:00,9:00-17:00,9:00-17:00,9:00-17:00,10:00-16:00,Closed,true,true,false,false
Daily Koper,"Quality supermarkets services in Koper, Slovenia. Professional and reliable business serving the local community.",37,info@dailykoper.com,+44-451-6771,https://www.dailykoper.com,472 High Street,Koper,Slovenia,57036,46.413547,28.269727,9:00-17:00,9:00-17:00,9:00-17:00,9:00-17:00,9:00-17:00,10:00-16:00,Closed,true,true,false,true
Daily Uppsala,"Quality supermarkets services in Uppsala, Sweden. Professional and reliable business serving the local community.",37,info@dailyuppsala.com,+56-603-6442,https://www.dailyuppsala.com,872 Main Street,Uppsala,Sweden,52765,48.539864,-7.742033,9:00-17:00,9:00-17:00,9:00-17:00,9:00-17:00,9:00-17:00,10:00-16:00,Closed,true,true,false,false
Tourism Salzburg,"Quality tourism services in Salzburg, Austria. Professional and reliable business serving the local community.",57,info@tourismsalzburg.com,+62-945-5143,https://www.tourismsalzburg.com,730 King Street,Salzburg,Austria,98333,54.022964,10.089052,9:00-17:00,9:00-17:00,9:00-17:00,9:00-17:00,9:00-17:00,10:00-16:00,Closed,true,true,false,true
Explore Plovdiv,"Quality tourism services in Plovdiv, Bulgaria. Professional and reliable business serving the local community.",57,info@exploreplovdiv.com,+88-673-5183,https://www.exploreplovdiv.com,298 Queen Street,Plovdiv,Bulgaria,39073,41.596745,-3.361771,9:00-17:00,9:00-17:00,9:00-17:00,9:00-17:00,9:00-17:00,10:00-16:00,Closed,true,true,false,false
Travel Rijeka,"Quality tourism services in Rijeka, Croatia. Professional and reliable business serving the local community.",57,info@travelrijeka.com,+74-950-6731,https://www.travelrijeka.com,630 Main Street,Rijeka,Croatia,37438,56.223194,13.003063,9:00-17:00,9:00-17:00,9:00-17:00,9:00-17:00,9:00-17:00,10:00-16:00,Closed,true,true,false,true
Visit Paphos,"Quality tourism services in Paphos, Cyprus. Professional and reliable business serving the local community.",57,info@visitpaphos.com,+39-519-3775,https://www.visitpaphos.com,83 Queen Street,Paphos,Cyprus,67187,63.72026,-0.211962,9:00-17:00,9:00-17:00,9:00-17:00,9:00-17:00,9:00-17:00,10:00-16:00,Closed,true,true,false,false
Visit Liberec,"Quality tourism services in Liberec, Czech Republic. Professional and reliable business serving the local community.",57,info@visitliberec.com,+84-383-4968,https://www.visitliberec.com,138 Church Street,Liberec,Czech Republic,29674,35.992862,10.54105,9:00-17:00,9:00-17:00,9:00-17:00,9:00-17:00,9:00-17:00,10:00-16:00,Closed,true,true,false,true
Explore Copenhagen,"Quality tourism services in Copenhagen, Denmark. Professional and reliable business serving the local community.",57,info@explorecopenhagen.com,+67-693-4554,https://www.explorecopenhagen.com,948 Main Street,Copenhagen,Denmark,59049,59.618142,29.294777,9:00-17:00,9:00-17:00,9:00-17:00,9:00-17:00,9:00-17:00,10:00-16:00,Closed,true,true,false,false
Explore Tallinn,"Quality tourism services in Tallinn, Estonia. Professional and reliable business serving the local community.",57,info@exploretallinn.com,+62-366-7563,https://www.exploretallinn.com,971 High Street,Tallinn,Estonia,59753,68.771233,29.44217,9:00-17:00,9:00-17:00,9:00-17:00,9:00-17:00,9:00-17:00,10:00-16:00,Closed,true,true,false,false
Explore Espoo,"Quality tourism services in Espoo, Finland. Professional and reliable business serving the local community.",57,info@exploreespoo.com,+71-367-2436,https://www.exploreespoo.com,802 Queen Street,Espoo,Finland,71533,58.287198,7.903456,9:00-17:00,9:00-17:00,9:00-17:00,9:00-17:00,9:00-17:00,10:00-16:00,Closed,true,true,false,true
Tourism Patras,"Quality tourism services in Patras, Greece. Professional and reliable business serving the local community.",57,info@tourismpatras.com,+87-893-6708,https://www.tourismpatras.com,186 Main Street,Patras,Greece,68219,43.379036,-2.588085,9:00-17:00,9:00-17:00,9:00-17:00,9:00-17:00,9:00-17:00,10:00-16:00,Closed,true,true,false,false
Visit Szeged,"Quality tourism services in Szeged, Hungary. Professional and reliable business serving the local community.",57,info@visitszeged.com,+95-432-5436,https://www.visitszeged.com,259 High Street,Szeged,Hungary,95501,55.751136,18.701558,9:00-17:00,9:00-17:00,9:00-17:00,9:00-17:00,9:00-17:00,10:00-16:00,Closed,true,true,false,true
Galway Tours,"Quality tourism services in Galway, Ireland. Professional and reliable business serving the local community.",57,info@galwaytours.com,+39-791-3669,https://www.galwaytours.com,12 Main Street,Galway,Ireland,53556,52.232823,11.106511,9:00-17:00,9:00-17:00,9:00-17:00,9:00-17:00,9:00-17:00,10:00-16:00,Closed,true,true,false,false
Tourism Milan,"Quality tourism services in Milan, Italy. Professional and reliable business serving the local community.",57,info@tourismmilan.com,+63-667-2622,https://www.tourismmilan.com,39 High Street,Milan,Italy,83778,69.849751,21.114855,9:00-17:00,9:00-17:00,9:00-17:00,9:00-17:00,9:00-17:00,10:00-16:00,Closed,true,true,false,false
Explore Jelgava,"Quality tourism services in Jelgava, Latvia. Professional and reliable business serving the local community.",57,info@explorejelgava.com,+30-720-1118,https://www.explorejelgava.com,921 Church Street,Jelgava,Latvia,15484,49.741711,23.550006,9:00-17:00,9:00-17:00,9:00-17:00,9:00-17:00,9:00-17:00,10:00-16:00,Closed,true,true,false,true
Travel Šiauliai,"Quality tourism services in Šiauliai, Lithuania. Professional and reliable business serving the local community.",57,info@travelšiauliai.com,+58-312-9281,https://www.travelšiauliai.com,581 High Street,Šiauliai,Lithuania,46775,36.918717,29.658733,9:00-17:00,9:00-17:00,9:00-17:00,9:00-17:00,9:00-17:00,10:00-16:00,Closed,true,true,false,false
Visit Luxembourg City,"Quality tourism services in Luxembourg City, Luxembourg. Professional and reliable business serving the local community.",57,info@visitluxembourgcity.com,+94-690-8755,https://www.visitluxembourgcity.com,24 Queen Street,Luxembourg City,Luxembourg,65596,36.577906,17.011175,9:00-17:00,9:00-17:00,9:00-17:00,9:00-17:00,9:00-17:00,10:00-16:00,Closed,true,true,false,true
Travel Birkirkara,"Quality tourism services in Birkirkara, Malta. Professional and reliable business serving the local community.",57,info@travelbirkirkara.com,+71-988-5295,https://www.travelbirkirkara.com,80 Queen Street,Birkirkara,Malta,61744,47.96026,27.665573,9:00-17:00,9:00-17:00,9:00-17:00,9:00-17:00,9:00-17:00,10:00-16:00,Closed,true,true,false,true
Travel Łódź,"Quality tourism services in Łódź, Poland. Professional and reliable business serving the local community.",57,info@travelłódź.com,+98-143-4985,https://www.travelłódź.com,373 Main Street,Łódź,Poland,35934,50.811396,14.878935,9:00-17:00,9:00-17:00,9:00-17:00,9:00-17:00,9:00-17:00,10:00-16:00,Closed,true,true,false,false
Explore Cluj-Napoca,"Quality tourism services in Cluj-Napoca, Romania. Professional and reliable business serving the local community.",57,info@explorecluj-napoca.com,+95-748-5866,https://www.explorecluj-napoca.com,310 High Street,Cluj-Napoca,Romania,78545,62.89563,12.144184,9:00-17:00,9:00-17:00,9:00-17:00,9:00-17:00,9:00-17:00,10:00-16:00,Closed,true,true,false,false
Explore Žilina,"Quality tourism services in Žilina, Slovakia. Professional and reliable business serving the local community.",57,info@explorežilina.com,+31-546-5244,https://www.explorežilina.com,384 Main Street,Žilina,Slovakia,82422,43.563948,0.807448,9:00-17:00,9:00-17:00,9:00-17:00,9:00-17:00,9:00-17:00,10:00-16:00,Closed,true,true,false,false
Visit Koper,"Quality tourism services in Koper, Slovenia. Professional and reliable business serving the local community.",57,info@visitkoper.com,+54-154-3019,https://www.visitkoper.com,862 Main Street,Koper,Slovenia,51106,62.974551,12.316641,9:00-17:00,9:00-17:00,9:00-17:00,9:00-17:00,9:00-17:00,10:00-16:00,Closed,true,true,false,true
Tourism Västerås,"Quality tourism services in Västerås, Sweden. Professional and reliable business serving the local community.",57,info@tourismvästerås.com,+50-258-8646,https://www.tourismvästerås.com,963 Church Street,Västerås,Sweden,63169,66.16094,-6.851132,9:00-17:00,9:00-17:00,9:00-17:00,9:00-17:00,9:00-17:00,10:00-16:00,Closed,true,true,false,true
Attraction Graz,"Quality tourist attractions services in Graz, Austria. Professional and reliable business serving the local community.",46,info@attractiongraz.com,+82-159-9050,https://www.attractiongraz.com,31 Church Street,Graz,Austria,72302,64.726109,19.251432,9:00-17:00,9:00-17:00,9:00-17:00,9:00-17:00,9:00-17:00,10:00-16:00,Closed,true,true,false,false
Experience Varna,"Quality tourist attractions services in Varna, Bulgaria. Professional and reliable business serving the local community.",46,info@experiencevarna.com,+48-191-2391,https://www.experiencevarna.com,902 High Street,Varna,Bulgaria,57033,50.869938,23.780484,9:00-17:00,9:00-17:00,9:00-17:00,9:00-17:00,9:00-17:00,10:00-16:00,Closed,true,true,false,true
Osijek Tours,"Quality tourist attractions services in Osijek, Croatia. Professional and reliable business serving the local community.",46,info@osijektours.com,+77-271-1648,https://www.osijektours.com,411 King Street,Osijek,Croatia,41749,52.839201,7.849777,9:00-17:00,9:00-17:00,9:00-17:00,9:00-17:00,9:00-17:00,10:00-16:00,Closed,true,true,false,true
Visit Nicosia,"Quality tourist attractions services in Nicosia, Cyprus. Professional and reliable business serving the local community.",46,info@visitnicosia.com,+86-167-2270,https://www.visitnicosia.com,863 Church Street,Nicosia,Cyprus,56126,49.781565,15.504964,9:00-17:00,9:00-17:00,9:00-17:00,9:00-17:00,9:00-17:00,10:00-16:00,Closed,true,true,false,true
Experience Prague,"Quality tourist attractions services in Prague, Czech Republic. Professional and reliable business serving the local community.",46,info@experienceprague.com,+35-853-6507,https://www.experienceprague.com,953 Main Street,Prague,Czech Republic,35678,66.526901,0.78633,9:00-17:00,9:00-17:00,9:00-17:00,9:00-17:00,9:00-17:00,10:00-16:00,Closed,true,true,false,true
Visit Aalborg,"Quality tourist attractions services in Aalborg, Denmark. Professional and reliable business serving the local community.",46,info@visitaalborg.com,+48-421-3585,https://www.visitaalborg.com,538 High Street,Aalborg,Denmark,86984,62.080662,-4.304557,9:00-17:00,9:00-17:00,9:00-17:00,9:00-17:00,9:00-17:00,10:00-16:00,Closed,true,true,false,true
See Tallinn,"Quality tourist attractions services in Tallinn, Estonia. Professional and reliable business serving the local community.",46,info@seetallinn.com,+35-991-5404,https://www.seetallinn.com,531 King Street,Tallinn,Estonia,87999,62.696282,-2.216305,9:00-17:00,9:00-17:00,9:00-17:00,9:00-17:00,9:00-17:00,10:00-16:00,Closed,true,true,false,false
Attraction Vantaa,"Quality tourist attractions services in Vantaa, Finland. Professional and reliable business serving the local community.",46,info@attractionvantaa.com,+71-117-9732,https://www.attractionvantaa.com,603 Main Street,Vantaa,Finland,61010,46.247874,-8.09998,9:00-17:00,9:00-17:00,9:00-17:00,9:00-17:00,9:00-17:00,10:00-16:00,Closed,true,true,false,true
Visit Larissa,"Quality tourist attractions services in Larissa, Greece. Professional and reliable business serving the local community.",46,info@visitlarissa.com,+68-989-2822,https://www.visitlarissa.com,838 Church Street,Larissa,Greece,10443,45.594282,4.868467,9:00-17:00,9:00-17:00,9:00-17:00,9:00-17:00,9:00-17:00,10:00-16:00,Closed,true,true,false,true
See Miskolc,"Quality tourist attractions services in Miskolc, Hungary. Professional and reliable business serving the local community.",46,info@seemiskolc.com,+96-235-3923,https://www.seemiskolc.com,900 High Street,Miskolc,Hungary,71614,60.013809,29.190276,9:00-17:00,9:00-17:00,9:00-17:00,9:00-17:00,9:00-17:00,10:00-16:00,Closed,true,true,false,true
Attraction Waterford,"Quality tourist attractions services in Waterford, Ireland. Professional and reliable business serving the local community.",46,info@attractionwaterford.com,+42-258-9717,https://www.attractionwaterford.com,626 Main Street,Waterford,Ireland,83238,49.482174,13.964392,9:00-17:00,9:00-17:00,9:00-17:00,9:00-17:00,9:00-17:00,10:00-16:00,Closed,true,true,false,true
Experience Naples,"Quality tourist attractions services in Naples, Italy. Professional and reliable business serving the local community.",46,info@experiencenaples.com,+91-472-2771,https://www.experiencenaples.com,177 High Street,Naples,Italy,61902,62.988876,2.343313,9:00-17:00,9:00-17:00,9:00-17:00,9:00-17:00,9:00-17:00,10:00-16:00,Closed,true,true,false,false
Visit Jelgava,"Quality tourist attractions services in Jelgava, Latvia. Professional and reliable business serving the local community.",46,info@visitjelgava.com,+55-455-2202,https://www.visitjelgava.com,358 Queen Street,Jelgava,Latvia,56942,66.041921,5.45044,9:00-17:00,9:00-17:00,9:00-17:00,9:00-17:00,9:00-17:00,10:00-16:00,Closed,true,true,false,false
See Šiauliai,"Quality tourist attractions services in Šiauliai, Lithuania. Professional and reliable business serving the local community.",46,info@seešiauliai.com,+54-157-6438,https://www.seešiauliai.com,507 King Street,Šiauliai,Lithuania,83065,44.17289,15.192938,9:00-17:00,9:00-17:00,9:00-17:00,9:00-17:00,9:00-17:00,10:00-16:00,Closed,true,true,false,false
Experience Dudelange,"Quality tourist attractions services in Dudelange, Luxembourg. Professional and reliable business serving the local community.",46,info@experiencedudelange.com,+99-443-3714,https://www.experiencedudelange.com,173 Queen Street,Dudelange,Luxembourg,92089,50.914199,-8.977681,9:00-17:00,9:00-17:00,9:00-17:00,9:00-17:00,9:00-17:00,10:00-16:00,Closed,true,true,false,true
Experience Qormi,"Quality tourist attractions services in Qormi, Malta. Professional and reliable business serving the local community.",46,info@experienceqormi.com,+76-267-9052,https://www.experienceqormi.com,287 High Street,Qormi,Malta,48776,46.00024,27.669876,9:00-17:00,9:00-17:00,9:00-17:00,9:00-17:00,9:00-17:00,10:00-16:00,Closed,true,true,false,true
See Poznań,"Quality tourist attractions services in Poznań, Poland. Professional and reliable business serving the local community.",46,info@seepoznań.com,+31-209-3916,https://www.seepoznań.com,883 King Street,Poznań,Poland,63653,60.190995,21.597483,9:00-17:00,9:00-17:00,9:00-17:00,9:00-17:00,9:00-17:00,10:00-16:00,Closed,true,true,false,false
Visit Iași,"Quality tourist attractions services in Iași, Romania. Professional and reliable business serving the local community.",46,info@visitiași.com,+67-457-6247,https://www.visitiași.com,719 High Street,Iași,Romania,21298,48.891126,-2.569855,9:00-17:00,9:00-17:00,9:00-17:00,9:00-17:00,9:00-17:00,10:00-16:00,Closed,true,true,false,false
Experience Banská Bystrica,"Quality tourist attractions services in Banská Bystrica, Slovakia. Professional and reliable business serving the local community.",46,info@experiencebanskábystrica.com,+59-870-8898,https://www.experiencebanskábystrica.com,106 Main Street,Banská Bystrica,Slovakia,80542,52.826961,28.825638,9:00-17:00,9:00-17:00,9:00-17:00,9:00-17:00,9:00-17:00,10:00-16:00,Closed,true,true,false,false
Experience Maribor,"Quality tourist attractions services in Maribor, Slovenia. Professional and reliable business serving the local community.",46,info@experiencemaribor.com,+74-397-1815,https://www.experiencemaribor.com,395 Church Street,Maribor,Slovenia,48632,68.912705,7.119674,9:00-17:00,9:00-17:00,9:00-17:00,9:00-17:00,9:00-17:00,10:00-16:00,Closed,true,true,false,true
Experience Stockholm,"Quality tourist attractions services in Stockholm, Sweden. Professional and reliable business serving the local community.",46,info@experiencestockholm.com,+83-589-9131,https://www.experiencestockholm.com,876 Queen Street,Stockholm,Sweden,29392,49.298509,-0.854388,9:00-17:00,9:00-17:00,9:00-17:00,9:00-17:00,9:00-17:00,10:00-16:00,Closed,true,true,false,true
Paws Graz,"Quality veterinary services in Graz, Austria. Professional and reliable business serving the local community.",8,info@pawsgraz.com,+98-469-3573,https://www.pawsgraz.com,378 Main Street,Graz,Austria,97866,52.420062,-8.610107,9:00-17:00,9:00-17:00,9:00-17:00,9:00-17:00,9:00-17:00,10:00-16:00,Closed,true,true,false,true
Furry Plovdiv,"Quality veterinary services in Plovdiv, Bulgaria. Professional and reliable business serving the local community.",8,info@furryplovdiv.com,+33-110-4351,https://www.furryplovdiv.com,146 King Street,Plovdiv,Bulgaria,39182,38.576652,20.22192,9:00-17:00,9:00-17:00,9:00-17:00,9:00-17:00,9:00-17:00,10:00-16:00,Closed,true,true,false,false
Furry Split,"Quality veterinary services in Split, Croatia. Professional and reliable business serving the local community.",8,info@furrysplit.com,+88-803-3141,https://www.furrysplit.com,690 Queen Street,Split,Croatia,56883,62.987725,19.800184,9:00-17:00,9:00-17:00,9:00-17:00,9:00-17:00,9:00-17:00,10:00-16:00,Closed,true,true,false,false
Animal Paphos,"Quality veterinary services in Paphos, Cyprus. Professional and reliable business serving the local community.",8,info@animalpaphos.com,+47-255-6378,https://www.animalpaphos.com,221 Queen Street,Paphos,Cyprus,19606,37.663994,17.483881,9:00-17:00,9:00-17:00,9:00-17:00,9:00-17:00,9:00-17:00,10:00-16:00,Closed,true,true,false,true
Vet Ostrava,"Quality veterinary services in Ostrava, Czech Republic. Professional and reliable business serving the local community.",8,info@vetostrava.com,+63-167-9935,https://www.vetostrava.com,9 King Street,Ostrava,Czech Republic,12029,55.120636,26.847896,9:00-17:00,9:00-17:00,9:00-17:00,9:00-17:00,9:00-17:00,10:00-16:00,Closed,true,true,false,false
Esbjerg Pet Care,"Quality veterinary services in Esbjerg, Denmark. Professional and reliable business serving the local community.",8,info@esbjergpetcare.com,+33-944-4862,https://www.esbjergpetcare.com,355 Queen Street,Esbjerg,Denmark,37407,44.856862,25.616837,9:00-17:00,9:00-17:00,9:00-17:00,9:00-17:00,9:00-17:00,10:00-16:00,Closed,true,true,false,false
Paws Narva,"Quality veterinary services in Narva, Estonia. Professional and reliable business serving the local community.",8,info@pawsnarva.com,+44-614-1100,https://www.pawsnarva.com,83 Queen Street,Narva,Estonia,31442,35.545537,2.414788,9:00-17:00,9:00-17:00,9:00-17:00,9:00-17:00,9:00-17:00,10:00-16:00,Closed,true,true,false,false
Vet Vantaa,"Quality veterinary services in Vantaa, Finland. Professional and reliable business serving the local community.",8,info@vetvantaa.com,+47-339-3266,https://www.vetvantaa.com,819 King Street,Vantaa,Finland,49446,53.948854,-5.413384,9:00-17:00,9:00-17:00,9:00-17:00,9:00-17:00,9:00-17:00,10:00-16:00,Closed,true,true,false,true
Animal Larissa,"Quality veterinary services in Larissa, Greece. Professional and reliable business serving the local community.",8,info@animallarissa.com,+92-960-7821,https://www.animallarissa.com,757 High Street,Larissa,Greece,11946,42.238844,28.909068,9:00-17:00,9:00-17:00,9:00-17:00,9:00-17:00,9:00-17:00,10:00-16:00,Closed,true,true,false,false
Vet Budapest,"Quality veterinary services in Budapest, Hungary. Professional and reliable business serving the local community.",8,info@vetbudapest.com,+65-238-1446,https://www.vetbudapest.com,306 High Street,Budapest,Hungary,31756,64.727304,25.010109,9:00-17:00,9:00-17:00,9:00-17:00,9:00-17:00,9:00-17:00,10:00-16:00,Closed,true,true,false,true
Animal Limerick,"Quality veterinary services in Limerick, Ireland. Professional and reliable business serving the local community.",8,info@animallimerick.com,+65-847-3142,https://www.animallimerick.com,15 Queen Street,Limerick,Ireland,35344,39.47455,21.339585,9:00-17:00,9:00-17:00,9:00-17:00,9:00-17:00,9:00-17:00,10:00-16:00,Closed,true,true,false,false
Palermo Pet Care,"Quality veterinary services in Palermo, Italy. Professional and reliable business serving the local community.",8,info@palermopetcare.com,+41-597-1607,https://www.palermopetcare.com,908 Queen Street,Palermo,Italy,87969,46.899179,27.691658,9:00-17:00,9:00-17:00,9:00-17:00,9:00-17:00,9:00-17:00,10:00-16:00,Closed,true,true,false,false
Paws Jelgava,"Quality veterinary services in Jelgava, Latvia. Professional and reliable business serving the local community.",8,info@pawsjelgava.com,+84-254-2954,https://www.pawsjelgava.com,88 Church Street,Jelgava,Latvia,56352,66.811312,-4.983532,9:00-17:00,9:00-17:00,9:00-17:00,9:00-17:00,9:00-17:00,10:00-16:00,Closed,true,true,false,true
Animal Šiauliai,"Quality veterinary services in Šiauliai, Lithuania. Professional and reliable business serving the local community.",8,info@animalšiauliai.com,+97-198-1949,https://www.animalšiauliai.com,200 Main Street,Šiauliai,Lithuania,55866,55.964652,0.341517,9:00-17:00,9:00-17:00,9:00-17:00,9:00-17:00,9:00-17:00,10:00-16:00,Closed,true,true,false,false
Paws Luxembourg City,"Quality veterinary services in Luxembourg City, Luxembourg. Professional and reliable business serving the local community.",8,info@pawsluxembourgcity.com,+79-813-7063,https://www.pawsluxembourgcity.com,830 Main Street,Luxembourg City,Luxembourg,13910,51.190335,-3.787772,9:00-17:00,9:00-17:00,9:00-17:00,9:00-17:00,9:00-17:00,10:00-16:00,Closed,true,true,false,false
Qormi Pet Care,"Quality veterinary services in Qormi, Malta. Professional and reliable business serving the local community.",8,info@qormipetcare.com,+69-775-7349,https://www.qormipetcare.com,483 Queen Street,Qormi,Malta,13816,41.888391,-4.322905,9:00-17:00,9:00-17:00,9:00-17:00,9:00-17:00,9:00-17:00,10:00-16:00,Closed,true,true,false,false
Vet Wrocław,"Quality veterinary services in Wrocław, Poland. Professional and reliable business serving the local community.",8,info@vetwrocław.com,+42-876-6726,https://www.vetwrocław.com,435 Main Street,Wrocław,Poland,58395,54.978772,21.595513,9:00-17:00,9:00-17:00,9:00-17:00,9:00-17:00,9:00-17:00,10:00-16:00,Closed,true,true,false,false
Bucharest Pet Care,"Quality veterinary services in Bucharest, Romania. Professional and reliable business serving the local community.",8,info@bucharestpetcare.com,+99-261-4899,https://www.bucharestpetcare.com,258 High Street,Bucharest,Romania,21816,58.818028,3.160695,9:00-17:00,9:00-17:00,9:00-17:00,9:00-17:00,9:00-17:00,10:00-16:00,Closed,true,true,false,true
Košice Pet Care,"Quality veterinary services in Košice, Slovakia. Professional and reliable business serving the local community.",8,info@košicepetcare.com,+89-374-1047,https://www.košicepetcare.com,918 Queen Street,Košice,Slovakia,24630,40.330667,22.199187,9:00-17:00,9:00-17:00,9:00-17:00,9:00-17:00,9:00-17:00,10:00-16:00,Closed,true,true,false,true
Animal Maribor,"Quality veterinary services in Maribor, Slovenia. Professional and reliable business serving the local community.",8,info@animalmaribor.com,+95-309-2207,https://www.animalmaribor.com,212 King Street,Maribor,Slovenia,56773,45.699349,25.60345,9:00-17:00,9:00-17:00,9:00-17:00,9:00-17:00,9:00-17:00,10:00-16:00,Closed,true,true,false,false
Vet Västerås,"Quality veterinary services in Västerås, Sweden. Professional and reliable business serving the local community.",8,info@vetvästerås.com,+69-121-2540,https://www.vetvästerås.com,888 High Street,Västerås,Sweden,91645,43.711984,16.612003,9:00-17:00,9:00-17:00,9:00-17:00,9:00-17:00,9:00-17:00,10:00-16:00,Closed,true,true,false,false
