city_slug,source_id,name,category_slug,category_source,address,postal_code,latitude,longitude,phone,website,social_url,website_status,source_timestamp,duplicate_status,duplicate_reason,review_reason,raw_tags
ixelles,osm:node/27269823,Victoire,pharmacy,amenity=pharmacy,,,50.8313153,4.347231,,,,NO_WEBSITE,2026-08-19T11:30:10.603970+00:00,clean,,,"{""amenity"": ""pharmacy"", ""healthcare"": ""pharmacy"", ""name"": ""Victoire""}"
ixelles,osm:node/231403522,Regniers,pharmacy,amenity=pharmacy,,,50.8322047,4.3522097,,,,NO_WEBSITE,2026-08-19T11:30:10.603970+00:00,clean,,,"{""amenity"": ""pharmacy"", ""healthcare"": ""pharmacy"", ""name"": ""Regniers""}"
ixelles,osm:node/231405868,multiPharma,pharmacy,amenity=pharmacy,,,50.8305121,4.345792,,https://www.multipharma.be,,WEBSITE_PRESENT,2026-08-19T11:30:10.603970+00:00,existing_duplicate,"source id, name/address, phone, or website matched existing listing",,"{""amenity"": ""pharmacy"", ""brand"": ""Multipharma"", ""healthcare"": ""pharmacy"", ""name"": ""multiPharma"", ""operator"": ""multiPharma"", ""website"": ""https://www.multipharma.be""}"
ixelles,osm:node/234494737,Panam,restaurant,amenity=restaurant,,,50.8240271,4.3593328,,,,NO_WEBSITE,2026-08-19T11:30:10.603970+00:00,clean,,,"{""amenity"": ""restaurant"", ""name"": ""Panam""}"
ixelles,osm:node/234524306,L'Ultime Atome,restaurant,amenity=restaurant,,,50.8359295,4.3644108,+32 2 513 48 84,https://www.ultimeatome.be,UltimeAtome.be,WEBSITE_PRESENT,2026-08-19T11:30:10.603970+00:00,clean,,,"{""amenity"": ""restaurant"", ""contact:facebook"": ""UltimeAtome.be"", ""contact:instagram"": ""_ultime_atome_"", ""contact:phone"": ""+32 2 513 48 84"", ""contact:website"": ""https://www.ultimeatome.be"", ""name"": ""L'Ultime Atome""}"
ixelles,osm:node/234524310,Le clan des Belges,restaurant,amenity=restaurant,,,50.8356075,4.3648084,+32 2 511 11 21,https://www.leclandesbelges.be,,WEBSITE_PRESENT,2026-08-19T11:30:10.603970+00:00,clean,,,"{""amenity"": ""restaurant"", ""contact:phone"": ""+32 2 511 11 21"", ""contact:website"": ""https://www.leclandesbelges.be"", ""name"": ""Le clan des Belges""}"
ixelles,osm:node/234527383,Outlet Store,clothing-store,shop=clothes,,,50.8371469,4.3621016,,,,NO_WEBSITE,2026-08-19T11:30:10.603970+00:00,clean,,,"{""name"": ""Outlet Store"", ""shop"": ""clothes""}"
ixelles,osm:node/240749706,Le Chaff,bars-pubs,amenity=pub,,,50.8375152,4.3457359,,,bistrolechaff,SOCIAL_ONLY,2026-08-19T11:30:10.603970+00:00,clean,,,"{""amenity"": ""pub"", ""contact:facebook"": ""bistrolechaff"", ""name"": ""Le Chaff""}"
ixelles,osm:node/251008442,Roxi,bars-pubs,amenity=pub,,,50.8256727,4.3600852,,,,NO_WEBSITE,2026-08-19T11:30:10.603970+00:00,clean,,,"{""amenity"": ""pub"", ""name"": ""Roxi""}"
ixelles,osm:node/257507795,Carrefour Market,supermarkets,shop=supermarket,,,50.8173522,4.3642073,,https://magasins.carrefour.eu/fr/s/carrefour/carrefour-market-moliere/142,,WEBSITE_PRESENT,2026-08-19T11:30:10.603970+00:00,clean,,,"{""brand"": ""Carrefour Market"", ""name"": ""Carrefour Market"", ""operator"": ""Groupe Carrefour"", ""shop"": ""supermarket"", ""website"": ""https://magasins.carrefour.eu/fr/s/carrefour/carrefour-market-moliere/142""}"
ixelles,osm:node/288781222,Bio-Planet,supermarkets,shop=supermarket,,,50.8298304,4.3443178,+32 2 616 78 93,https://www.bioplanet.be/fr/magasins/4000,,WEBSITE_PRESENT,2026-08-19T11:30:10.603970+00:00,existing_duplicate,"source id, name/address, phone, or website matched existing listing",,"{""brand"": ""Bio-Planet"", ""contact:phone"": ""+32 2 616 78 93"", ""contact:website"": ""https://www.bioplanet.be/fr/magasins/4000"", ""name"": ""Bio-Planet"", ""operator"": ""Colruyt Group"", ""shop"": ""supermarket""}"
ixelles,osm:node/306122013,Mamma Roma,restaurant,amenity=restaurant,,,50.8275767,4.3711196,+32 2 640 42 80,https://www.mammaroma.com,,WEBSITE_PRESENT,2026-08-19T11:30:10.603970+00:00,clean,,,"{""amenity"": ""restaurant"", ""contact:phone"": ""+32 2 640 42 80"", ""contact:website"": ""https://www.mammaroma.com"", ""name"": ""Mamma Roma""}"
ixelles,osm:node/331952984,Le Chineur,bars-pubs,amenity=pub,,,50.83753,4.3465478,,,,NO_WEBSITE,2026-08-19T11:30:10.603970+00:00,clean,,,"{""amenity"": ""pub"", ""name"": ""Le Chineur""}"
ixelles,osm:node/344699790,Brüt by Färm Jourdan,supermarkets,shop=supermarket,,,50.835799,4.3808602,+32 2 899 26 80,https://stores.farm.coop/fr/brut-by-farm-jourdan,,WEBSITE_PRESENT,2026-08-19T11:30:10.603970+00:00,clean,,,"{""brand"": ""Brut by Färm"", ""contact:phone"": ""+32 2 899 26 80"", ""contact:website"": ""https://stores.farm.coop/fr/brut-by-farm-jourdan"", ""name"": ""Brüt by Färm Jourdan"", ""operator"": ""Färm"", ""shop"": ""supermarket""}"
ixelles,osm:node/344793569,Scandic Hair,beauty-salon,shop=hairdresser,,,50.8352942,4.3874637,,,,NO_WEBSITE,2026-08-19T11:30:10.603970+00:00,clean,,,"{""name"": ""Scandic Hair"", ""shop"": ""hairdresser""}"
ixelles,osm:node/344847064,Neuf Neuf Dragon,fast-food,amenity=fast_food,,,50.8358731,4.3875467,,,,NO_WEBSITE,2026-08-19T11:30:10.603970+00:00,clean,,,"{""amenity"": ""fast_food"", ""name"": ""Neuf Neuf Dragon""}"
ixelles,osm:node/344923183,Van Innis,pharmacy,amenity=pharmacy,,,50.8328133,4.3824412,,,,NO_WEBSITE,2026-08-19T11:30:10.603970+00:00,clean,,,"{""amenity"": ""pharmacy"", ""healthcare"": ""pharmacy"", ""name"": ""Van Innis""}"
ixelles,osm:node/347350395,Le Griffon,bars-pubs,amenity=pub,,,50.8296471,4.3858053,,,,NO_WEBSITE,2026-08-19T11:30:10.603970+00:00,clean,,,"{""amenity"": ""pub"", ""name"": ""Le Griffon""}"
ixelles,osm:node/347507397,The Vester Bar,bars-pubs,amenity=pub,,,50.8396296,4.3725988,+32 2 511 20 23,https://vester-bar.be/,,WEBSITE_PRESENT,2026-08-19T11:30:10.603970+00:00,clean,,,"{""amenity"": ""pub"", ""contact:phone"": ""+32 2 511 20 23"", ""contact:website"": ""https://vester-bar.be/"", ""name"": ""The Vester Bar""}"
ixelles,osm:node/347996071,La Terrasse,restaurant,amenity=restaurant,,,50.8389893,4.3982882,+32 2 732 28 51,http://www.brasserielaterrasse.be,,WEBSITE_PRESENT,2026-08-19T11:30:10.603970+00:00,clean,,,"{""amenity"": ""restaurant"", ""contact:phone"": ""+32 2 732 28 51"", ""contact:website"": ""http://www.brasserielaterrasse.be"", ""name"": ""La Terrasse""}"
ixelles,osm:node/347996074,Sel et Sucre,fast-food,amenity=fast_food,,,50.8388547,4.3986727,,,,NO_WEBSITE,2026-08-19T11:30:10.603970+00:00,clean,,,"{""amenity"": ""fast_food"", ""name"": ""Sel et Sucre""}"
ixelles,osm:node/347996082,peau neuve,beauty-salon,shop=beauty,,,50.8375901,4.3962798,,https://www.peau-neuve.be/,,WEBSITE_PRESENT,2026-08-19T11:30:10.603970+00:00,clean,,,"{""contact:website"": ""https://www.peau-neuve.be/"", ""name"": ""peau neuve"", ""shop"": ""beauty""}"
ixelles,osm:node/347996133,L'Atelier,pastry-shops,shop=bakery,,,50.8362583,4.392763,,,,NO_WEBSITE,2026-08-19T11:30:10.603970+00:00,clean,,,"{""name"": ""L'Atelier"", ""shop"": ""bakery""}"
ixelles,osm:node/348031957,Poule & Poulette,restaurant,amenity=restaurant,,,50.8375171,4.3807972,+32 2 759 42 97,https://poulepoulette.com/fr/locaties/brussel-place-jourdan,,WEBSITE_PRESENT,2026-08-19T11:30:10.603970+00:00,existing_duplicate,"source id, name/address, phone, or website matched existing listing",,"{""amenity"": ""restaurant"", ""contact:phone"": ""+32 2 759 42 97"", ""contact:website"": ""https://poulepoulette.com/fr/locaties/brussel-place-jourdan"", ""name"": ""Poule & Poulette""}"
ixelles,osm:node/349732797,Coiffure Hair Style,beauty-salon,shop=hairdresser,,,50.834694,4.373017,,,,NO_WEBSITE,2026-08-19T11:30:10.603970+00:00,clean,,,"{""name"": ""Coiffure Hair Style"", ""shop"": ""hairdresser""}"
ixelles,osm:node/350815522,Café Tulipant,bars-pubs,amenity=pub,,,50.8334995,4.3667419,+32 2 851 31 80,https://compagnieabc.be/restaurant/cafe-tulipant/,,WEBSITE_PRESENT,2026-08-19T11:30:10.603970+00:00,clean,,,"{""amenity"": ""pub"", ""contact:phone"": ""+32 2 851 31 80"", ""contact:website"": ""https://compagnieabc.be/restaurant/cafe-tulipant/"", ""name"": ""Café Tulipant""}"
ixelles,osm:node/350832570,Nicolas,pharmacy,amenity=pharmacy,,,50.8344239,4.3690581,,,,NO_WEBSITE,2026-08-19T11:30:10.603970+00:00,clean,,,"{""amenity"": ""pharmacy"", ""healthcare"": ""pharmacy"", ""name"": ""Nicolas""}"
ixelles,osm:node/352862857,Terracotta,restaurant,amenity=restaurant,,,50.8366701,4.3887019,+32 2 721 18 62,https://terracotta-pt.wixsite.com/terracottapizzetapas,https://www.facebook.com/TerracottaPizzeTapas/,WEBSITE_PRESENT,2026-08-19T11:30:10.603970+00:00,clean,,,"{""amenity"": ""restaurant"", ""contact:facebook"": ""https://www.facebook.com/TerracottaPizzeTapas/"", ""contact:phone"": ""+32 2 721 18 62"", ""contact:website"": ""https://terracotta-pt.wixsite.com/terracottapizzetapas"", ""name"": ""Terracotta""}"
ixelles,osm:node/353002715,Manhattn's Burger,restaurant,amenity=restaurant,,,50.8390124,4.3981764,,https://www.manhattns.com/location/merode,,WEBSITE_PRESENT,2026-08-19T11:30:10.603970+00:00,existing_duplicate,"source id, name/address, phone, or website matched existing listing",,"{""amenity"": ""restaurant"", ""contact:website"": ""https://www.manhattns.com/location/merode"", ""name"": ""Manhattn's Burger"", ""operator"": ""Manhattn's""}"
ixelles,osm:node/353155948,Pizz' aldente,fast-food,amenity=fast_food,,,50.836442,4.3924937,+32 2 732 05 22,https://pizzaldente.be/,,WEBSITE_PRESENT,2026-08-19T11:30:10.603970+00:00,clean,,,"{""amenity"": ""fast_food"", ""contact:phone"": ""+32 2 732 05 22"", ""contact:website"": ""https://pizzaldente.be/"", ""name"": ""Pizz' aldente""}"
ixelles,osm:node/353155952,Lys,beauty-salon,shop=beauty,,,50.8363231,4.3873098,,https://lysloveyourskin.be/,,WEBSITE_PRESENT,2026-08-19T11:30:10.603970+00:00,clean,,,"{""contact:website"": ""https://lysloveyourskin.be/"", ""name"": ""Lys"", ""shop"": ""beauty""}"
ixelles,osm:node/353155953,ES Europa,bars-pubs,amenity=pub,,,50.8366853,4.3871189,,,,NO_WEBSITE,2026-08-19T11:30:10.603970+00:00,clean,,,"{""amenity"": ""pub"", ""name"": ""ES Europa""}"
ixelles,osm:node/353378687,L'Autobus,bars-pubs,amenity=pub,,,50.836754,4.3818139,,,,NO_WEBSITE,2026-08-19T11:30:10.603970+00:00,clean,,,"{""amenity"": ""pub"", ""name"": ""L'Autobus""}"
ixelles,osm:node/353405444,Farmalia Etterbeek,pharmacy,amenity=pharmacy,,,50.8303419,4.4004807,,,,NO_WEBSITE,2026-08-19T11:30:10.603970+00:00,clean,,,"{""amenity"": ""pharmacy"", ""healthcare"": ""pharmacy"", ""name"": ""Farmalia Etterbeek"", ""operator"": ""Grace Karim""}"
ixelles,osm:node/354619056,Pharma City Chasse,pharmacy,amenity=pharmacy,,,50.8287308,4.3932815,,,,NO_WEBSITE,2026-08-19T11:30:10.603970+00:00,clean,,,"{""amenity"": ""pharmacy"", ""name"": ""Pharma City Chasse""}"
ixelles,osm:node/354619109,Il Vesuvio,restaurant,amenity=restaurant,,,50.8286041,4.3906403,,,,NO_WEBSITE,2026-08-19T11:30:10.603970+00:00,clean,,,"{""amenity"": ""restaurant"", ""name"": ""Il Vesuvio""}"
ixelles,osm:node/356304553,Bistropolitan Brussels,restaurant,amenity=restaurant,,,50.8377032,4.404486,,https://restaurant-bistropolitan.be/,,WEBSITE_PRESENT,2026-08-19T11:30:10.603970+00:00,clean,,,"{""amenity"": ""restaurant"", ""contact:website"": ""https://restaurant-bistropolitan.be/"", ""name"": ""Bistropolitan Brussels""}"
ixelles,osm:node/356772055,Pharmacie de l'Escadron,pharmacy,amenity=pharmacy,,,50.8333152,4.4028034,,,,NO_WEBSITE,2026-08-19T11:30:10.603970+00:00,clean,,,"{""amenity"": ""pharmacy"", ""name"": ""Pharmacie de l'Escadron""}"
ixelles,osm:node/364336256,Volontaire,pharmacy,amenity=pharmacy,,,50.8282148,4.4067143,,,,NO_WEBSITE,2026-08-19T11:30:10.603970+00:00,clean,,,"{""amenity"": ""pharmacy"", ""name"": ""Volontaire""}"
ixelles,osm:node/401274249,Anciaux,pharmacy,amenity=pharmacy,,,50.8369933,4.4190064,+32 2 770 22 19,,,NO_WEBSITE,2026-08-19T11:30:10.603970+00:00,clean,,,"{""amenity"": ""pharmacy"", ""contact:phone"": ""+32 2 770 22 19"", ""healthcare"": ""pharmacy"", ""name"": ""Anciaux""}"
ixelles,osm:node/417672900,Pharmacie de Gribaumont,pharmacy,amenity=pharmacy,,,50.8372625,4.4154829,,,,NO_WEBSITE,2026-08-19T11:30:10.603970+00:00,clean,,,"{""amenity"": ""pharmacy"", ""name"": ""Pharmacie de Gribaumont""}"
ixelles,osm:node/417672904,Brasserie Gribaumont,restaurant,amenity=restaurant,,,50.8372957,4.4158964,,,,NO_WEBSITE,2026-08-19T11:30:10.603970+00:00,clean,,,"{""amenity"": ""restaurant"", ""name"": ""Brasserie Gribaumont""}"
ixelles,osm:node/417672905,Garage Samson,,shop=car_repair,,,50.8374126,4.4150314,,,,NO_WEBSITE,2026-08-19T11:30:10.603970+00:00,clean,,no confident canonical category mapping,"{""name"": ""Garage Samson"", ""shop"": ""car_repair""}"
ixelles,osm:node/417672912,Lefébure,pharmacy,amenity=pharmacy,,,50.8305811,4.4156661,+32 2 770 35 25,https://lefebure.pharmacie.be/,,WEBSITE_PRESENT,2026-08-19T11:30:10.603970+00:00,clean,,,"{""amenity"": ""pharmacy"", ""contact:phone"": ""+32 2 770 35 25"", ""contact:website"": ""https://lefebure.pharmacie.be/"", ""name"": ""Lefébure""}"
ixelles,osm:node/418893885,B Skin Legacy,beauty-salon,shop=beauty,,,50.8288509,4.4077306,,https://www.bskinlegacy.com/,,WEBSITE_PRESENT,2026-08-19T11:30:10.603970+00:00,clean,,,"{""contact:website"": ""https://www.bskinlegacy.com/"", ""name"": ""B Skin Legacy"", ""shop"": ""beauty""}"
ixelles,osm:node/418893915,New Europa,pharmacy,amenity=pharmacy,,,50.8233914,4.4080014,+32 2 673 12 00,https://neweuropa.pharmacie.be/,,WEBSITE_PRESENT,2026-08-19T11:30:10.603970+00:00,clean,,,"{""amenity"": ""pharmacy"", ""contact:phone"": ""+32 2 673 12 00"", ""contact:website"": ""https://neweuropa.pharmacie.be/"", ""healthcare"": ""pharmacy"", ""name"": ""New Europa""}"
ixelles,osm:node/423335846,Van Elwyck,pharmacy,amenity=pharmacy,,,50.8241011,4.3502665,,,,NO_WEBSITE,2026-08-19T11:30:10.603970+00:00,clean,,,"{""amenity"": ""pharmacy"", ""name"": ""Van Elwyck""}"
ixelles,osm:node/426844843,McDonald's,fast-food,amenity=fast_food,,,50.8151504,4.3670634,,https://www.mcdonalds.be/nl/restaurants/bascule-in-store,,WEBSITE_PRESENT,2026-08-19T11:30:10.603970+00:00,existing_duplicate,"source id, name/address, phone, or website matched existing listing",,"{""amenity"": ""fast_food"", ""brand"": ""McDonald's"", ""name"": ""McDonald's"", ""website"": ""https://www.mcdonalds.be/nl/restaurants/bascule-in-store""}"
ixelles,osm:node/457481343,Penninckx,pharmacy,amenity=pharmacy,,,50.8092695,4.4036134,,,,NO_WEBSITE,2026-08-19T11:30:10.603970+00:00,clean,,,"{""amenity"": ""pharmacy"", ""healthcare"": ""pharmacy"", ""name"": ""Penninckx""}"
ixelles,osm:node/457878619,Voltaire,restaurant,amenity=restaurant,,,50.8178431,4.3549102,,,,NO_WEBSITE,2026-08-19T11:30:10.603970+00:00,clean,,,"{""amenity"": ""restaurant"", ""name"": ""Voltaire""}"
ixelles,osm:node/463174855,BBP Bailli,bars-pubs,amenity=pub,,,50.8272547,4.3633948,,https://www.beerproject.be/en/taproom/bailli/,https://www.facebook.com/bbp.bailli,WEBSITE_PRESENT,2026-08-19T11:30:10.603970+00:00,clean,,,"{""amenity"": ""pub"", ""contact:facebook"": ""https://www.facebook.com/bbp.bailli"", ""contact:website"": ""https://www.beerproject.be/en/taproom/bailli/"", ""name"": ""BBP Bailli""}"
ixelles,osm:node/471072464,Multipharma,pharmacy,amenity=pharmacy,,,50.8153245,4.3892475,,,,NO_WEBSITE,2026-08-19T11:30:10.603970+00:00,clean,,,"{""amenity"": ""pharmacy"", ""brand"": ""Multipharma"", ""healthcare"": ""pharmacy"", ""name"": ""Multipharma"", ""operator"": ""Multipharma""}"
ixelles,osm:node/471073643,Silex,legal-services,office=lawyer,,,50.8082613,4.3935884,,,,NO_WEBSITE,2026-08-19T11:30:10.603970+00:00,clean,,,"{""name"": ""Silex"", ""office"": ""lawyer""}"
ixelles,osm:node/474985851,Coq D'Or,restaurant,amenity=restaurant,,,50.8323923,4.3495339,,,,NO_WEBSITE,2026-08-19T11:30:10.603970+00:00,clean,,,"{""amenity"": ""restaurant"", ""name"": ""Coq D'Or""}"
ixelles,osm:node/474985852,Tahiti,beauty-salon,shop=beauty,,,50.8315136,4.348752,,,,NO_WEBSITE,2026-08-19T11:30:10.603970+00:00,clean,,,"{""name"": ""Tahiti"", ""shop"": ""beauty""}"
ixelles,osm:node/474985854,Brasserie Verschueren,bars-pubs,amenity=pub,,,50.8302079,4.3442551,+32 2 539 40 68,,,NO_WEBSITE,2026-08-19T11:30:10.603970+00:00,clean,,,"{""amenity"": ""pub"", ""contact:phone"": ""+32 2 539 40 68"", ""name"": ""Brasserie Verschueren""}"
ixelles,osm:node/474985858,Oma,restaurant,amenity=restaurant,,,50.832211,4.3493435,+32 2 539 29 04,,,NO_WEBSITE,2026-08-19T11:30:10.603970+00:00,clean,,,"{""amenity"": ""restaurant"", ""contact:phone"": ""+32 2 539 29 04"", ""name"": ""Oma""}"
ixelles,osm:node/474985859,Le Taj,restaurant,amenity=restaurant,,,50.83228,4.3494072,+32 2 538 43 14,,,NO_WEBSITE,2026-08-19T11:30:10.603970+00:00,clean,,,"{""amenity"": ""restaurant"", ""contact:phone"": ""+32 2 538 43 14"", ""name"": ""Le Taj""}"
ixelles,osm:node/474986928,Nuovo Rosso,restaurant,amenity=restaurant,,,50.8335356,4.3525027,,,,NO_WEBSITE,2026-08-19T11:30:10.603970+00:00,clean,,,"{""amenity"": ""restaurant"", ""name"": ""Nuovo Rosso""}"
ixelles,osm:node/479033191,Place aux Plantes,cafe,amenity=cafe,,,50.8331951,4.3696771,,https://www.placeauxplantes.be/,https://www.instagram.com/place.aux.plantes,WEBSITE_PRESENT,2026-08-19T11:30:10.603970+00:00,clean,,,"{""amenity"": ""cafe"", ""contact:instagram"": ""https://www.instagram.com/place.aux.plantes"", ""contact:website"": ""https://www.placeauxplantes.be/"", ""name"": ""Place aux Plantes""}"
ixelles,osm:node/518678928,Nomad Community,cafe,amenity=cafe,,,50.8318842,4.3445572,,https://www.nomad-community.be/,,WEBSITE_PRESENT,2026-08-19T11:30:10.603970+00:00,clean,,,"{""amenity"": ""cafe"", ""contact:website"": ""https://www.nomad-community.be/"", ""name"": ""Nomad Community""}"
ixelles,osm:node/518680844,La porte de Hal,pastry-shops,shop=bakery,,,50.8324957,4.3425698,,,,NO_WEBSITE,2026-08-19T11:30:10.603970+00:00,clean,,,"{""name"": ""La porte de Hal"", ""shop"": ""bakery""}"
ixelles,osm:node/518687011,Hector Chicken,fast-food,amenity=fast_food,,,50.8307399,4.3444688,,https://hector.be,,WEBSITE_PRESENT,2026-08-19T11:30:10.603970+00:00,existing_duplicate,"source id, name/address, phone, or website matched existing listing",,"{""amenity"": ""fast_food"", ""contact:website"": ""https://hector.be"", ""name"": ""Hector Chicken"", ""operator"": ""Hector Chicken""}"
ixelles,osm:node/544426591,Hilton Garden Inn Brussels City Centre,hotel,tourism=hotel,,,50.832265,4.3501468,+32 2 538 88 30,https://www.hilton.com/en/hotels/brugigi-hilton-garden-inn-brussels-city-centre,https://www.facebook.com/HGIBrusselsLouise,WEBSITE_PRESENT,2026-08-19T11:30:10.603970+00:00,existing_duplicate,"source id, name/address, phone, or website matched existing listing",,"{""brand"": ""Hilton Garden Inn"", ""contact:facebook"": ""https://www.facebook.com/HGIBrusselsLouise"", ""contact:instagram"": ""hiltongardeninnbrussels"", ""contact:phone"": ""+32 2 538 88 30"", ""contact:website"": ""https://www.hilton.com/en/hotels/brugigi-hilton-garden-inn-brussels-city-centre"", ""name"": ""Hilton Garden Inn Brussels City Centre"", ""operator"": ""Hilton Hotels"", ""tourism"": ""hotel""}"
ixelles,osm:node/592367485,African hairdressers,beauty-salon,shop=hairdresser,,,50.8369991,4.363183,,,,NO_WEBSITE,2026-08-19T11:30:10.603970+00:00,clean,,,"{""name"": ""African hairdressers"", ""shop"": ""hairdresser""}"
ixelles,osm:node/613352975,Wolf Street Cafe,restaurant,amenity=restaurant,,,50.8177713,4.3927708,,,,NO_WEBSITE,2026-08-19T11:30:10.603970+00:00,clean,,,"{""amenity"": ""restaurant"", ""name"": ""Wolf Street Cafe""}"
ixelles,osm:node/623504311,Yagura,restaurant,amenity=restaurant,,,50.8082506,4.3706525,+32 2 375 01 16,,,NO_WEBSITE,2026-08-19T11:30:10.603970+00:00,clean,,,"{""amenity"": ""restaurant"", ""contact:phone"": ""+32 2 375 01 16"", ""name"": ""Yagura""}"
ixelles,osm:node/633337670,Fritkot Bompa,fast-food,amenity=fast_food,,,50.8295341,4.3789336,,https://fritkotbompa.tripod.com,,WEBSITE_PRESENT,2026-08-19T11:30:10.603970+00:00,clean,,,"{""amenity"": ""fast_food"", ""contact:website"": ""https://fritkotbompa.tripod.com"", ""name"": ""Fritkot Bompa""}"
ixelles,osm:node/639059237,Medsam,pharmacy,amenity=pharmacy,,,50.8282456,4.3852721,,,,NO_WEBSITE,2026-08-19T11:30:10.603970+00:00,clean,,,"{""amenity"": ""pharmacy"", ""name"": ""Medsam""}"
ixelles,osm:node/639059243,Maxpharma,pharmacy,amenity=pharmacy,,,50.8300033,4.3910357,,,,NO_WEBSITE,2026-08-19T11:30:10.603970+00:00,clean,,,"{""amenity"": ""pharmacy"", ""name"": ""Maxpharma""}"
ixelles,osm:node/639059251,Goffin,pharmacy,amenity=pharmacy,,,50.8359263,4.3809745,+32 2 647 14 99,https://www.pharmaciegoffin.be/etterbeek.html,,WEBSITE_PRESENT,2026-08-19T11:30:10.603970+00:00,clean,,,"{""amenity"": ""pharmacy"", ""contact:phone"": ""+32 2 647 14 99"", ""contact:website"": ""https://www.pharmaciegoffin.be/etterbeek.html"", ""healthcare"": ""pharmacy"", ""name"": ""Goffin""}"
ixelles,osm:node/639059254,Jourdan,pharmacy,amenity=pharmacy,,,50.8373781,4.3817684,+32 2 231 00 86,,,NO_WEBSITE,2026-08-19T11:30:10.603970+00:00,clean,,,"{""amenity"": ""pharmacy"", ""contact:phone"": ""+32 2 231 00 86"", ""healthcare"": ""pharmacy"", ""name"": ""Jourdan""}"
ixelles,osm:node/639059257,Pharmacie St-Pierre,pharmacy,amenity=pharmacy,,,50.8375095,4.3954731,+32 2 733 11 13,https://universalpharma.be,,WEBSITE_PRESENT,2026-08-19T11:30:10.603970+00:00,clean,,,"{""amenity"": ""pharmacy"", ""contact:phone"": ""+32 2 733 11 13"", ""contact:website"": ""https://universalpharma.be"", ""healthcare"": ""pharmacy"", ""name"": ""Pharmacie St-Pierre""}"
ixelles,osm:node/639059265,Ghispharma,pharmacy,amenity=pharmacy,,,50.8398159,4.4000741,+32 2 733 51 82,,,NO_WEBSITE,2026-08-19T11:30:10.603970+00:00,clean,,,"{""amenity"": ""pharmacy"", ""contact:phone"": ""+32 2 733 51 82"", ""healthcare"": ""pharmacy"", ""name"": ""Ghispharma""}"
ixelles,osm:node/639114100,Pharmacie de la Chasse,pharmacy,amenity=pharmacy,,,50.8310147,4.3901058,+32 2 647 43 93,https://pharmaciedelachasse.be/,,WEBSITE_PRESENT,2026-08-19T11:30:10.603970+00:00,clean,,,"{""amenity"": ""pharmacy"", ""contact:phone"": ""+32 2 647 43 93"", ""contact:website"": ""https://pharmaciedelachasse.be/"", ""name"": ""Pharmacie de la Chasse""}"
ixelles,osm:node/639114101,Secundum Artem,pharmacy,amenity=pharmacy,,,50.833009,4.394367,+32 2 734 17 12,https://secundumartem.pharmacie.be,,WEBSITE_PRESENT,2026-08-19T11:30:10.603970+00:00,clean,,,"{""amenity"": ""pharmacy"", ""contact:phone"": ""+32 2 734 17 12"", ""contact:website"": ""https://secundumartem.pharmacie.be"", ""healthcare"": ""pharmacy"", ""name"": ""Secundum Artem""}"
ixelles,osm:node/639114102,Mon Ange,pharmacy,amenity=pharmacy,,,50.8391598,4.3824232,+32 2 231 16 47,,,NO_WEBSITE,2026-08-19T11:30:10.603970+00:00,clean,,,"{""amenity"": ""pharmacy"", ""contact:phone"": ""+32 2 231 16 47"", ""healthcare"": ""pharmacy"", ""name"": ""Mon Ange""}"
ixelles,osm:node/639114104,Pharmacie du Roi Vainqueur,pharmacy,amenity=pharmacy,,,50.8307144,4.4005894,+32 2 733 03 36,https://www.phduroivainqueur.be/,,WEBSITE_PRESENT,2026-08-19T11:30:10.603970+00:00,clean,,,"{""amenity"": ""pharmacy"", ""contact:phone"": ""+32 2 733 03 36"", ""contact:website"": ""https://www.phduroivainqueur.be/"", ""healthcare"": ""pharmacy"", ""name"": ""Pharmacie du Roi Vainqueur""}"
ixelles,osm:node/640150954,Van Deynse,pastry-shops,shop=bakery,,,50.8357258,4.3872365,,,,NO_WEBSITE,2026-08-19T11:30:10.603970+00:00,clean,,,"{""name"": ""Van Deynse"", ""shop"": ""bakery""}"
ixelles,osm:node/641818043,Au Vatel,pastry-shops,shop=bakery,,,50.8370282,4.3817939,,,,NO_WEBSITE,2026-08-19T11:30:10.603970+00:00,clean,,,"{""name"": ""Au Vatel"", ""shop"": ""bakery""}"
ixelles,osm:node/667988237,Ponthot-Claux,pharmacy,amenity=pharmacy,,,50.8168765,4.4138655,,,,NO_WEBSITE,2026-08-19T11:30:10.603970+00:00,clean,,,"{""amenity"": ""pharmacy"", ""name"": ""Ponthot-Claux""}"
ixelles,osm:node/668100706,Renaissance Brussels Hotel,hotel,tourism=hotel,,,50.8380099,4.3717258,+32 2 505 29 29,https://www.marriott.com/hotels/travel/brubr-renaissance-brussels-hotel/,,WEBSITE_PRESENT,2026-08-19T11:30:10.603970+00:00,existing_duplicate,"source id, name/address, phone, or website matched existing listing",,"{""brand"": ""Renaissance"", ""contact:phone"": ""+32 2 505 29 29"", ""contact:website"": ""https://www.marriott.com/hotels/travel/brubr-renaissance-brussels-hotel/"", ""name"": ""Renaissance Brussels Hotel"", ""operator"": ""Marriott"", ""tourism"": ""hotel""}"
ixelles,osm:node/670257960,McDonald's,fast-food,amenity=fast_food,,,50.8373612,4.3619548,+32 2 513 51 93,https://www.mcdonalds.be/nl/restaurants/ixelles-in-store,,WEBSITE_PRESENT,2026-08-19T11:30:10.603970+00:00,existing_duplicate,"source id, name/address, phone, or website matched existing listing",,"{""amenity"": ""fast_food"", ""brand"": ""McDonald's"", ""contact:phone"": ""+32 2 513 51 93"", ""name"": ""McDonald's"", ""website"": ""https://www.mcdonalds.be/nl/restaurants/ixelles-in-store""}"
ixelles,osm:node/670257961,Belchicken,fast-food,amenity=fast_food,,,50.8372959,4.3619996,,https://belchicken.com/,,WEBSITE_PRESENT,2026-08-19T11:30:10.603970+00:00,existing_duplicate,"source id, name/address, phone, or website matched existing listing",,"{""amenity"": ""fast_food"", ""brand"": ""Belchicken"", ""contact:website"": ""https://belchicken.com/"", ""name"": ""Belchicken""}"
ixelles,osm:node/670258377,OUIBar + KTCHN,bars-pubs,amenity=pub,,,50.8375164,4.3724453,+32 2 626 81 11,,,NO_WEBSITE,2026-08-19T11:30:10.603970+00:00,clean,,,"{""amenity"": ""pub"", ""contact:phone"": ""+32 2 626 81 11"", ""name"": ""OUIBar + KTCHN""}"
ixelles,osm:node/692848063,Snack XL,fast-food,amenity=fast_food,,,50.8254438,4.3585528,,,,NO_WEBSITE,2026-08-19T11:30:10.603970+00:00,clean,,,"{""amenity"": ""fast_food"", ""name"": ""Snack XL""}"
ixelles,osm:node/692913049,Barracuda,restaurant,amenity=restaurant,,,50.8272012,4.373046,,https://www.bigmammagroup.com/,bigmamma.be,WEBSITE_PRESENT,2026-08-19T11:30:10.603970+00:00,clean,,,"{""amenity"": ""restaurant"", ""contact:instagram"": ""bigmamma.be"", ""contact:website"": ""https://www.bigmammagroup.com/"", ""name"": ""Barracuda"", ""operator"": ""Big Mamma""}"
ixelles,osm:node/694336436,Le Deuxième Élément,restaurant,amenity=restaurant,,,50.8359501,4.3648155,+32 2 502 00 28,https://www.2eme-element.be/,,WEBSITE_PRESENT,2026-08-19T11:30:10.603970+00:00,clean,,,"{""amenity"": ""restaurant"", ""contact:phone"": ""+32 2 502 00 28"", ""contact:website"": ""https://www.2eme-element.be/"", ""name"": ""Le Deuxième Élément""}"
ixelles,osm:node/694372969,Yamato,restaurant,amenity=restaurant,,,50.8362608,4.3636908,,,,NO_WEBSITE,2026-08-19T11:30:10.603970+00:00,clean,,,"{""amenity"": ""restaurant"", ""name"": ""Yamato""}"
ixelles,osm:node/697963446,Brussels Dental Grillz,dentist,amenity=dentist,,,50.8358211,4.3875741,,,,NO_WEBSITE,2026-08-19T11:30:10.603970+00:00,clean,,,"{""amenity"": ""dentist"", ""healthcare"": ""clinic"", ""name"": ""Brussels Dental Grillz""}"
ixelles,osm:node/697963451,Met Jeaninne,restaurant,amenity=restaurant,,,50.8363864,4.3872764,,https://www.metjeaninne.be/,,WEBSITE_PRESENT,2026-08-19T11:30:10.603970+00:00,clean,,,"{""amenity"": ""restaurant"", ""contact:website"": ""https://www.metjeaninne.be/"", ""name"": ""Met Jeaninne""}"
ixelles,osm:node/697963452,Cyber Net,,amenity=internet_cafe,,,50.8357832,4.3872062,,,,NO_WEBSITE,2026-08-19T11:30:10.603970+00:00,clean,,no confident canonical category mapping,"{""amenity"": ""internet_cafe"", ""name"": ""Cyber Net""}"
ixelles,osm:node/698638650,Food Inspiration,restaurant,amenity=restaurant,,,50.8368952,4.3881907,+32 2 736 82 34,https://www.foodinspiration.store/,,WEBSITE_PRESENT,2026-08-19T11:30:10.603970+00:00,clean,,,"{""amenity"": ""restaurant"", ""contact:phone"": ""+32 2 736 82 34"", ""contact:website"": ""https://www.foodinspiration.store/"", ""name"": ""Food Inspiration""}"
ixelles,osm:node/698638683,Oliva,pastry-shops,shop=bakery,,,50.8367089,4.3881209,,,,NO_WEBSITE,2026-08-19T11:30:10.603970+00:00,clean,,,"{""name"": ""Oliva"", ""shop"": ""bakery""}"
ixelles,osm:node/698638690,Linh Nails,beauty-salon,shop=beauty,,,50.8368802,4.3877537,,https://linhnails.be/,,WEBSITE_PRESENT,2026-08-19T11:30:10.603970+00:00,clean,,,"{""contact:website"": ""https://linhnails.be/"", ""name"": ""Linh Nails"", ""shop"": ""beauty""}"
ixelles,osm:node/698638693,Con fusion,bars-pubs,amenity=bar,,,50.8367019,4.3874895,+32 2 736 45 12,,,NO_WEBSITE,2026-08-19T11:30:10.603970+00:00,clean,,,"{""amenity"": ""bar"", ""contact:phone"": ""+32 2 736 45 12"", ""name"": ""Con fusion""}"
ixelles,osm:node/700760735,Café Italia,bars-pubs,amenity=pub,,,50.835341,4.3885303,,,,NO_WEBSITE,2026-08-19T11:30:10.603970+00:00,clean,,,"{""amenity"": ""pub"", ""name"": ""Café Italia""}"
ixelles,osm:node/702534431,La petite portugaise,bookstore,shop=books,,,50.8360191,4.3724467,,https://www.lapetiteportugaise.eu,,WEBSITE_PRESENT,2026-08-19T11:30:10.603970+00:00,clean,,,"{""contact:website"": ""https://www.lapetiteportugaise.eu"", ""name"": ""La petite portugaise"", ""shop"": ""books""}"
ixelles,osm:node/703509802,Kinamania,shoe-stores,shop=shoes,,,50.8362101,4.3807145,,https://www.kinamania.be,,WEBSITE_PRESENT,2026-08-19T11:30:10.603970+00:00,clean,,,"{""name"": ""Kinamania"", ""shop"": ""shoes"", ""website"": ""https://www.kinamania.be""}"
ixelles,osm:node/703509808,Espace Beauté,beauty-salon,shop=hairdresser,,,50.8359972,4.3805352,+32 2 646 39 25,,,NO_WEBSITE,2026-08-19T11:30:10.603970+00:00,clean,,,"{""contact:phone"": ""+32 2 646 39 25"", ""name"": ""Espace Beauté"", ""shop"": ""hairdresser""}"
ixelles,osm:node/703509811,Beauty Time,beauty-salon,shop=beauty,,,50.8358972,4.380451,,https://beautytime.salon/,,WEBSITE_PRESENT,2026-08-19T11:30:10.603970+00:00,clean,,,"{""contact:website"": ""https://beautytime.salon/"", ""name"": ""Beauty Time"", ""shop"": ""beauty""}"
ixelles,osm:node/707133654,Intermarché,supermarkets,shop=supermarket,,,50.8136729,4.3463537,,,,NO_WEBSITE,2026-08-19T11:30:10.603970+00:00,clean,,,"{""brand"": ""Intermarché"", ""name"": ""Intermarché"", ""operator"": ""Intermarché"", ""shop"": ""supermarket""}"
ixelles,osm:node/712712784,Salon de thé,cafe,amenity=cafe,,,50.8378784,4.3861047,,,,NO_WEBSITE,2026-08-19T11:30:10.603970+00:00,clean,,,"{""amenity"": ""cafe"", ""name"": ""Salon de thé""}"
ixelles,osm:node/712712786,Fanoos,fast-food,amenity=fast_food,,,50.8385274,4.3857624,,,,NO_WEBSITE,2026-08-19T11:30:10.603970+00:00,clean,,,"{""amenity"": ""fast_food"", ""name"": ""Fanoos""}"
ixelles,osm:node/712913905,Le Quartier Latin,restaurant,amenity=restaurant,,,50.8223662,4.3886139,,,,NO_WEBSITE,2026-08-19T11:30:10.603970+00:00,clean,,,"{""amenity"": ""restaurant"", ""name"": ""Le Quartier Latin""}"
ixelles,osm:node/724211843,Cinnamon Curry,restaurant,amenity=restaurant,,,50.83697,4.3869688,,,,NO_WEBSITE,2026-08-19T11:30:10.603970+00:00,clean,,,"{""amenity"": ""restaurant"", ""name"": ""Cinnamon Curry""}"
ixelles,osm:node/724211846,Miyako,restaurant,amenity=restaurant,,,50.8376219,4.3866253,+32 2 734 06 64,,,NO_WEBSITE,2026-08-19T11:30:10.603970+00:00,clean,,,"{""amenity"": ""restaurant"", ""contact:phone"": ""+32 2 734 06 64"", ""name"": ""Miyako""}"
ixelles,osm:node/724211862,Club-Beauté,beauty-salon,shop=hairdresser,,,50.8384021,4.3862141,+32 2 734 17 08,,,NO_WEBSITE,2026-08-19T11:30:10.603970+00:00,clean,,,"{""contact:phone"": ""+32 2 734 17 08"", ""name"": ""Club-Beauté"", ""shop"": ""hairdresser""}"
ixelles,osm:node/724221373,R-Club,beauty-salon,shop=hairdresser,,,50.8378566,4.3966687,,,,NO_WEBSITE,2026-08-19T11:30:10.603970+00:00,clean,,,"{""name"": ""R-Club"", ""shop"": ""hairdresser""}"
ixelles,osm:node/724221378,Kyoto food,fast-food,amenity=fast_food,,,50.837656,4.3963788,+32 2 267 49 65,https://deliceltes.be,,WEBSITE_PRESENT,2026-08-19T11:30:10.603970+00:00,clean,,,"{""amenity"": ""fast_food"", ""contact:phone"": ""+32 2 267 49 65"", ""contact:website"": ""https://deliceltes.be"", ""name"": ""Kyoto food""}"
ixelles,osm:node/725316775,The Scott,hotel,tourism=hotel,,,50.8318055,4.3531647,+32 2 541 48 98,https://www.thescotthotel.be/,,WEBSITE_PRESENT,2026-08-19T11:30:10.603970+00:00,clean,,,"{""contact:phone"": ""+32 2 541 48 98"", ""contact:website"": ""https://www.thescotthotel.be/"", ""name"": ""The Scott"", ""tourism"": ""hotel""}"
ixelles,osm:node/727446431,Takumi,restaurant,amenity=restaurant,,,50.8374573,4.3808214,,https://takumiramennoodles.com/be/brussels-jourdan/,,WEBSITE_PRESENT,2026-08-19T11:30:10.603970+00:00,existing_duplicate,"source id, name/address, phone, or website matched existing listing",,"{""amenity"": ""restaurant"", ""contact:website"": ""https://takumiramennoodles.com/be/brussels-jourdan/"", ""name"": ""Takumi"", ""operator"": ""Takumi""}"
ixelles,osm:node/727446452,Sanké,beauty-salon,shop=hairdresser,,,50.8373535,4.3808634,,,,NO_WEBSITE,2026-08-19T11:30:10.603970+00:00,clean,,,"{""name"": ""Sanké"", ""shop"": ""hairdresser""}"
ixelles,osm:node/734753355,Garage Pigeon,car-dealers,shop=car,,,50.8365979,4.3837973,,,,NO_WEBSITE,2026-08-19T11:30:10.603970+00:00,clean,,,"{""brand"": ""Citroën"", ""name"": ""Garage Pigeon"", ""operator"": ""Citroën"", ""shop"": ""car""}"
ixelles,osm:node/734753454,Il Veliero,restaurant,amenity=restaurant,,,50.8365687,4.3824978,+32 2 646 04 56,,https://facebook.com/ilveliero.glutenfree.be/,SOCIAL_ONLY,2026-08-19T11:30:10.603970+00:00,clean,,,"{""amenity"": ""restaurant"", ""contact:facebook"": ""https://facebook.com/ilveliero.glutenfree.be/"", ""contact:phone"": ""+32 2 646 04 56"", ""name"": ""Il Veliero""}"
ixelles,osm:node/745608731,Hanoi Station,fast-food,amenity=fast_food,,,50.838794,4.3985835,,https://www.hanoistation.be,,WEBSITE_PRESENT,2026-08-19T11:30:10.603970+00:00,clean,,,"{""amenity"": ""fast_food"", ""contact:website"": ""https://www.hanoistation.be"", ""name"": ""Hanoi Station""}"
ixelles,osm:node/745608735,Black Box Concept,gym,leisure=fitness_centre,,,50.8383668,4.3978738,,,,NO_WEBSITE,2026-08-19T11:30:10.603970+00:00,clean,,,"{""leisure"": ""fitness_centre"", ""name"": ""Black Box Concept""}"
ixelles,osm:node/745608748,Pizzeria Tutti,fast-food,amenity=fast_food,,,50.8387033,4.398394,+32 2 742 09 39,https://www.pizzeria-tutti.be/,,WEBSITE_PRESENT,2026-08-19T11:30:10.603970+00:00,clean,,,"{""amenity"": ""fast_food"", ""contact:phone"": ""+32 2 742 09 39"", ""contact:website"": ""https://www.pizzeria-tutti.be/"", ""name"": ""Pizzeria Tutti""}"
ixelles,osm:node/746463033,Message Media,bookstore,shop=books,,,50.8384541,4.3975162,,https://www.messagemedia.be/,,WEBSITE_PRESENT,2026-08-19T11:30:10.603970+00:00,clean,,,"{""contact:website"": ""https://www.messagemedia.be/"", ""name"": ""Message Media"", ""shop"": ""books""}"
ixelles,osm:node/746463040,Knees to chin,restaurant,amenity=restaurant,,,50.8387106,4.3978948,,https://kneestochin.com/,,WEBSITE_PRESENT,2026-08-19T11:30:10.603970+00:00,existing_duplicate,"source id, name/address, phone, or website matched existing listing",,"{""amenity"": ""restaurant"", ""contact:website"": ""https://kneestochin.com/"", ""name"": ""Knees to chin""}"
ixelles,osm:node/746463042,Snack Merode,fast-food,amenity=fast_food,,,50.8386772,4.3978455,,,,NO_WEBSITE,2026-08-19T11:30:10.603970+00:00,clean,,,"{""amenity"": ""fast_food"", ""name"": ""Snack Merode""}"
ixelles,osm:node/766847690,La Frattoria,restaurant,amenity=restaurant,,,50.8381348,4.3820268,,,,NO_WEBSITE,2026-08-19T11:30:10.603970+00:00,clean,,,"{""amenity"": ""restaurant"", ""name"": ""La Frattoria""}"
ixelles,osm:node/766847696,Chez Amina,restaurant,amenity=restaurant,,,50.838439,4.382078,,,,NO_WEBSITE,2026-08-19T11:30:10.603970+00:00,clean,,,"{""amenity"": ""restaurant"", ""name"": ""Chez Amina""}"
ixelles,osm:node/766847741,Pampas,restaurant,amenity=restaurant,,,50.8372152,4.3817803,+32 2 280 43 17,https://www.pampas.be/,,WEBSITE_PRESENT,2026-08-19T11:30:10.603970+00:00,clean,,,"{""amenity"": ""restaurant"", ""contact:phone"": ""+32 2 280 43 17"", ""contact:website"": ""https://www.pampas.be/"", ""name"": ""Pampas""}"
ixelles,osm:node/766847753,Paradis du Liban,restaurant,amenity=restaurant,,,50.8390327,4.3980783,+32 2 733 78 88,https://www.paradisduliban.be/,,WEBSITE_PRESENT,2026-08-19T11:30:10.603970+00:00,clean,,,"{""amenity"": ""restaurant"", ""contact:phone"": ""+32 2 733 78 88"", ""contact:website"": ""https://www.paradisduliban.be/"", ""name"": ""Paradis du Liban""}"
ixelles,osm:node/766847784,Nadimmo,real-estate-agencies,office=estate_agent,,,50.838544,4.3821233,,,,NO_WEBSITE,2026-08-19T11:30:10.603970+00:00,clean,,,"{""name"": ""Nadimmo"", ""office"": ""estate_agent""}"
ixelles,osm:node/766847790,Muski Comics Cafe,cafe,amenity=cafe,,,50.8380195,4.3819817,,https://muski.be/,,WEBSITE_PRESENT,2026-08-19T11:30:10.603970+00:00,clean,,,"{""amenity"": ""cafe"", ""contact:website"": ""https://muski.be/"", ""name"": ""Muski Comics Cafe""}"
ixelles,osm:node/766847798,Donki,fast-food,amenity=fast_food,,,50.8373348,4.3817716,,https://donki.be,,WEBSITE_PRESENT,2026-08-19T11:30:10.603970+00:00,clean,,,"{""amenity"": ""fast_food"", ""contact:website"": ""https://donki.be"", ""name"": ""Donki""}"
ixelles,osm:node/766847811,Laurent D.,beauty-salon,shop=hairdresser,,,50.8369818,4.3817973,,,,NO_WEBSITE,2026-08-19T11:30:10.603970+00:00,clean,,,"{""name"": ""Laurent D."", ""shop"": ""hairdresser""}"
ixelles,osm:node/766847817,Melisse Golger,beauty-salon,shop=hairdresser,,,50.8391002,4.3823423,+32 2 280 36 02,http://www.mg-hairdresser.be,,WEBSITE_PRESENT,2026-08-19T11:30:10.603970+00:00,clean,,,"{""contact:phone"": ""+32 2 280 36 02"", ""contact:website"": ""http://www.mg-hairdresser.be"", ""name"": ""Melisse Golger"", ""shop"": ""hairdresser""}"
ixelles,osm:node/796252937,La Table Saint-Pierre,restaurant,amenity=restaurant,,,50.8371319,4.4180123,+32 2 762 91 63,,,NO_WEBSITE,2026-08-19T11:30:10.603970+00:00,clean,,,"{""amenity"": ""restaurant"", ""contact:phone"": ""+32 2 762 91 63"", ""name"": ""La Table Saint-Pierre""}"
ixelles,osm:node/796253129,Galya,restaurant,amenity=restaurant,,,50.8375171,4.4156212,,,,NO_WEBSITE,2026-08-19T11:30:10.603970+00:00,clean,,,"{""amenity"": ""restaurant"", ""name"": ""Galya""}"
ixelles,osm:node/798937282,Pentahotel Brussels City Centre,hotel,tourism=hotel,,,50.8309509,4.3565023,+32 2 533 66 66,https://www.pentahotels.com/hotels-destinations/belgium/brussels-city-centre,,WEBSITE_PRESENT,2026-08-19T11:30:10.603970+00:00,clean,,,"{""brand"": ""Penta Hotels"", ""contact:phone"": ""+32 2 533 66 66"", ""contact:website"": ""https://www.pentahotels.com/hotels-destinations/belgium/brussels-city-centre"", ""name"": ""Pentahotel Brussels City Centre"", ""tourism"": ""hotel""}"
ixelles,osm:node/798937287,BENU,pharmacy,amenity=pharmacy,,,50.8337782,4.3569166,+32 2 538 03 31,https://storelocator.benu.be/fr/apotheek-benu-ixelles-avenue-louise,,WEBSITE_PRESENT,2026-08-19T11:30:10.603970+00:00,existing_duplicate,"source id, name/address, phone, or website matched existing listing",,"{""amenity"": ""pharmacy"", ""contact:phone"": ""+32 2 538 03 31"", ""contact:website"": ""https://storelocator.benu.be/fr/apotheek-benu-ixelles-avenue-louise"", ""healthcare"": ""pharmacy"", ""name"": ""BENU""}"
ixelles,osm:node/798937290,Bobbies,shoe-stores,shop=shoes,,,50.8338528,4.3568394,,https://www.bobbies.com/fr/boutique/bruxelles/1082,,WEBSITE_PRESENT,2026-08-19T11:30:10.603970+00:00,clean,,,"{""contact:website"": ""https://www.bobbies.com/fr/boutique/bruxelles/1082"", ""name"": ""Bobbies"", ""shop"": ""shoes""}"
ixelles,osm:node/798937294,Kneip Decoster,pharmacy,amenity=pharmacy,,,50.8316517,4.3563736,,,,NO_WEBSITE,2026-08-19T11:30:10.603970+00:00,clean,,,"{""amenity"": ""pharmacy"", ""healthcare"": ""pharmacy"", ""name"": ""Kneip Decoster""}"
ixelles,osm:node/798966528,Pharmacie de la Cour,pharmacy,amenity=pharmacy,,,50.8393906,4.3613122,,,,NO_WEBSITE,2026-08-19T11:30:10.603970+00:00,clean,,,"{""amenity"": ""pharmacy"", ""healthcare"": ""pharmacy"", ""name"": ""Pharmacie de la Cour""}"
ixelles,osm:node/798969583,Agenda Louise,hotel,tourism=hotel,,,50.8294449,4.3599636,+32 2 539 00 31,https://www.hotel-agenda.com,,WEBSITE_PRESENT,2026-08-19T11:30:10.603970+00:00,clean,,,"{""contact:phone"": ""+32 2 539 00 31"", ""contact:website"": ""https://www.hotel-agenda.com"", ""name"": ""Agenda Louise"", ""tourism"": ""hotel""}"
ixelles,osm:node/826822810,Friterie de la Barrière,fast-food,amenity=fast_food,,,50.8329746,4.3424468,,http://www.friteriedelabarriere.be/,,WEBSITE_PRESENT,2026-08-19T11:30:10.603970+00:00,clean,,,"{""amenity"": ""fast_food"", ""contact:website"": ""http://www.friteriedelabarriere.be/"", ""name"": ""Friterie de la Barrière""}"
ixelles,osm:node/826830627,Arion Café,restaurant,amenity=restaurant,,,50.8333229,4.3564716,+32 2 538 41 00,https://www.arionbrussels.be/,brasserie.arion,WEBSITE_PRESENT,2026-08-19T11:30:10.603970+00:00,clean,,,"{""amenity"": ""restaurant"", ""contact:facebook"": ""brasserie.arion"", ""contact:instagram"": ""arion_restaurant"", ""contact:phone"": ""+32 2 538 41 00"", ""contact:website"": ""https://www.arionbrussels.be/"", ""name"": ""Arion Café""}"
ixelles,osm:node/826830628,Le Stephany,bars-pubs,amenity=pub,,,50.8333203,4.3563505,,,,NO_WEBSITE,2026-08-19T11:30:10.603970+00:00,clean,,,"{""amenity"": ""pub"", ""name"": ""Le Stephany""}"
ixelles,osm:node/826830631,Paul,pastry-shops,shop=bakery,,,50.8333224,4.3569077,,http://www.paul-belgium.com,,WEBSITE_PRESENT,2026-08-19T11:30:10.603970+00:00,clean,,,"{""brand"": ""Paul"", ""contact:website"": ""http://www.paul-belgium.com"", ""name"": ""Paul"", ""shop"": ""bakery""}"
ixelles,osm:node/826830634,Belgo Nero,restaurant,amenity=restaurant,,,50.8333185,4.3565909,,,,NO_WEBSITE,2026-08-19T11:30:10.603970+00:00,clean,,,"{""amenity"": ""restaurant"", ""name"": ""Belgo Nero""}"
ixelles,osm:node/840028045,Liberty,pharmacy,amenity=pharmacy,,,50.8357404,4.3560501,,,,NO_WEBSITE,2026-08-19T11:30:10.603970+00:00,clean,,,"{""amenity"": ""pharmacy"", ""healthcare"": ""pharmacy"", ""name"": ""Liberty""}"
ixelles,osm:node/861605926,Les Pêcheries,restaurant,amenity=restaurant,,,50.8124581,4.4100495,+32 2 673 90 24,https://lespecheries.be/,,WEBSITE_PRESENT,2026-08-19T11:30:10.603970+00:00,clean,,,"{""amenity"": ""restaurant"", ""contact:phone"": ""+32 2 673 90 24"", ""contact:website"": ""https://lespecheries.be/"", ""name"": ""Les Pêcheries""}"
ixelles,osm:node/873887661,H&M,clothing-store,shop=clothes,,,50.8375078,4.3618544,,,,NO_WEBSITE,2026-08-19T11:30:10.603970+00:00,clean,,,"{""brand"": ""H&M"", ""name"": ""H&M"", ""shop"": ""clothes""}"
ixelles,osm:node/873887668,Fnac,electronics-stores,shop=electronics,,,50.8367106,4.3613034,+32 2 402 26 26,https://www.fr.fnac.be,,WEBSITE_PRESENT,2026-08-19T11:30:10.603970+00:00,clean,,,"{""brand"": ""Fnac"", ""contact:phone"": ""+32 2 402 26 26"", ""contact:website"": ""https://www.fr.fnac.be"", ""name"": ""Fnac"", ""shop"": ""electronics""}"
ixelles,osm:node/876187030,C&A,clothing-store,shop=clothes,,,50.8167018,4.3665119,,,,NO_WEBSITE,2026-08-19T11:30:10.603970+00:00,clean,,,"{""brand"": ""C&A"", ""name"": ""C&A"", ""shop"": ""clothes""}"
ixelles,osm:node/956133175,Le Visé,bars-pubs,amenity=pub,,,50.811826,4.3924489,,,,NO_WEBSITE,2026-08-19T11:30:10.603970+00:00,clean,,,"{""amenity"": ""pub"", ""name"": ""Le Visé""}"
ixelles,osm:node/993030379,Bab Dar,restaurant,amenity=restaurant,,,50.8306047,4.3560389,,http://www.babdar.be/,,WEBSITE_PRESENT,2026-08-19T11:30:10.603970+00:00,clean,,,"{""amenity"": ""restaurant"", ""contact:website"": ""http://www.babdar.be/"", ""name"": ""Bab Dar""}"
ixelles,osm:node/993031209,Le Prince,restaurant,amenity=restaurant,,,50.8315803,4.3563508,,,,NO_WEBSITE,2026-08-19T11:30:10.603970+00:00,clean,,,"{""amenity"": ""restaurant"", ""name"": ""Le Prince""}"
ixelles,osm:node/993031293,Gusti Pizzeria,fast-food,amenity=fast_food,,,50.831597,4.3560421,,,,NO_WEBSITE,2026-08-19T11:30:10.603970+00:00,clean,,,"{""amenity"": ""fast_food"", ""name"": ""Gusti Pizzeria""}"
ixelles,osm:node/993032378,Zatar,restaurant,amenity=restaurant,,,50.831381,4.356287,,,,NO_WEBSITE,2026-08-19T11:30:10.603970+00:00,clean,,,"{""amenity"": ""restaurant"", ""name"": ""Zatar""}"
ixelles,osm:node/993033199,Wing Street,fast-food,amenity=fast_food,,,50.8314751,4.3558002,,,,NO_WEBSITE,2026-08-19T11:30:10.603970+00:00,clean,,,"{""amenity"": ""fast_food"", ""name"": ""Wing Street""}"
ixelles,osm:node/993649480,Coloniale,pharmacy,amenity=pharmacy,,,50.8369744,4.3622197,,,,NO_WEBSITE,2026-08-19T11:30:10.603970+00:00,clean,,,"{""amenity"": ""pharmacy"", ""healthcare"": ""pharmacy"", ""name"": ""Coloniale""}"
ixelles,osm:node/993649961,Primark,clothing-store,shop=clothes,,,50.836089,4.3629011,,,,NO_WEBSITE,2026-08-19T11:30:10.603970+00:00,clean,,,"{""brand"": ""Primark"", ""name"": ""Primark"", ""shop"": ""clothes""}"
ixelles,osm:node/993650448,Venizi,jewelry-stores,shop=jewelry,,,50.8370454,4.3621711,,,,NO_WEBSITE,2026-08-19T11:30:10.603970+00:00,clean,,,"{""name"": ""Venizi"", ""shop"": ""jewelry""}"
ixelles,osm:node/1015069253,Liloo,restaurant,amenity=restaurant,,,50.8327719,4.3867307,,https://www.pizzaliloo.be/,,WEBSITE_PRESENT,2026-08-19T11:30:10.603970+00:00,clean,,,"{""amenity"": ""restaurant"", ""contact:website"": ""https://www.pizzaliloo.be/"", ""name"": ""Liloo""}"
ixelles,osm:node/1039103723,Hair France,beauty-salon,shop=hairdresser,,,50.8394677,4.3834308,+32 2 230 28 14,http://www.hairfrance.be,,WEBSITE_PRESENT,2026-08-19T11:30:10.603970+00:00,clean,,,"{""contact:phone"": ""+32 2 230 28 14"", ""contact:website"": ""http://www.hairfrance.be"", ""name"": ""Hair France"", ""shop"": ""hairdresser""}"
ixelles,osm:node/1121797659,Thai Cafe,restaurant,amenity=restaurant,,,50.822537,4.3547235,,,,NO_WEBSITE,2026-08-19T11:30:10.603970+00:00,clean,,,"{""amenity"": ""restaurant"", ""name"": ""Thai Cafe""}"
ixelles,osm:node/1138938717,Mont Liban,restaurant,amenity=restaurant,,,50.8302393,4.3589244,+32 2 537 71 31,http://www.montliban.be/,,WEBSITE_PRESENT,2026-08-19T11:30:10.603970+00:00,clean,,,"{""amenity"": ""restaurant"", ""contact:phone"": ""+32 2 537 71 31"", ""name"": ""Mont Liban"", ""url"": ""http://www.montliban.be/""}"
ixelles,osm:node/1138950172,Frasca,restaurant,amenity=restaurant,,,50.8294218,4.359377,+32 2 735 50 65,https://www.frasca.be/,,WEBSITE_PRESENT,2026-08-19T11:30:10.603970+00:00,clean,,,"{""amenity"": ""restaurant"", ""contact:phone"": ""+32 2 735 50 65"", ""contact:website"": ""https://www.frasca.be/"", ""name"": ""Frasca""}"
ixelles,osm:node/1139869121,LOOK,beauty-salon,shop=hairdresser,,,50.8336228,4.3850802,,,,NO_WEBSITE,2026-08-19T11:30:10.603970+00:00,clean,,,"{""name"": ""LOOK"", ""shop"": ""hairdresser""}"
ixelles,osm:node/1156539349,Louis Delhaize,supermarkets,shop=supermarket,,,50.8399085,4.3805857,,https://www.louisdelhaize.com/,,WEBSITE_PRESENT,2026-08-19T11:30:10.603970+00:00,clean,,,"{""brand"": ""Louis Delhaize"", ""name"": ""Louis Delhaize"", ""shop"": ""supermarket"", ""website"": ""https://www.louisdelhaize.com/""}"
ixelles,osm:node/1189927187,Cantina La Général,restaurant,amenity=restaurant,,,50.8171005,4.3678019,+32 2 280 36 04,https://www.lageneral.be/,lageneral.bxl,WEBSITE_PRESENT,2026-08-19T11:30:10.603970+00:00,clean,,,"{""amenity"": ""restaurant"", ""contact:instagram"": ""lageneral.bxl"", ""contact:phone"": ""+32 2 280 36 04"", ""contact:website"": ""https://www.lageneral.be/"", ""name"": ""Cantina La Général""}"
ixelles,osm:node/1189927201,O Liban,restaurant,amenity=restaurant,,,50.8172833,4.3667435,,https://www.oliban.be,,WEBSITE_PRESENT,2026-08-19T11:30:10.603970+00:00,clean,,,"{""amenity"": ""restaurant"", ""contact:website"": ""https://www.oliban.be"", ""name"": ""O Liban""}"
ixelles,osm:node/1191725633,Nona Pizza,restaurant,amenity=restaurant,,,50.8390515,4.3979875,,https://www.nonalife.com,,WEBSITE_PRESENT,2026-08-19T11:30:10.603970+00:00,clean,,,"{""amenity"": ""restaurant"", ""contact:website"": ""https://www.nonalife.com"", ""name"": ""Nona Pizza""}"
ixelles,osm:node/1196935388,Mazette,bars-pubs,amenity=pub,,,50.8363855,4.3458579,,https://mazette.brussels,,WEBSITE_PRESENT,2026-08-19T11:30:10.603970+00:00,clean,,,"{""amenity"": ""pub"", ""contact:website"": ""https://mazette.brussels"", ""name"": ""Mazette""}"
ixelles,osm:node/1196935391,Multipharma,pharmacy,amenity=pharmacy,,,50.8348552,4.3460968,,,,NO_WEBSITE,2026-08-19T11:30:10.603970+00:00,clean,,,"{""amenity"": ""pharmacy"", ""brand"": ""Multipharma"", ""healthcare"": ""pharmacy"", ""name"": ""Multipharma""}"
ixelles,osm:node/1196935400,Blaes,pharmacy,amenity=pharmacy,,,50.8347445,4.3438108,,https://pharmacieblaes.pharmacie.be/,,WEBSITE_PRESENT,2026-08-19T11:30:10.603970+00:00,clean,,,"{""amenity"": ""pharmacy"", ""contact:website"": ""https://pharmacieblaes.pharmacie.be/"", ""healthcare"": ""pharmacy"", ""name"": ""Blaes""}"
ixelles,osm:node/1212142853,L'Horizon,bars-pubs,amenity=pub,,,50.832128,4.3873346,,,,NO_WEBSITE,2026-08-19T11:30:10.603970+00:00,clean,,,"{""amenity"": ""pub"", ""name"": ""L'Horizon""}"
ixelles,osm:node/1214516426,Mory,pharmacy,amenity=pharmacy,,,50.8253958,4.3449441,,,,NO_WEBSITE,2026-08-19T11:30:10.603970+00:00,clean,,,"{""amenity"": ""pharmacy"", ""name"": ""Mory""}"
ixelles,osm:node/1231567297,Domino's,fast-food,amenity=fast_food,,,50.829544,4.3701066,+32 2 646 66 46,https://www.dominos.be/fr/magasin/be-brusselixelleschaussedixelles-31189,,WEBSITE_PRESENT,2026-08-19T11:30:10.603970+00:00,existing_duplicate,"source id, name/address, phone, or website matched existing listing",,"{""amenity"": ""fast_food"", ""brand"": ""Domino's"", ""contact:phone"": ""+32 2 646 66 46"", ""contact:website"": ""https://www.dominos.be/fr/magasin/be-brusselixelleschaussedixelles-31189"", ""name"": ""Domino's""}"
ixelles,osm:node/1242137440,Lloyd Coffee Eatery,cafe,amenity=cafe,,,50.8337948,4.3552048,+32 2 356 31 26,https://lloydcoffee.com/en/shops/,,WEBSITE_PRESENT,2026-08-19T11:30:10.603970+00:00,clean,,,"{""amenity"": ""cafe"", ""contact:phone"": ""+32 2 356 31 26"", ""contact:website"": ""https://lloydcoffee.com/en/shops/"", ""name"": ""Lloyd Coffee Eatery""}"
ixelles,osm:node/1260681150,Cabinet dentaires groupés,dentist,amenity=dentist,,,50.8115987,4.3613698,,,,NO_WEBSITE,2026-08-19T11:30:10.603970+00:00,clean,,,"{""amenity"": ""dentist"", ""name"": ""Cabinet dentaires groupés""}"
ixelles,osm:node/1260886015,Snack Pozyy,fast-food,amenity=fast_food,,,50.8256078,4.3544416,,,,NO_WEBSITE,2026-08-19T11:30:10.603970+00:00,clean,,,"{""amenity"": ""fast_food"", ""name"": ""Snack Pozyy""}"
ixelles,osm:node/1271056432,La Molisana,restaurant,amenity=restaurant,,,50.8254439,4.3450242,,https://lamolisana.be,,WEBSITE_PRESENT,2026-08-19T11:30:10.603970+00:00,clean,,,"{""amenity"": ""restaurant"", ""contact:website"": ""https://lamolisana.be"", ""name"": ""La Molisana""}"
ixelles,osm:node/1271954984,Rocycle,gym,leisure=fitness_centre,,,50.833854,4.3659396,,https://rocyclestudios.com/,,WEBSITE_PRESENT,2026-08-19T11:30:10.603970+00:00,clean,,,"{""contact:website"": ""https://rocyclestudios.com/"", ""leisure"": ""fitness_centre"", ""name"": ""Rocycle""}"
ixelles,osm:node/1271960871,Centre dentaire d'Ixelles,dentist,amenity=dentist,,,50.8332606,4.366268,,https://www.votredentiste.be,,WEBSITE_PRESENT,2026-08-19T11:30:10.603970+00:00,clean,,,"{""amenity"": ""dentist"", ""contact:website"": ""https://www.votredentiste.be"", ""healthcare"": ""dentist"", ""name"": ""Centre dentaire d'Ixelles""}"
ixelles,osm:node/1359707133,La Grosse Liberté,bars-pubs,amenity=pub,,,50.836466,4.3639439,,,lagrosseliberte,SOCIAL_ONLY,2026-08-19T11:30:10.603970+00:00,clean,,,"{""amenity"": ""pub"", ""contact:instagram"": ""lagrosseliberte"", ""name"": ""La Grosse Liberté""}"
ixelles,osm:node/1394713017,Au Croquant,pastry-shops,shop=bakery,,,50.8281355,4.4072664,,,,NO_WEBSITE,2026-08-19T11:30:10.603970+00:00,clean,,,"{""name"": ""Au Croquant"", ""shop"": ""bakery""}"
ixelles,osm:node/1433223060,Manos Premier,hotel,tourism=hotel,,,50.8283179,4.3556606,+32 2 537 96 82,https://www.manospremier.com,,WEBSITE_PRESENT,2026-08-19T11:30:10.603970+00:00,clean,,,"{""contact:phone"": ""+32 2 537 96 82"", ""contact:website"": ""https://www.manospremier.com"", ""name"": ""Manos Premier"", ""operator"": ""Manos"", ""tourism"": ""hotel""}"
ixelles,osm:node/1441983561,Folklor,restaurant,amenity=restaurant,,,50.8369233,4.3963302,+32 2 734 82 96,,,NO_WEBSITE,2026-08-19T11:30:10.603970+00:00,clean,,,"{""amenity"": ""restaurant"", ""contact:phone"": ""+32 2 734 82 96"", ""name"": ""Folklor""}"
ixelles,osm:node/1441983565,Dilan,pastry-shops,shop=bakery,,,50.836744,4.3965542,,,,NO_WEBSITE,2026-08-19T11:30:10.603970+00:00,clean,,,"{""name"": ""Dilan"", ""shop"": ""bakery""}"
ixelles,osm:node/1505400662,Timeless,clothing-store,shop=clothes,,,50.8295343,4.3620556,,https://www.timeless-antiques.com,,WEBSITE_PRESENT,2026-08-19T11:30:10.603970+00:00,clean,,,"{""contact:website"": ""https://www.timeless-antiques.com"", ""name"": ""Timeless"", ""shop"": ""clothes""}"
ixelles,osm:node/1517501351,Yasushi Sasaki Pâtisserie,pastry-shops,shop=bakery,,,50.8275764,4.4189319,,,,NO_WEBSITE,2026-08-19T11:30:10.603970+00:00,clean,,,"{""name"": ""Yasushi Sasaki Pâtisserie"", ""shop"": ""bakery""}"
ixelles,osm:node/1518763139,Amore & Fantasia,restaurant,amenity=restaurant,,,50.8154109,4.4170635,,,,NO_WEBSITE,2026-08-19T11:30:10.603970+00:00,clean,,,"{""amenity"": ""restaurant"", ""name"": ""Amore & Fantasia""}"
ixelles,osm:node/1601163431,Pharmacie de Beaulieu,pharmacy,amenity=pharmacy,,,50.8130576,4.4168321,,,,NO_WEBSITE,2026-08-19T11:30:10.603970+00:00,clean,,,"{""amenity"": ""pharmacy"", ""name"": ""Pharmacie de Beaulieu""}"
ixelles,osm:node/1618802478,La Turbean,fast-food,amenity=fast_food,,,50.8131278,4.3813958,,https://www.asbean.be/turbean,laturbean,WEBSITE_PRESENT,2026-08-19T11:30:10.603970+00:00,clean,,,"{""amenity"": ""fast_food"", ""contact:facebook"": ""laturbean"", ""contact:instagram"": ""laturbean"", ""contact:website"": ""https://www.asbean.be/turbean"", ""name"": ""La Turbean""}"
ixelles,osm:node/1618802479,Coin Culture ULB,cafe,amenity=cafe,,,50.8127684,4.381631,,,,NO_WEBSITE,2026-08-19T11:30:10.603970+00:00,clean,,,"{""amenity"": ""cafe"", ""name"": ""Coin Culture ULB""}"
ixelles,osm:node/1618802577,Jeff's Fries,fast-food,amenity=fast_food,,,50.814662,4.3876739,,,,NO_WEBSITE,2026-08-19T11:30:10.603970+00:00,clean,,,"{""amenity"": ""fast_food"", ""name"": ""Jeff's Fries""}"
ixelles,osm:node/1619245482,Krëfel,electronics-stores,shop=electronics,,,50.8223345,4.4048601,+32 2 733 02 16,https://www.krefel.be/nl/winkels/auderghem,,WEBSITE_PRESENT,2026-08-19T11:30:10.603970+00:00,existing_duplicate,"source id, name/address, phone, or website matched existing listing",,"{""brand"": ""Krëfel"", ""name"": ""Krëfel"", ""phone"": ""+32 2 733 02 16"", ""shop"": ""electronics"", ""website"": ""https://www.krefel.be/nl/winkels/auderghem""}"
ixelles,osm:node/1619253001,Hankar,pharmacy,amenity=pharmacy,,,50.8227716,4.4032079,+32 2 647 70 14,,,NO_WEBSITE,2026-08-19T11:30:10.603970+00:00,clean,,,"{""amenity"": ""pharmacy"", ""contact:phone"": ""+32 2 647 70 14"", ""healthcare"": ""pharmacy"", ""name"": ""Hankar""}"
ixelles,osm:node/1626936287,The Funny Horse Club,bars-pubs,amenity=bar,,,50.8299526,4.3588247,,https://www.funnyhorse.be/,,WEBSITE_PRESENT,2026-08-19T11:30:10.603970+00:00,clean,,,"{""amenity"": ""bar"", ""contact:website"": ""https://www.funnyhorse.be/"", ""name"": ""The Funny Horse Club""}"
ixelles,osm:node/1626936290,Pizza Box,fast-food,amenity=fast_food,,,50.8315877,4.356115,,,,NO_WEBSITE,2026-08-19T11:30:10.603970+00:00,clean,,,"{""amenity"": ""fast_food"", ""name"": ""Pizza Box""}"
ixelles,osm:node/1631358481,Enoteca da Valentino,restaurant,amenity=restaurant,,,50.8386114,4.3646222,+32 2 511 84 35,http://enotecadavalentino.com,,WEBSITE_PRESENT,2026-08-19T11:30:10.603970+00:00,clean,,,"{""amenity"": ""restaurant"", ""contact:phone"": ""+32 2 511 84 35"", ""contact:website"": ""http://enotecadavalentino.com"", ""name"": ""Enoteca da Valentino""}"
ixelles,osm:node/1631412982,Nueva Buenos Aires,restaurant,amenity=restaurant,,,50.8234525,4.3586923,+32 2 201 08 80,https://www.nuevabuenosaires.be/,,WEBSITE_PRESENT,2026-08-19T11:30:10.603970+00:00,clean,,,"{""amenity"": ""restaurant"", ""contact:phone"": ""+32 2 201 08 80"", ""contact:website"": ""https://www.nuevabuenosaires.be/"", ""name"": ""Nueva Buenos Aires""}"
ixelles,osm:node/1631413068,Dynapharma,pharmacy,amenity=pharmacy,,,50.8217318,4.3627536,+32 2 344 07 94,,,NO_WEBSITE,2026-08-19T11:30:10.603970+00:00,clean,,,"{""amenity"": ""pharmacy"", ""contact:phone"": ""+32 2 344 07 94"", ""healthcare"": ""pharmacy"", ""name"": ""Dynapharma""}"
ixelles,osm:node/1631413156,Tete,pharmacy,amenity=pharmacy,,,50.8314799,4.3437097,,,,NO_WEBSITE,2026-08-19T11:30:10.603970+00:00,clean,,,"{""amenity"": ""pharmacy"", ""name"": ""Tete""}"
ixelles,osm:node/1631413162,Les 7 Saveurs,restaurant,amenity=restaurant,,,50.8188712,4.3789652,,,,NO_WEBSITE,2026-08-19T11:30:10.603970+00:00,clean,,,"{""amenity"": ""restaurant"", ""name"": ""Les 7 Saveurs""}"
ixelles,osm:node/1631505009,La Charlotte Royale,pastry-shops,shop=bakery,,,50.8029982,4.3987932,+32 2 673 31 48,,,NO_WEBSITE,2026-08-19T11:30:10.603970+00:00,clean,,,"{""contact:phone"": ""+32 2 673 31 48"", ""name"": ""La Charlotte Royale"", ""shop"": ""bakery""}"
ixelles,osm:node/1631505013,Pharmacie du Dries,pharmacy,amenity=pharmacy,,,50.8029246,4.3990857,,,,NO_WEBSITE,2026-08-19T11:30:10.603970+00:00,clean,,,"{""amenity"": ""pharmacy"", ""healthcare"": ""pharmacy"", ""name"": ""Pharmacie du Dries""}"
ixelles,osm:node/1631975584,Boa Boa,bars-pubs,amenity=bar,,,50.8142769,4.356031,,https://boaboarecordscafe.com/,,WEBSITE_PRESENT,2026-08-19T11:30:10.603970+00:00,clean,,,"{""amenity"": ""bar"", ""contact:website"": ""https://boaboarecordscafe.com/"", ""name"": ""Boa Boa""}"
ixelles,osm:node/1631976836,Rolling Sushi,restaurant,amenity=restaurant,,,50.829694,4.3699366,+32 2 275 59 27,,,NO_WEBSITE,2026-08-19T11:30:10.603970+00:00,clean,,,"{""amenity"": ""restaurant"", ""contact:phone"": ""+32 2 275 59 27"", ""name"": ""Rolling Sushi""}"
ixelles,osm:node/1632502089,Desmet,pastry-shops,shop=bakery,,,50.826125,4.4119118,,https://desmetbrussels.metro.rest/,,WEBSITE_PRESENT,2026-08-19T11:30:10.603970+00:00,clean,,,"{""contact:website"": ""https://desmetbrussels.metro.rest/"", ""name"": ""Desmet"", ""shop"": ""bakery""}"
ixelles,osm:node/1641938238,Il Carpaccio,restaurant,amenity=restaurant,,,50.8039996,4.3720254,+32 2 374 57 67,https://www.il-carpaccio.be,,WEBSITE_PRESENT,2026-08-19T11:30:10.603970+00:00,clean,,,"{""amenity"": ""restaurant"", ""contact:phone"": ""+32 2 374 57 67"", ""contact:website"": ""https://www.il-carpaccio.be"", ""name"": ""Il Carpaccio""}"
ixelles,osm:node/1668690602,Le Phileon,cafe,amenity=cafe,,,50.8276746,4.4062135,,,,NO_WEBSITE,2026-08-19T11:30:10.603970+00:00,clean,,,"{""amenity"": ""cafe"", ""name"": ""Le Phileon""}"
ixelles,osm:node/1701435211,Dam' Tartines,fast-food,amenity=fast_food,,,50.8361079,4.3660391,,,,NO_WEBSITE,2026-08-19T11:30:10.603970+00:00,clean,,,"{""amenity"": ""fast_food"", ""name"": ""Dam' Tartines""}"
ixelles,osm:node/1705233724,Le Mess,restaurant,amenity=restaurant,,,50.826165,4.3974742,+32 2 734 03 36,https://lemess.be/,,WEBSITE_PRESENT,2026-08-19T11:30:10.603970+00:00,clean,,,"{""amenity"": ""restaurant"", ""contact:phone"": ""+32 2 734 03 36"", ""contact:website"": ""https://lemess.be/"", ""name"": ""Le Mess""}"
ixelles,osm:node/1721648161,Colpan's,fast-food,amenity=fast_food,,,50.8386212,4.3541007,,,,NO_WEBSITE,2026-08-19T11:30:10.603970+00:00,clean,,,"{""amenity"": ""fast_food"", ""name"": ""Colpan's""}"
ixelles,osm:node/1756205016,China Express,restaurant,amenity=restaurant,,,50.8220328,4.4044442,,,,NO_WEBSITE,2026-08-19T11:30:10.603970+00:00,clean,,,"{""amenity"": ""restaurant"", ""name"": ""China Express""}"
ixelles,osm:node/1756205017,Le Coin,restaurant,amenity=restaurant,,,50.8241911,4.4006945,,,,NO_WEBSITE,2026-08-19T11:30:10.603970+00:00,clean,,,"{""amenity"": ""restaurant"", ""name"": ""Le Coin""}"
ixelles,osm:node/1756205018,Valérie Ladade,veterinary,amenity=veterinary,,,50.8244445,4.4018088,+32 2 735 25 28,https://app.doctormanager.be/drladade/rdv/index/1,,WEBSITE_PRESENT,2026-08-19T11:30:10.603970+00:00,clean,,,"{""amenity"": ""veterinary"", ""contact:phone"": ""+32 2 735 25 28"", ""contact:website"": ""https://app.doctormanager.be/drladade/rdv/index/1"", ""name"": ""Valérie Ladade""}"
ixelles,osm:node/1756205019,L'épi d'or,pastry-shops,shop=bakery,,,50.8248347,4.402236,+32 2 733 69 83,,https://www.facebook.com/boulangeriealepidor/,SOCIAL_ONLY,2026-08-19T11:30:10.603970+00:00,clean,,,"{""contact:facebook"": ""https://www.facebook.com/boulangeriealepidor/"", ""contact:phone"": ""+32 2 733 69 83"", ""name"": ""L'épi d'or"", ""shop"": ""bakery""}"
ixelles,osm:node/1756206727,Agra,restaurant,amenity=restaurant,,,50.8248389,4.3996158,+32 2 732 25 55,http://www.agra-restaurant.be/,,WEBSITE_PRESENT,2026-08-19T11:30:10.603970+00:00,clean,,,"{""amenity"": ""restaurant"", ""contact:phone"": ""+32 2 732 25 55"", ""contact:website"": ""http://www.agra-restaurant.be/"", ""name"": ""Agra""}"
ixelles,osm:node/1756692075,Da Cezio,restaurant,amenity=restaurant,,,50.8287055,4.4010282,,,,NO_WEBSITE,2026-08-19T11:30:10.603970+00:00,clean,,,"{""amenity"": ""restaurant"", ""name"": ""Da Cezio""}"
ixelles,osm:node/1756692076,Le coach,bars-pubs,amenity=pub,,,50.8360255,4.4073892,,http://www.le-coach.be,,WEBSITE_PRESENT,2026-08-19T11:30:10.603970+00:00,clean,,,"{""amenity"": ""pub"", ""name"": ""Le coach"", ""website"": ""http://www.le-coach.be""}"
ixelles,osm:node/1756692077,Eurostars Montgomery Hotel,hotel,tourism=hotel,,,50.8382362,4.4070236,+32 2 741 85 11,https://www.eurostarshotels.com/eurostars-montgomery.html,,WEBSITE_PRESENT,2026-08-19T11:30:10.603970+00:00,clean,,,"{""brand"": ""Eurostars Hotels Company"", ""contact:phone"": ""+32 2 741 85 11"", ""contact:website"": ""https://www.eurostarshotels.com/eurostars-montgomery.html"", ""name"": ""Eurostars Montgomery Hotel"", ""tourism"": ""hotel""}"
ixelles,osm:node/1766721060,Hair Design Stef,beauty-salon,shop=hairdresser,,,50.8335695,4.4016102,,,,NO_WEBSITE,2026-08-19T11:30:10.603970+00:00,clean,,,"{""name"": ""Hair Design Stef"", ""shop"": ""hairdresser""}"
ixelles,osm:node/1776158625,Delicieux,restaurant,amenity=restaurant,,,50.8207458,4.3767746,,,,NO_WEBSITE,2026-08-19T11:30:10.603970+00:00,clean,,,"{""amenity"": ""restaurant"", ""name"": ""Delicieux""}"
ixelles,osm:node/1785214931,La Locanda,restaurant,amenity=restaurant,,,50.8214022,4.356428,,,,NO_WEBSITE,2026-08-19T11:30:10.603970+00:00,clean,,,"{""amenity"": ""restaurant"", ""name"": ""La Locanda""}"
ixelles,osm:node/1785216807,Philema,restaurant,amenity=restaurant,,,50.8212817,4.3567083,+32 2 344 58 76,https://philema.be,,WEBSITE_PRESENT,2026-08-19T11:30:10.603970+00:00,clean,,,"{""amenity"": ""restaurant"", ""contact:phone"": ""+32 2 344 58 76"", ""contact:website"": ""https://philema.be"", ""name"": ""Philema""}"
ixelles,osm:node/1824030163,Grain,pastry-shops,shop=bakery,,,50.8254408,4.3547638,,,,NO_WEBSITE,2026-08-19T11:30:10.603970+00:00,clean,,,"{""name"": ""Grain"", ""shop"": ""bakery""}"
ixelles,osm:node/1849958451,Motor Village Delta,car-dealers,shop=car,,,50.8181919,4.4057349,,,,NO_WEBSITE,2026-08-19T11:30:10.603970+00:00,clean,,,"{""brand"": ""Fiat;Alfa Romeo;Lancia;Jeep;Fiat Professional"", ""name"": ""Motor Village Delta"", ""shop"": ""car""}"
ixelles,osm:node/1919160874,Alvo,supermarkets,shop=supermarket,,,50.8353928,4.3895344,,,,NO_WEBSITE,2026-08-19T11:30:10.603970+00:00,clean,,,"{""brand"": ""Alvo"", ""name"": ""Alvo"", ""shop"": ""supermarket""}"
ixelles,osm:node/2140793929,Atelier Touijar,jewelry-stores,shop=jewelry,,,50.8353702,4.3633108,+32 2 511 41 78,,,NO_WEBSITE,2026-08-19T11:30:10.603970+00:00,clean,,,"{""contact:phone"": ""+32 2 511 41 78"", ""name"": ""Atelier Touijar"", ""shop"": ""jewelry""}"
ixelles,osm:node/2166021148,Hellin E.,pharmacy,amenity=pharmacy,,,50.818501,4.3563681,,,,NO_WEBSITE,2026-08-19T11:30:10.603970+00:00,clean,,,"{""amenity"": ""pharmacy"", ""name"": ""Hellin E.""}"
ixelles,osm:node/2166021152,Make Up 4 You,beauty-salon,shop=beauty,,,50.8190821,4.3549452,,https://makeup4you.be/,,WEBSITE_PRESENT,2026-08-19T11:30:10.603970+00:00,clean,,,"{""contact:website"": ""https://makeup4you.be/"", ""name"": ""Make Up 4 You"", ""shop"": ""beauty""}"
ixelles,osm:node/2167729815,Cachemire Coton Soie,clothing-store,shop=clothes,,,50.8203773,4.3540516,,https://www.cachemirecotonsoie.com,,WEBSITE_PRESENT,2026-08-19T11:30:10.603970+00:00,clean,,,"{""name"": ""Cachemire Coton Soie"", ""shop"": ""clothes"", ""website"": ""https://www.cachemirecotonsoie.com""}"
ixelles,osm:node/2167729819,Candide,bookstore,shop=books,,,50.8178057,4.354962,,https://librairiecandide.tumblr.com/,,WEBSITE_PRESENT,2026-08-19T11:30:10.603970+00:00,clean,,,"{""contact:website"": ""https://librairiecandide.tumblr.com/"", ""name"": ""Candide"", ""shop"": ""books""}"
ixelles,osm:node/2167729824,Carglass,,shop=car_repair,,,50.8219634,4.3581669,,https://www.carglass.be/fr/centre-de-services/bruxelles/ixelles,,WEBSITE_PRESENT,2026-08-19T11:30:10.603970+00:00,clean,,no confident canonical category mapping,"{""brand"": ""Carglass"", ""contact:website"": ""https://www.carglass.be/fr/centre-de-services/bruxelles/ixelles"", ""name"": ""Carglass"", ""shop"": ""car_repair""}"
ixelles,osm:node/2167729828,Peugeot,car-dealers,shop=car,,,50.822858,4.3584004,,,,NO_WEBSITE,2026-08-19T11:30:10.603970+00:00,clean,,,"{""brand"": ""Peugeot"", ""name"": ""Peugeot"", ""operator"": ""Declercq"", ""shop"": ""car""}"
ixelles,osm:node/2167729831,Sushioui,restaurant,amenity=restaurant,,,50.8165419,4.3535935,,,,NO_WEBSITE,2026-08-19T11:30:10.603970+00:00,clean,,,"{""amenity"": ""restaurant"", ""name"": ""Sushioui""}"
ixelles,osm:node/2167729834,Le Village du Pain,cafe,amenity=cafe,,,50.8170609,4.3553122,,,,NO_WEBSITE,2026-08-19T11:30:10.603970+00:00,clean,,,"{""amenity"": ""cafe"", ""name"": ""Le Village du Pain"", ""shop"": ""bakery""}"
ixelles,osm:node/2167729837,Vaneau Lecobel,real-estate-agencies,office=estate_agent,,,50.8173634,4.353953,+32 2 669 21 70,https://www.lecobel-vaneau.be/en/real-estate-agencies/vaneau-lecobel-new-projects,,WEBSITE_PRESENT,2026-08-19T11:30:10.603970+00:00,clean,,,"{""contact:phone"": ""+32 2 669 21 70"", ""contact:website"": ""https://www.lecobel-vaneau.be/en/real-estate-agencies/vaneau-lecobel-new-projects"", ""name"": ""Vaneau Lecobel"", ""office"": ""estate_agent""}"
ixelles,osm:node/2167729840,Kelly Shop,clothing-store,shop=clothes,,,50.817489,4.3554158,,,,NO_WEBSITE,2026-08-19T11:30:10.603970+00:00,clean,,,"{""name"": ""Kelly Shop"", ""shop"": ""clothes""}"
ixelles,osm:node/2167729842,Engel & Völkers,real-estate-agencies,office=estate_agent,,,50.8177334,4.3550086,,,,NO_WEBSITE,2026-08-19T11:30:10.603970+00:00,clean,,,"{""name"": ""Engel & Völkers"", ""office"": ""estate_agent""}"
ixelles,osm:node/2167729852,Uniform,clothing-store,shop=clothes,,,50.8200863,4.354246,,,,NO_WEBSITE,2026-08-19T11:30:10.603970+00:00,clean,,,"{""name"": ""Uniform"", ""shop"": ""clothes""}"
ixelles,osm:node/2167729856,Toucan,restaurant,amenity=restaurant,,,50.8201468,4.3592968,,,,NO_WEBSITE,2026-08-19T11:30:10.603970+00:00,clean,,,"{""amenity"": ""restaurant"", ""name"": ""Toucan""}"
ixelles,osm:node/2167729860,Pharmacie Darwin – MSM Pharma,pharmacy,amenity=pharmacy,,,50.8206024,4.3545311,,,,NO_WEBSITE,2026-08-19T11:30:10.603970+00:00,clean,,,"{""amenity"": ""pharmacy"", ""name"": ""Pharmacie Darwin – MSM Pharma""}"
ixelles,osm:node/2167729864,Chez Franz,cafe,amenity=cafe,,,50.8206582,4.354229,,,,NO_WEBSITE,2026-08-19T11:30:10.603970+00:00,clean,,,"{""amenity"": ""cafe"", ""name"": ""Chez Franz""}"
ixelles,osm:node/2183692520,The Green Pepper / Chez Malon,restaurant,amenity=restaurant,,,50.8360361,4.3656667,,,,NO_WEBSITE,2026-08-19T11:30:10.603970+00:00,clean,,,"{""amenity"": ""restaurant"", ""name"": ""The Green Pepper / Chez Malon""}"
ixelles,osm:node/2183692588,London Calling,bars-pubs,amenity=bar,,,50.8378198,4.3678032,+32 2 888 83 47,,,NO_WEBSITE,2026-08-19T11:30:10.603970+00:00,clean,,,"{""amenity"": ""bar"", ""contact:phone"": ""+32 2 888 83 47"", ""name"": ""London Calling""}"
ixelles,osm:node/2197253302,Zonneklop,bars-pubs,amenity=bar,,,50.8359326,4.3655543,,,,NO_WEBSITE,2026-08-19T11:30:10.603970+00:00,clean,,,"{""amenity"": ""bar"", ""name"": ""Zonneklop""}"
ixelles,osm:node/2203600166,Belga & Co,cafe,amenity=cafe,,,50.8225642,4.3538245,,https://www.belgacoffee.com/,,WEBSITE_PRESENT,2026-08-19T11:30:10.603970+00:00,clean,,,"{""amenity"": ""cafe"", ""contact:website"": ""https://www.belgacoffee.com/"", ""name"": ""Belga & Co""}"
ixelles,osm:node/2239986195,Exki,fast-food,amenity=fast_food,,,50.8335025,4.3569982,,https://www.exki.com/,,WEBSITE_PRESENT,2026-08-19T11:30:10.603970+00:00,clean,,,"{""amenity"": ""fast_food"", ""brand"": ""Exki"", ""name"": ""Exki"", ""website"": ""https://www.exki.com/""}"
ixelles,osm:node/2294697406,Patisserie Garcia,pastry-shops,shop=bakery,,,50.8293801,4.3792461,+32 2 640 79 56,https://www.patisseriegarcia.be/,,WEBSITE_PRESENT,2026-08-19T11:30:10.603970+00:00,clean,,,"{""contact:phone"": ""+32 2 640 79 56"", ""contact:website"": ""https://www.patisseriegarcia.be/"", ""name"": ""Patisserie Garcia"", ""shop"": ""bakery""}"
ixelles,osm:node/2298697317,Umamido,restaurant,amenity=restaurant,,,50.8394325,4.3997023,,,,NO_WEBSITE,2026-08-19T11:30:10.603970+00:00,clean,,,"{""amenity"": ""restaurant"", ""name"": ""Umamido""}"
ixelles,osm:node/2302371944,Canterbury,restaurant,amenity=restaurant,,,50.823753,4.3741641,,,,NO_WEBSITE,2026-08-19T11:30:10.603970+00:00,clean,,,"{""amenity"": ""restaurant"", ""name"": ""Canterbury""}"
ixelles,osm:node/2321927897,Collart,pharmacy,amenity=pharmacy,,,50.8202604,4.3590418,,,,NO_WEBSITE,2026-08-19T11:30:10.603970+00:00,clean,,,"{""amenity"": ""pharmacy"", ""name"": ""Collart""}"
ixelles,osm:node/2321953833,Lucino,beauty-salon,shop=hairdresser,,,50.817015,4.3530476,,,,NO_WEBSITE,2026-08-19T11:30:10.603970+00:00,clean,,,"{""name"": ""Lucino"", ""shop"": ""hairdresser""}"
ixelles,osm:node/2322014482,L'Atelier,cafe,amenity=cafe,,,50.8225721,4.3538971,,,,NO_WEBSITE,2026-08-19T11:30:10.603970+00:00,clean,,,"{""amenity"": ""cafe"", ""name"": ""L'Atelier""}"
ixelles,osm:node/2322019410,Chez Hélène,restaurant,amenity=restaurant,,,50.8170236,4.350263,,,,NO_WEBSITE,2026-08-19T11:30:10.603970+00:00,clean,,,"{""amenity"": ""restaurant"", ""name"": ""Chez Hélène""}"
ixelles,osm:node/2323689590,Veritas,clothing-store,shop=clothes,,,50.8160463,4.3667519,+32 2 347 25 90,https://www.veritas.be/fr_be/stores/veritas-uccle-chaussee-de-waterloo,,WEBSITE_PRESENT,2026-08-19T11:30:10.603970+00:00,existing_duplicate,"source id, name/address, phone, or website matched existing listing",,"{""brand"": ""Veritas"", ""contact:phone"": ""+32 2 347 25 90"", ""contact:website"": ""https://www.veritas.be/fr_be/stores/veritas-uccle-chaussee-de-waterloo"", ""name"": ""Veritas"", ""operator"": ""Veritas"", ""shop"": ""clothes""}"
ixelles,osm:node/2325205088,London Pharma,pharmacy,amenity=pharmacy,,,50.8383866,4.3680815,,,,NO_WEBSITE,2026-08-19T11:30:10.603970+00:00,clean,,,"{""amenity"": ""pharmacy"", ""healthcare"": ""pharmacy"", ""name"": ""London Pharma""}"
ixelles,osm:node/2325205090,Pharmacie du Trône,pharmacy,amenity=pharmacy,,,50.8357177,4.3712833,+32 2 512 52 36,,,NO_WEBSITE,2026-08-19T11:30:10.603970+00:00,clean,,,"{""amenity"": ""pharmacy"", ""contact:phone"": ""+32 2 512 52 36"", ""healthcare"": ""pharmacy"", ""name"": ""Pharmacie du Trône""}"
ixelles,osm:node/2333054345,Hector Chicken,fast-food,amenity=fast_food,,,50.8186564,4.3630953,,https://hector.be/,,WEBSITE_PRESENT,2026-08-19T11:30:10.603970+00:00,existing_duplicate,"source id, name/address, phone, or website matched existing listing",,"{""amenity"": ""fast_food"", ""contact:website"": ""https://hector.be/"", ""name"": ""Hector Chicken""}"
ixelles,osm:node/2336153045,Smart Pharma,pharmacy,amenity=pharmacy,,,50.8181269,4.3643645,,,,NO_WEBSITE,2026-08-19T11:30:10.603970+00:00,clean,,,"{""amenity"": ""pharmacy"", ""name"": ""Smart Pharma""}"
ixelles,osm:node/2337253470,Le Saint-Aulaye,pastry-shops,shop=bakery,,,50.8142332,4.3602384,,,,NO_WEBSITE,2026-08-19T11:30:10.603970+00:00,clean,,,"{""name"": ""Le Saint-Aulaye"", ""operator"": ""Fabien Grégoire & Jean-Louis Barré"", ""shop"": ""bakery""}"
ixelles,osm:node/2337598474,Pâtisserie de la Cambre,pastry-shops,shop=bakery,,,50.8105627,4.3688155,,,,NO_WEBSITE,2026-08-19T11:30:10.603970+00:00,clean,,,"{""name"": ""Pâtisserie de la Cambre"", ""shop"": ""bakery""}"
ixelles,osm:node/2338422259,Pâtisserie du Solbosch,pastry-shops,shop=bakery,,,50.8211004,4.3609595,,,,NO_WEBSITE,2026-08-19T11:30:10.603970+00:00,clean,,,"{""name"": ""Pâtisserie du Solbosch"", ""operator"": ""Vercaemst"", ""shop"": ""bakery""}"
ixelles,osm:node/2338580694,Pam Pam,bars-pubs,amenity=pub,,,50.8240405,4.3597187,,,,NO_WEBSITE,2026-08-19T11:30:10.603970+00:00,clean,,,"{""amenity"": ""pub"", ""name"": ""Pam Pam""}"
ixelles,osm:node/2338614351,Vallée du Kashmir,restaurant,amenity=restaurant,,,50.8230725,4.3582685,,,,NO_WEBSITE,2026-08-19T11:30:10.603970+00:00,clean,,,"{""amenity"": ""restaurant"", ""name"": ""Vallée du Kashmir""}"
ixelles,osm:node/2342974245,Villa Singha,restaurant,amenity=restaurant,,,50.820583,4.4078028,+32 2 675 67 34,http://www.singha.be/html/home.htm,,WEBSITE_PRESENT,2026-08-19T11:30:10.603970+00:00,clean,,,"{""amenity"": ""restaurant"", ""contact:phone"": ""+32 2 675 67 34"", ""contact:website"": ""http://www.singha.be/html/home.htm"", ""name"": ""Villa Singha""}"
ixelles,osm:node/2342974246,Noko,cafe,amenity=cafe,,,50.8205302,4.4086039,,,,NO_WEBSITE,2026-08-19T11:30:10.603970+00:00,clean,,,"{""amenity"": ""cafe"", ""name"": ""Noko""}"
ixelles,osm:node/2343454284,Immo Bolle,real-estate-agencies,office=estate_agent,,,50.8208658,4.4083642,,,,NO_WEBSITE,2026-08-19T11:30:10.603970+00:00,clean,,,"{""name"": ""Immo Bolle"", ""office"": ""estate_agent""}"
ixelles,osm:node/2344380192,Cannelle,beauty-salon,shop=hairdresser,,,50.8301856,4.3864081,,,,NO_WEBSITE,2026-08-19T11:30:10.603970+00:00,clean,,,"{""name"": ""Cannelle"", ""shop"": ""hairdresser""}"
ixelles,osm:node/2344380195,Snack Saint-Antoine,restaurant,amenity=restaurant,,,50.8301919,4.3863548,,,,NO_WEBSITE,2026-08-19T11:30:10.603970+00:00,clean,,,"{""amenity"": ""restaurant"", ""name"": ""Snack Saint-Antoine""}"
ixelles,osm:node/2344380222,Saint Antoine,pharmacy,amenity=pharmacy,,,50.8299252,4.3858394,,,,NO_WEBSITE,2026-08-19T11:30:10.603970+00:00,clean,,,"{""amenity"": ""pharmacy"", ""name"": ""Saint Antoine""}"
ixelles,osm:node/2344414758,Chatelle,pharmacy,amenity=pharmacy,,,50.8388612,4.4125343,,https://pharmaciechatelle.be,,WEBSITE_PRESENT,2026-08-19T11:30:10.603970+00:00,clean,,,"{""amenity"": ""pharmacy"", ""contact:website"": ""https://pharmaciechatelle.be"", ""healthcare"": ""pharmacy"", ""name"": ""Chatelle""}"
ixelles,osm:node/2345158607,Delaveau,pastry-shops,shop=bakery,,,50.8385051,4.4165739,+32 2 770 67 42,,,NO_WEBSITE,2026-08-19T11:30:10.603970+00:00,clean,,,"{""contact:phone"": ""+32 2 770 67 42"", ""name"": ""Delaveau"", ""shop"": ""bakery""}"
ixelles,osm:node/2346724838,Ying -Yang,restaurant,amenity=restaurant,,,50.8290528,4.3906086,,,,NO_WEBSITE,2026-08-19T11:30:10.603970+00:00,clean,,,"{""amenity"": ""restaurant"", ""name"": ""Ying -Yang""}"
ixelles,osm:node/2352347474,Café Le Bonheur,cafe,amenity=cafe,,,50.8183567,4.3461755,,,,NO_WEBSITE,2026-08-19T11:30:10.603970+00:00,clean,,,"{""amenity"": ""cafe"", ""name"": ""Café Le Bonheur""}"
ixelles,osm:node/2352467296,Coiffure G.V.L.,beauty-salon,shop=hairdresser,,,50.8025273,4.4141511,,,,NO_WEBSITE,2026-08-19T11:30:10.603970+00:00,clean,,,"{""name"": ""Coiffure G.V.L."", ""shop"": ""hairdresser""}"
ixelles,osm:node/2353224696,Le petit Molière,cafe,amenity=cafe,,,50.8184392,4.3426809,,,,NO_WEBSITE,2026-08-19T11:30:10.603970+00:00,clean,,,"{""amenity"": ""cafe"", ""name"": ""Le petit Molière""}"
ixelles,osm:node/2357551580,Michelle,beauty-salon,shop=hairdresser,,,50.8198776,4.3631792,+32 2 344 00 93,,,NO_WEBSITE,2026-08-19T11:30:10.603970+00:00,clean,,,"{""contact:phone"": ""+32 2 344 00 93"", ""name"": ""Michelle"", ""shop"": ""hairdresser""}"
ixelles,osm:node/2357551730,Pêle-Mêle Ixelles,bookstore,shop=books,,,50.8190321,4.3623943,+32 2 888 95 44,https://pele-mele.be/,,WEBSITE_PRESENT,2026-08-19T11:30:10.603970+00:00,clean,,,"{""contact:phone"": ""+32 2 888 95 44"", ""contact:website"": ""https://pele-mele.be/"", ""name"": ""Pêle-Mêle Ixelles"", ""shop"": ""books""}"
ixelles,osm:node/2357558964,Maison Degand,clothing-store,shop=clothes,,,50.8191561,4.3703012,+32 2 649 00 73,https://maisondegand.com/,,WEBSITE_PRESENT,2026-08-19T11:30:10.603970+00:00,clean,,,"{""contact:phone"": ""+32 2 649 00 73"", ""contact:website"": ""https://maisondegand.com/"", ""name"": ""Maison Degand"", ""shop"": ""clothes""}"
ixelles,osm:node/2357796901,Lozen,gym,leisure=fitness_centre,,,50.8351368,4.3800925,,,,NO_WEBSITE,2026-08-19T11:30:10.603970+00:00,clean,,,"{""leisure"": ""fitness_centre"", ""name"": ""Lozen""}"
ixelles,osm:node/2358738936,Poh Thai,restaurant,amenity=restaurant,,,50.8207711,4.3665733,+32 2 660 99 89,,,NO_WEBSITE,2026-08-19T11:30:10.603970+00:00,clean,,,"{""amenity"": ""restaurant"", ""contact:phone"": ""+32 2 660 99 89"", ""name"": ""Poh Thai""}"
ixelles,osm:node/2359457147,Auto New Parts,car-dealers,shop=car,,,50.834643,4.383096,,,,NO_WEBSITE,2026-08-19T11:30:10.603970+00:00,clean,,,"{""name"": ""Auto New Parts"", ""shop"": ""car""}"
ixelles,osm:node/2359457151,Coiffure Charme,beauty-salon,shop=hairdresser,,,50.8345314,4.3834099,+32 2 311 99 54,,,NO_WEBSITE,2026-08-19T11:30:10.603970+00:00,clean,,,"{""contact:phone"": ""+32 2 311 99 54"", ""name"": ""Coiffure Charme"", ""shop"": ""hairdresser""}"
ixelles,osm:node/2359457164,Tebiani M.R.,dentist,amenity=dentist,,,50.8345078,4.3834865,,,,NO_WEBSITE,2026-08-19T11:30:10.603970+00:00,clean,,,"{""amenity"": ""dentist"", ""healthcare"": ""dentist"", ""name"": ""Tebiani M.R.""}"
ixelles,osm:node/2359457198,Snack l'Étang,fast-food,amenity=fast_food,,,50.834742,4.3828497,,,,NO_WEBSITE,2026-08-19T11:30:10.603970+00:00,clean,,,"{""amenity"": ""fast_food"", ""name"": ""Snack l'Étang""}"
ixelles,osm:node/2360129722,Chao,restaurant,amenity=restaurant,,,50.8183613,4.3846897,+32 2 646 12 83,,,NO_WEBSITE,2026-08-19T11:30:10.603970+00:00,clean,,,"{""amenity"": ""restaurant"", ""contact:phone"": ""+32 2 646 12 83"", ""name"": ""Chao""}"
ixelles,osm:node/2360487877,Allemeersch,pastry-shops,shop=bakery,,,50.8363925,4.3814926,,,,NO_WEBSITE,2026-08-19T11:30:10.603970+00:00,clean,,,"{""name"": ""Allemeersch"", ""shop"": ""bakery""}"
ixelles,osm:node/2360487879,Coiffure Christine,beauty-salon,shop=hairdresser,,,50.8336952,4.3849695,,,,NO_WEBSITE,2026-08-19T11:30:10.603970+00:00,clean,,,"{""name"": ""Coiffure Christine"", ""shop"": ""hairdresser""}"
ixelles,osm:node/2360487880,Geudevert,pharmacy,amenity=pharmacy,,,50.8329252,4.3861442,,,,NO_WEBSITE,2026-08-19T11:30:10.603970+00:00,clean,,,"{""amenity"": ""pharmacy"", ""healthcare"": ""pharmacy"", ""name"": ""Geudevert""}"
ixelles,osm:node/2360487885,Mamma Roma,restaurant,amenity=restaurant,,,50.8364173,4.3816497,,,,NO_WEBSITE,2026-08-19T11:30:10.603970+00:00,clean,,,"{""amenity"": ""restaurant"", ""name"": ""Mamma Roma""}"
ixelles,osm:node/2360488044,Pam Pam,fast-food,amenity=fast_food,,,50.8308952,4.3896204,,,,NO_WEBSITE,2026-08-19T11:30:10.603970+00:00,clean,,,"{""amenity"": ""fast_food"", ""name"": ""Pam Pam"", ""operator"": ""shoes and bags""}"
ixelles,osm:node/2360488054,Venizi,jewelry-stores,shop=jewelry,,,50.8301681,4.3907614,,,,NO_WEBSITE,2026-08-19T11:30:10.603970+00:00,clean,,,"{""name"": ""Venizi"", ""shop"": ""jewelry""}"
ixelles,osm:node/2360488073,Le New Bouffons,bars-pubs,amenity=pub,,,50.8285207,4.3929631,,,,NO_WEBSITE,2026-08-19T11:30:10.603970+00:00,clean,,,"{""amenity"": ""pub"", ""name"": ""Le New Bouffons""}"
ixelles,osm:node/2360488103,Zorba,restaurant,amenity=restaurant,,,50.8364085,4.381575,,,,NO_WEBSITE,2026-08-19T11:30:10.603970+00:00,clean,,,"{""amenity"": ""restaurant"", ""name"": ""Zorba""}"
ixelles,osm:node/2360489678,Vang,dentist,amenity=dentist,,,50.8338661,4.3850753,,,,NO_WEBSITE,2026-08-19T11:30:10.603970+00:00,clean,,,"{""amenity"": ""dentist"", ""healthcare"": ""dentist"", ""name"": ""Vang""}"
ixelles,osm:node/2360603153,Lobby Brasserie Jourdan,bars-pubs,amenity=pub,,,50.8367875,4.3810923,,,,NO_WEBSITE,2026-08-19T11:30:10.603970+00:00,clean,,,"{""amenity"": ""pub"", ""name"": ""Lobby Brasserie Jourdan""}"
ixelles,osm:node/2364474989,Marcella,fast-food,amenity=fast_food,,,50.8252289,4.3590082,,,,NO_WEBSITE,2026-08-19T11:30:10.603970+00:00,clean,,,"{""amenity"": ""fast_food"", ""name"": ""Marcella""}"
ixelles,osm:node/2364551571,La Luck,restaurant,amenity=restaurant,,,50.8234947,4.3634013,,https://la-luck.com/,,WEBSITE_PRESENT,2026-08-19T11:30:10.603970+00:00,clean,,,"{""amenity"": ""restaurant"", ""contact:website"": ""https://la-luck.com/"", ""name"": ""La Luck""}"
ixelles,osm:node/2365906490,Etterbeek Pharma,pharmacy,amenity=pharmacy,,,50.8368842,4.3870141,+32 2 733 10 95,https://www.universalpharma.be/etterbeek-pharma/,https://www.facebook.com/Etterbeek-Pharma-643018006101161/,WEBSITE_PRESENT,2026-08-19T11:30:10.603970+00:00,clean,,,"{""amenity"": ""pharmacy"", ""contact:facebook"": ""https://www.facebook.com/Etterbeek-Pharma-643018006101161/"", ""contact:phone"": ""+32 2 733 10 95"", ""contact:website"": ""https://www.universalpharma.be/etterbeek-pharma/"", ""healthcare"": ""pharmacy"", ""name"": ""Etterbeek Pharma"", ""operator"": ""Universal Pharma""}"
ixelles,osm:node/2365906501,Immo CD,real-estate-agencies,office=estate_agent,,,50.8350339,4.3879888,+32 2 640 02 06,https://www.immocd.be/,,WEBSITE_PRESENT,2026-08-19T11:30:10.603970+00:00,clean,,,"{""contact:phone"": ""+32 2 640 02 06"", ""contact:website"": ""https://www.immocd.be/"", ""name"": ""Immo CD"", ""office"": ""estate_agent""}"
ixelles,osm:node/2367109978,Michel,fast-food,amenity=fast_food,,,50.8363971,4.3818639,,,,NO_WEBSITE,2026-08-19T11:30:10.603970+00:00,clean,,,"{""amenity"": ""fast_food"", ""name"": ""Michel""}"
ixelles,osm:node/2367109985,Mniam Mniam,restaurant,amenity=restaurant,,,50.8373791,4.3964048,+32 2 732 52 50,https://mniam-mniam.com/,,WEBSITE_PRESENT,2026-08-19T11:30:10.603970+00:00,clean,,,"{""amenity"": ""restaurant"", ""contact:phone"": ""+32 2 732 52 50"", ""contact:website"": ""https://mniam-mniam.com/"", ""name"": ""Mniam Mniam""}"
ixelles,osm:node/2367110088,O Profeta,restaurant,amenity=restaurant,,,50.8364481,4.3821669,,,,NO_WEBSITE,2026-08-19T11:30:10.603970+00:00,clean,,,"{""amenity"": ""restaurant"", ""name"": ""O Profeta""}"
ixelles,osm:node/2367110089,Basic-Fit,gym,leisure=fitness_centre,,,50.8374005,4.3950187,,,,NO_WEBSITE,2026-08-19T11:30:10.603970+00:00,clean,,,"{""brand"": ""Basic-Fit"", ""leisure"": ""fitness_centre"", ""name"": ""Basic-Fit""}"
ixelles,osm:node/2367110090,450 Gradi,restaurant,amenity=restaurant,,,50.8364175,4.3817949,+32 2 569 87 10,https://www.450gradi.be/,,WEBSITE_PRESENT,2026-08-19T11:30:10.603970+00:00,clean,,,"{""amenity"": ""restaurant"", ""contact:phone"": ""+32 2 569 87 10"", ""contact:website"": ""https://www.450gradi.be/"", ""name"": ""450 Gradi""}"
ixelles,osm:node/2367110091,Stirwen,restaurant,amenity=restaurant,,,50.8363319,4.3819879,+32 2 640 85 41,https://www.stirwen.be,https://www.facebook.com/lestirwen,WEBSITE_PRESENT,2026-08-19T11:30:10.603970+00:00,clean,,,"{""amenity"": ""restaurant"", ""contact:facebook"": ""https://www.facebook.com/lestirwen"", ""contact:phone"": ""+32 2 640 85 41"", ""contact:website"": ""https://www.stirwen.be"", ""name"": ""Stirwen""}"
ixelles,osm:node/2369543414,Le Central,bars-pubs,amenity=pub,,,50.8369657,4.3884131,,,,NO_WEBSITE,2026-08-19T11:30:10.603970+00:00,clean,,,"{""amenity"": ""pub"", ""name"": ""Le Central""}"
ixelles,osm:node/2369543453,Mery's Beauty,beauty-salon,shop=beauty,,,50.836841,4.3860891,,,,NO_WEBSITE,2026-08-19T11:30:10.603970+00:00,clean,,,"{""name"": ""Mery's Beauty"", ""shop"": ""beauty""}"
ixelles,osm:node/2369543556,Knossos,restaurant,amenity=restaurant,,,50.8368816,4.3878363,+32 2 735 19 47,,,NO_WEBSITE,2026-08-19T11:30:10.603970+00:00,clean,,,"{""amenity"": ""restaurant"", ""contact:phone"": ""+32 2 735 19 47"", ""name"": ""Knossos""}"
ixelles,osm:node/2369543606,Poké Bar,restaurant,amenity=restaurant,,,50.8367521,4.3826777,,,,NO_WEBSITE,2026-08-19T11:30:10.603970+00:00,clean,,,"{""amenity"": ""restaurant"", ""name"": ""Poké Bar""}"
ixelles,osm:node/2369543632,Creppuccino,fast-food,amenity=fast_food,,,50.8367672,4.3832213,,,,NO_WEBSITE,2026-08-19T11:30:10.603970+00:00,clean,,,"{""amenity"": ""fast_food"", ""name"": ""Creppuccino""}"
ixelles,osm:node/2375014914,Gis'Elle & Lui,beauty-salon,shop=hairdresser,,,50.836706,4.3883965,,https://www.giselleetlui.be/,,WEBSITE_PRESENT,2026-08-19T11:30:10.603970+00:00,clean,,,"{""contact:website"": ""https://www.giselleetlui.be/"", ""name"": ""Gis'Elle & Lui"", ""shop"": ""hairdresser""}"
ixelles,osm:node/2375856379,Carpe Diem,restaurant,amenity=restaurant,,,50.8389021,4.3986503,,https://www.le-carpediem.be,,WEBSITE_PRESENT,2026-08-19T11:30:10.603970+00:00,clean,,,"{""amenity"": ""restaurant"", ""contact:website"": ""https://www.le-carpediem.be"", ""name"": ""Carpe Diem""}"
ixelles,osm:node/2375856394,Ellinikon,restaurant,amenity=restaurant,,,50.8380965,4.3969123,,,,NO_WEBSITE,2026-08-19T11:30:10.603970+00:00,clean,,,"{""amenity"": ""restaurant"", ""name"": ""Ellinikon""}"
ixelles,osm:node/2375856396,Le Berry,cafe,amenity=cafe,,,50.8381411,4.397591,,,,NO_WEBSITE,2026-08-19T11:30:10.603970+00:00,clean,,,"{""amenity"": ""cafe"", ""name"": ""Le Berry""}"
ixelles,osm:node/2377777928,Snack Miracle,restaurant,amenity=restaurant,,,50.8307362,4.3904933,,,,NO_WEBSITE,2026-08-19T11:30:10.603970+00:00,clean,,,"{""amenity"": ""restaurant"", ""name"": ""Snack Miracle""}"
ixelles,osm:node/2379960876,Chez Musette,bars-pubs,amenity=bar,,,50.8096529,4.3575856,,,,NO_WEBSITE,2026-08-19T11:30:10.603970+00:00,clean,,,"{""amenity"": ""bar"", ""name"": ""Chez Musette""}"
ixelles,osm:node/2381510019,Schievelavabo,bars-pubs,amenity=pub,,,50.8351099,4.4109146,+32 2 779 87 07,http://www.schievelavabowoluwe.be,,WEBSITE_PRESENT,2026-08-19T11:30:10.603970+00:00,clean,,,"{""amenity"": ""pub"", ""brand"": ""Schievelavabo"", ""contact:phone"": ""+32 2 779 87 07"", ""contact:website"": ""http://www.schievelavabowoluwe.be"", ""name"": ""Schievelavabo""}"
ixelles,osm:node/2382063288,Centre Dentaire Van Meyel,dentist,amenity=dentist,,,50.8366871,4.3888715,+32 2 380 57 52,,,NO_WEBSITE,2026-08-19T11:30:10.603970+00:00,clean,,,"{""amenity"": ""dentist"", ""contact:phone"": ""+32 2 380 57 52"", ""healthcare"": ""dentist"", ""name"": ""Centre Dentaire Van Meyel""}"
ixelles,osm:node/2382075505,On mange quoi?,fast-food,amenity=fast_food,,,50.8352451,4.3943258,,,,NO_WEBSITE,2026-08-19T11:30:10.603970+00:00,clean,,,"{""amenity"": ""fast_food"", ""name"": ""On mange quoi?""}"
ixelles,osm:node/2384776718,CrossFit Vince21,gym,leisure=fitness_centre,,,50.8190988,4.3901231,,https://cfv21.be/,,WEBSITE_PRESENT,2026-08-19T11:30:10.603970+00:00,clean,,,"{""contact:website"": ""https://cfv21.be/"", ""leisure"": ""fitness_centre"", ""name"": ""CrossFit Vince21""}"
ixelles,osm:node/2391417276,Petite Miette,restaurant,amenity=restaurant,,,50.8176863,4.3404794,,https://petite-miette.prezly.com/petite-miette--un-restaurant-slow-food-a-vocation-sociale-au-coeur-du-quartier-marconi-forest,,WEBSITE_PRESENT,2026-08-19T11:30:10.603970+00:00,clean,,,"{""amenity"": ""restaurant"", ""contact:website"": ""https://petite-miette.prezly.com/petite-miette--un-restaurant-slow-food-a-vocation-sociale-au-coeur-du-quartier-marconi-forest"", ""name"": ""Petite Miette""}"
ixelles,osm:node/2396055153,Le Corto,bars-pubs,amenity=pub,,,50.8152523,4.3900335,,,,NO_WEBSITE,2026-08-19T11:30:10.603970+00:00,clean,,,"{""amenity"": ""pub"", ""name"": ""Le Corto""}"
ixelles,osm:node/2399129279,Penafidelis,restaurant,amenity=restaurant,,,50.825016,4.3462281,,,,NO_WEBSITE,2026-08-19T11:30:10.603970+00:00,clean,,,"{""amenity"": ""restaurant"", ""name"": ""Penafidelis""}"
ixelles,osm:node/2399131926,Doan's nails,beauty-salon,shop=beauty,,,50.8246241,4.3468465,,,,NO_WEBSITE,2026-08-19T11:30:10.603970+00:00,clean,,,"{""name"": ""Doan's nails"", ""shop"": ""beauty""}"
ixelles,osm:node/2399132250,PharmaSimple,pharmacy,amenity=pharmacy,,,50.8243248,4.3469653,,,,NO_WEBSITE,2026-08-19T11:30:10.603970+00:00,clean,,,"{""amenity"": ""pharmacy"", ""healthcare"": ""pharmacy"", ""name"": ""PharmaSimple""}"
ixelles,osm:node/2399138370,By grill,fast-food,amenity=fast_food,,,50.8255387,4.3470829,,,,NO_WEBSITE,2026-08-19T11:30:10.603970+00:00,clean,,,"{""amenity"": ""fast_food"", ""name"": ""By grill""}"
ixelles,osm:node/2399139519,Hair Factory,beauty-salon,shop=hairdresser,,,50.8249722,4.3447673,,,,NO_WEBSITE,2026-08-19T11:30:10.603970+00:00,clean,,,"{""name"": ""Hair Factory"", ""shop"": ""hairdresser""}"
ixelles,osm:node/2399140978,Belle lurette,restaurant,amenity=restaurant,,,50.8252543,4.3441723,,,,NO_WEBSITE,2026-08-19T11:30:10.603970+00:00,clean,,,"{""amenity"": ""restaurant"", ""name"": ""Belle lurette""}"
ixelles,osm:node/2401506391,Au Croquant,pastry-shops,shop=bakery,,,50.8310832,4.4002987,+32 2 742 94 92,,,NO_WEBSITE,2026-08-19T11:30:10.603970+00:00,clean,,,"{""contact:phone"": ""+32 2 742 94 92"", ""name"": ""Au Croquant"", ""shop"": ""bakery""}"
ixelles,osm:node/2401506413,Brasserie Bora-Bora,cafe,amenity=cafe,,,50.8306951,4.3996132,+32 2 735 01 08,,,NO_WEBSITE,2026-08-19T11:30:10.603970+00:00,clean,,,"{""amenity"": ""cafe"", ""contact:phone"": ""+32 2 735 01 08"", ""name"": ""Brasserie Bora-Bora""}"
ixelles,osm:node/2401506427,French Riviera,bars-pubs,amenity=bar,,,50.830593,4.3994174,+32 2 275 23 61,,,NO_WEBSITE,2026-08-19T11:30:10.603970+00:00,clean,,,"{""amenity"": ""bar"", ""contact:phone"": ""+32 2 275 23 61"", ""name"": ""French Riviera""}"
ixelles,osm:node/2402389388,Léopold Café Presse,cafe,amenity=cafe,,,50.8376322,4.4048239,+32 2 736 22 98,https://leopoldcafepresse.com/,leopoldcafepresse,WEBSITE_PRESENT,2026-08-19T11:30:10.603970+00:00,clean,,,"{""amenity"": ""cafe"", ""contact:facebook"": ""leopoldcafepresse"", ""contact:instagram"": ""leopoldcafe_brussels"", ""contact:phone"": ""+32 2 736 22 98"", ""contact:website"": ""https://leopoldcafepresse.com/"", ""name"": ""Léopold Café Presse""}"
ixelles,osm:node/2402389452,Poule & Poulette,restaurant,amenity=restaurant,,,50.8394754,4.3998551,+32 2 895 57 00,https://poulepoulette.com/fr/locaties/merode/,,WEBSITE_PRESENT,2026-08-19T11:30:10.603970+00:00,existing_duplicate,"source id, name/address, phone, or website matched existing listing",,"{""amenity"": ""restaurant"", ""contact:phone"": ""+32 2 895 57 00"", ""contact:website"": ""https://poulepoulette.com/fr/locaties/merode/"", ""name"": ""Poule & Poulette""}"
ixelles,osm:node/2415955871,CXN Architects,creative-services,office=architect,,,50.837371,4.4043472,,https://cxnarchitects.com/,,WEBSITE_PRESENT,2026-08-19T11:30:10.603970+00:00,clean,,,"{""contact:website"": ""https://cxnarchitects.com/"", ""name"": ""CXN Architects"", ""office"": ""architect""}"
ixelles,osm:node/2415955875,Oggi a Milano,restaurant,amenity=restaurant,,,50.8375677,4.4044661,,,,NO_WEBSITE,2026-08-19T11:30:10.603970+00:00,clean,,,"{""amenity"": ""restaurant"", ""name"": ""Oggi a Milano""}"
ixelles,osm:node/2415955886,Le Cercle des Arômes,bars-pubs,amenity=bar,,,50.8374931,4.4047432,,https://lecercledesaromes.com/cercle/bruxelles-etterbeek,,WEBSITE_PRESENT,2026-08-19T11:30:10.603970+00:00,clean,,,"{""amenity"": ""bar"", ""contact:website"": ""https://lecercledesaromes.com/cercle/bruxelles-etterbeek"", ""name"": ""Le Cercle des Arômes""}"
ixelles,osm:node/2415955889,Debrus Tensi,pharmacy,amenity=pharmacy,,,50.837473,4.4044122,+32 2 733 69 11,,,NO_WEBSITE,2026-08-19T11:30:10.603970+00:00,clean,,,"{""amenity"": ""pharmacy"", ""contact:phone"": ""+32 2 733 69 11"", ""healthcare"": ""pharmacy"", ""name"": ""Debrus Tensi""}"
ixelles,osm:node/2416570246,Orthodontie Dian,dentist,amenity=dentist,,,50.8344343,4.4031459,+32 2 446 17 62,https://www.orthodontiedian.be/,,WEBSITE_PRESENT,2026-08-19T11:30:10.603970+00:00,clean,,,"{""amenity"": ""dentist"", ""contact:phone"": ""+32 2 446 17 62"", ""contact:website"": ""https://www.orthodontiedian.be/"", ""healthcare"": ""dentist"", ""name"": ""Orthodontie Dian""}"
ixelles,osm:node/2422639573,Indian Royal Spicy,restaurant,amenity=restaurant,,,50.8396427,4.3836187,,,https://www.facebook.com/indianroyalspicy.Brussels.be/,SOCIAL_ONLY,2026-08-19T11:30:10.603970+00:00,clean,,,"{""amenity"": ""restaurant"", ""contact:facebook"": ""https://www.facebook.com/indianroyalspicy.Brussels.be/"", ""name"": ""Indian Royal Spicy""}"
ixelles,osm:node/2441937634,Maison Renardy,pastry-shops,shop=confectionery,,,50.836198,4.3678084,+32 2 514 30 17,https://maisonrenardy.blogspot.com/,,WEBSITE_PRESENT,2026-08-19T11:30:10.603970+00:00,clean,,,"{""contact:phone"": ""+32 2 514 30 17"", ""contact:website"": ""https://maisonrenardy.blogspot.com/"", ""name"": ""Maison Renardy"", ""shop"": ""confectionery""}"
ixelles,osm:node/2441937662,Titulus,bars-pubs,amenity=bar,,,50.8355966,4.3706637,+32 2 512 98 30,https://titulus.be/,,WEBSITE_PRESENT,2026-08-19T11:30:10.603970+00:00,clean,,,"{""amenity"": ""bar"", ""contact:phone"": ""+32 2 512 98 30"", ""contact:website"": ""https://titulus.be/"", ""name"": ""Titulus""}"
ixelles,osm:node/2441937856,Snack Sympa,fast-food,amenity=fast_food,,,50.8366077,4.3661654,+32 2 502 79 77,,,NO_WEBSITE,2026-08-19T11:30:10.603970+00:00,clean,,,"{""amenity"": ""fast_food"", ""contact:phone"": ""+32 2 502 79 77"", ""name"": ""Snack Sympa""}"
ixelles,osm:node/2443550093,Thon Residence Parnasse,hotel,tourism=hotel,,,50.8373257,4.3715586,+32 2 505 98 00,https://www.thonhotels.com,,WEBSITE_PRESENT,2026-08-19T11:30:10.603970+00:00,clean,,,"{""contact:phone"": ""+32 2 505 98 00"", ""contact:website"": ""https://www.thonhotels.com"", ""name"": ""Thon Residence Parnasse"", ""operator"": ""Thon Hotels"", ""tourism"": ""hotel""}"
ixelles,osm:node/2443552692,T. Dimitrova,dentist,amenity=dentist,,,50.8378426,4.3698742,+32 2 514 24 20,,,NO_WEBSITE,2026-08-19T11:30:10.603970+00:00,clean,,,"{""amenity"": ""dentist"", ""contact:phone"": ""+32 2 514 24 20"", ""healthcare"": ""dentist"", ""name"": ""T. Dimitrova""}"
ixelles,osm:node/2443572645,IDEA,restaurant,amenity=restaurant,,,50.8387393,4.3707296,+32 2 502 92 77,https://www.ideagreekfood.com/,,WEBSITE_PRESENT,2026-08-19T11:30:10.603970+00:00,clean,,,"{""amenity"": ""restaurant"", ""contact:phone"": ""+32 2 502 92 77"", ""contact:website"": ""https://www.ideagreekfood.com/"", ""name"": ""IDEA""}"
ixelles,osm:node/2443572659,LUX/BXL,restaurant,amenity=restaurant,,,50.8388893,4.3708652,,,,NO_WEBSITE,2026-08-19T11:30:10.603970+00:00,clean,,,"{""amenity"": ""restaurant"", ""name"": ""LUX/BXL""}"
ixelles,osm:node/2443572666,Hotel Du Parlement,hotel,tourism=hotel,,,50.8382707,4.3717944,+32 2 512 07 13,,,NO_WEBSITE,2026-08-19T11:30:10.603970+00:00,clean,,,"{""contact:phone"": ""+32 2 512 07 13"", ""name"": ""Hotel Du Parlement"", ""tourism"": ""hotel""}"
ixelles,osm:node/2446274064,Ganter,pharmacy,amenity=pharmacy,,,50.8113516,4.368529,,,,NO_WEBSITE,2026-08-19T11:30:10.603970+00:00,clean,,,"{""amenity"": ""pharmacy"", ""healthcare"": ""pharmacy"", ""name"": ""Ganter""}"
ixelles,osm:node/2450445541,Burger King,fast-food,amenity=fast_food,,,50.8363383,4.3626552,+32 2 538 37 76,https://stores.burgerking.be/fr/burger-king-ixelles,,WEBSITE_PRESENT,2026-08-19T11:30:10.603970+00:00,existing_duplicate,"source id, name/address, phone, or website matched existing listing",,"{""amenity"": ""fast_food"", ""brand"": ""Burger King"", ""contact:phone"": ""+32 2 538 37 76"", ""contact:website"": ""https://stores.burgerking.be/fr/burger-king-ixelles"", ""name"": ""Burger King""}"
ixelles,osm:node/2450445544,Bershka,clothing-store,shop=clothes,,,50.8364798,4.3628922,,,,NO_WEBSITE,2026-08-19T11:30:10.603970+00:00,clean,,,"{""brand"": ""Bershka"", ""name"": ""Bershka"", ""shop"": ""clothes""}"
ixelles,osm:node/2450445557,Mouss Telecom,electronics-stores,shop=electronics,,,50.8355151,4.3634674,+32 2 502 11 88,http://mousstelecom.be/,,WEBSITE_PRESENT,2026-08-19T11:30:10.603970+00:00,clean,,,"{""contact:phone"": ""+32 2 502 11 88"", ""contact:website"": ""http://mousstelecom.be/"", ""name"": ""Mouss Telecom"", ""shop"": ""electronics""}"
ixelles,osm:node/2450445559,J.LO Coiffure,beauty-salon,shop=hairdresser,,,50.8353862,4.3635938,,,,NO_WEBSITE,2026-08-19T11:30:10.603970+00:00,clean,,,"{""name"": ""J.LO Coiffure"", ""shop"": ""hairdresser""}"
ixelles,osm:node/2450445561,Etam,clothing-store,shop=clothes,,,50.8377105,4.3618189,,,,NO_WEBSITE,2026-08-19T11:30:10.603970+00:00,clean,,,"{""brand"": ""Etam"", ""name"": ""Etam"", ""shop"": ""clothes""}"
ixelles,osm:node/2450445563,Marie,pastry-shops,shop=bakery,,,50.8356461,4.3636693,+32 2 534 34 97,https://boulangerie-marie.be/,,WEBSITE_PRESENT,2026-08-19T11:30:10.603970+00:00,clean,,,"{""contact:phone"": ""+32 2 534 34 97"", ""contact:website"": ""https://boulangerie-marie.be/"", ""name"": ""Marie"", ""shop"": ""bakery""}"
ixelles,osm:node/2450446614,Zara,clothing-store,shop=clothes,,,50.8365168,4.362533,,,,NO_WEBSITE,2026-08-19T11:30:10.603970+00:00,clean,,,"{""brand"": ""Zara"", ""name"": ""Zara"", ""shop"": ""clothes""}"
ixelles,osm:node/2451973587,Tadaō,restaurant,amenity=restaurant,,,50.8364634,4.3635455,+32 2 356 32 20,https://www.tadaopoke.cool,https://www.facebook.com/Tadao-619654705173089,WEBSITE_PRESENT,2026-08-19T11:30:10.603970+00:00,clean,,,"{""amenity"": ""restaurant"", ""contact:facebook"": ""https://www.facebook.com/Tadao-619654705173089"", ""contact:phone"": ""+32 2 356 32 20"", ""contact:website"": ""https://www.tadaopoke.cool"", ""name"": ""Tadaō""}"
ixelles,osm:node/2451973589,Knees to Chin,restaurant,amenity=restaurant,,,50.8365554,4.3636588,,https://www.kneestochin.com/,,WEBSITE_PRESENT,2026-08-19T11:30:10.603970+00:00,existing_duplicate,"source id, name/address, phone, or website matched existing listing",,"{""amenity"": ""restaurant"", ""contact:website"": ""https://www.kneestochin.com/"", ""name"": ""Knees to Chin""}"
ixelles,osm:node/2451989321,Moutarde,restaurant,amenity=restaurant,,,50.8360778,4.3646446,,,,NO_WEBSITE,2026-08-19T11:30:10.603970+00:00,clean,,,"{""amenity"": ""restaurant"", ""name"": ""Moutarde""}"
ixelles,osm:node/2451989322,Little Tokyo,restaurant,amenity=restaurant,,,50.8361978,4.3644354,+32 2 513 48 41,http://www.littletokyo.be,https://www.facebook.com/littletokyobxl,WEBSITE_PRESENT,2026-08-19T11:30:10.603970+00:00,clean,,,"{""amenity"": ""restaurant"", ""contact:facebook"": ""https://www.facebook.com/littletokyobxl"", ""contact:instagram"": ""https://www.instagram.com/littletokyobxl/"", ""contact:phone"": ""+32 2 513 48 41"", ""contact:website"": ""http://www.littletokyo.be"", ""name"": ""Little Tokyo""}"
ixelles,osm:node/2451989324,Hana,restaurant,amenity=restaurant,,,50.8363004,4.3642278,,https://www.hana-resto.be/,,WEBSITE_PRESENT,2026-08-19T11:30:10.603970+00:00,clean,,,"{""amenity"": ""restaurant"", ""contact:website"": ""https://www.hana-resto.be/"", ""name"": ""Hana""}"
ixelles,osm:node/2451989333,La Taverne de Zhao,restaurant,amenity=restaurant,,,50.8362607,4.3637935,+32 2 582 88 63,https://www.zhaogroupe.com/nos-restos/la-taverne-de-zhao_-saint-boniface/,,WEBSITE_PRESENT,2026-08-19T11:30:10.603970+00:00,clean,,,"{""amenity"": ""restaurant"", ""name"": ""La Taverne de Zhao"", ""phone"": ""+32 2 582 88 63"", ""website"": ""https://www.zhaogroupe.com/nos-restos/la-taverne-de-zhao_-saint-boniface/""}"
ixelles,osm:node/2451989334,Winehouse Osteria – Le Delizie,restaurant,amenity=restaurant,,,50.836297,4.3637509,,https://deliziedellamamma.be/fr,,WEBSITE_PRESENT,2026-08-19T11:30:10.603970+00:00,clean,,,"{""amenity"": ""restaurant"", ""contact:website"": ""https://deliziedellamamma.be/fr"", ""name"": ""Winehouse Osteria – Le Delizie""}"
ixelles,osm:node/2451989338,Mano à Mano,restaurant,amenity=restaurant,,,50.8357931,4.3646611,+32 2 502 08 01,http://www.manoamano.be/#new-page-1,,WEBSITE_PRESENT,2026-08-19T11:30:10.603970+00:00,clean,,,"{""amenity"": ""restaurant"", ""contact:phone"": ""+32 2 502 08 01"", ""contact:website"": ""http://www.manoamano.be/#new-page-1"", ""name"": ""Mano à Mano""}"
ixelles,osm:node/2452112918,Hope House,restaurant,amenity=restaurant,,,50.8364514,4.3653857,,https://hope-house-african-restaurant.business.site,,WEBSITE_PRESENT,2026-08-19T11:30:10.603970+00:00,clean,,,"{""amenity"": ""restaurant"", ""contact:website"": ""https://hope-house-african-restaurant.business.site"", ""name"": ""Hope House""}"
ixelles,osm:node/2452583796,Frit Cocq,cafe,amenity=cafe,,,50.8328454,4.3664663,,,,NO_WEBSITE,2026-08-19T11:30:10.603970+00:00,clean,,,"{""amenity"": ""cafe"", ""name"": ""Frit Cocq""}"
ixelles,osm:node/2452583805,L'Artigiano della farina,restaurant,amenity=restaurant,,,50.8327238,4.3665415,,https://www.artigianodellafarina.be,https://www.instagram.com/artigiano_della_farina,WEBSITE_PRESENT,2026-08-19T11:30:10.603970+00:00,clean,,,"{""amenity"": ""restaurant"", ""contact:instagram"": ""https://www.instagram.com/artigiano_della_farina"", ""contact:website"": ""https://www.artigianodellafarina.be"", ""name"": ""L'Artigiano della farina""}"
ixelles,osm:node/2456248422,Volle Gas,restaurant,amenity=restaurant,,,50.8333818,4.3670788,+32 2 502 89 17,https://90folies.com/vollegas,brasserievollegas,WEBSITE_PRESENT,2026-08-19T11:30:10.603970+00:00,clean,,,"{""amenity"": ""restaurant"", ""contact:instagram"": ""brasserievollegas"", ""contact:phone"": ""+32 2 502 89 17"", ""contact:website"": ""https://90folies.com/vollegas"", ""name"": ""Volle Gas"", ""operator"": ""90 Folies""}"
ixelles,osm:node/2459867484,Humus x Hortense,restaurant,amenity=restaurant,,,50.829489,4.3703813,,https://humushortense.be/,,WEBSITE_PRESENT,2026-08-19T11:30:10.603970+00:00,clean,,,"{""amenity"": ""restaurant"", ""contact:website"": ""https://humushortense.be/"", ""name"": ""Humus x Hortense""}"
ixelles,osm:node/2459891513,Pizza 'n Shake,fast-food,amenity=fast_food,,,50.8297807,4.3730695,,,,NO_WEBSITE,2026-08-19T11:30:10.603970+00:00,clean,,,"{""amenity"": ""fast_food"", ""name"": ""Pizza 'n Shake""}"
ixelles,osm:node/2459891536,Rose de Damas,pastry-shops,shop=bakery,,,50.8302123,4.3730414,,,,NO_WEBSITE,2026-08-19T11:30:10.603970+00:00,clean,,,"{""name"": ""Rose de Damas"", ""shop"": ""bakery""}"
ixelles,osm:node/2460607966,Figaret,clothing-store,shop=clothes,,,50.8373046,4.3600438,,https://www.figaret.com/en/apps/stores/location/figaret-bruxelles-2,,WEBSITE_PRESENT,2026-08-19T11:30:10.603970+00:00,clean,,,"{""brand"": ""Figaret"", ""contact:website"": ""https://www.figaret.com/en/apps/stores/location/figaret-bruxelles-2"", ""name"": ""Figaret"", ""shop"": ""clothes""}"
ixelles,osm:node/2460607974,Le Trappiste,bars-pubs,amenity=pub,,,50.8379765,4.3615047,+32 2 511 79 27,https://letrappiste.be/dev/index.php,,WEBSITE_PRESENT,2026-08-19T11:30:10.603970+00:00,clean,,,"{""amenity"": ""pub"", ""contact:phone"": ""+32 2 511 79 27"", ""contact:website"": ""https://letrappiste.be/dev/index.php"", ""name"": ""Le Trappiste""}"
ixelles,osm:node/2460607988,Hawaiian Poké Bowl,fast-food,amenity=fast_food,,,50.8379007,4.3613156,,https://hawaiianpokebowl.be/,,WEBSITE_PRESENT,2026-08-19T11:30:10.603970+00:00,existing_duplicate,"source id, name/address, phone, or website matched existing listing",,"{""amenity"": ""fast_food"", ""contact:website"": ""https://hawaiianpokebowl.be/"", ""name"": ""Hawaiian Poké Bowl""}"
ixelles,osm:node/2460607989,Hector Chicken,fast-food,amenity=fast_food,,,50.837867,4.3612317,+32 2 511 97 10,https://hector.be/restaurant/toison-dor/,,WEBSITE_PRESENT,2026-08-19T11:30:10.603970+00:00,existing_duplicate,"source id, name/address, phone, or website matched existing listing",,"{""amenity"": ""fast_food"", ""contact:phone"": ""+32 2 511 97 10"", ""contact:website"": ""https://hector.be/restaurant/toison-dor/"", ""name"": ""Hector Chicken"", ""operator"": ""Hector Chicken""}"
ixelles,osm:node/2460607990,Brussels Grill,restaurant,amenity=restaurant,,,50.8378331,4.3611472,,,,NO_WEBSITE,2026-08-19T11:30:10.603970+00:00,clean,,,"{""amenity"": ""restaurant"", ""name"": ""Brussels Grill""}"
ixelles,osm:node/2461604722,La Médina,restaurant,amenity=restaurant,,,50.8328257,4.3753669,,,,NO_WEBSITE,2026-08-19T11:30:10.603970+00:00,clean,,,"{""amenity"": ""restaurant"", ""name"": ""La Médina""}"
ixelles,osm:node/2462191305,Flagey,pharmacy,amenity=pharmacy,,,50.8277164,4.3736542,+32 2 649 28 10,https://flagey.pharmacie.be/,,WEBSITE_PRESENT,2026-08-19T11:30:10.603970+00:00,clean,,,"{""amenity"": ""pharmacy"", ""contact:phone"": ""+32 2 649 28 10"", ""contact:website"": ""https://flagey.pharmacie.be/"", ""healthcare"": ""pharmacy"", ""name"": ""Flagey""}"
ixelles,osm:node/2462191309,La Fleur du Pain,pastry-shops,shop=bakery,,,50.8278742,4.3734901,+32 2 648 85 81,https://www.lafleurdupain.com/,,WEBSITE_PRESENT,2026-08-19T11:30:10.603970+00:00,clean,,,"{""contact:phone"": ""+32 2 648 85 81"", ""contact:website"": ""https://www.lafleurdupain.com/"", ""name"": ""La Fleur du Pain"", ""shop"": ""bakery""}"
ixelles,osm:node/2462191324,Prego,restaurant,amenity=restaurant,,,50.8283177,4.3717732,+32 2 616 67 33,https://prego.be/,,WEBSITE_PRESENT,2026-08-19T11:30:10.603970+00:00,clean,,,"{""amenity"": ""restaurant"", ""contact:phone"": ""+32 2 616 67 33"", ""contact:website"": ""https://prego.be/"", ""name"": ""Prego""}"
ixelles,osm:node/2463358631,De Pauw,pharmacy,amenity=pharmacy,,,50.8223398,4.3794381,,,,NO_WEBSITE,2026-08-19T11:30:10.603970+00:00,clean,,,"{""amenity"": ""pharmacy"", ""healthcare"": ""pharmacy"", ""name"": ""De Pauw""}"
ixelles,osm:node/2463358678,Yakitori,restaurant,amenity=restaurant,,,50.818401,4.3842393,,,,NO_WEBSITE,2026-08-19T11:30:10.603970+00:00,clean,,,"{""amenity"": ""restaurant"", ""name"": ""Yakitori""}"
ixelles,osm:node/2463358679,Sumo Sushi,restaurant,amenity=restaurant,,,50.8183553,4.3842656,+32 2 648 51 17,https://www.sumo-sushi.be,,WEBSITE_PRESENT,2026-08-19T11:30:10.603970+00:00,clean,,,"{""amenity"": ""restaurant"", ""contact:phone"": ""+32 2 648 51 17"", ""contact:website"": ""https://www.sumo-sushi.be"", ""name"": ""Sumo Sushi""}"
ixelles,osm:node/2463358708,La Fleur de Pain,pastry-shops,shop=bakery,,,50.8164754,4.3891402,,,,NO_WEBSITE,2026-08-19T11:30:10.603970+00:00,clean,,,"{""name"": ""La Fleur de Pain"", ""shop"": ""bakery""}"
ixelles,osm:node/2463358720,Le Pain Quotidien,cafe,amenity=cafe,,,50.815463,4.389716,+32 2 646 06 93,http://www.lepainquotidien.be/store/le-pain-quotidien-ixelles-fr/,,WEBSITE_PRESENT,2026-08-19T11:30:10.603970+00:00,clean,,,"{""amenity"": ""cafe"", ""brand"": ""Le Pain Quotidien"", ""contact:phone"": ""+32 2 646 06 93"", ""contact:website"": ""http://www.lepainquotidien.be/store/le-pain-quotidien-ixelles-fr/"", ""name"": ""Le Pain Quotidien"", ""shop"": ""bakery""}"
ixelles,osm:node/2463358721,Le pain quotidien,pastry-shops,shop=bakery,,,50.8154232,4.3898512,,,,NO_WEBSITE,2026-08-19T11:30:10.603970+00:00,clean,,,"{""name"": ""Le pain quotidien"", ""shop"": ""bakery""}"
ixelles,osm:node/2463358771,The Black Sheep,bars-pubs,amenity=bar,,,50.8272864,4.3743763,,,,NO_WEBSITE,2026-08-19T11:30:10.603970+00:00,clean,,,"{""amenity"": ""bar"", ""name"": ""The Black Sheep""}"
ixelles,osm:node/2463358774,Ligny,pharmacy,amenity=pharmacy,,,50.8174287,4.3879138,+32 2 648 41 32,,,NO_WEBSITE,2026-08-19T11:30:10.603970+00:00,clean,,,"{""amenity"": ""pharmacy"", ""contact:phone"": ""+32 2 648 41 32"", ""healthcare"": ""pharmacy"", ""name"": ""Ligny""}"
ixelles,osm:node/2463358776,SumSum,restaurant,amenity=restaurant,,,50.8173437,4.3883273,,https://yumyum.world/restaurant/sumsum/,,WEBSITE_PRESENT,2026-08-19T11:30:10.603970+00:00,existing_duplicate,"source id, name/address, phone, or website matched existing listing",,"{""amenity"": ""restaurant"", ""contact:website"": ""https://yumyum.world/restaurant/sumsum/"", ""name"": ""SumSum""}"
ixelles,osm:node/2466653916,Le Variétés,restaurant,amenity=restaurant,,,50.8265995,4.373002,+32 2 647 04 36,https://www.levarietes.be/,,WEBSITE_PRESENT,2026-08-19T11:30:10.603970+00:00,clean,,,"{""amenity"": ""restaurant"", ""contact:phone"": ""+32 2 647 04 36"", ""contact:website"": ""https://www.levarietes.be/"", ""name"": ""Le Variétés""}"
ixelles,osm:node/2466682759,Phopho,restaurant,amenity=restaurant,,,50.823099,4.367099,,http://phopho.be/,,WEBSITE_PRESENT,2026-08-19T11:30:10.603970+00:00,clean,,,"{""amenity"": ""restaurant"", ""name"": ""Phopho"", ""website"": ""http://phopho.be/""}"
ixelles,osm:node/2466682771,Ethnic,bars-pubs,amenity=bar,,,50.8238536,4.3667614,,,,NO_WEBSITE,2026-08-19T11:30:10.603970+00:00,clean,,,"{""amenity"": ""bar"", ""name"": ""Ethnic""}"
ixelles,osm:node/2466745299,Soif,bars-pubs,amenity=bar,,,50.8246066,4.357816,,,,NO_WEBSITE,2026-08-19T11:30:10.603970+00:00,clean,,,"{""amenity"": ""bar"", ""name"": ""Soif""}"
ixelles,osm:node/2466932804,Le XIX ème,restaurant,amenity=restaurant,,,50.8284439,4.3603968,,,,NO_WEBSITE,2026-08-19T11:30:10.603970+00:00,clean,,,"{""amenity"": ""restaurant"", ""name"": ""Le XIX ème""}"
ixelles,osm:node/2468754143,Buyl,pharmacy,amenity=pharmacy,,,50.8179972,4.3795892,,https://www.pharmaciebuyl.be,,WEBSITE_PRESENT,2026-08-19T11:30:10.603970+00:00,clean,,,"{""amenity"": ""pharmacy"", ""contact:website"": ""https://www.pharmaciebuyl.be"", ""name"": ""Buyl""}"
ixelles,osm:node/2468798076,Coiffeur Jean-Luc,beauty-salon,shop=hairdresser,,,50.8194856,4.3862901,,,,NO_WEBSITE,2026-08-19T11:30:10.603970+00:00,clean,,,"{""name"": ""Coiffeur Jean-Luc"", ""shop"": ""hairdresser""}"
ixelles,osm:node/2468798099,Issan,restaurant,amenity=restaurant,,,50.8187212,4.3872804,+32 2 850 12 33,,,NO_WEBSITE,2026-08-19T11:30:10.603970+00:00,clean,,,"{""amenity"": ""restaurant"", ""contact:phone"": ""+32 2 850 12 33"", ""name"": ""Issan""}"
ixelles,osm:node/2468798128,Lucky club,bars-pubs,amenity=bar,,,50.8184191,4.3879337,,,,NO_WEBSITE,2026-08-19T11:30:10.603970+00:00,clean,,,"{""amenity"": ""bar"", ""name"": ""Lucky club""}"
ixelles,osm:node/2468879152,Okay City,supermarkets,shop=supermarket,,,50.8152548,4.3890724,+32 2 649 27 34,https://www.okay.be/fr/nos-magasins/okay-city-ixelles-universite,,WEBSITE_PRESENT,2026-08-19T11:30:10.603970+00:00,existing_duplicate,"source id, name/address, phone, or website matched existing listing",,"{""brand"": ""Okay"", ""contact:phone"": ""+32 2 649 27 34"", ""contact:website"": ""https://www.okay.be/fr/nos-magasins/okay-city-ixelles-universite"", ""name"": ""Okay City"", ""operator"": ""Colruyt Group"", ""shop"": ""supermarket""}"
ixelles,osm:node/2468879166,Thai Cafe,restaurant,amenity=restaurant,,,50.815884,4.3895707,,https://www.thai.cafe,,WEBSITE_PRESENT,2026-08-19T11:30:10.603970+00:00,clean,,,"{""amenity"": ""restaurant"", ""contact:website"": ""https://www.thai.cafe"", ""name"": ""Thai Cafe""}"
ixelles,osm:node/2471016204,Snackôpâtes,restaurant,amenity=restaurant,,,50.8171241,4.3815077,,,,NO_WEBSITE,2026-08-19T11:30:10.603970+00:00,clean,,,"{""amenity"": ""restaurant"", ""name"": ""Snackôpâtes""}"
ixelles,osm:node/2471554600,Jean-Pierre & Raphaël,beauty-salon,shop=hairdresser,,,50.8176714,4.3850303,+32 2 649 02 96,http://www.coiffeur-jean-pierre.be/,,WEBSITE_PRESENT,2026-08-19T11:30:10.603970+00:00,clean,,,"{""contact:phone"": ""+32 2 649 02 96"", ""contact:website"": ""http://www.coiffeur-jean-pierre.be/"", ""name"": ""Jean-Pierre & Raphaël"", ""shop"": ""hairdresser""}"
ixelles,osm:node/2471872601,Émile Bistro,restaurant,amenity=restaurant,,,50.8230655,4.3814492,+32 2 642 96 29,https://www.emilebistro.be/,,WEBSITE_PRESENT,2026-08-19T11:30:10.603970+00:00,clean,,,"{""amenity"": ""restaurant"", ""contact:phone"": ""+32 2 642 96 29"", ""contact:website"": ""https://www.emilebistro.be/"", ""name"": ""Émile Bistro""}"
ixelles,osm:node/2472070347,Le Vicomte,cafe,amenity=cafe,,,50.8219301,4.3794698,+32 2 648 82 96,,,NO_WEBSITE,2026-08-19T11:30:10.603970+00:00,clean,,,"{""amenity"": ""cafe"", ""contact:phone"": ""+32 2 648 82 96"", ""name"": ""Le Vicomte""}"
ixelles,osm:node/2476359865,Aqua Hotel,hotel,tourism=hotel,,,50.8365298,4.3605211,+32 2 213 01 01,https://www.aqua-hotel-brussels.com,,WEBSITE_PRESENT,2026-08-19T11:30:10.603970+00:00,clean,,,"{""contact:phone"": ""+32 2 213 01 01"", ""contact:website"": ""https://www.aqua-hotel-brussels.com"", ""name"": ""Aqua Hotel"", ""tourism"": ""hotel""}"
ixelles,osm:node/2476488495,Rembrandt,hotel,tourism=hotel,,,50.832936,4.3608355,+32 2 512 71 39,https://www.hotelrembrandt.be/,,WEBSITE_PRESENT,2026-08-19T11:30:10.603970+00:00,clean,,,"{""contact:phone"": ""+32 2 512 71 39"", ""contact:website"": ""https://www.hotelrembrandt.be/"", ""name"": ""Rembrandt"", ""tourism"": ""hotel""}"
ixelles,osm:node/2476909622,Godjo bar,cafe,amenity=cafe,,,50.8278433,4.3696353,,,,NO_WEBSITE,2026-08-19T11:30:10.603970+00:00,clean,,,"{""amenity"": ""cafe"", ""name"": ""Godjo bar""}"
ixelles,osm:node/2476909652,Reservoir Store,clothing-store,shop=clothes,,,50.8278264,4.3686775,,http://www.rsrv.be,,WEBSITE_PRESENT,2026-08-19T11:30:10.603970+00:00,clean,,,"{""contact:website"": ""http://www.rsrv.be"", ""name"": ""Reservoir Store"", ""shop"": ""clothes""}"
ixelles,osm:node/2480227089,House of Socks,clothing-store,shop=clothes,,,50.8259531,4.3549047,,https://www.dalmeida.be/,,WEBSITE_PRESENT,2026-08-19T11:30:10.603970+00:00,clean,,,"{""contact:website"": ""https://www.dalmeida.be/"", ""name"": ""House of Socks"", ""shop"": ""clothes""}"
ixelles,osm:node/2480297899,Le Livourne,bars-pubs,amenity=pub,,,50.831216,4.357911,,,,NO_WEBSITE,2026-08-19T11:30:10.603970+00:00,clean,,,"{""amenity"": ""pub"", ""name"": ""Le Livourne""}"
ixelles,osm:node/2492490804,Fresca,restaurant,amenity=restaurant,,,50.8212275,4.3424722,,,,NO_WEBSITE,2026-08-19T11:30:10.603970+00:00,clean,,,"{""amenity"": ""restaurant"", ""name"": ""Fresca""}"
ixelles,osm:node/2492508186,Janine Boulangerie-Brasserie,pastry-shops,shop=bakery,,,50.8189331,4.3413064,,https://janine.brussels,Janineboulangeriebrasserie,WEBSITE_PRESENT,2026-08-19T11:30:10.603970+00:00,clean,,,"{""contact:facebook"": ""Janineboulangeriebrasserie"", ""contact:instagram"": ""janine_boulangerie_brasserie"", ""contact:website"": ""https://janine.brussels"", ""name"": ""Janine Boulangerie-Brasserie"", ""shop"": ""bakery""}"
ixelles,osm:node/2539275411,Au Cor de Chasse,restaurant,amenity=restaurant,,,50.8295108,4.3899765,,,,NO_WEBSITE,2026-08-19T11:30:10.603970+00:00,clean,,,"{""amenity"": ""restaurant"", ""name"": ""Au Cor de Chasse""}"
ixelles,osm:node/2624442145,Hotel Stalingrad,hotel,tourism=hotel,,,50.8395724,4.3412783,+32 2 511 11 32,,,NO_WEBSITE,2026-08-19T11:30:10.603970+00:00,clean,,,"{""contact:phone"": ""+32 2 511 11 32"", ""name"": ""Hotel Stalingrad"", ""tourism"": ""hotel""}"
ixelles,osm:node/2642106468,EXKi Université,fast-food,amenity=fast_food,,,50.8151542,4.38879,+32 2 646 64 57,https://www.exki.be/fr/restaurants/exki-universite,,WEBSITE_PRESENT,2026-08-19T11:30:10.603970+00:00,clean,,,"{""amenity"": ""fast_food"", ""contact:phone"": ""+32 2 646 64 57"", ""contact:website"": ""https://www.exki.be/fr/restaurants/exki-universite"", ""name"": ""EXKi Université"", ""operator"": ""EXKi""}"
ixelles,osm:node/2650114940,My Tannour Cimdix,fast-food,amenity=fast_food,,,50.8159755,4.3894976,,https://www.mytannour.com/list-locations/cimdix-2ws34-nmlnc-yacdy,,WEBSITE_PRESENT,2026-08-19T11:30:10.603970+00:00,clean,,,"{""amenity"": ""fast_food"", ""contact:website"": ""https://www.mytannour.com/list-locations/cimdix-2ws34-nmlnc-yacdy"", ""name"": ""My Tannour Cimdix""}"
ixelles,osm:node/2656942982,Trattoria al dente,restaurant,amenity=restaurant,,,50.839368,4.3672461,+32 2 513 47 81,,,NO_WEBSITE,2026-08-19T11:30:10.603970+00:00,clean,,,"{""amenity"": ""restaurant"", ""contact:phone"": ""+32 2 513 47 81"", ""name"": ""Trattoria al dente""}"
ixelles,osm:node/2659114523,Multipharma,pharmacy,amenity=pharmacy,,,50.8265347,4.4124649,,,,NO_WEBSITE,2026-08-19T11:30:10.603970+00:00,clean,,,"{""amenity"": ""pharmacy"", ""brand"": ""Multipharma"", ""healthcare"": ""pharmacy"", ""name"": ""Multipharma""}"
ixelles,osm:node/2659325757,Pizzeria 1032,restaurant,amenity=restaurant,,,50.8244114,4.4003277,+32 2 513 20 63,https://www.pizzeria1032.com/,,WEBSITE_PRESENT,2026-08-19T11:30:10.603970+00:00,clean,,,"{""amenity"": ""restaurant"", ""contact:phone"": ""+32 2 513 20 63"", ""contact:website"": ""https://www.pizzeria1032.com/"", ""name"": ""Pizzeria 1032""}"
ixelles,osm:node/2659325759,My Snack,fast-food,amenity=fast_food,,,50.8243745,4.4003891,,,,NO_WEBSITE,2026-08-19T11:30:10.603970+00:00,clean,,,"{""amenity"": ""fast_food"", ""name"": ""My Snack""}"
ixelles,osm:node/2659562215,Cristal Bakery,pastry-shops,shop=bakery,,,50.8347006,4.3434577,,,,NO_WEBSITE,2026-08-19T11:30:10.603970+00:00,clean,,,"{""name"": ""Cristal Bakery"", ""shop"": ""bakery""}"
ixelles,osm:node/2659562875,Librairie Météores,bookstore,shop=books,,,50.8357212,4.3446057,+32489 16 29 91,https://editionsmeteores.com/librairie/,,WEBSITE_PRESENT,2026-08-19T11:30:10.603970+00:00,clean,,,"{""contact:website"": ""https://editionsmeteores.com/librairie/"", ""name"": ""Librairie Météores"", ""phone"": ""+32489 16 29 91"", ""shop"": ""books""}"
ixelles,osm:node/2659564164,The Judgy Vegan,restaurant,amenity=restaurant,,,50.8376914,4.3482543,+32 2 540 80 38,https://www.thejudgyvegan.com/,TheJudgyVeganCafe,WEBSITE_PRESENT,2026-08-19T11:30:10.603970+00:00,clean,,,"{""amenity"": ""restaurant"", ""contact:facebook"": ""TheJudgyVeganCafe"", ""contact:instagram"": ""thejudgyvegan"", ""contact:phone"": ""+32 2 540 80 38"", ""contact:website"": ""https://www.thejudgyvegan.com/"", ""name"": ""The Judgy Vegan""}"
ixelles,osm:node/2665165653,Wolfers,jewelry-stores,shop=jewelry,,,50.8388549,4.3614352,+32 2 513 61 50,https://wolfers.be,https://www.facebook.com/wolfers.be/,WEBSITE_PRESENT,2026-08-19T11:30:10.603970+00:00,clean,,,"{""contact:facebook"": ""https://www.facebook.com/wolfers.be/"", ""contact:phone"": ""+32 2 513 61 50"", ""contact:website"": ""https://wolfers.be"", ""name"": ""Wolfers"", ""shop"": ""jewelry""}"
ixelles,osm:node/2665165851,Kure,clothing-store,shop=clothes,,,50.8383923,4.3602746,,https://kurebrussels.com/,,WEBSITE_PRESENT,2026-08-19T11:30:10.603970+00:00,clean,,,"{""contact:website"": ""https://kurebrussels.com/"", ""name"": ""Kure"", ""shop"": ""clothes""}"
ixelles,osm:node/2665165935,Lazy Bear,restaurant,amenity=restaurant,,,50.83828,4.3509474,,,,NO_WEBSITE,2026-08-19T11:30:10.603970+00:00,clean,,,"{""amenity"": ""restaurant"", ""name"": ""Lazy Bear""}"
ixelles,osm:node/2665165956,Ermenegildo Zegna,clothing-store,shop=clothes,,,50.8387824,4.3612743,+32 2 511 41 57,https://www.zegna.be,,WEBSITE_PRESENT,2026-08-19T11:30:10.603970+00:00,clean,,,"{""brand"": ""Ermenegildo Zegna"", ""contact:phone"": ""+32 2 511 41 57"", ""contact:website"": ""https://www.zegna.be"", ""name"": ""Ermenegildo Zegna"", ""operator"": ""Zegna"", ""shop"": ""clothes""}"
ixelles,osm:node/2665166030,Café Buvette,cafe,amenity=cafe,,,50.8381993,4.3510833,,,,NO_WEBSITE,2026-08-19T11:30:10.603970+00:00,clean,,,"{""amenity"": ""cafe"", ""name"": ""Café Buvette""}"
ixelles,osm:node/2665166322,Orphyse Chaussette,restaurant,amenity=restaurant,,,50.8395093,4.3534273,,,,NO_WEBSITE,2026-08-19T11:30:10.603970+00:00,clean,,,"{""amenity"": ""restaurant"", ""name"": ""Orphyse Chaussette""}"
ixelles,osm:node/2665166340,Le Petit Palais,restaurant,amenity=restaurant,,,50.8398064,4.3597914,+32 2 512 10 12,https://lepetitpalais.be/,,WEBSITE_PRESENT,2026-08-19T11:30:10.603970+00:00,clean,,,"{""amenity"": ""restaurant"", ""contact:phone"": ""+32 2 512 10 12"", ""contact:website"": ""https://lepetitpalais.be/"", ""name"": ""Le Petit Palais""}"
ixelles,osm:node/2665166438,Salvatore Ferragamo,shoe-stores,shop=shoes,,,50.8363488,4.3553957,+32 2 511 46 25,https://www.ferragamo.com,,WEBSITE_PRESENT,2026-08-19T11:30:10.603970+00:00,clean,,,"{""brand"": ""Salvatore Ferragamo"", ""contact:phone"": ""+32 2 511 46 25"", ""contact:website"": ""https://www.ferragamo.com"", ""name"": ""Salvatore Ferragamo"", ""operator"": ""Salvatore Ferragamo"", ""shop"": ""shoes""}"
ixelles,osm:node/2665166446,Fratelli Rossetti,shoe-stores,shop=shoes,,,50.8362164,4.3550795,+32 2 512 52 06,https://www.fratellirossetti.com,,WEBSITE_PRESENT,2026-08-19T11:30:10.603970+00:00,clean,,,"{""contact:phone"": ""+32 2 512 52 06"", ""contact:website"": ""https://www.fratellirossetti.com"", ""name"": ""Fratelli Rossetti"", ""operator"": ""Fratelli Rossetti"", ""shop"": ""shoes""}"
ixelles,osm:node/2665166455,Tiffany & Company,jewelry-stores,shop=jewelry,,,50.8361762,4.3549836,+32 2 501 66 33,https://be.tiffany.com/jewelry-stores/store-list/belgium,,WEBSITE_PRESENT,2026-08-19T11:30:10.603970+00:00,clean,,,"{""brand"": ""Tiffany & Company"", ""contact:phone"": ""+32 2 501 66 33"", ""contact:website"": ""https://be.tiffany.com/jewelry-stores/store-list/belgium"", ""name"": ""Tiffany & Company"", ""operator"": ""Tiffany & Co."", ""shop"": ""jewelry""}"
ixelles,osm:node/2665166486,à l'Ombre de la Ville,restaurant,amenity=restaurant,,,50.8391589,4.3607994,,https://alombredelaville.com/,,WEBSITE_PRESENT,2026-08-19T11:30:10.603970+00:00,clean,,,"{""amenity"": ""restaurant"", ""name"": ""à l'Ombre de la Ville"", ""website"": ""https://alombredelaville.com/""}"
ixelles,osm:node/2665166579,Natan,clothing-store,shop=clothes,,,50.8392964,4.361508,+32 2 512 75 00,https://natan.be,,WEBSITE_PRESENT,2026-08-19T11:30:10.603970+00:00,existing_duplicate,"source id, name/address, phone, or website matched existing listing",,"{""contact:phone"": ""+32 2 512 75 00"", ""contact:website"": ""https://natan.be"", ""name"": ""Natan"", ""shop"": ""clothes""}"
ixelles,osm:node/2665166597,Umā,restaurant,amenity=restaurant,,,50.8389335,4.3608471,+32 2 425 51 15,https://www.uma-restaurant.com,https://www.facebook.com/Umarestaurantbxl,WEBSITE_PRESENT,2026-08-19T11:30:10.603970+00:00,clean,,,"{""amenity"": ""restaurant"", ""contact:facebook"": ""https://www.facebook.com/Umarestaurantbxl"", ""contact:instagram"": ""https://www.instagram.com/umarestaurant"", ""contact:phone"": ""+32 2 425 51 15"", ""contact:website"": ""https://www.uma-restaurant.com"", ""name"": ""Umā""}"
ixelles,osm:node/2667340254,La Belladone,cafe,amenity=cafe,,,50.8253385,4.3534806,,https://www.la-belladone.com/,,WEBSITE_PRESENT,2026-08-19T11:30:10.603970+00:00,clean,,,"{""amenity"": ""cafe"", ""contact:website"": ""https://www.la-belladone.com/"", ""name"": ""La Belladone""}"
ixelles,osm:node/2677390704,Bar du marché,bars-pubs,amenity=pub,,,50.8264325,4.3730763,,,,NO_WEBSITE,2026-08-19T11:30:10.603970+00:00,clean,,,"{""amenity"": ""pub"", ""name"": ""Bar du marché""}"
ixelles,osm:node/2677390708,Le Murmure,bars-pubs,amenity=pub,,,50.8266255,4.37382,,,,NO_WEBSITE,2026-08-19T11:30:10.603970+00:00,clean,,,"{""amenity"": ""pub"", ""name"": ""Le Murmure""}"
ixelles,osm:node/2697502360,Continental,hotel,tourism=hotel,,,50.8373666,4.3404783,+32 2 537 50 35,http://www.hotelcontinental.be,,WEBSITE_PRESENT,2026-08-19T11:30:10.603970+00:00,clean,,,"{""contact:phone"": ""+32 2 537 50 35"", ""contact:website"": ""http://www.hotelcontinental.be"", ""name"": ""Continental"", ""tourism"": ""hotel""}"
ixelles,osm:node/2699716303,Orient Kitchen,restaurant,amenity=restaurant,,,50.811862,4.3927774,,,,NO_WEBSITE,2026-08-19T11:30:10.603970+00:00,clean,,,"{""amenity"": ""restaurant"", ""name"": ""Orient Kitchen""}"
ixelles,osm:node/2699725883,Van Hecke,jewelry-stores,shop=jewelry,,,50.8115976,4.392245,,,,NO_WEBSITE,2026-08-19T11:30:10.603970+00:00,clean,,,"{""name"": ""Van Hecke"", ""shop"": ""jewelry""}"
ixelles,osm:node/2699755845,Streber,pastry-shops,shop=bakery,,,50.8117824,4.3913966,,,,NO_WEBSITE,2026-08-19T11:30:10.603970+00:00,clean,,,"{""name"": ""Streber"", ""shop"": ""bakery""}"
ixelles,osm:node/2699757805,Pâtisserie du Solbosch,pastry-shops,shop=bakery,,,50.8112128,4.3904013,+32 2 672 42 52,,,NO_WEBSITE,2026-08-19T11:30:10.603970+00:00,clean,,,"{""contact:phone"": ""+32 2 672 42 52"", ""name"": ""Pâtisserie du Solbosch"", ""shop"": ""bakery""}"
ixelles,osm:node/2699758102,Kapeli,beauty-salon,shop=hairdresser,,,50.8114002,4.3912785,,,,NO_WEBSITE,2026-08-19T11:30:10.603970+00:00,clean,,,"{""name"": ""Kapeli"", ""shop"": ""hairdresser""}"
ixelles,osm:node/2727516209,Los Agaves,restaurant,amenity=restaurant,,,50.8325545,4.3431507,,https://restolosagaves.be/,,WEBSITE_PRESENT,2026-08-19T11:30:10.603970+00:00,clean,,,"{""amenity"": ""restaurant"", ""contact:website"": ""https://restolosagaves.be/"", ""name"": ""Los Agaves""}"
ixelles,osm:node/2732823018,la.mi.do.re,pastry-shops,shop=bakery,,,50.8246495,4.34995,,,,NO_WEBSITE,2026-08-19T11:30:10.603970+00:00,clean,,,"{""name"": ""la.mi.do.re"", ""shop"": ""bakery""}"
ixelles,osm:node/2744360662,36°8,pharmacy,amenity=pharmacy,,,50.8034015,4.3722908,,https://www.36-8.com,,WEBSITE_PRESENT,2026-08-19T11:30:10.603970+00:00,clean,,,"{""amenity"": ""pharmacy"", ""contact:website"": ""https://www.36-8.com"", ""name"": ""36°8""}"
ixelles,osm:node/2834871704,Pharmacie Des Trois Tilleuls - Apotheek Drie Linden,pharmacy,amenity=pharmacy,,,50.8032444,4.4134051,+32 2 672 47 95,,,NO_WEBSITE,2026-08-19T11:30:10.603970+00:00,clean,,,"{""amenity"": ""pharmacy"", ""contact:phone"": ""+32 2 672 47 95"", ""healthcare"": ""pharmacy"", ""name"": ""Pharmacie Des Trois Tilleuls - Apotheek Drie Linden"", ""operator"": ""Pharmacie Des Trois Tilleuls SA""}"
ixelles,osm:node/2839619941,El Turco,restaurant,amenity=restaurant,,,50.837737,4.3684091,+32 2 503 36 48,https://elturco.be/,,WEBSITE_PRESENT,2026-08-19T11:30:10.603970+00:00,clean,,,"{""amenity"": ""restaurant"", ""contact:phone"": ""+32 2 503 36 48"", ""contact:website"": ""https://elturco.be/"", ""name"": ""El Turco""}"
ixelles,osm:node/2999570465,Espace Sandwich,fast-food,amenity=fast_food,,,50.8114362,4.3916447,,,,NO_WEBSITE,2026-08-19T11:30:10.603970+00:00,clean,,,"{""amenity"": ""fast_food"", ""name"": ""Espace Sandwich""}"
ixelles,osm:node/3014396256,Le Perroquet,cafe,amenity=cafe,,,50.839521,4.3536306,,,https://www.facebook.com/Leperroquetbruxelles,SOCIAL_ONLY,2026-08-19T11:30:10.603970+00:00,clean,,,"{""amenity"": ""cafe"", ""contact:facebook"": ""https://www.facebook.com/Leperroquetbruxelles"", ""contact:instagram"": ""https://www.instagram.com/le_perroquet"", ""name"": ""Le Perroquet""}"
ixelles,osm:node/3020178451,Le fou chantant,restaurant,amenity=restaurant,,,50.8046087,4.365155,+32 2 374 33 15,https://www.lefouchantant.be/,,WEBSITE_PRESENT,2026-08-19T11:30:10.603970+00:00,clean,,,"{""amenity"": ""restaurant"", ""contact:phone"": ""+32 2 374 33 15"", ""contact:website"": ""https://www.lefouchantant.be/"", ""name"": ""Le fou chantant""}"
ixelles,osm:node/3069059780,Bak,fast-food,amenity=fast_food,,,50.815834,4.3674749,,,,NO_WEBSITE,2026-08-19T11:30:10.603970+00:00,clean,,,"{""amenity"": ""fast_food"", ""name"": ""Bak""}"
ixelles,osm:node/3083236694,L'Eau Chaude - Het Warm Water,restaurant,amenity=restaurant,,,50.8367993,4.3480667,,https://www.leauchaude.be/,https://www.facebook.com/het.warm.water,WEBSITE_PRESENT,2026-08-19T11:30:10.603970+00:00,clean,,,"{""amenity"": ""restaurant"", ""contact:facebook"": ""https://www.facebook.com/het.warm.water"", ""contact:website"": ""https://www.leauchaude.be/"", ""name"": ""L'Eau Chaude - Het Warm Water""}"
ixelles,osm:node/3100698156,Souto Brasil,restaurant,amenity=restaurant,,,50.8321711,4.3457516,,,,NO_WEBSITE,2026-08-19T11:30:10.603970+00:00,clean,,,"{""amenity"": ""restaurant"", ""name"": ""Souto Brasil""}"
ixelles,osm:node/3100734054,Rocky Pompadour,bars-pubs,amenity=pub,,,50.8308294,4.3458708,,,,NO_WEBSITE,2026-08-19T11:30:10.603970+00:00,clean,,,"{""amenity"": ""pub"", ""name"": ""Rocky Pompadour""}"
ixelles,osm:node/3100734056,Le Vieux Mila,restaurant,amenity=restaurant,,,50.8309803,4.345993,,,,NO_WEBSITE,2026-08-19T11:30:10.603970+00:00,clean,,,"{""amenity"": ""restaurant"", ""name"": ""Le Vieux Mila""}"
ixelles,osm:node/3100734060,La Braise,restaurant,amenity=restaurant,,,50.8310344,4.345977,,,,NO_WEBSITE,2026-08-19T11:30:10.603970+00:00,clean,,,"{""amenity"": ""restaurant"", ""name"": ""La Braise""}"
ixelles,osm:node/3100741123,Moody Brussels,bars-pubs,amenity=bar,,,50.8312334,4.3470158,,,,NO_WEBSITE,2026-08-19T11:30:10.603970+00:00,clean,,,"{""amenity"": ""bar"", ""name"": ""Moody Brussels""}"
ixelles,osm:node/3102889016,Au vieux pétrin,pastry-shops,shop=bakery,,,50.8248671,4.3434135,,,,NO_WEBSITE,2026-08-19T11:30:10.603970+00:00,clean,,,"{""name"": ""Au vieux pétrin"", ""shop"": ""bakery""}"
ixelles,osm:node/3103632533,Viabilis Immo,real-estate-agencies,office=estate_agent,,,50.8225803,4.3425045,+32 2 646 50 00,https://www.viabilis.be,,WEBSITE_PRESENT,2026-08-19T11:30:10.603970+00:00,clean,,,"{""contact:phone"": ""+32 2 646 50 00"", ""contact:website"": ""https://www.viabilis.be"", ""name"": ""Viabilis Immo"", ""office"": ""estate_agent""}"
ixelles,osm:node/3103632535,Pizza d'Or,fast-food,amenity=fast_food,,,50.8223139,4.3423722,,,,NO_WEBSITE,2026-08-19T11:30:10.603970+00:00,clean,,,"{""amenity"": ""fast_food"", ""name"": ""Pizza d'Or""}"
ixelles,osm:node/3128417991,Hinterland,cafe,amenity=cafe,,,50.8267703,4.3548132,,https://hntrlnd.be/,,WEBSITE_PRESENT,2026-08-19T11:30:10.603970+00:00,clean,,,"{""amenity"": ""cafe"", ""contact:website"": ""https://hntrlnd.be/"", ""name"": ""Hinterland""}"
ixelles,osm:node/3134691246,Stéphane Peten,veterinary,amenity=veterinary,,,50.8113584,4.3911184,,,,NO_WEBSITE,2026-08-19T11:30:10.603970+00:00,clean,,,"{""amenity"": ""veterinary"", ""name"": ""Stéphane Peten""}"
ixelles,osm:node/3173197916,Multipharma,pharmacy,amenity=pharmacy,,,50.8075794,4.404607,,,,NO_WEBSITE,2026-08-19T11:30:10.603970+00:00,clean,,,"{""amenity"": ""pharmacy"", ""brand"": ""Multipharma"", ""healthcare"": ""pharmacy"", ""name"": ""Multipharma""}"
ixelles,osm:node/3194961918,Le Matonge,restaurant,amenity=restaurant,,,50.8367918,4.3638332,,,,NO_WEBSITE,2026-08-19T11:30:10.603970+00:00,clean,,,"{""amenity"": ""restaurant"", ""name"": ""Le Matonge""}"
ixelles,osm:node/3266799499,American Vintage,clothing-store,shop=clothes,,,50.8329977,4.3584925,,,,NO_WEBSITE,2026-08-19T11:30:10.603970+00:00,clean,,,"{""brand"": ""American Vintage"", ""name"": ""American Vintage"", ""shop"": ""clothes""}"
ixelles,osm:node/3274120628,Fabienne Verstraeten,dentist,amenity=dentist,,,50.8387925,4.3989285,,,,NO_WEBSITE,2026-08-19T11:30:10.603970+00:00,clean,,,"{""amenity"": ""dentist"", ""healthcare"": ""dentist"", ""name"": ""Fabienne Verstraeten""}"
ixelles,osm:node/3295252466,Le Saint-François,beauty-salon,shop=hairdresser,,,50.8085103,4.4030805,+32 2 675 60 80,,,NO_WEBSITE,2026-08-19T11:30:10.603970+00:00,clean,,,"{""contact:phone"": ""+32 2 675 60 80"", ""name"": ""Le Saint-François"", ""shop"": ""hairdresser""}"
ixelles,osm:node/3295316421,Bairin,pastry-shops,shop=bakery,,,50.8088848,4.4035277,+32 2 673 67 34,,,NO_WEBSITE,2026-08-19T11:30:10.603970+00:00,clean,,,"{""contact:phone"": ""+32 2 673 67 34"", ""name"": ""Bairin"", ""shop"": ""bakery""}"
ixelles,osm:node/3295316425,La Brioche,pastry-shops,shop=bakery,,,50.8097601,4.4031148,,,,NO_WEBSITE,2026-08-19T11:30:10.603970+00:00,clean,,,"{""name"": ""La Brioche"", ""shop"": ""bakery""}"
ixelles,osm:node/3295316426,Le Keym,cafe,amenity=cafe,,,50.8091923,4.4035965,,,,NO_WEBSITE,2026-08-19T11:30:10.603970+00:00,clean,,,"{""amenity"": ""cafe"", ""name"": ""Le Keym""}"
ixelles,osm:node/3295316427,Le Roi Albert,cafe,amenity=cafe,,,50.8093383,4.4036289,,,,NO_WEBSITE,2026-08-19T11:30:10.603970+00:00,clean,,,"{""amenity"": ""cafe"", ""name"": ""Le Roi Albert""}"
ixelles,osm:node/3295316428,ÔZ Brasserie,restaurant,amenity=restaurant,,,50.8096803,4.4037643,+32 2 675 34 24,https://ozbrasserie.be/,https://www.facebook.com/ÔZ-Brasserie-1946699295358697/,WEBSITE_PRESENT,2026-08-19T11:30:10.603970+00:00,clean,,,"{""amenity"": ""restaurant"", ""contact:facebook"": ""https://www.facebook.com/ÔZ-Brasserie-1946699295358697/"", ""contact:phone"": ""+32 2 675 34 24"", ""contact:website"": ""https://ozbrasserie.be/"", ""name"": ""ÔZ Brasserie""}"
ixelles,osm:node/3300185620,Rhubarb café,restaurant,amenity=restaurant,,,50.8096776,4.403052,,,,NO_WEBSITE,2026-08-19T11:30:10.603970+00:00,clean,,,"{""amenity"": ""restaurant"", ""name"": ""Rhubarb café""}"
ixelles,osm:node/3300185621,La Frite Dorée,restaurant,amenity=restaurant,,,50.8087137,4.4036035,,https://www.lafritedoreew-b.com,,WEBSITE_PRESENT,2026-08-19T11:30:10.603970+00:00,clean,,,"{""amenity"": ""restaurant"", ""contact:website"": ""https://www.lafritedoreew-b.com"", ""name"": ""La Frite Dorée""}"
ixelles,osm:node/3300185625,The Lodge,restaurant,amenity=restaurant,,,50.8124677,4.4052058,+32 2 662 26 66,https://www.the-lodge.be/,,WEBSITE_PRESENT,2026-08-19T11:30:10.603970+00:00,clean,,,"{""amenity"": ""restaurant"", ""contact:phone"": ""+32 2 662 26 66"", ""contact:website"": ""https://www.the-lodge.be/"", ""name"": ""The Lodge""}"
ixelles,osm:node/3317416054,We Invest,real-estate-agencies,office=estate_agent,,,50.8103387,4.3973259,,,,NO_WEBSITE,2026-08-19T11:30:10.603970+00:00,clean,,,"{""name"": ""We Invest"", ""office"": ""estate_agent""}"
ixelles,osm:node/3317440607,Au Bébé Friand,pastry-shops,shop=bakery,,,50.8085361,4.4180395,,,,NO_WEBSITE,2026-08-19T11:30:10.603970+00:00,clean,,,"{""name"": ""Au Bébé Friand"", ""shop"": ""bakery""}"
ixelles,osm:node/3317447753,Il Vespino,restaurant,amenity=restaurant,,,50.8081779,4.4186276,+32 2 672 54 34,,,NO_WEBSITE,2026-08-19T11:30:10.603970+00:00,clean,,,"{""amenity"": ""restaurant"", ""contact:phone"": ""+32 2 672 54 34"", ""name"": ""Il Vespino"", ""operator"": ""Rinoceronte SPRL""}"
ixelles,osm:node/3317485994,Il Nabucco,restaurant,amenity=restaurant,,,50.8100499,4.3972273,+32 2 672 76 45,https://www.ilnabucco.com/,,WEBSITE_PRESENT,2026-08-19T11:30:10.603970+00:00,clean,,,"{""amenity"": ""restaurant"", ""contact:phone"": ""+32 2 672 76 45"", ""contact:website"": ""https://www.ilnabucco.com/"", ""name"": ""Il Nabucco""}"
ixelles,osm:node/3321089465,Maison d'Istrie,restaurant,amenity=restaurant,,,50.8245392,4.3661905,,https://maisondistrie.be/,,WEBSITE_PRESENT,2026-08-19T11:30:10.603970+00:00,clean,,,"{""amenity"": ""restaurant"", ""contact:website"": ""https://maisondistrie.be/"", ""name"": ""Maison d'Istrie""}"
ixelles,osm:node/3322996450,Bap and Dak,restaurant,amenity=restaurant,,,50.8277901,4.3680715,+32 2 361 56 59,https://www.bapanddak.be/,,WEBSITE_PRESENT,2026-08-19T11:30:10.603970+00:00,clean,,,"{""amenity"": ""restaurant"", ""contact:phone"": ""+32 2 361 56 59"", ""contact:website"": ""https://www.bapanddak.be/"", ""name"": ""Bap and Dak""}"
ixelles,osm:node/3322996451,Miss B,cafe,amenity=cafe,,,50.8278219,4.3687001,,,,NO_WEBSITE,2026-08-19T11:30:10.603970+00:00,clean,,,"{""amenity"": ""cafe"", ""name"": ""Miss B""}"
ixelles,osm:node/3322996452,Le Petit Écailler,restaurant,amenity=restaurant,,,50.8277002,4.3659476,,,,NO_WEBSITE,2026-08-19T11:30:10.603970+00:00,clean,,,"{""amenity"": ""restaurant"", ""name"": ""Le Petit Écailler""}"
ixelles,osm:node/3322996453,L'Escale au Vietnam,restaurant,amenity=restaurant,,,50.8276819,4.3653862,,,,NO_WEBSITE,2026-08-19T11:30:10.603970+00:00,clean,,,"{""amenity"": ""restaurant"", ""name"": ""L'Escale au Vietnam""}"
ixelles,osm:node/3322996454,Popotes Ixelles,cafe,amenity=cafe,,,50.827691,4.365469,,,https://www.facebook.com/popotes.brussels,SOCIAL_ONLY,2026-08-19T11:30:10.603970+00:00,clean,,,"{""amenity"": ""cafe"", ""contact:facebook"": ""https://www.facebook.com/popotes.brussels"", ""name"": ""Popotes Ixelles""}"
ixelles,osm:node/3322996455,Le Petit Canon,restaurant,amenity=restaurant,,,50.8277159,4.3663475,,,,NO_WEBSITE,2026-08-19T11:30:10.603970+00:00,clean,,,"{""amenity"": ""restaurant"", ""name"": ""Le Petit Canon""}"
ixelles,osm:node/3322996458,Itaewon,restaurant,amenity=restaurant,,,50.8278049,4.3683468,,https://www.itaewon.be/,,WEBSITE_PRESENT,2026-08-19T11:30:10.603970+00:00,clean,,,"{""amenity"": ""restaurant"", ""contact:website"": ""https://www.itaewon.be/"", ""name"": ""Itaewon""}"
ixelles,osm:node/3323717178,Librairie Flagey,bookstore,shop=books,,,50.8284465,4.3726812,+32 2 649 02 11,https://librairiesflagey.com,,WEBSITE_PRESENT,2026-08-19T11:30:10.603970+00:00,clean,,,"{""contact:phone"": ""+32 2 649 02 11"", ""contact:website"": ""https://librairiesflagey.com"", ""name"": ""Librairie Flagey"", ""shop"": ""books""}"
ixelles,osm:node/3323728754,Amon-Re,fast-food,amenity=fast_food,,,50.8279003,4.3708702,,,,NO_WEBSITE,2026-08-19T11:30:10.603970+00:00,clean,,,"{""amenity"": ""fast_food"", ""name"": ""Amon-Re""}"
ixelles,osm:node/3323728757,Grain,cafe,amenity=cafe,,,50.8278667,4.3697922,,,,NO_WEBSITE,2026-08-19T11:30:10.603970+00:00,clean,,,"{""amenity"": ""cafe"", ""name"": ""Grain""}"
ixelles,osm:node/3323728759,Institut Ruby,beauty-salon,shop=beauty,,,50.8278721,4.3702615,,,,NO_WEBSITE,2026-08-19T11:30:10.603970+00:00,clean,,,"{""name"": ""Institut Ruby"", ""shop"": ""beauty""}"
ixelles,osm:node/3323728760,Lina,beauty-salon,shop=hairdresser,,,50.8278371,4.3694517,+32 2 649 33 38,,,NO_WEBSITE,2026-08-19T11:30:10.603970+00:00,clean,,,"{""contact:phone"": ""+32 2 649 33 38"", ""name"": ""Lina"", ""shop"": ""hairdresser""}"
ixelles,osm:node/3323729861,Vote for Pedro,beauty-salon,shop=hairdresser,,,50.8278734,4.3699838,,,,NO_WEBSITE,2026-08-19T11:30:10.603970+00:00,clean,,,"{""name"": ""Vote for Pedro"", ""shop"": ""hairdresser""}"
ixelles,osm:node/3323729862,Natural Caffe,cafe,amenity=cafe,,,50.8274084,4.3642985,+32 2 646 72 14,https://naturalcaffe.com/,,WEBSITE_PRESENT,2026-08-19T11:30:10.603970+00:00,clean,,,"{""amenity"": ""cafe"", ""contact:phone"": ""+32 2 646 72 14"", ""contact:website"": ""https://naturalcaffe.com/"", ""name"": ""Natural Caffe""}"
ixelles,osm:node/3323729863,Peinture Fraîche,bookstore,shop=books,,,50.8278831,4.3706106,+32 2 537 11 05,https://peinture-fraiche.be/librairie/,,WEBSITE_PRESENT,2026-08-19T11:30:10.603970+00:00,clean,,,"{""contact:phone"": ""+32 2 537 11 05"", ""contact:website"": ""https://peinture-fraiche.be/librairie/"", ""name"": ""Peinture Fraîche"", ""shop"": ""books""}"
ixelles,osm:node/3327993167,Alice & Coco,pastry-shops,shop=bakery,,,50.8287215,4.3705504,,http://aliceetcoco.be/,,WEBSITE_PRESENT,2026-08-19T11:30:10.603970+00:00,clean,,,"{""contact:website"": ""http://aliceetcoco.be/"", ""name"": ""Alice & Coco"", ""shop"": ""bakery""}"
ixelles,osm:node/3347853380,Le Palais du Bengale,restaurant,amenity=restaurant,,,50.8326316,4.3892542,,,,NO_WEBSITE,2026-08-19T11:30:10.603970+00:00,clean,,,"{""amenity"": ""restaurant"", ""name"": ""Le Palais du Bengale""}"
ixelles,osm:node/3347874354,Tom Yam,restaurant,amenity=restaurant,,,50.8186309,4.3838984,+32 2 646 64 04,https://tomyam.be,,WEBSITE_PRESENT,2026-08-19T11:30:10.603970+00:00,clean,,,"{""amenity"": ""restaurant"", ""contact:phone"": ""+32 2 646 64 04"", ""contact:website"": ""https://tomyam.be"", ""name"": ""Tom Yam""}"
ixelles,osm:node/3349536701,CiPiaCe,bars-pubs,amenity=pub,,,50.8305562,4.3459703,,https://cipiace.be,,WEBSITE_PRESENT,2026-08-19T11:30:10.603970+00:00,clean,,,"{""amenity"": ""pub"", ""contact:website"": ""https://cipiace.be"", ""name"": ""CiPiaCe""}"
ixelles,osm:node/3349536703,Brasserie de l'Union,bars-pubs,amenity=pub,,,50.8306426,4.3461193,,,,NO_WEBSITE,2026-08-19T11:30:10.603970+00:00,clean,,,"{""amenity"": ""pub"", ""name"": ""Brasserie de l'Union""}"
ixelles,osm:node/3377281734,Chana,restaurant,amenity=restaurant,,,50.8308218,4.3458289,,http://www.brusselskitchen.com/chana/bruxelles/restaurant,,WEBSITE_PRESENT,2026-08-19T11:30:10.603970+00:00,clean,,,"{""amenity"": ""restaurant"", ""contact:website"": ""http://www.brusselskitchen.com/chana/bruxelles/restaurant"", ""name"": ""Chana""}"
ixelles,osm:node/3431114689,PizzaFresca,restaurant,amenity=restaurant,,,50.8317778,4.3537081,,,,NO_WEBSITE,2026-08-19T11:30:10.603970+00:00,clean,,,"{""amenity"": ""restaurant"", ""name"": ""PizzaFresca""}"
ixelles,osm:node/3457024517,La Tourelle,restaurant,amenity=restaurant,,,50.8183513,4.37912,+32 2 647 13 62,,,NO_WEBSITE,2026-08-19T11:30:10.603970+00:00,clean,,,"{""amenity"": ""restaurant"", ""contact:phone"": ""+32 2 647 13 62"", ""name"": ""La Tourelle""}"
ixelles,osm:node/3462843273,Yuman Village,clothing-store,shop=clothes,,,50.8288893,4.3554905,,https://yumanvillage.be/,,WEBSITE_PRESENT,2026-08-19T11:30:10.603970+00:00,clean,,,"{""name"": ""Yuman Village"", ""shop"": ""clothes"", ""url"": ""https://yumanvillage.be/""}"
ixelles,osm:node/3464767689,Pinotte,fast-food,amenity=fast_food,,,50.8276799,4.3702424,+32 2 648 46 60,,,NO_WEBSITE,2026-08-19T11:30:10.603970+00:00,clean,,,"{""amenity"": ""fast_food"", ""name"": ""Pinotte"", ""phone"": ""+32 2 648 46 60""}"
ixelles,osm:node/3468189081,Expertissimo,real-estate-agencies,office=estate_agent,,,50.8265193,4.4123468,,,,NO_WEBSITE,2026-08-19T11:30:10.603970+00:00,clean,,,"{""name"": ""Expertissimo"", ""office"": ""estate_agent""}"
ixelles,osm:node/3496856999,Karsmakers,cafe,amenity=cafe,,,50.8383384,4.3726987,+32 2 502 02 26,http://www.karsmakers.be,,WEBSITE_PRESENT,2026-08-19T11:30:10.603970+00:00,clean,,,"{""amenity"": ""cafe"", ""contact:phone"": ""+32 2 502 02 26"", ""contact:website"": ""http://www.karsmakers.be"", ""name"": ""Karsmakers""}"
ixelles,osm:node/3568598312,Butterfly,beauty-salon,shop=hairdresser,,,50.8360823,4.3946393,,,,NO_WEBSITE,2026-08-19T11:30:10.603970+00:00,clean,,,"{""name"": ""Butterfly"", ""shop"": ""hairdresser""}"
ixelles,osm:node/3568643796,Century 21,real-estate-agencies,office=estate_agent,,,50.8371167,4.3953183,,,,NO_WEBSITE,2026-08-19T11:30:10.603970+00:00,clean,,,"{""brand"": ""Century 21"", ""name"": ""Century 21"", ""office"": ""estate_agent""}"
ixelles,osm:node/3568643797,Au petit Stella,cafe,amenity=cafe,,,50.8371599,4.3953141,,,,NO_WEBSITE,2026-08-19T11:30:10.603970+00:00,clean,,,"{""amenity"": ""cafe"", ""name"": ""Au petit Stella""}"
ixelles,osm:node/3652702052,Le melting potes,bars-pubs,amenity=bar,,,50.8266433,4.373911,,,,NO_WEBSITE,2026-08-19T11:30:10.603970+00:00,clean,,,"{""amenity"": ""bar"", ""name"": ""Le melting potes""}"
ixelles,osm:node/3670710056,L'Harmonium,bars-pubs,amenity=bar,,,50.8140912,4.3552571,+32 2 346 18 05,https://www.lharmonium.be,,WEBSITE_PRESENT,2026-08-19T11:30:10.603970+00:00,clean,,,"{""amenity"": ""bar"", ""contact:phone"": ""+32 2 346 18 05"", ""contact:website"": ""https://www.lharmonium.be"", ""name"": ""L'Harmonium""}"
ixelles,osm:node/3684596910,Dental Specialty Center Krischek,dentist,amenity=dentist,,,50.8094676,4.3838523,+32 2 646 32 36,https://www.sebastianercus.com,,WEBSITE_PRESENT,2026-08-19T11:30:10.603970+00:00,clean,,,"{""amenity"": ""dentist"", ""contact:phone"": ""+32 2 646 32 36"", ""contact:website"": ""https://www.sebastianercus.com"", ""name"": ""Dental Specialty Center Krischek""}"
ixelles,osm:node/3705787249,Lu Sfiziu,restaurant,amenity=restaurant,,,50.8351676,4.3592408,,,https://www.facebook.com/lusfiziu/,SOCIAL_ONLY,2026-08-19T11:30:10.603970+00:00,clean,,,"{""amenity"": ""restaurant"", ""contact:facebook"": ""https://www.facebook.com/lusfiziu/"", ""name"": ""Lu Sfiziu""}"
ixelles,osm:node/3743377786,Araucana,restaurant,amenity=restaurant,,,50.831247,4.348484,,,,NO_WEBSITE,2026-08-19T11:30:10.603970+00:00,clean,,,"{""amenity"": ""restaurant"", ""name"": ""Araucana""}"
ixelles,osm:node/3750492499,Apple Store,electronics-stores,shop=electronics,,,50.8365765,4.3581393,+32 800 81 685,https://www.apple.com/befr/retail/brussels/,,WEBSITE_PRESENT,2026-08-19T11:30:10.603970+00:00,clean,,,"{""brand"": ""Apple Store"", ""contact:phone"": ""+32 800 81 685"", ""contact:website"": ""https://www.apple.com/befr/retail/brussels/"", ""name"": ""Apple Store"", ""shop"": ""electronics""}"
ixelles,osm:node/3750492500,Zara,clothing-store,shop=clothes,,,50.8367513,4.358558,+32 2 274 29 60,https://www.zara.com/be/,,WEBSITE_PRESENT,2026-08-19T11:30:10.603970+00:00,clean,,,"{""brand"": ""Zara"", ""contact:phone"": ""+32 2 274 29 60"", ""contact:website"": ""https://www.zara.com/be/"", ""name"": ""Zara"", ""shop"": ""clothes""}"
ixelles,osm:node/3754335038,Rambo,fast-food,amenity=fast_food,,,50.8358231,4.3653923,,https://ramboburger.com/,,WEBSITE_PRESENT,2026-08-19T11:30:10.603970+00:00,clean,,,"{""amenity"": ""fast_food"", ""name"": ""Rambo"", ""operator"": ""Rambo Saint-Boniface SRL"", ""website"": ""https://ramboburger.com/""}"
ixelles,osm:node/3835688457,Jean Bon,fast-food,amenity=fast_food,,,50.8392401,4.3610594,+32 2 503 50 55,,,NO_WEBSITE,2026-08-19T11:30:10.603970+00:00,clean,,,"{""amenity"": ""fast_food"", ""contact:phone"": ""+32 2 503 50 55"", ""name"": ""Jean Bon""}"
ixelles,osm:node/3857578257,Chez Cubitus XL,bars-pubs,amenity=bar,,,50.8216871,4.3883408,+32 2 318 08 67,https://chezcubitus.be/,,WEBSITE_PRESENT,2026-08-19T11:30:10.603970+00:00,clean,,,"{""amenity"": ""bar"", ""contact:phone"": ""+32 2 318 08 67"", ""contact:website"": ""https://chezcubitus.be/"", ""name"": ""Chez Cubitus XL""}"
ixelles,osm:node/3868669450,Pullman,bars-pubs,amenity=bar,,,50.8396082,4.3727037,+32 2 230 15 82,,,NO_WEBSITE,2026-08-19T11:30:10.603970+00:00,clean,,,"{""amenity"": ""bar"", ""name"": ""Pullman"", ""phone"": ""+32 2 230 15 82""}"
ixelles,osm:node/3885849925,Mardi,clothing-store,shop=clothes,,,50.823907,4.3591989,,,,NO_WEBSITE,2026-08-19T11:30:10.603970+00:00,clean,,,"{""name"": ""Mardi"", ""shop"": ""clothes""}"
ixelles,osm:node/3885855877,Tipi Bookshop,bookstore,shop=books,,,50.827338,4.3450907,,https://www.tipi-bookshop.be/,,WEBSITE_PRESENT,2026-08-19T11:30:10.603970+00:00,clean,,,"{""contact:website"": ""https://www.tipi-bookshop.be/"", ""name"": ""Tipi Bookshop"", ""shop"": ""books""}"
ixelles,osm:node/3885928940,Slumberland,bookstore,shop=books,,,50.81423,4.3677715,+32 2 648 04 40,https://www.slumberlandbd.com/,,WEBSITE_PRESENT,2026-08-19T11:30:10.603970+00:00,clean,,,"{""contact:phone"": ""+32 2 648 04 40"", ""contact:website"": ""https://www.slumberlandbd.com/"", ""name"": ""Slumberland"", ""operator"": ""Slumberland"", ""shop"": ""books""}"
ixelles,osm:node/3885962557,Oxfam Bookshop,bookstore,shop=books,,,50.8302221,4.3694882,+32 2 648 58 42,https://www.oxfamsol.be/,,WEBSITE_PRESENT,2026-08-19T11:30:10.603970+00:00,clean,,,"{""contact:phone"": ""+32 2 648 58 42"", ""contact:website"": ""https://www.oxfamsol.be/"", ""name"": ""Oxfam Bookshop"", ""operator"": ""Oxfam Solidarité"", ""shop"": ""books""}"
ixelles,osm:node/3885966623,Oxfam Bookshop,bookstore,shop=books,,,50.8140735,4.3506992,+32 2 344 98 78,https://www.oxfam.be/,,WEBSITE_PRESENT,2026-08-19T11:30:10.603970+00:00,clean,,,"{""contact:phone"": ""+32 2 344 98 78"", ""contact:website"": ""https://www.oxfam.be/"", ""name"": ""Oxfam Bookshop"", ""shop"": ""books""}"
ixelles,osm:node/3885979870,Les Yeux Gourmands,bookstore,shop=books,,,50.8310585,4.3440187,+32 2 642 97 05,https://www.lesyeuxgourmands.be,,WEBSITE_PRESENT,2026-08-19T11:30:10.603970+00:00,clean,,,"{""contact:phone"": ""+32 2 642 97 05"", ""contact:website"": ""https://www.lesyeuxgourmands.be"", ""name"": ""Les Yeux Gourmands"", ""shop"": ""books""}"
ixelles,osm:node/3885994544,Am Stram Gram,bookstore,shop=books,,,50.8140311,4.354227,+32 2 345 81 85,https://www.librairieamstramgram.blogspot.be,,WEBSITE_PRESENT,2026-08-19T11:30:10.603970+00:00,clean,,,"{""contact:phone"": ""+32 2 345 81 85"", ""contact:website"": ""https://www.librairieamstramgram.blogspot.be"", ""name"": ""Am Stram Gram"", ""shop"": ""books""}"
ixelles,osm:node/3886164236,Les Petits Riens - Spullenhulp,clothing-store,shop=clothes,,,50.8229816,4.3594936,+32 2 537 30 26,https://petitsriens.be/,,WEBSITE_PRESENT,2026-08-19T11:30:10.603970+00:00,existing_duplicate,"source id, name/address, phone, or website matched existing listing",,"{""contact:phone"": ""+32 2 537 30 26"", ""contact:website"": ""https://petitsriens.be/"", ""name"": ""Les Petits Riens - Spullenhulp"", ""shop"": ""clothes""}"
ixelles,osm:node/3886207042,Les enfants d'Edouard,clothing-store,shop=clothes,,,50.8278697,4.3627512,+32 2 640 42 45,https://www.lesenfantsdedouard.com,,WEBSITE_PRESENT,2026-08-19T11:30:10.603970+00:00,clean,,,"{""contact:phone"": ""+32 2 640 42 45"", ""contact:website"": ""https://www.lesenfantsdedouard.com"", ""name"": ""Les enfants d'Edouard"", ""shop"": ""clothes""}"
ixelles,osm:node/3886215262,Les Petits Riens - Spullenhulp,clothing-store,shop=clothes,,,50.8138946,4.3459173,+32 2 344 24 42,,,NO_WEBSITE,2026-08-19T11:30:10.603970+00:00,clean,,,"{""contact:phone"": ""+32 2 344 24 42"", ""name"": ""Les Petits Riens - Spullenhulp"", ""shop"": ""clothes""}"
ixelles,osm:node/3898965584,Pizzeria Vorrei,restaurant,amenity=restaurant,,,50.8165525,4.3861344,,,,NO_WEBSITE,2026-08-19T11:30:10.603970+00:00,clean,,,"{""amenity"": ""restaurant"", ""name"": ""Pizzeria Vorrei""}"
ixelles,osm:node/3930447409,Le Corner,bookstore,shop=books,,,50.8196614,4.3584107,,,,NO_WEBSITE,2026-08-19T11:30:10.603970+00:00,clean,,,"{""name"": ""Le Corner"", ""shop"": ""books""}"
ixelles,osm:node/3975289743,Foods 'n' moods,fast-food,amenity=fast_food,,,50.8398833,4.3412342,,,,NO_WEBSITE,2026-08-19T11:30:10.603970+00:00,clean,,,"{""amenity"": ""fast_food"", ""name"": ""Foods 'n' moods""}"
ixelles,osm:node/3976722975,Chez Lucky,fast-food,amenity=fast_food,,,50.831087,4.3638119,,,,NO_WEBSITE,2026-08-19T11:30:10.603970+00:00,clean,,,"{""amenity"": ""fast_food"", ""name"": ""Chez Lucky"", ""shop"": ""convenience""}"
ixelles,osm:node/3977652798,Viandes d'Exception,restaurant,amenity=restaurant,,,50.8276993,4.3709456,,,,NO_WEBSITE,2026-08-19T11:30:10.603970+00:00,clean,,,"{""amenity"": ""restaurant"", ""name"": ""Viandes d'Exception""}"
ixelles,osm:node/3984753218,Le Bistro,restaurant,amenity=restaurant,,,50.8334979,4.3452329,+32 2 539 44 54,https://le-bistro.be/,,WEBSITE_PRESENT,2026-08-19T11:30:10.603970+00:00,clean,,,"{""amenity"": ""restaurant"", ""contact:phone"": ""+32 2 539 44 54"", ""contact:website"": ""https://le-bistro.be/"", ""name"": ""Le Bistro""}"
ixelles,osm:node/3991415854,Brighton Restaurant,restaurant,amenity=restaurant,,,50.8397104,4.3680492,+32 2 506 91 11,https://www.thonhotels.com/fr/hotels/belgique/bruxelles/stanhope-hotel/brighton-restaurant/,,WEBSITE_PRESENT,2026-08-19T11:30:10.603970+00:00,clean,,,"{""amenity"": ""restaurant"", ""contact:phone"": ""+32 2 506 91 11"", ""contact:website"": ""https://www.thonhotels.com/fr/hotels/belgique/bruxelles/stanhope-hotel/brighton-restaurant/"", ""name"": ""Brighton Restaurant""}"
ixelles,osm:node/3991415855,Library Bar,bars-pubs,amenity=bar,,,50.8394604,4.3677527,,,,NO_WEBSITE,2026-08-19T11:30:10.603970+00:00,clean,,,"{""amenity"": ""bar"", ""name"": ""Library Bar""}"
ixelles,osm:node/4005545291,"Poz"" Café",cafe,amenity=cafe,,,50.8269365,4.357736,,https://pozbrussels.be,Pozbrussels,WEBSITE_PRESENT,2026-08-19T11:30:10.603970+00:00,clean,,,"{""amenity"": ""cafe"", ""contact:facebook"": ""Pozbrussels"", ""contact:website"": ""https://pozbrussels.be"", ""name"": ""Poz\"" Café""}"
ixelles,osm:node/4005545292,Roni Pizza,fast-food,amenity=fast_food,,,50.8268167,4.356949,,,,NO_WEBSITE,2026-08-19T11:30:10.603970+00:00,clean,,,"{""amenity"": ""fast_food"", ""name"": ""Roni Pizza""}"
ixelles,osm:node/4005545293,Sushi Ruko,restaurant,amenity=restaurant,,,50.8268818,4.3571214,,,,NO_WEBSITE,2026-08-19T11:30:10.603970+00:00,clean,,,"{""amenity"": ""restaurant"", ""name"": ""Sushi Ruko""}"
ixelles,osm:node/4005546408,Sakura,restaurant,amenity=restaurant,,,50.8268849,4.3578388,,,,NO_WEBSITE,2026-08-19T11:30:10.603970+00:00,clean,,,"{""amenity"": ""restaurant"", ""name"": ""Sakura""}"
ixelles,osm:node/4005591938,Le Pavillon,restaurant,amenity=restaurant,,,50.8275335,4.3589636,,,,NO_WEBSITE,2026-08-19T11:30:10.603970+00:00,clean,,,"{""amenity"": ""restaurant"", ""name"": ""Le Pavillon""}"
ixelles,osm:node/4006928840,Chez mon ex,bars-pubs,amenity=pub,,,50.8285078,4.3518549,,,,NO_WEBSITE,2026-08-19T11:30:10.603970+00:00,clean,,,"{""amenity"": ""pub"", ""name"": ""Chez mon ex""}"
ixelles,osm:node/4008338465,Charivari,bars-pubs,amenity=bar,,,50.8305378,4.3510629,,,,NO_WEBSITE,2026-08-19T11:30:10.603970+00:00,clean,,,"{""amenity"": ""bar"", ""name"": ""Charivari""}"
ixelles,osm:node/4008387721,Ai 6 Angoli,fast-food,amenity=fast_food,,,50.8302402,4.3509604,,,,NO_WEBSITE,2026-08-19T11:30:10.603970+00:00,clean,,,"{""amenity"": ""fast_food"", ""name"": ""Ai 6 Angoli""}"
ixelles,osm:node/4026643365,Deconnection,beauty-salon,shop=hairdresser,,,50.8329378,4.3682421,+32 2 672 92 12,,,NO_WEBSITE,2026-08-19T11:30:10.603970+00:00,clean,,,"{""contact:phone"": ""+32 2 672 92 12"", ""name"": ""Deconnection"", ""shop"": ""hairdresser""}"
ixelles,osm:node/4026643367,Perline Space,beauty-salon,shop=beauty,,,50.8328126,4.368576,,,,NO_WEBSITE,2026-08-19T11:30:10.603970+00:00,clean,,,"{""name"": ""Perline Space"", ""shop"": ""beauty""}"
ixelles,osm:node/4026937912,Bixls,fast-food,amenity=fast_food,,,50.8331868,4.3675782,,https://www.la-librairie-bixls-ixelles.be/,,WEBSITE_PRESENT,2026-08-19T11:30:10.603970+00:00,clean,,,"{""amenity"": ""fast_food"", ""contact:website"": ""https://www.la-librairie-bixls-ixelles.be/"", ""name"": ""Bixls"", ""shop"": ""newsagent""}"
ixelles,osm:node/4026937914,Il Nobile,restaurant,amenity=restaurant,,,50.8334686,4.366824,+32 2 540 80 77,https://www.restaurant-pizzeria-il-nobile-ixelles.be,,WEBSITE_PRESENT,2026-08-19T11:30:10.603970+00:00,clean,,,"{""amenity"": ""restaurant"", ""contact:phone"": ""+32 2 540 80 77"", ""contact:website"": ""https://www.restaurant-pizzeria-il-nobile-ixelles.be"", ""name"": ""Il Nobile""}"
ixelles,osm:node/4026937915,L'îlot Corse,restaurant,amenity=restaurant,,,50.8331522,4.3676703,,,,NO_WEBSITE,2026-08-19T11:30:10.603970+00:00,clean,,,"{""amenity"": ""restaurant"", ""name"": ""L'îlot Corse"", ""shop"": ""wine""}"
ixelles,osm:node/4026937921,Hair Size,beauty-salon,shop=hairdresser,,,50.8336231,4.3667836,,,,NO_WEBSITE,2026-08-19T11:30:10.603970+00:00,clean,,,"{""name"": ""Hair Size"", ""shop"": ""hairdresser""}"
ixelles,osm:node/4026937923,Fernand,cafe,amenity=cafe,,,50.833116,4.3663422,,,,NO_WEBSITE,2026-08-19T11:30:10.603970+00:00,clean,,,"{""amenity"": ""cafe"", ""name"": ""Fernand""}"
ixelles,osm:node/4026937924,Vinomanía,restaurant,amenity=restaurant,,,50.8334073,4.3669866,,https://vinomaniabxl.be,,WEBSITE_PRESENT,2026-08-19T11:30:10.603970+00:00,clean,,,"{""amenity"": ""restaurant"", ""contact:website"": ""https://vinomaniabxl.be"", ""name"": ""Vinomanía""}"
ixelles,osm:node/4026937928,Café Le Coq,cafe,amenity=cafe,,,50.8336322,4.3663559,,,,NO_WEBSITE,2026-08-19T11:30:10.603970+00:00,clean,,,"{""amenity"": ""cafe"", ""name"": ""Café Le Coq""}"
ixelles,osm:node/4026992218,Choco Bar,bars-pubs,amenity=bar,,,50.8336813,4.3657896,,,,NO_WEBSITE,2026-08-19T11:30:10.603970+00:00,clean,,,"{""amenity"": ""bar"", ""name"": ""Choco Bar""}"
ixelles,osm:node/4026992224,Pronti,shoe-stores,shop=shoes,,,50.834002,4.3657156,,,,NO_WEBSITE,2026-08-19T11:30:10.603970+00:00,clean,,,"{""name"": ""Pronti"", ""shop"": ""shoes""}"
ixelles,osm:node/4026992225,Yamayu Santatsu,restaurant,amenity=restaurant,,,50.8338533,4.3655293,+32 2 513 53 12,,,NO_WEBSITE,2026-08-19T11:30:10.603970+00:00,clean,,,"{""amenity"": ""restaurant"", ""contact:phone"": ""+32 2 513 53 12"", ""name"": ""Yamayu Santatsu""}"
ixelles,osm:node/4029958576,Oxfam – Magasins du Monde,clothing-store,shop=clothes,,,50.8170836,4.3876265,+32 2 672 32 94,https://www.omdm.be/,,WEBSITE_PRESENT,2026-08-19T11:30:10.603970+00:00,clean,,,"{""contact:phone"": ""+32 2 672 32 94"", ""contact:website"": ""https://www.omdm.be/"", ""name"": ""Oxfam – Magasins du Monde"", ""operator"": ""Oxfam MDM"", ""shop"": ""clothes""}"
ixelles,osm:node/4030010490,Mina,restaurant,amenity=restaurant,,,50.8325428,4.3666438,,,,NO_WEBSITE,2026-08-19T11:30:10.603970+00:00,clean,,,"{""amenity"": ""restaurant"", ""name"": ""Mina""}"
ixelles,osm:node/4030010491,L'Amour Fou,restaurant,amenity=restaurant,,,50.8324829,4.3666695,,,,NO_WEBSITE,2026-08-19T11:30:10.603970+00:00,clean,,,"{""amenity"": ""restaurant"", ""name"": ""L'Amour Fou""}"
ixelles,osm:node/4030010492,Demain,clothing-store,shop=clothes,,,50.8321963,4.3667988,,,,NO_WEBSITE,2026-08-19T11:30:10.603970+00:00,clean,,,"{""name"": ""Demain"", ""shop"": ""clothes""}"
ixelles,osm:node/4030010493,Pompette,bars-pubs,amenity=bar,,,50.832598,4.3666172,,,,NO_WEBSITE,2026-08-19T11:30:10.603970+00:00,clean,,,"{""amenity"": ""bar"", ""name"": ""Pompette""}"
ixelles,osm:node/4034991852,Renard Bakery,pastry-shops,shop=bakery,,,50.8334911,4.3660367,+32 2 512 99 56,https://www.renardbakery.com/,renardbakery,WEBSITE_PRESENT,2026-08-19T11:30:10.603970+00:00,clean,,,"{""contact:facebook"": ""renardbakery"", ""contact:phone"": ""+32 2 512 99 56"", ""contact:website"": ""https://www.renardbakery.com/"", ""name"": ""Renard Bakery"", ""shop"": ""bakery""}"
ixelles,osm:node/4034991854,Spagnoli,beauty-salon,shop=hairdresser,,,50.8333834,4.3661448,,,,NO_WEBSITE,2026-08-19T11:30:10.603970+00:00,clean,,,"{""name"": ""Spagnoli"", ""shop"": ""hairdresser""}"
ixelles,osm:node/4038192337,Colruyt,supermarkets,shop=supermarket,,,50.8205932,4.3415687,+32 2 616 78 70,https://www.colruyt.be/fr/recherche-de-magasin/colruyt-forest-0,,WEBSITE_PRESENT,2026-08-19T11:30:10.603970+00:00,existing_duplicate,"source id, name/address, phone, or website matched existing listing",,"{""brand"": ""Colruyt"", ""contact:phone"": ""+32 2 616 78 70"", ""contact:website"": ""https://www.colruyt.be/fr/recherche-de-magasin/colruyt-forest-0"", ""name"": ""Colruyt"", ""operator"": ""Colruyt Group"", ""shop"": ""supermarket""}"
ixelles,osm:node/4046865978,Ottimo,restaurant,amenity=restaurant,,,50.8263172,4.411957,+32 2 230 93 77,https://www.restaurant-ottimo.be/,,WEBSITE_PRESENT,2026-08-19T11:30:10.603970+00:00,clean,,,"{""amenity"": ""restaurant"", ""contact:phone"": ""+32 2 230 93 77"", ""contact:website"": ""https://www.restaurant-ottimo.be/"", ""name"": ""Ottimo""}"
ixelles,osm:node/4085536045,Jamal,pharmacy,amenity=pharmacy,,,50.8223528,4.3423819,+32 2 537 65 97,,,NO_WEBSITE,2026-08-19T11:30:10.603970+00:00,clean,,,"{""amenity"": ""pharmacy"", ""contact:phone"": ""+32 2 537 65 97"", ""name"": ""Jamal""}"
ixelles,osm:node/4085555446,Jean Pierre Gerard,dentist,amenity=dentist,,,50.8222545,4.342638,+32 2 537 52 80,,,NO_WEBSITE,2026-08-19T11:30:10.603970+00:00,clean,,,"{""amenity"": ""dentist"", ""contact:phone"": ""+32 2 537 52 80"", ""name"": ""Jean Pierre Gerard""}"
ixelles,osm:node/4087728641,Guangdong,restaurant,amenity=restaurant,,,50.8246209,4.3436392,,,,NO_WEBSITE,2026-08-19T11:30:10.603970+00:00,clean,,,"{""amenity"": ""restaurant"", ""name"": ""Guangdong""}"
ixelles,osm:node/4087728642,Snack Sila,restaurant,amenity=restaurant,,,50.8248886,4.3437604,,,,NO_WEBSITE,2026-08-19T11:30:10.603970+00:00,clean,,,"{""amenity"": ""restaurant"", ""name"": ""Snack Sila""}"
ixelles,osm:node/4101726707,San Giacomo,restaurant,amenity=restaurant,,,50.8368918,4.3653746,+32 2 513 93 31,,,NO_WEBSITE,2026-08-19T11:30:10.603970+00:00,clean,,,"{""amenity"": ""restaurant"", ""contact:phone"": ""+32 2 513 93 31"", ""name"": ""San Giacomo""}"
ixelles,osm:node/4111322901,Urban Outfitters,clothing-store,shop=clothes,,,50.833785,4.3577893,+32 2 207 14 80,https://www.urbanoutfitters.com/urban/stores/en/brussels,,WEBSITE_PRESENT,2026-08-19T11:30:10.603970+00:00,existing_duplicate,"source id, name/address, phone, or website matched existing listing",,"{""brand"": ""Urban Outfitters"", ""contact:phone"": ""+32 2 207 14 80"", ""contact:website"": ""https://www.urbanoutfitters.com/urban/stores/en/brussels"", ""name"": ""Urban Outfitters"", ""shop"": ""clothes""}"
ixelles,osm:node/4112667991,Café Portugal,restaurant,amenity=restaurant,,,50.8297854,4.3791772,+32 2 649 41 19,http://www.cafe-portugal.be/fr/,,WEBSITE_PRESENT,2026-08-19T11:30:10.603970+00:00,clean,,,"{""amenity"": ""restaurant"", ""contact:phone"": ""+32 2 649 41 19"", ""contact:website"": ""http://www.cafe-portugal.be/fr/"", ""name"": ""Café Portugal""}"
ixelles,osm:node/4202897969,Opinio,cafe,amenity=cafe,,,50.821413,4.394941,,,,NO_WEBSITE,2026-08-19T11:30:10.603970+00:00,clean,,,"{""amenity"": ""cafe"", ""name"": ""Opinio""}"
ixelles,osm:node/4214984599,Kosmos,restaurant,amenity=restaurant,,,50.8364333,4.3817546,,,,NO_WEBSITE,2026-08-19T11:30:10.603970+00:00,clean,,,"{""amenity"": ""restaurant"", ""name"": ""Kosmos""}"
ixelles,osm:node/4217199692,La Cantinetta,restaurant,amenity=restaurant,,,50.8359312,4.365295,+32 2 502 90 92,,,NO_WEBSITE,2026-08-19T11:30:10.603970+00:00,clean,,,"{""amenity"": ""restaurant"", ""contact:phone"": ""+32 2 502 90 92"", ""name"": ""La Cantinetta""}"
ixelles,osm:node/4222646141,Paul,pastry-shops,shop=bakery,,,50.8397712,4.3822027,,http://www.paul-belgium.com,,WEBSITE_PRESENT,2026-08-19T11:30:10.603970+00:00,clean,,,"{""brand"": ""Paul"", ""contact:website"": ""http://www.paul-belgium.com"", ""name"": ""Paul"", ""operator"": ""La maison Paul"", ""shop"": ""bakery""}"
ixelles,osm:node/4249014894,SAO Thai Cuisine,restaurant,amenity=restaurant,,,50.8229425,4.3603535,,https://www.saothaicuisine.be/,,WEBSITE_PRESENT,2026-08-19T11:30:10.603970+00:00,clean,,,"{""amenity"": ""restaurant"", ""contact:website"": ""https://www.saothaicuisine.be/"", ""name"": ""SAO Thai Cuisine""}"
ixelles,osm:node/4256342038,Pharmacie du Luxembourg,pharmacy,amenity=pharmacy,,,50.8393564,4.3712619,+32 2 511 04 34,,,NO_WEBSITE,2026-08-19T11:30:10.603970+00:00,clean,,,"{""amenity"": ""pharmacy"", ""contact:phone"": ""+32 2 511 04 34"", ""healthcare"": ""pharmacy"", ""name"": ""Pharmacie du Luxembourg""}"
ixelles,osm:node/4260789696,Jims Bruxelles,gym,leisure=fitness_centre,,,50.8382589,4.3628516,+32 2 502 50 78,https://www.jims.be/fr/clubs/jims-bxl-porte-de-namur,,WEBSITE_PRESENT,2026-08-19T11:30:10.603970+00:00,existing_duplicate,"source id, name/address, phone, or website matched existing listing",,"{""contact:phone"": ""+32 2 502 50 78"", ""contact:website"": ""https://www.jims.be/fr/clubs/jims-bxl-porte-de-namur"", ""leisure"": ""fitness_centre"", ""name"": ""Jims Bruxelles""}"
ixelles,osm:node/4262247200,Thai Café,restaurant,amenity=restaurant,,,50.8393345,4.3713588,,,,NO_WEBSITE,2026-08-19T11:30:10.603970+00:00,clean,,,"{""amenity"": ""restaurant"", ""name"": ""Thai Café""}"
ixelles,osm:node/4262247201,Café Luxembourg,bars-pubs,amenity=bar,,,50.8395618,4.3729314,+32 2 721 57 15,,,NO_WEBSITE,2026-08-19T11:30:10.603970+00:00,clean,,,"{""amenity"": ""bar"", ""contact:phone"": ""+32 2 721 57 15"", ""name"": ""Café Luxembourg""}"
ixelles,osm:node/4262247202,Exki,fast-food,amenity=fast_food,,,50.8394657,4.3732671,,https://www.exki.be,,WEBSITE_PRESENT,2026-08-19T11:30:10.603970+00:00,clean,,,"{""amenity"": ""fast_food"", ""brand"": ""Exki"", ""contact:website"": ""https://www.exki.be"", ""name"": ""Exki"", ""operator"": ""Exki""}"
ixelles,osm:node/4262247203,Poké House,restaurant,amenity=restaurant,,,50.8394933,4.3717484,,https://pokehouse.be,,WEBSITE_PRESENT,2026-08-19T11:30:10.603970+00:00,clean,,,"{""amenity"": ""restaurant"", ""contact:website"": ""https://pokehouse.be"", ""name"": ""Poké House""}"
ixelles,osm:node/4262247204,Surfside Poké,restaurant,amenity=restaurant,,,50.8387621,4.3726262,,,,NO_WEBSITE,2026-08-19T11:30:10.603970+00:00,clean,,,"{""amenity"": ""restaurant"", ""name"": ""Surfside Poké""}"
ixelles,osm:node/4262247205,Tourane,restaurant,amenity=restaurant,,,50.8394642,4.3718878,,,,NO_WEBSITE,2026-08-19T11:30:10.603970+00:00,clean,,,"{""amenity"": ""restaurant"", ""name"": ""Tourane""}"
ixelles,osm:node/4262247206,Porto Fino,restaurant,amenity=restaurant,,,50.8394781,4.3718212,+32 2 230 01 18,https://restoportofino.be/,,WEBSITE_PRESENT,2026-08-19T11:30:10.603970+00:00,clean,,,"{""amenity"": ""restaurant"", ""contact:phone"": ""+32 2 230 01 18"", ""contact:website"": ""https://restoportofino.be/"", ""name"": ""Porto Fino""}"
ixelles,osm:node/4262247207,Quartier Leopold,restaurant,amenity=restaurant,,,50.839542,4.3730286,+32 2 280 25 52,https://quartier-leopold.be/,,WEBSITE_PRESENT,2026-08-19T11:30:10.603970+00:00,clean,,,"{""amenity"": ""restaurant"", ""contact:phone"": ""+32 2 280 25 52"", ""contact:website"": ""https://quartier-leopold.be/"", ""name"": ""Quartier Leopold""}"
ixelles,osm:node/4262247208,The Network,bars-pubs,amenity=pub,,,50.8395851,4.3728172,,,,NO_WEBSITE,2026-08-19T11:30:10.603970+00:00,clean,,,"{""amenity"": ""pub"", ""name"": ""The Network""}"
ixelles,osm:node/4262247209,Tout Bon,cafe,amenity=cafe,,,50.8394284,4.3720591,+32 2 230 42 44,https://www.toutbon.be/,,WEBSITE_PRESENT,2026-08-19T11:30:10.603970+00:00,clean,,,"{""amenity"": ""cafe"", ""contact:phone"": ""+32 2 230 42 44"", ""contact:website"": ""https://www.toutbon.be/"", ""name"": ""Tout Bon""}"
ixelles,osm:node/4262332381,Aurthur's,cafe,amenity=cafe,,,50.8384918,4.3727748,,,,NO_WEBSITE,2026-08-19T11:30:10.603970+00:00,clean,,,"{""amenity"": ""cafe"", ""name"": ""Aurthur's""}"
ixelles,osm:node/4268177831,Food to Go,fast-food,amenity=fast_food,,,50.8395888,4.373362,+32 2 265 21 17,https://food-to-go.be/,,WEBSITE_PRESENT,2026-08-19T11:30:10.603970+00:00,clean,,,"{""amenity"": ""fast_food"", ""contact:phone"": ""+32 2 265 21 17"", ""contact:website"": ""https://food-to-go.be/"", ""name"": ""Food to Go""}"
ixelles,osm:node/4268177836,Leopold Taverne,bars-pubs,amenity=bar,,,50.8392132,4.3707274,,,,NO_WEBSITE,2026-08-19T11:30:10.603970+00:00,clean,,,"{""amenity"": ""bar"", ""name"": ""Leopold Taverne""}"
ixelles,osm:node/4268177837,Maison du Luxembourg,restaurant,amenity=restaurant,,,50.8393959,4.3710728,+32 2 511 99 95,https://maisonduluxembourg.be,,WEBSITE_PRESENT,2026-08-19T11:30:10.603970+00:00,clean,,,"{""amenity"": ""restaurant"", ""contact:phone"": ""+32 2 511 99 95"", ""contact:website"": ""https://maisonduluxembourg.be"", ""name"": ""Maison du Luxembourg""}"
ixelles,osm:node/4268177838,Mediterraneo,restaurant,amenity=restaurant,,,50.8398539,4.3735033,+32 2 280 65 40,https://www.restaurantmediterraneobruxelles.be/,,WEBSITE_PRESENT,2026-08-19T11:30:10.603970+00:00,clean,,,"{""amenity"": ""restaurant"", ""contact:phone"": ""+32 2 280 65 40"", ""contact:website"": ""https://www.restaurantmediterraneobruxelles.be/"", ""name"": ""Mediterraneo""}"
ixelles,osm:node/4268177840,Piada Bar,restaurant,amenity=restaurant,,,50.839973,4.3735585,+32 2 230 41 94,https://www.piadabar.eu/,,WEBSITE_PRESENT,2026-08-19T11:30:10.603970+00:00,clean,,,"{""amenity"": ""restaurant"", ""contact:phone"": ""+32 2 230 41 94"", ""contact:website"": ""https://www.piadabar.eu/"", ""name"": ""Piada Bar""}"
ixelles,osm:node/4268177842,Pure Veg India,restaurant,amenity=restaurant,,,50.8393709,4.3711925,,,,NO_WEBSITE,2026-08-19T11:30:10.603970+00:00,clean,,,"{""amenity"": ""restaurant"", ""name"": ""Pure Veg India""}"
ixelles,osm:node/4268177843,Sushi Box,restaurant,amenity=restaurant,,,50.8395254,4.3733347,+32 2 265 50 24,https://www.sushibox.be,,WEBSITE_PRESENT,2026-08-19T11:30:10.603970+00:00,clean,,,"{""amenity"": ""restaurant"", ""contact:phone"": ""+32 2 265 50 24"", ""contact:website"": ""https://www.sushibox.be"", ""name"": ""Sushi Box""}"
ixelles,osm:node/4268177844,Sowl,restaurant,amenity=restaurant,,,50.8399119,4.3735248,,,,NO_WEBSITE,2026-08-19T11:30:10.603970+00:00,clean,,,"{""amenity"": ""restaurant"", ""name"": ""Sowl""}"
ixelles,osm:node/4268177845,Zywiec,bars-pubs,amenity=pub,,,50.839703,4.373428,,,,NO_WEBSITE,2026-08-19T11:30:10.603970+00:00,clean,,,"{""amenity"": ""pub"", ""name"": ""Zywiec""}"
ixelles,osm:node/4309062992,Le Sans 13,restaurant,amenity=restaurant,,,50.836163,4.3678972,+32 2 513 63 61,https://www.trattorialesans13.be/,,WEBSITE_PRESENT,2026-08-19T11:30:10.603970+00:00,clean,,,"{""amenity"": ""restaurant"", ""contact:phone"": ""+32 2 513 63 61"", ""contact:website"": ""https://www.trattorialesans13.be/"", ""name"": ""Le Sans 13""}"
ixelles,osm:node/4312281389,Dea's Pizza,restaurant,amenity=restaurant,,,50.8297537,4.3795929,+32 2 647 67 50,https://deas-pizza.com/,https://www.facebook.com/Deas-Pizza-1618301825081169/,WEBSITE_PRESENT,2026-08-19T11:30:10.603970+00:00,clean,,,"{""amenity"": ""restaurant"", ""contact:facebook"": ""https://www.facebook.com/Deas-Pizza-1618301825081169/"", ""contact:phone"": ""+32 2 647 67 50"", ""contact:website"": ""https://deas-pizza.com/"", ""name"": ""Dea's Pizza""}"
ixelles,osm:node/4318592701,Darts Brussels,bars-pubs,amenity=pub,,,50.8372952,4.3808869,,,,NO_WEBSITE,2026-08-19T11:30:10.603970+00:00,clean,,,"{""amenity"": ""pub"", ""name"": ""Darts Brussels""}"
ixelles,osm:node/4318597510,Pasta di Leo,restaurant,amenity=restaurant,,,50.8362395,4.379861,,,,NO_WEBSITE,2026-08-19T11:30:10.603970+00:00,clean,,,"{""amenity"": ""restaurant"", ""name"": ""Pasta di Leo""}"
ixelles,osm:node/4326816989,Les Marmites du Monde,restaurant,amenity=restaurant,,,50.8357285,4.3647074,+32 2 502 00 08,https://www.lesmarmitesdumonde.be,,WEBSITE_PRESENT,2026-08-19T11:30:10.603970+00:00,clean,,,"{""amenity"": ""restaurant"", ""contact:phone"": ""+32 2 502 00 08"", ""contact:website"": ""https://www.lesmarmitesdumonde.be"", ""name"": ""Les Marmites du Monde""}"
ixelles,osm:node/4326816991,Saint Boniface,restaurant,amenity=restaurant,,,50.8359765,4.3647767,+32 2 511 53 66,https://www.saintboniface.be/,,WEBSITE_PRESENT,2026-08-19T11:30:10.603970+00:00,clean,,,"{""amenity"": ""restaurant"", ""contact:phone"": ""+32 2 511 53 66"", ""contact:website"": ""https://www.saintboniface.be/"", ""name"": ""Saint Boniface""}"
ixelles,osm:node/4326817089,Savage,restaurant,amenity=restaurant,,,50.8358849,4.3651516,+32 2 513 41 65,https://www.savage.restaurant,,WEBSITE_PRESENT,2026-08-19T11:30:10.603970+00:00,clean,,,"{""amenity"": ""restaurant"", ""contact:phone"": ""+32 2 513 41 65"", ""contact:website"": ""https://www.savage.restaurant"", ""name"": ""Savage""}"
ixelles,osm:node/4326817090,Nina Meert,clothing-store,shop=clothes,,,50.8359212,4.3649497,,,,NO_WEBSITE,2026-08-19T11:30:10.603970+00:00,clean,,,"{""name"": ""Nina Meert"", ""shop"": ""clothes""}"
ixelles,osm:node/4335472154,Saint Aulaye Châtelain,pastry-shops,shop=bakery,,,50.8227648,4.3609204,,,,NO_WEBSITE,2026-08-19T11:30:10.603970+00:00,clean,,,"{""name"": ""Saint Aulaye Châtelain"", ""operator"": ""Saint Aulaye"", ""shop"": ""bakery""}"
ixelles,osm:node/4352456691,Melting Pot Hair & Body,beauty-salon,shop=hairdresser,,,50.8261788,4.3549784,+32 2 537 66 93,https://meltingpothb.be/,,WEBSITE_PRESENT,2026-08-19T11:30:10.603970+00:00,clean,,,"{""contact:phone"": ""+32 2 537 66 93"", ""contact:website"": ""https://meltingpothb.be/"", ""name"": ""Melting Pot Hair & Body"", ""shop"": ""hairdresser""}"
ixelles,osm:node/4355624151,ERA Châtelain,real-estate-agencies,office=estate_agent,,,50.8244501,4.3605992,,,,NO_WEBSITE,2026-08-19T11:30:10.603970+00:00,clean,,,"{""name"": ""ERA Châtelain"", ""office"": ""estate_agent""}"
ixelles,osm:node/4368661895,Basic Fit VUB,gym,leisure=fitness_centre,,,50.8246146,4.3950834,,,,NO_WEBSITE,2026-08-19T11:30:10.603970+00:00,clean,,,"{""leisure"": ""fitness_centre"", ""name"": ""Basic Fit VUB""}"
ixelles,osm:node/4375669109,Tulibris,bookstore,shop=books,,,50.8342148,4.3672172,,,,NO_WEBSITE,2026-08-19T11:30:10.603970+00:00,clean,,,"{""name"": ""Tulibris"", ""shop"": ""books""}"
ixelles,osm:node/4378783493,Jacques Dessange,beauty-salon,shop=hairdresser,,,50.8145625,4.3482054,+32 2 344 56 70,,,NO_WEBSITE,2026-08-19T11:30:10.603970+00:00,clean,,,"{""contact:phone"": ""+32 2 344 56 70"", ""name"": ""Jacques Dessange"", ""shop"": ""hairdresser""}"
ixelles,osm:node/4383543849,Aux blés dorés,pastry-shops,shop=bakery,,,50.8244077,4.343254,,,,NO_WEBSITE,2026-08-19T11:30:10.603970+00:00,clean,,,"{""name"": ""Aux blés dorés"", ""shop"": ""bakery""}"
ixelles,osm:node/4388784730,La Villa in the Sky,restaurant,amenity=restaurant,,,50.8172663,4.372183,,,,NO_WEBSITE,2026-08-19T11:30:10.603970+00:00,clean,,,"{""amenity"": ""restaurant"", ""name"": ""La Villa in the Sky""}"
ixelles,osm:node/4388794636,Le Monde est petit,restaurant,amenity=restaurant,,,50.837652,4.4040809,,https://www.lemondeestpetit.be/,,WEBSITE_PRESENT,2026-08-19T11:30:10.603970+00:00,clean,,,"{""amenity"": ""restaurant"", ""contact:website"": ""https://www.lemondeestpetit.be/"", ""name"": ""Le Monde est petit""}"
ixelles,osm:node/4393565869,Hotel Derby,hotel,tourism=hotel,,,50.8394513,4.399927,+32 2 733 08 19,https://www.hotelderby.be,,WEBSITE_PRESENT,2026-08-19T11:30:10.603970+00:00,clean,,,"{""contact:phone"": ""+32 2 733 08 19"", ""contact:website"": ""https://www.hotelderby.be"", ""name"": ""Hotel Derby"", ""tourism"": ""hotel""}"
ixelles,osm:node/4393693156,Pharmacie du Cinquantenaire,pharmacy,amenity=pharmacy,,,50.839726,4.3994799,+32 2 733 09 19,https://www.pharmacieducinquantenaire.be/,,WEBSITE_PRESENT,2026-08-19T11:30:10.603970+00:00,clean,,,"{""amenity"": ""pharmacy"", ""contact:phone"": ""+32 2 733 09 19"", ""contact:website"": ""https://www.pharmacieducinquantenaire.be/"", ""healthcare"": ""pharmacy"", ""name"": ""Pharmacie du Cinquantenaire""}"
ixelles,osm:node/4394084306,Panos,fast-food,amenity=fast_food,,,50.839772,4.4000083,+32 2 742 97 04,https://stores.panos.be/fr/s/panos-etterbeek---tongerenstraat,,WEBSITE_PRESENT,2026-08-19T11:30:10.603970+00:00,existing_duplicate,"source id, name/address, phone, or website matched existing listing",,"{""amenity"": ""fast_food"", ""brand"": ""Panos"", ""contact:phone"": ""+32 2 742 97 04"", ""contact:website"": ""https://stores.panos.be/fr/s/panos-etterbeek---tongerenstraat"", ""name"": ""Panos""}"
ixelles,osm:node/4394134167,Au déjà vu,bars-pubs,amenity=pub,,,50.8380011,4.3973341,,,,NO_WEBSITE,2026-08-19T11:30:10.603970+00:00,clean,,,"{""amenity"": ""pub"", ""name"": ""Au déjà vu""}"
ixelles,osm:node/4394618973,Bagnole Brasserie,restaurant,amenity=restaurant,,,50.8397421,4.3939474,,https://bagnole-brasserie.be/,,WEBSITE_PRESENT,2026-08-19T11:30:10.603970+00:00,clean,,,"{""amenity"": ""restaurant"", ""contact:website"": ""https://bagnole-brasserie.be/"", ""name"": ""Bagnole Brasserie""}"
ixelles,osm:node/4394989011,Medellin,cafe,amenity=cafe,,,50.8399303,4.4006355,,http://www.medellin-brussels.be,,WEBSITE_PRESENT,2026-08-19T11:30:10.603970+00:00,clean,,,"{""amenity"": ""cafe"", ""name"": ""Medellin"", ""shop"": ""coffee"", ""website"": ""http://www.medellin-brussels.be""}"
ixelles,osm:node/4395804689,Keratin Brazilian Secrets Center,beauty-salon,shop=hairdresser,,,50.8360483,4.3497553,,,,NO_WEBSITE,2026-08-19T11:30:10.603970+00:00,clean,,,"{""name"": ""Keratin Brazilian Secrets Center"", ""shop"": ""hairdresser""}"
ixelles,osm:node/4396143203,Archie,restaurant,amenity=restaurant,,,50.8304774,4.3457461,,,,NO_WEBSITE,2026-08-19T11:30:10.603970+00:00,clean,,,"{""amenity"": ""restaurant"", ""name"": ""Archie""}"
ixelles,osm:node/4401051193,Le Chou de Bruxelles,restaurant,amenity=restaurant,,,50.8290992,4.3592936,+32 2 537 69 95,https://www.lechoudebruxelles.be/,,WEBSITE_PRESENT,2026-08-19T11:30:10.603970+00:00,clean,,,"{""amenity"": ""restaurant"", ""contact:phone"": ""+32 2 537 69 95"", ""contact:website"": ""https://www.lechoudebruxelles.be/"", ""name"": ""Le Chou de Bruxelles""}"
ixelles,osm:node/4404448189,Le Jasmin & Le Cedre,restaurant,amenity=restaurant,,,50.8317094,4.356392,,,,NO_WEBSITE,2026-08-19T11:30:10.603970+00:00,clean,,,"{""amenity"": ""restaurant"", ""name"": ""Le Jasmin & Le Cedre""}"
ixelles,osm:node/4413062557,O Banh Mi,restaurant,amenity=restaurant,,,50.8303021,4.3812005,,,,NO_WEBSITE,2026-08-19T11:30:10.603970+00:00,clean,,,"{""amenity"": ""restaurant"", ""name"": ""O Banh Mi""}"
ixelles,osm:node/4413558465,Kitchenette,cafe,amenity=cafe,,,50.8257302,4.3476655,,,https://www.facebook.com/Kitchenette.saintgilles,SOCIAL_ONLY,2026-08-19T11:30:10.603970+00:00,clean,,,"{""amenity"": ""cafe"", ""contact:facebook"": ""https://www.facebook.com/Kitchenette.saintgilles"", ""name"": ""Kitchenette""}"
ixelles,osm:node/4414372508,Petillon,pharmacy,amenity=pharmacy,,,50.8263813,4.4025251,,,,NO_WEBSITE,2026-08-19T11:30:10.603970+00:00,clean,,,"{""amenity"": ""pharmacy"", ""name"": ""Petillon""}"
ixelles,osm:node/4415110893,Pizza Hut Delivery,restaurant,amenity=restaurant,,,50.8203651,4.3850711,,,,NO_WEBSITE,2026-08-19T11:30:10.603970+00:00,clean,,,"{""amenity"": ""restaurant"", ""brand"": ""Pizza Hut"", ""name"": ""Pizza Hut Delivery""}"
ixelles,osm:node/4415137690,Djomo,pharmacy,amenity=pharmacy,,,50.8228264,4.381801,+32 2 647 20 78,,,NO_WEBSITE,2026-08-19T11:30:10.603970+00:00,clean,,,"{""amenity"": ""pharmacy"", ""contact:phone"": ""+32 2 647 20 78"", ""healthcare"": ""pharmacy"", ""name"": ""Djomo""}"
ixelles,osm:node/4415251355,L'Improbable,restaurant,amenity=restaurant,,,50.8208029,4.386697,,https://restaurant-limprobable.be/,,WEBSITE_PRESENT,2026-08-19T11:30:10.603970+00:00,clean,,,"{""amenity"": ""restaurant"", ""contact:website"": ""https://restaurant-limprobable.be/"", ""name"": ""L'Improbable""}"
ixelles,osm:node/4415282095,Nona,restaurant,amenity=restaurant,,,50.827392,4.3714111,,https://www.nonalife.com/,ITSANONALIFE,WEBSITE_PRESENT,2026-08-19T11:30:10.603970+00:00,clean,,,"{""amenity"": ""restaurant"", ""contact:instagram"": ""ITSANONALIFE"", ""contact:website"": ""https://www.nonalife.com/"", ""name"": ""Nona""}"
ixelles,osm:node/4415282096,Au Cafe du Sud,cafe,amenity=cafe,,,50.8281112,4.3715839,,,,NO_WEBSITE,2026-08-19T11:30:10.603970+00:00,clean,,,"{""amenity"": ""cafe"", ""name"": ""Au Cafe du Sud""}"
ixelles,osm:node/4415333889,Telle Père Telle Fils Ixelles,car-dealers,shop=car,,,50.8233385,4.3798432,,https://toyotaxl.be/,,WEBSITE_PRESENT,2026-08-19T11:30:10.603970+00:00,clean,,,"{""brand"": ""Toyota"", ""contact:website"": ""https://toyotaxl.be/"", ""name"": ""Telle Père Telle Fils Ixelles"", ""shop"": ""car""}"
ixelles,osm:node/4415645090,Cosmos,restaurant,amenity=restaurant,,,50.8381477,4.3683847,,https://www.cosmosrestaurant.be/,,WEBSITE_PRESENT,2026-08-19T11:30:10.603970+00:00,clean,,,"{""amenity"": ""restaurant"", ""contact:website"": ""https://www.cosmosrestaurant.be/"", ""name"": ""Cosmos""}"
ixelles,osm:node/4415963789,Kubuś,supermarkets,shop=supermarket,,,50.8320057,4.3744708,,,,NO_WEBSITE,2026-08-19T11:30:10.603970+00:00,clean,,,"{""name"": ""Kubuś"", ""shop"": ""supermarket""}"
ixelles,osm:node/4415978269,Pie Academy – Taste Experience,cafe,amenity=cafe,,,50.8242792,4.3983733,+32 2 534 14 04,,pieacademy314,SOCIAL_ONLY,2026-08-19T11:30:10.603970+00:00,clean,,,"{""amenity"": ""cafe"", ""contact:facebook"": ""pieacademy314"", ""contact:phone"": ""+32 2 534 14 04"", ""name"": ""Pie Academy – Taste Experience""}"
ixelles,osm:node/4415994691,Pessoa,bars-pubs,amenity=bar,,,50.8273969,4.3741556,,,,NO_WEBSITE,2026-08-19T11:30:10.603970+00:00,clean,,,"{""amenity"": ""bar"", ""name"": ""Pessoa""}"
ixelles,osm:node/4416006590,Le Vieux Chêne,restaurant,amenity=restaurant,,,50.8260412,4.3756093,,https://www.lacampagnola.be/,,WEBSITE_PRESENT,2026-08-19T11:30:10.603970+00:00,clean,,,"{""amenity"": ""restaurant"", ""contact:website"": ""https://www.lacampagnola.be/"", ""name"": ""Le Vieux Chêne""}"
ixelles,osm:node/4416812370,Annick D,beauty-salon,shop=hairdresser,,,50.8391445,4.4015792,+32 2 733 54 79,,,NO_WEBSITE,2026-08-19T11:30:10.603970+00:00,clean,,,"{""contact:phone"": ""+32 2 733 54 79"", ""name"": ""Annick D"", ""shop"": ""hairdresser""}"
ixelles,osm:node/4417353691,Spitaels,pharmacy,amenity=pharmacy,,,50.8294846,4.3795357,,,,NO_WEBSITE,2026-08-19T11:30:10.603970+00:00,clean,,,"{""amenity"": ""pharmacy"", ""name"": ""Spitaels""}"
ixelles,osm:node/4417386289,Le viking,bars-pubs,amenity=pub,,,50.8303428,4.3806107,,,,NO_WEBSITE,2026-08-19T11:30:10.603970+00:00,clean,,,"{""amenity"": ""pub"", ""name"": ""Le viking""}"
ixelles,osm:node/4417449889,O'Régua,bars-pubs,amenity=bar,,,50.8270975,4.3746956,,,https://m.facebook.com/reguacafebar/?locale=fr_FR,SOCIAL_ONLY,2026-08-19T11:30:10.603970+00:00,clean,,,"{""amenity"": ""bar"", ""contact:facebook"": ""https://m.facebook.com/reguacafebar/?locale=fr_FR"", ""name"": ""O'Régua""}"
ixelles,osm:node/4417740030,Calzedonia,clothing-store,shop=clothes,,,50.8399411,4.3998607,,https://www.calzedonia.com,,WEBSITE_PRESENT,2026-08-19T11:30:10.603970+00:00,existing_duplicate,"source id, name/address, phone, or website matched existing listing",,"{""brand"": ""Calzedonia"", ""name"": ""Calzedonia"", ""shop"": ""clothes"", ""website"": ""https://www.calzedonia.com""}"
ixelles,osm:node/4417740032,BOGGI Milano,clothing-store,shop=clothes,,,50.839784,4.3995838,,,,NO_WEBSITE,2026-08-19T11:30:10.603970+00:00,clean,,,"{""brand"": ""BOGGI Milano"", ""name"": ""BOGGI Milano"", ""shop"": ""clothes""}"
ixelles,osm:node/4417740037,Cosyns,jewelry-stores,shop=jewelry,,,50.8399724,4.3999202,,https://www.cosyns.be/,,WEBSITE_PRESENT,2026-08-19T11:30:10.603970+00:00,clean,,,"{""name"": ""Cosyns"", ""operator"": ""Cosyns"", ""shop"": ""jewelry"", ""website"": ""https://www.cosyns.be/""}"
ixelles,osm:node/4417780625,Chez Valerio,restaurant,amenity=restaurant,,,50.820918,4.3865685,,,,NO_WEBSITE,2026-08-19T11:30:10.603970+00:00,clean,,,"{""amenity"": ""restaurant"", ""name"": ""Chez Valerio""}"
ixelles,osm:node/4420655354,Les Petits Oignons,restaurant,amenity=restaurant,,,50.8393509,4.3551192,,https://restaurant-petits-oignons-bruxelles.be/,,WEBSITE_PRESENT,2026-08-19T11:30:10.603970+00:00,clean,,,"{""amenity"": ""restaurant"", ""name"": ""Les Petits Oignons"", ""website"": ""https://restaurant-petits-oignons-bruxelles.be/""}"
ixelles,osm:node/4421727194,Bloom.,cafe,amenity=cafe,,,50.8377305,4.4069253,,,,NO_WEBSITE,2026-08-19T11:30:10.603970+00:00,clean,,,"{""amenity"": ""cafe"", ""name"": ""Bloom.""}"
ixelles,osm:node/4422193252,Gamin,bars-pubs,amenity=bar,,,50.8250675,4.3443529,,,,NO_WEBSITE,2026-08-19T11:30:10.603970+00:00,clean,,,"{""amenity"": ""bar"", ""name"": ""Gamin""}"
ixelles,osm:node/4423871734,Iosono Wine Bar,bars-pubs,amenity=bar,,,50.8379912,4.3695069,,http://iosonowinebar.com,,WEBSITE_PRESENT,2026-08-19T11:30:10.603970+00:00,clean,,,"{""amenity"": ""bar"", ""contact:website"": ""http://iosonowinebar.com"", ""name"": ""Iosono Wine Bar""}"
ixelles,osm:node/4424621389,caleo cafe,restaurant,amenity=restaurant,,,50.8358017,4.3661212,,,,NO_WEBSITE,2026-08-19T11:30:10.603970+00:00,clean,,,"{""amenity"": ""restaurant"", ""name"": ""caleo cafe""}"
ixelles,osm:node/4426224334,Taverne Magnolia,bars-pubs,amenity=pub,,,50.8300116,4.3800934,,,,NO_WEBSITE,2026-08-19T11:30:10.603970+00:00,clean,,,"{""amenity"": ""pub"", ""name"": ""Taverne Magnolia""}"
ixelles,osm:node/4426245879,Invictus,cafe,amenity=cafe,,,50.826385,4.3449447,,,,NO_WEBSITE,2026-08-19T11:30:10.603970+00:00,clean,,,"{""amenity"": ""cafe"", ""name"": ""Invictus""}"
ixelles,osm:node/4426245880,Pizza Five,fast-food,amenity=fast_food,,,50.8264443,4.3445638,,,,NO_WEBSITE,2026-08-19T11:30:10.603970+00:00,clean,,,"{""amenity"": ""fast_food"", ""name"": ""Pizza Five""}"
ixelles,osm:node/4426245881,Mushu,restaurant,amenity=restaurant,,,50.8254014,4.3551417,,,https://www.instagram.com/mushu.brussels,SOCIAL_ONLY,2026-08-19T11:30:10.603970+00:00,clean,,,"{""amenity"": ""restaurant"", ""contact:instagram"": ""https://www.instagram.com/mushu.brussels"", ""name"": ""Mushu""}"
ixelles,osm:node/4426898812,Indochine,restaurant,amenity=restaurant,,,50.8275918,4.3681351,,,,NO_WEBSITE,2026-08-19T11:30:10.603970+00:00,clean,,,"{""amenity"": ""restaurant"", ""name"": ""Indochine""}"
ixelles,osm:node/4426898813,Ongba,restaurant,amenity=restaurant,,,50.8276104,4.3683646,,,,NO_WEBSITE,2026-08-19T11:30:10.603970+00:00,clean,,,"{""amenity"": ""restaurant"", ""name"": ""Ongba""}"
ixelles,osm:node/4438541893,L'Everest,restaurant,amenity=restaurant,,,50.8228515,4.366914,+32 2 647 57 77,https://leverest.be/,,WEBSITE_PRESENT,2026-08-19T11:30:10.603970+00:00,clean,,,"{""amenity"": ""restaurant"", ""contact:phone"": ""+32 2 647 57 77"", ""contact:website"": ""https://leverest.be/"", ""name"": ""L'Everest""}"
ixelles,osm:node/4441006122,Miam,fast-food,amenity=fast_food,,,50.839777,4.400653,,,,NO_WEBSITE,2026-08-19T11:30:10.603970+00:00,clean,,,"{""amenity"": ""fast_food"", ""name"": ""Miam""}"
ixelles,osm:node/4441017282,Yumizuki,restaurant,amenity=restaurant,,,50.8394653,4.4007937,,https://yumizuki.com/,,WEBSITE_PRESENT,2026-08-19T11:30:10.603970+00:00,clean,,,"{""amenity"": ""restaurant"", ""contact:website"": ""https://yumizuki.com/"", ""name"": ""Yumizuki""}"
ixelles,osm:node/4500362199,EXKi,fast-food,amenity=fast_food,,,50.8378768,4.3621677,,https://www.exki.com/restaurants/exki-porte-de-namur,,WEBSITE_PRESENT,2026-08-19T11:30:10.603970+00:00,clean,,,"{""amenity"": ""fast_food"", ""brand"": ""Exki"", ""contact:website"": ""https://www.exki.com/restaurants/exki-porte-de-namur"", ""name"": ""EXKi""}"
ixelles,osm:node/4527284341,Momento by Gaya,clothing-store,shop=clothes,,,50.8393972,4.3608286,,,https://www.facebook.com/Momento-By-Gaya-1434508063489361/,SOCIAL_ONLY,2026-08-19T11:30:10.603970+00:00,clean,,,"{""contact:facebook"": ""https://www.facebook.com/Momento-By-Gaya-1434508063489361/"", ""name"": ""Momento by Gaya"", ""shop"": ""clothes""}"
ixelles,osm:node/4527284343,Gil Galway,clothing-store,shop=clothes,,,50.8393152,4.360949,,,,NO_WEBSITE,2026-08-19T11:30:10.603970+00:00,clean,,,"{""name"": ""Gil Galway"", ""shop"": ""clothes""}"
ixelles,osm:node/4527284344,Esteclinique,beauty-salon,shop=beauty,,,50.8392813,4.3609989,+32 2 513 09 26,https://esteclinique.be/,,WEBSITE_PRESENT,2026-08-19T11:30:10.603970+00:00,clean,,,"{""contact:phone"": ""+32 2 513 09 26"", ""contact:website"": ""https://esteclinique.be/"", ""name"": ""Esteclinique"", ""shop"": ""beauty""}"
ixelles,osm:node/4527427260,Loft,bars-pubs,amenity=pub,,,50.8398386,4.3601078,+32 2 511 52 11,https://www.loft-brussels.be/,,WEBSITE_PRESENT,2026-08-19T11:30:10.603970+00:00,clean,,,"{""amenity"": ""pub"", ""contact:phone"": ""+32 2 511 52 11"", ""contact:website"": ""https://www.loft-brussels.be/"", ""name"": ""Loft""}"
ixelles,osm:node/4527427262,Bleuforêt,clothing-store,shop=clothes,,,50.8395929,4.360541,,,,NO_WEBSITE,2026-08-19T11:30:10.603970+00:00,clean,,,"{""name"": ""Bleuforêt"", ""shop"": ""clothes""}"
ixelles,osm:node/4527427263,L'atelier de coloration,,shop=hairdresser_supply,,,50.8395602,4.3605891,+32 2 511 60 00,http://www.colors-by.com/en/home-2/,,WEBSITE_PRESENT,2026-08-19T11:30:10.603970+00:00,clean,,no confident canonical category mapping,"{""contact:phone"": ""+32 2 511 60 00"", ""contact:website"": ""http://www.colors-by.com/en/home-2/"", ""name"": ""L'atelier de coloration"", ""shop"": ""hairdresser_supply""}"
ixelles,osm:node/4527427264,Carine Gilson,clothing-store,shop=clothes,,,50.839522,4.3606452,+32 2 289 51 47,,,NO_WEBSITE,2026-08-19T11:30:10.603970+00:00,clean,,,"{""brand"": ""Carine Gilson"", ""contact:phone"": ""+32 2 289 51 47"", ""name"": ""Carine Gilson"", ""shop"": ""clothes""}"
ixelles,osm:node/4530901338,Crockett & Jones,shoe-stores,shop=shoes,,,50.839995,4.3599418,+32 2 513 87 41,https://www.crockettandjones.com/where-to-buy/brussels/,,WEBSITE_PRESENT,2026-08-19T11:30:10.603970+00:00,clean,,,"{""contact:phone"": ""+32 2 513 87 41"", ""contact:website"": ""https://www.crockettandjones.com/where-to-buy/brussels/"", ""name"": ""Crockett & Jones"", ""operator"": ""Crockett & Jones"", ""shop"": ""shoes""}"
ixelles,osm:node/4530901339,Paraboot,shoe-stores,shop=shoes,,,50.8399552,4.3599872,,,,NO_WEBSITE,2026-08-19T11:30:10.603970+00:00,clean,,,"{""name"": ""Paraboot"", ""shop"": ""shoes""}"
ixelles,osm:node/4530901340,Handshake,clothing-store,shop=clothes,,,50.8399155,4.3600326,,,,NO_WEBSITE,2026-08-19T11:30:10.603970+00:00,clean,,,"{""name"": ""Handshake"", ""shop"": ""clothes""}"
ixelles,osm:node/4546572310,L'Atelier,bars-pubs,amenity=pub,,,50.8180123,4.3835201,+32 2 649 19 53,,,NO_WEBSITE,2026-08-19T11:30:10.603970+00:00,clean,,,"{""amenity"": ""pub"", ""contact:phone"": ""+32 2 649 19 53"", ""name"": ""L'Atelier""}"
ixelles,osm:node/4551346191,Basic-Fit,gym,leisure=fitness_centre,,,50.8215272,4.4068414,,https://www.basic-fit.com/fr-be/salles-de-fitness/brussels-auderghem-hankar,,WEBSITE_PRESENT,2026-08-19T11:30:10.603970+00:00,existing_duplicate,"source id, name/address, phone, or website matched existing listing",,"{""brand"": ""Basic-Fit"", ""contact:website"": ""https://www.basic-fit.com/fr-be/salles-de-fitness/brussels-auderghem-hankar"", ""leisure"": ""fitness_centre"", ""name"": ""Basic-Fit"", ""operator"": ""Basic-Fit""}"
ixelles,osm:node/4581583821,Chai and Thali,restaurant,amenity=restaurant,,,50.8335689,4.4027047,,,,NO_WEBSITE,2026-08-19T11:30:10.603970+00:00,clean,,,"{""amenity"": ""restaurant"", ""name"": ""Chai and Thali""}"
ixelles,osm:node/4588765293,Le Marseillais,bars-pubs,amenity=bar,,,50.8374343,4.3467495,,,https://www.facebook.com/lemarseillaisdujeudeballe/,SOCIAL_ONLY,2026-08-19T11:30:10.603970+00:00,clean,,,"{""amenity"": ""bar"", ""contact:facebook"": ""https://www.facebook.com/lemarseillaisdujeudeballe/"", ""name"": ""Le Marseillais""}"
ixelles,osm:node/4597798398,Fresh Corner,fast-food,amenity=fast_food,,,50.8152549,4.3883864,,,,NO_WEBSITE,2026-08-19T11:30:10.603970+00:00,clean,,,"{""amenity"": ""fast_food"", ""name"": ""Fresh Corner""}"
ixelles,osm:node/4597876191,Pop&Shop,clothing-store,shop=clothes,,,50.8155792,4.3892377,,,,NO_WEBSITE,2026-08-19T11:30:10.603970+00:00,clean,,,"{""name"": ""Pop&Shop"", ""shop"": ""clothes""}"
ixelles,osm:node/4597880692,Jean-Louis David,beauty-salon,shop=hairdresser,,,50.8155517,4.3891656,+32 2 646 96 10,,,NO_WEBSITE,2026-08-19T11:30:10.603970+00:00,clean,,,"{""contact:phone"": ""+32 2 646 96 10"", ""name"": ""Jean-Louis David"", ""shop"": ""hairdresser""}"
ixelles,osm:node/4597890489,Hector Chicken,fast-food,amenity=fast_food,,,50.8151325,4.3880651,+32 2 640 01 55,https://hector.be/restaurant/,,WEBSITE_PRESENT,2026-08-19T11:30:10.603970+00:00,existing_duplicate,"source id, name/address, phone, or website matched existing listing",,"{""amenity"": ""fast_food"", ""contact:phone"": ""+32 2 640 01 55"", ""contact:website"": ""https://hector.be/restaurant/"", ""name"": ""Hector Chicken"", ""operator"": ""Hector Chicken""}"
ixelles,osm:node/4597892992,Meltdown,bars-pubs,amenity=pub,,,50.8156062,4.3893087,,,,NO_WEBSITE,2026-08-19T11:30:10.603970+00:00,clean,,,"{""amenity"": ""pub"", ""name"": ""Meltdown""}"
ixelles,osm:node/4597896989,Addict Coiffure,beauty-salon,shop=hairdresser,,,50.8151953,4.3882299,,,,NO_WEBSITE,2026-08-19T11:30:10.603970+00:00,clean,,,"{""name"": ""Addict Coiffure"", ""shop"": ""hairdresser""}"
ixelles,osm:node/4597897089,Coiffeur Chappel,beauty-salon,shop=hairdresser,,,50.8152254,4.3883091,,,,NO_WEBSITE,2026-08-19T11:30:10.603970+00:00,clean,,,"{""name"": ""Coiffeur Chappel"", ""shop"": ""hairdresser""}"
ixelles,osm:node/4618471006,Fish Tank,restaurant,amenity=restaurant,,,50.8367324,4.3484714,,https://fishtank.be,,WEBSITE_PRESENT,2026-08-19T11:30:10.603970+00:00,clean,,,"{""amenity"": ""restaurant"", ""contact:website"": ""https://fishtank.be"", ""name"": ""Fish Tank""}"
ixelles,osm:node/4621510577,Librebook,bookstore,shop=books,,,50.8364002,4.3677021,+32 2 808 74 40,https://www.librebook.eu/,https://www.facebook.com/librebook.eu,WEBSITE_PRESENT,2026-08-19T11:30:10.603970+00:00,clean,,,"{""contact:facebook"": ""https://www.facebook.com/librebook.eu"", ""contact:phone"": ""+32 2 808 74 40"", ""contact:website"": ""https://www.librebook.eu/"", ""name"": ""Librebook"", ""shop"": ""books""}"
ixelles,osm:node/4644021406,Cotubex SA/NV,electronics-stores,shop=electronics,,,50.8179534,4.3883005,+32 2 643 36 66,https://www.cotubex.be,,WEBSITE_PRESENT,2026-08-19T11:30:10.603970+00:00,clean,,,"{""contact:phone"": ""+32 2 643 36 66"", ""contact:website"": ""https://www.cotubex.be"", ""name"": ""Cotubex SA/NV"", ""shop"": ""electronics""}"
ixelles,osm:node/4665074589,La Trinquette,bars-pubs,amenity=bar,,,50.8254436,4.355002,,,,NO_WEBSITE,2026-08-19T11:30:10.603970+00:00,clean,,,"{""amenity"": ""bar"", ""name"": ""La Trinquette""}"
ixelles,osm:node/4665152946,Mauvais Choix,restaurant,amenity=restaurant,,,50.8219334,4.3668765,,https://mauvaischoix.be/,mauvaischoix_restaurant,WEBSITE_PRESENT,2026-08-19T11:30:10.603970+00:00,clean,,,"{""amenity"": ""restaurant"", ""contact:instagram"": ""mauvaischoix_restaurant"", ""contact:website"": ""https://mauvaischoix.be/"", ""name"": ""Mauvais Choix""}"
ixelles,osm:node/4665152947,Le Tournesol,restaurant,amenity=restaurant,,,50.8221556,4.3669305,,,,NO_WEBSITE,2026-08-19T11:30:10.603970+00:00,clean,,,"{""amenity"": ""restaurant"", ""name"": ""Le Tournesol""}"
ixelles,osm:node/4665152948,Le Bugatti,restaurant,amenity=restaurant,,,50.8218379,4.3669283,,,,NO_WEBSITE,2026-08-19T11:30:10.603970+00:00,clean,,,"{""amenity"": ""restaurant"", ""name"": ""Le Bugatti""}"
ixelles,osm:node/4665152949,Ashok's,restaurant,amenity=restaurant,,,50.8216457,4.3667967,,,,NO_WEBSITE,2026-08-19T11:30:10.603970+00:00,clean,,,"{""amenity"": ""restaurant"", ""name"": ""Ashok's""}"
ixelles,osm:node/4666814252,Soleil d'Afrique,restaurant,amenity=restaurant,,,50.8365614,4.3655008,,http://soleildafrique.be/,,WEBSITE_PRESENT,2026-08-19T11:30:10.603970+00:00,clean,,,"{""amenity"": ""restaurant"", ""contact:website"": ""http://soleildafrique.be/"", ""name"": ""Soleil d'Afrique""}"
ixelles,osm:node/4684005989,L'amère à boire,bars-pubs,amenity=bar,,,50.8268268,4.3744107,,,,NO_WEBSITE,2026-08-19T11:30:10.603970+00:00,clean,,,"{""amenity"": ""bar"", ""name"": ""L'amère à boire""}"
ixelles,osm:node/4685884652,Jam Hotel,hotel,tourism=hotel,,,50.8271115,4.3553273,+32 2 537 17 87,https://www.jamhotel.be/,https://www.facebook.com/JamHotelBrussels/,WEBSITE_PRESENT,2026-08-19T11:30:10.603970+00:00,clean,,,"{""contact:facebook"": ""https://www.facebook.com/JamHotelBrussels/"", ""contact:instagram"": ""https://www.instagram.com/jamhotel/"", ""contact:phone"": ""+32 2 537 17 87"", ""contact:website"": ""https://www.jamhotel.be/"", ""name"": ""Jam Hotel"", ""tourism"": ""hotel""}"
ixelles,osm:node/4688750966,Pop's Pancakes,fast-food,amenity=fast_food,,,50.8298052,4.3708378,,,,NO_WEBSITE,2026-08-19T11:30:10.603970+00:00,clean,,,"{""amenity"": ""fast_food"", ""name"": ""Pop's Pancakes""}"
ixelles,osm:node/4689561854,Coiffure Trianon,beauty-salon,shop=hairdresser,,,50.8057499,4.406193,,,,NO_WEBSITE,2026-08-19T11:30:10.603970+00:00,clean,,,"{""name"": ""Coiffure Trianon"", ""shop"": ""hairdresser""}"
ixelles,osm:node/4706275389,Casa Louise,cafe,amenity=cafe,,,50.8336951,4.3586089,+32 2 513 40 00,https://www.louisefactory.com,,WEBSITE_PRESENT,2026-08-19T11:30:10.603970+00:00,clean,,,"{""amenity"": ""cafe"", ""contact:phone"": ""+32 2 513 40 00"", ""contact:website"": ""https://www.louisefactory.com"", ""name"": ""Casa Louise""}"
ixelles,osm:node/4735143431,Snipes,shoe-stores,shop=shoes,,,50.8367245,4.3627092,,https://www.snipes.be/nl/storedetails?sid=SBE19,,WEBSITE_PRESENT,2026-08-19T11:30:10.603970+00:00,clean,,,"{""brand"": ""Snipes"", ""contact:website"": ""https://www.snipes.be/nl/storedetails?sid=SBE19"", ""name"": ""Snipes"", ""shop"": ""shoes""}"
ixelles,osm:node/4735143438,Histoire d'Or,jewelry-stores,shop=jewelry,,,50.836774,4.3626737,+32 2 514 15 41,https://www.histoiredor.com/fr/nos-bijouteries/perpignan/ixelles-25196083,,WEBSITE_PRESENT,2026-08-19T11:30:10.603970+00:00,clean,,,"{""brand"": ""Histoire d'Or"", ""contact:phone"": ""+32 2 514 15 41"", ""contact:website"": ""https://www.histoiredor.com/fr/nos-bijouteries/perpignan/ixelles-25196083"", ""name"": ""Histoire d'Or"", ""shop"": ""jewelry""}"
ixelles,osm:node/4735143439,Green Time,retail,craft=watchmaker,,,50.8368277,4.3626349,,,,NO_WEBSITE,2026-08-19T11:30:10.603970+00:00,clean,,,"{""craft"": ""watchmaker"", ""name"": ""Green Time"", ""shop"": ""watches""}"
ixelles,osm:node/4735143440,Tezenis,clothing-store,shop=clothes,,,50.8368547,4.3626154,,,,NO_WEBSITE,2026-08-19T11:30:10.603970+00:00,clean,,,"{""brand"": ""Tezenis"", ""name"": ""Tezenis"", ""shop"": ""clothes""}"
ixelles,osm:node/4735143441,Beauty World,,shop=hairdresser_supply,,,50.8369272,4.3625631,,,,NO_WEBSITE,2026-08-19T11:30:10.603970+00:00,clean,,no confident canonical category mapping,"{""name"": ""Beauty World"", ""shop"": ""hairdresser_supply""}"
ixelles,osm:node/4735143442,Jules,clothing-store,shop=clothes,,,50.8370156,4.3624993,+32 2 513 15 93,https://www.jules.com/fr/infos-magasin?country=Belgique&storeid=1160111044,,WEBSITE_PRESENT,2026-08-19T11:30:10.603970+00:00,clean,,,"{""brand"": ""Jules"", ""contact:phone"": ""+32 2 513 15 93"", ""contact:website"": ""https://www.jules.com/fr/infos-magasin?country=Belgique&storeid=1160111044"", ""name"": ""Jules"", ""shop"": ""clothes""}"
ixelles,osm:node/4735143445,Tasty Crousty,fast-food,amenity=fast_food,,,50.8372379,4.3623388,,,,NO_WEBSITE,2026-08-19T11:30:10.603970+00:00,clean,,,"{""amenity"": ""fast_food"", ""name"": ""Tasty Crousty""}"
ixelles,osm:node/4735143447,Foot Locker,shoe-stores,shop=shoes,,,50.8365954,4.3624791,,,,NO_WEBSITE,2026-08-19T11:30:10.603970+00:00,clean,,,"{""brand"": ""Foot Locker"", ""name"": ""Foot Locker"", ""shop"": ""shoes""}"
ixelles,osm:node/4761953842,Umamìdo,restaurant,amenity=restaurant,,,50.8276558,4.3711709,+32 2 640 40 57,https://www.umamido.be/locations-pages/umamido-flagey,,WEBSITE_PRESENT,2026-08-19T11:30:10.603970+00:00,clean,,,"{""amenity"": ""restaurant"", ""contact:phone"": ""+32 2 640 40 57"", ""contact:website"": ""https://www.umamido.be/locations-pages/umamido-flagey"", ""name"": ""Umamìdo""}"
ixelles,osm:node/4762465234,Les Brassins,restaurant,amenity=restaurant,,,50.8350766,4.3611588,,http://www.lesbrassins.be/,,WEBSITE_PRESENT,2026-08-19T11:30:10.603970+00:00,clean,,,"{""amenity"": ""restaurant"", ""contact:website"": ""http://www.lesbrassins.be/"", ""name"": ""Les Brassins""}"
ixelles,osm:node/4762465959,La Signare,restaurant,amenity=restaurant,,,50.8359791,4.3653321,,,,NO_WEBSITE,2026-08-19T11:30:10.603970+00:00,clean,,,"{""amenity"": ""restaurant"", ""name"": ""La Signare""}"
ixelles,osm:node/4769365969,L'arrêt 48,cafe,amenity=cafe,,,50.8376787,4.3491062,,,,NO_WEBSITE,2026-08-19T11:30:10.603970+00:00,clean,,,"{""amenity"": ""cafe"", ""name"": ""L'arrêt 48""}"
ixelles,osm:node/4793725496,Le soleil à table,fast-food,amenity=fast_food,,,50.8359581,4.3978021,,,,NO_WEBSITE,2026-08-19T11:30:10.603970+00:00,clean,,,"{""amenity"": ""fast_food"", ""name"": ""Le soleil à table""}"
ixelles,osm:node/4793735212,Mevan Snack,fast-food,amenity=fast_food,,,50.8374298,4.396667,,,,NO_WEBSITE,2026-08-19T11:30:10.603970+00:00,clean,,,"{""amenity"": ""fast_food"", ""name"": ""Mevan Snack""}"
ixelles,osm:node/4801804094,Taverne Avenida,bars-pubs,amenity=pub,,,50.8328584,4.3929017,,http://www.taverneavenida.be,,WEBSITE_PRESENT,2026-08-19T11:30:10.603970+00:00,clean,,,"{""amenity"": ""pub"", ""name"": ""Taverne Avenida"", ""website"": ""http://www.taverneavenida.be""}"
ixelles,osm:node/4837010521,Easy Tiempo,restaurant,amenity=restaurant,,,50.8388755,4.3505452,,,,NO_WEBSITE,2026-08-19T11:30:10.603970+00:00,clean,,,"{""amenity"": ""restaurant"", ""name"": ""Easy Tiempo""}"
ixelles,osm:node/4837556585,BON,fast-food,amenity=fast_food,,,50.8399876,4.3682122,,https://bonwithlove.com,,WEBSITE_PRESENT,2026-08-19T11:30:10.603970+00:00,clean,,,"{""amenity"": ""fast_food"", ""contact:website"": ""https://bonwithlove.com"", ""name"": ""BON"", ""operator"": ""BON""}"
ixelles,osm:node/4845316935,Petit Paul,pastry-shops,shop=bakery,,,50.8354306,4.3549138,,,,NO_WEBSITE,2026-08-19T11:30:10.603970+00:00,clean,,,"{""name"": ""Petit Paul"", ""shop"": ""bakery""}"
ixelles,osm:node/4846171521,Da Momo,restaurant,amenity=restaurant,,,50.8256646,4.3476947,,,,NO_WEBSITE,2026-08-19T11:30:10.603970+00:00,clean,,,"{""amenity"": ""restaurant"", ""name"": ""Da Momo""}"
ixelles,osm:node/4853675148,Hanoi Station,restaurant,amenity=restaurant,,,50.8372168,4.4054126,,https://hanoistation.be/,,WEBSITE_PRESENT,2026-08-19T11:30:10.603970+00:00,clean,,,"{""amenity"": ""restaurant"", ""contact:website"": ""https://hanoistation.be/"", ""name"": ""Hanoi Station""}"
ixelles,osm:node/4864707926,Novus,restaurant,amenity=restaurant,,,50.8385969,4.3643471,,https://www.novus-restaurant.be/,,WEBSITE_PRESENT,2026-08-19T11:30:10.603970+00:00,clean,,,"{""amenity"": ""restaurant"", ""contact:website"": ""https://www.novus-restaurant.be/"", ""name"": ""Novus""}"
ixelles,osm:node/4864726693,Café Circus,cafe,amenity=cafe,,,50.8378045,4.3684184,,https://www.cafecircus.be/,,WEBSITE_PRESENT,2026-08-19T11:30:10.603970+00:00,clean,,,"{""amenity"": ""cafe"", ""name"": ""Café Circus"", ""website"": ""https://www.cafecircus.be/""}"
ixelles,osm:node/4864726694,Adam,fast-food,amenity=fast_food,,,50.83786,4.3684318,,,,NO_WEBSITE,2026-08-19T11:30:10.603970+00:00,clean,,,"{""amenity"": ""fast_food"", ""name"": ""Adam""}"
ixelles,osm:node/4864726695,Energie-Traiteur,cafe,amenity=cafe,,,50.8379125,4.3684466,+32 2 512 24 20,http://energie-traiteur.com,,WEBSITE_PRESENT,2026-08-19T11:30:10.603970+00:00,clean,,,"{""amenity"": ""cafe"", ""contact:phone"": ""+32 2 512 24 20"", ""contact:website"": ""http://energie-traiteur.com"", ""name"": ""Energie-Traiteur""}"
ixelles,osm:node/4864746108,Public House 12,bars-pubs,amenity=pub,,,50.838042,4.3682031,,,,NO_WEBSITE,2026-08-19T11:30:10.603970+00:00,clean,,,"{""amenity"": ""pub"", ""name"": ""Public House 12""}"
ixelles,osm:node/4864756748,United Tastes,cafe,amenity=cafe,,,50.8387052,4.3706359,,,,NO_WEBSITE,2026-08-19T11:30:10.603970+00:00,clean,,,"{""amenity"": ""cafe"", ""name"": ""United Tastes""}"
ixelles,osm:node/4864758521,Uncle Richard's,fast-food,amenity=fast_food,,,50.8381087,4.3683225,,,,NO_WEBSITE,2026-08-19T11:30:10.603970+00:00,clean,,,"{""amenity"": ""fast_food"", ""name"": ""Uncle Richard's""}"
ixelles,osm:node/4864772015,Kroket,restaurant,amenity=restaurant,,,50.8386836,4.3705756,+32 2 580 16 30,https://kroket.eatbu.com,,WEBSITE_PRESENT,2026-08-19T11:30:10.603970+00:00,clean,,,"{""amenity"": ""restaurant"", ""contact:phone"": ""+32 2 580 16 30"", ""contact:website"": ""https://kroket.eatbu.com"", ""name"": ""Kroket""}"
ixelles,osm:node/4864777206,Le Nouvel Artiste,restaurant,amenity=restaurant,,,50.838665,4.3705045,,,,NO_WEBSITE,2026-08-19T11:30:10.603970+00:00,clean,,,"{""amenity"": ""restaurant"", ""name"": ""Le Nouvel Artiste""}"
ixelles,osm:node/4866210821,Les Dodi,cafe,amenity=cafe,,,50.8393782,4.3856995,,https://www.lesdodi.com,https://www.facebook.com/lesdodi/,WEBSITE_PRESENT,2026-08-19T11:30:10.603970+00:00,clean,,,"{""amenity"": ""cafe"", ""contact:facebook"": ""https://www.facebook.com/lesdodi/"", ""name"": ""Les Dodi"", ""website"": ""https://www.lesdodi.com""}"
ixelles,osm:node/4866224880,Cafla,cafe,amenity=cafe,,,50.8392174,4.3857843,,,,NO_WEBSITE,2026-08-19T11:30:10.603970+00:00,clean,,,"{""amenity"": ""cafe"", ""name"": ""Cafla""}"
ixelles,osm:node/4866234658,Meatropolis,restaurant,amenity=restaurant,,,50.8392742,4.3857544,,,,NO_WEBSITE,2026-08-19T11:30:10.603970+00:00,clean,,,"{""amenity"": ""restaurant"", ""name"": ""Meatropolis""}"
ixelles,osm:node/4868056621,Fonteyne the Kitchen,fast-food,amenity=fast_food,,,50.8283499,4.362101,,,,NO_WEBSITE,2026-08-19T11:30:10.603970+00:00,clean,,,"{""amenity"": ""fast_food"", ""name"": ""Fonteyne the Kitchen""}"
ixelles,osm:node/4869955189,Chat Rabiat,cafe,amenity=cafe,,,50.8114789,4.3428415,,,,NO_WEBSITE,2026-08-19T11:30:10.603970+00:00,clean,,,"{""amenity"": ""cafe"", ""name"": ""Chat Rabiat""}"
ixelles,osm:node/4874768694,The Sandwich Club,fast-food,amenity=fast_food,,,50.8383895,4.372727,+32 2 428 48 85,https://thesandwichclub.co,,WEBSITE_PRESENT,2026-08-19T11:30:10.603970+00:00,clean,,,"{""amenity"": ""fast_food"", ""contact:phone"": ""+32 2 428 48 85"", ""contact:website"": ""https://thesandwichclub.co"", ""name"": ""The Sandwich Club""}"
ixelles,osm:node/4874783128,Star of Asia,restaurant,amenity=restaurant,,,50.8380346,4.3725479,+32 2 502 37 64,https://starofasia.eu,,WEBSITE_PRESENT,2026-08-19T11:30:10.603970+00:00,clean,,,"{""amenity"": ""restaurant"", ""contact:phone"": ""+32 2 502 37 64"", ""contact:website"": ""https://starofasia.eu"", ""name"": ""Star of Asia""}"
ixelles,osm:node/4880247808,La Patinoire,restaurant,amenity=restaurant,,,50.8123754,4.3709922,,https://www.brasseriedelapatinoire.be,,WEBSITE_PRESENT,2026-08-19T11:30:10.603970+00:00,clean,,,"{""amenity"": ""restaurant"", ""name"": ""La Patinoire"", ""website"": ""https://www.brasseriedelapatinoire.be""}"
ixelles,osm:node/4880345054,Vanden Borre,electronics-stores,shop=electronics,,,50.8359205,4.3634018,+32 2 513 44 70,https://www.vandenborre.be,,WEBSITE_PRESENT,2026-08-19T11:30:10.603970+00:00,existing_duplicate,"source id, name/address, phone, or website matched existing listing",,"{""brand"": ""Vanden Borre"", ""contact:phone"": ""+32 2 513 44 70"", ""contact:website"": ""https://www.vandenborre.be"", ""name"": ""Vanden Borre"", ""shop"": ""electronics""}"
ixelles,osm:node/4881826304,Avanti,restaurant,amenity=restaurant,,,50.8200375,4.3822105,+32 2 648 85 80,,,NO_WEBSITE,2026-08-19T11:30:10.603970+00:00,clean,,,"{""amenity"": ""restaurant"", ""contact:phone"": ""+32 2 648 85 80"", ""name"": ""Avanti""}"
ixelles,osm:node/4885140473,L'architecte,restaurant,amenity=restaurant,,,50.8274404,4.3735166,,,,NO_WEBSITE,2026-08-19T11:30:10.603970+00:00,clean,,,"{""amenity"": ""restaurant"", ""name"": ""L'architecte""}"
ixelles,osm:node/4885207531,BODYdharma Louise,beauty-salon,shop=beauty,,,50.8229149,4.3669676,+32 2 218 98 25,https://www.bodydharma.be/,,WEBSITE_PRESENT,2026-08-19T11:30:10.603970+00:00,clean,,,"{""contact:phone"": ""+32 2 218 98 25"", ""contact:website"": ""https://www.bodydharma.be/"", ""name"": ""BODYdharma Louise"", ""shop"": ""beauty""}"
ixelles,osm:node/4885415629,Le Pain Quotidien,cafe,amenity=cafe,,,50.819879,4.3596948,,,,NO_WEBSITE,2026-08-19T11:30:10.603970+00:00,clean,,,"{""amenity"": ""cafe"", ""brand"": ""Le Pain Quotidien"", ""name"": ""Le Pain Quotidien""}"
ixelles,osm:node/4885721719,Volkswagen,car-dealers,shop=car,,,50.8225717,4.3604212,,,,NO_WEBSITE,2026-08-19T11:30:10.603970+00:00,clean,,,"{""brand"": ""Volkswagen"", ""name"": ""Volkswagen"", ""shop"": ""car""}"
ixelles,osm:node/4890506560,Bois Savanes,restaurant,amenity=restaurant,,,50.8396092,4.3825354,+32 2 230 34 46,https://www.boissavanes.be,,WEBSITE_PRESENT,2026-08-19T11:30:10.603970+00:00,clean,,,"{""amenity"": ""restaurant"", ""contact:phone"": ""+32 2 230 34 46"", ""contact:website"": ""https://www.boissavanes.be"", ""name"": ""Bois Savanes""}"
ixelles,osm:node/4890538627,Dai Sardi Ristorante Caralis,restaurant,amenity=restaurant,,,50.8397125,4.3828519,+32 2 725 71 88,http://www.ristorantedaisardi-caralis.be,,WEBSITE_PRESENT,2026-08-19T11:30:10.603970+00:00,clean,,,"{""amenity"": ""restaurant"", ""contact:phone"": ""+32 2 725 71 88"", ""contact:website"": ""http://www.ristorantedaisardi-caralis.be"", ""name"": ""Dai Sardi Ristorante Caralis""}"
ixelles,osm:node/4895361746,Mo Mo,restaurant,amenity=restaurant,,,50.8250629,4.3432367,+32 2 522 09 68,https://mo-mo.eu/,,WEBSITE_PRESENT,2026-08-19T11:30:10.603970+00:00,clean,,,"{""amenity"": ""restaurant"", ""contact:phone"": ""+32 2 522 09 68"", ""contact:website"": ""https://mo-mo.eu/"", ""name"": ""Mo Mo""}"
ixelles,osm:node/4895361747,La Taqueria,restaurant,amenity=restaurant,,,50.8278725,4.3704426,,,,NO_WEBSITE,2026-08-19T11:30:10.603970+00:00,clean,,,"{""amenity"": ""restaurant"", ""name"": ""La Taqueria""}"
ixelles,osm:node/4895367259,Theatre Varia,restaurant,amenity=restaurant,,,50.8346937,4.3787545,,,,NO_WEBSITE,2026-08-19T11:30:10.603970+00:00,clean,,,"{""amenity"": ""restaurant"", ""name"": ""Theatre Varia""}"
ixelles,osm:node/4895392732,Lilboy,restaurant,amenity=restaurant,,,50.8207773,4.3610103,+32 2 897 34 24,https://lilboytakeaway.be/,,WEBSITE_PRESENT,2026-08-19T11:30:10.603970+00:00,clean,,,"{""amenity"": ""restaurant"", ""contact:phone"": ""+32 2 897 34 24"", ""contact:website"": ""https://lilboytakeaway.be/"", ""name"": ""Lilboy""}"
ixelles,osm:node/4903511028,Babam,restaurant,amenity=restaurant,,,50.8095796,4.3957328,+32 2 660 26 77,https://babam.be/,babam.bxl,WEBSITE_PRESENT,2026-08-19T11:30:10.603970+00:00,clean,,,"{""amenity"": ""restaurant"", ""contact:instagram"": ""babam.bxl"", ""contact:phone"": ""+32 2 660 26 77"", ""contact:website"": ""https://babam.be/"", ""name"": ""Babam""}"
ixelles,osm:node/4904866144,Le Doux Lounge,restaurant,amenity=restaurant,,,50.8314147,4.3560197,,https://www.douxlounge.be/,,WEBSITE_PRESENT,2026-08-19T11:30:10.603970+00:00,clean,,,"{""amenity"": ""restaurant"", ""name"": ""Le Doux Lounge"", ""website"": ""https://www.douxlounge.be/""}"
ixelles,osm:node/4912154321,B-Cook,pastry-shops,shop=bakery,,,50.8137249,4.3459731,+32 2 201 97 67,,,NO_WEBSITE,2026-08-19T11:30:10.603970+00:00,clean,,,"{""contact:phone"": ""+32 2 201 97 67"", ""name"": ""B-Cook"", ""shop"": ""bakery""}"
ixelles,osm:node/4912851023,Coiffure L'Artiste,beauty-salon,shop=hairdresser,,,50.8356594,4.3756747,,,,NO_WEBSITE,2026-08-19T11:30:10.603970+00:00,clean,,,"{""name"": ""Coiffure L'Artiste"", ""shop"": ""hairdresser""}"
ixelles,osm:node/4933087864,Rnlt,car-dealers,shop=car,,,50.8376811,4.3607675,,,,NO_WEBSITE,2026-08-19T11:30:10.603970+00:00,clean,,,"{""name"": ""Rnlt"", ""shop"": ""car""}"
ixelles,osm:node/4933095929,Pulsion,clothing-store,shop=clothes,,,50.837432,4.3601599,,,,NO_WEBSITE,2026-08-19T11:30:10.603970+00:00,clean,,,"{""name"": ""Pulsion"", ""shop"": ""clothes""}"
ixelles,osm:node/4933101266,Cosyns,jewelry-stores,shop=jewelry,,,50.8373859,4.360052,,https://www.cosyns.be/,,WEBSITE_PRESENT,2026-08-19T11:30:10.603970+00:00,clean,,,"{""contact:website"": ""https://www.cosyns.be/"", ""name"": ""Cosyns"", ""operator"": ""Cosyns"", ""shop"": ""jewelry""}"
ixelles,osm:node/4933200941,Tommy Hilfiger,clothing-store,shop=clothes,,,50.8372435,4.3598021,,,,NO_WEBSITE,2026-08-19T11:30:10.603970+00:00,clean,,,"{""brand"": ""Tommy Hilfiger"", ""name"": ""Tommy Hilfiger"", ""shop"": ""clothes""}"
ixelles,osm:node/4933241004,Massimo Dutti,clothing-store,shop=clothes,,,50.8370589,4.3592429,,https://www.massimodutti.com/be/,,WEBSITE_PRESENT,2026-08-19T11:30:10.603970+00:00,existing_duplicate,"source id, name/address, phone, or website matched existing listing",,"{""brand"": ""Massimo Dutti"", ""contact:website"": ""https://www.massimodutti.com/be/"", ""name"": ""Massimo Dutti"", ""shop"": ""clothes""}"
ixelles,osm:node/4933247578,Morgan,clothing-store,shop=clothes,,,50.8369886,4.3590726,,,,NO_WEBSITE,2026-08-19T11:30:10.603970+00:00,clean,,,"{""name"": ""Morgan"", ""shop"": ""clothes""}"
ixelles,osm:node/4933255948,L'Atelier d'Amaya,jewelry-stores,shop=jewelry,,,50.836942,4.3589706,,,,NO_WEBSITE,2026-08-19T11:30:10.603970+00:00,clean,,,"{""name"": ""L'Atelier d'Amaya"", ""shop"": ""jewelry""}"
ixelles,osm:node/4936860981,Domino's,fast-food,amenity=fast_food,,,50.8325013,4.3499657,,,,NO_WEBSITE,2026-08-19T11:30:10.603970+00:00,clean,,,"{""amenity"": ""fast_food"", ""brand"": ""Domino's"", ""name"": ""Domino's""}"
ixelles,osm:node/4956343355,L'Amère à Boire Saint-Gilles,bars-pubs,amenity=pub,,,50.826136,4.3450925,,,,NO_WEBSITE,2026-08-19T11:30:10.603970+00:00,clean,,,"{""amenity"": ""pub"", ""name"": ""L'Amère à Boire Saint-Gilles""}"
ixelles,osm:node/4961202821,Menma – Restaurant de ramen,restaurant,amenity=restaurant,,,50.8177058,4.3881782,+32 2 648 73 70,,,NO_WEBSITE,2026-08-19T11:30:10.603970+00:00,clean,,,"{""amenity"": ""restaurant"", ""contact:phone"": ""+32 2 648 73 70"", ""name"": ""Menma – Restaurant de ramen""}"
ixelles,osm:node/4973173979,Intimissimi,clothing-store,shop=clothes,,,50.8362341,4.3572736,,,,NO_WEBSITE,2026-08-19T11:30:10.603970+00:00,clean,,,"{""brand"": ""Intimissimi"", ""name"": ""Intimissimi"", ""shop"": ""clothes""}"
ixelles,osm:node/4973183462,Pokawa,fast-food,amenity=fast_food,,,50.8361872,4.3576678,+32 2 513 03 03,https://restaurants.pokawa.com/poke-bowl-bruxelles-toison-dor/,,WEBSITE_PRESENT,2026-08-19T11:30:10.603970+00:00,clean,,,"{""amenity"": ""fast_food"", ""brand"": ""Pokawa"", ""contact:phone"": ""+32 2 513 03 03"", ""contact:website"": ""https://restaurants.pokawa.com/poke-bowl-bruxelles-toison-dor/"", ""name"": ""Pokawa""}"
ixelles,osm:node/4973879985,Café des Spores,restaurant,amenity=restaurant,,,50.8234041,4.3428312,,https://www.cafedesspores.be,,WEBSITE_PRESENT,2026-08-19T11:30:10.603970+00:00,clean,,,"{""amenity"": ""restaurant"", ""name"": ""Café des Spores"", ""website"": ""https://www.cafedesspores.be""}"
ixelles,osm:node/4973895934,Gimic,bars-pubs,amenity=bar,,,50.8369883,4.3475855,,https://gimicradio.com,,WEBSITE_PRESENT,2026-08-19T11:30:10.603970+00:00,clean,,,"{""amenity"": ""bar"", ""name"": ""Gimic"", ""website"": ""https://gimicradio.com""}"
ixelles,osm:node/4973897088,Café Midi,cafe,amenity=cafe,,,50.8372787,4.3405709,,,,NO_WEBSITE,2026-08-19T11:30:10.603970+00:00,clean,,,"{""amenity"": ""cafe"", ""name"": ""Café Midi""}"
ixelles,osm:node/5046613063,Dam Sum,restaurant,amenity=restaurant,,,50.8254454,4.3583595,,https://www.damsumrestaurant.com/,,WEBSITE_PRESENT,2026-08-19T11:30:10.603970+00:00,clean,,,"{""amenity"": ""restaurant"", ""contact:website"": ""https://www.damsumrestaurant.com/"", ""name"": ""Dam Sum"", ""url"": ""https://www.brusselskitchen.com/dam-sum/bruxelles/restaurant?lang=en""}"
ixelles,osm:node/5051859510,Snap,bars-pubs,amenity=bar,,,50.8253671,4.3581346,,https://www.snapbar.com/,,WEBSITE_PRESENT,2026-08-19T11:30:10.603970+00:00,clean,,,"{""amenity"": ""bar"", ""contact:website"": ""https://www.snapbar.com/"", ""name"": ""Snap""}"
ixelles,osm:node/5055559170,Carrefour Market,supermarkets,shop=supermarket,,,50.81504,4.3671187,+32 2 343 51 87,https://magasins.carrefour.eu/fr/s/carrefour/carrefour-market-bascule-bruxelles/375,,WEBSITE_PRESENT,2026-08-19T11:30:10.603970+00:00,clean,,,"{""brand"": ""Carrefour Market"", ""contact:phone"": ""+32 2 343 51 87"", ""contact:website"": ""https://magasins.carrefour.eu/fr/s/carrefour/carrefour-market-bascule-bruxelles/375"", ""name"": ""Carrefour Market"", ""operator"": ""Groupe Carrefour"", ""shop"": ""supermarket""}"
ixelles,osm:node/5056667971,Au Délice,restaurant,amenity=restaurant,,,50.8125216,4.3469979,+32 2 344 89 93,https://www.au-delice.be,,WEBSITE_PRESENT,2026-08-19T11:30:10.603970+00:00,clean,,,"{""amenity"": ""restaurant"", ""contact:phone"": ""+32 2 344 89 93"", ""contact:website"": ""https://www.au-delice.be"", ""name"": ""Au Délice""}"
ixelles,osm:node/5060543344,Multipharma,pharmacy,amenity=pharmacy,,,50.8133802,4.3475561,+32 2 344 36 38,,,NO_WEBSITE,2026-08-19T11:30:10.603970+00:00,clean,,,"{""amenity"": ""pharmacy"", ""brand"": ""Multipharma"", ""contact:phone"": ""+32 2 344 36 38"", ""healthcare"": ""pharmacy"", ""name"": ""Multipharma"", ""operator"": ""Multipharma""}"
ixelles,osm:node/5060543346,Saveur naturelle,pastry-shops,shop=bakery,,,50.8131647,4.3474158,,,,NO_WEBSITE,2026-08-19T11:30:10.603970+00:00,clean,,,"{""name"": ""Saveur naturelle"", ""shop"": ""bakery""}"
ixelles,osm:node/5060543349,Dan,jewelry-stores,shop=jewelry,,,50.8130107,4.3473156,,,,NO_WEBSITE,2026-08-19T11:30:10.603970+00:00,clean,,,"{""name"": ""Dan"", ""shop"": ""jewelry""}"
ixelles,osm:node/5060613914,Carlito Sport,gym,leisure=fitness_centre,,,50.8394078,4.40077,,,,NO_WEBSITE,2026-08-19T11:30:10.603970+00:00,clean,,,"{""leisure"": ""fitness_centre"", ""name"": ""Carlito Sport""}"
ixelles,osm:node/5060667122,La Famille,bars-pubs,amenity=pub,,,50.8255803,4.3598431,,,,NO_WEBSITE,2026-08-19T11:30:10.603970+00:00,clean,,,"{""amenity"": ""pub"", ""name"": ""La Famille""}"
ixelles,osm:node/5073100220,seven,restaurant,amenity=restaurant,,,50.8388509,4.3859775,,https://www.seven-brussels.com/cinquantenaire/,,WEBSITE_PRESENT,2026-08-19T11:30:10.603970+00:00,clean,,,"{""amenity"": ""restaurant"", ""contact:website"": ""https://www.seven-brussels.com/cinquantenaire/"", ""name"": ""seven""}"
ixelles,osm:node/5092080803,Milano Torino,restaurant,amenity=restaurant,,,50.8202207,4.3628078,,https://milanotorino.eu/bruxelles-brugmann/,,WEBSITE_PRESENT,2026-08-19T11:30:10.603970+00:00,clean,,,"{""amenity"": ""restaurant"", ""contact:website"": ""https://milanotorino.eu/bruxelles-brugmann/"", ""name"": ""Milano Torino""}"
ixelles,osm:node/5092082038,Cŏcīna,restaurant,amenity=restaurant,,,50.8204222,4.3628576,,http://cocina.be/,,WEBSITE_PRESENT,2026-08-19T11:30:10.603970+00:00,clean,,,"{""amenity"": ""restaurant"", ""contact:website"": ""http://cocina.be/"", ""name"": ""Cŏcīna""}"
ixelles,osm:node/5092096841,Batch,cafe,amenity=cafe,,,50.8192225,4.3613119,,https://www.batchbrussels.com/,https://www.instagram.com/batch.brussels/,WEBSITE_PRESENT,2026-08-19T11:30:10.603970+00:00,clean,,,"{""amenity"": ""cafe"", ""contact:instagram"": ""https://www.instagram.com/batch.brussels/"", ""contact:website"": ""https://www.batchbrussels.com/"", ""name"": ""Batch""}"
ixelles,osm:node/5092104510,Kamo,restaurant,amenity=restaurant,,,50.8193649,4.3615191,+32 2 648 78 48,https://www.restaurant-kamo.be/,,WEBSITE_PRESENT,2026-08-19T11:30:10.603970+00:00,clean,,,"{""amenity"": ""restaurant"", ""contact:phone"": ""+32 2 648 78 48"", ""contact:website"": ""https://www.restaurant-kamo.be/"", ""name"": ""Kamo""}"
ixelles,osm:node/5092107887,Car Bon,restaurant,amenity=restaurant,,,50.8192787,4.36173,+32 2 346 64 60,https://carbon-traditional-restaurant.business.site/,,WEBSITE_PRESENT,2026-08-19T11:30:10.603970+00:00,clean,,,"{""amenity"": ""restaurant"", ""contact:phone"": ""+32 2 346 64 60"", ""contact:website"": ""https://carbon-traditional-restaurant.business.site/"", ""name"": ""Car Bon""}"
ixelles,osm:node/5092120918,Le Fringant,restaurant,amenity=restaurant,,,50.8187922,4.3627957,,,,NO_WEBSITE,2026-08-19T11:30:10.603970+00:00,clean,,,"{""amenity"": ""restaurant"", ""name"": ""Le Fringant""}"
ixelles,osm:node/5092132797,Le garage à manger,restaurant,amenity=restaurant,,,50.8191464,4.3628172,+32 2 880 67 74,https://garage-a-manger.be/,,WEBSITE_PRESENT,2026-08-19T11:30:10.603970+00:00,clean,,,"{""amenity"": ""restaurant"", ""contact:phone"": ""+32 2 880 67 74"", ""contact:website"": ""https://garage-a-manger.be/"", ""name"": ""Le garage à manger""}"
ixelles,osm:node/5094225732,Beauty By Us,beauty-salon,shop=hairdresser,,,50.8186055,4.3633274,,,,NO_WEBSITE,2026-08-19T11:30:10.603970+00:00,clean,,,"{""name"": ""Beauty By Us"", ""shop"": ""hairdresser""}"
ixelles,osm:node/5094225734,Le Damier,bars-pubs,amenity=bar,,,50.8184632,4.363582,,,,NO_WEBSITE,2026-08-19T11:30:10.603970+00:00,clean,,,"{""amenity"": ""bar"", ""name"": ""Le Damier""}"
ixelles,osm:node/5094716870,Nem Nem Càphê,restaurant,amenity=restaurant,,,50.8179102,4.3930076,,,,NO_WEBSITE,2026-08-19T11:30:10.603970+00:00,clean,,,"{""amenity"": ""restaurant"", ""name"": ""Nem Nem Càphê""}"
ixelles,osm:node/5105324343,Petit Bateau,clothing-store,shop=clothes,,,50.8357644,4.3561732,+32 2 545 76 50,https://fr.petit-bateau.be/s/boutique/158-petit-bateau-louise.html,,WEBSITE_PRESENT,2026-08-19T11:30:10.603970+00:00,clean,,,"{""brand"": ""Petit Bateau"", ""contact:phone"": ""+32 2 545 76 50"", ""contact:website"": ""https://fr.petit-bateau.be/s/boutique/158-petit-bateau-louise.html"", ""name"": ""Petit Bateau"", ""shop"": ""clothes""}"
ixelles,osm:node/5110746338,L'Horloge du Sud,restaurant,amenity=restaurant,,,50.8358405,4.3712513,+32 2 512 18 64,https://www.horlogedusud.be/,,WEBSITE_PRESENT,2026-08-19T11:30:10.603970+00:00,clean,,,"{""amenity"": ""restaurant"", ""contact:phone"": ""+32 2 512 18 64"", ""contact:website"": ""https://www.horlogedusud.be/"", ""name"": ""L'Horloge du Sud""}"
ixelles,osm:node/5111380867,13 Degrés,bars-pubs,amenity=bar,,,50.8369977,4.3810073,+32 2 231 10 06,https://13degres.be/,,WEBSITE_PRESENT,2026-08-19T11:30:10.603970+00:00,clean,,,"{""amenity"": ""bar"", ""contact:phone"": ""+32 2 231 10 06"", ""contact:website"": ""https://13degres.be/"", ""name"": ""13 Degrés""}"
ixelles,osm:node/5111525129,Howards,jewelry-stores,shop=jewelry,,,50.8394447,4.3539842,+32 2 513 84 48,https://howardsbrussels.com,,WEBSITE_PRESENT,2026-08-19T11:30:10.603970+00:00,clean,,,"{""contact:phone"": ""+32 2 513 84 48"", ""contact:website"": ""https://howardsbrussels.com"", ""name"": ""Howards"", ""shop"": ""jewelry""}"
ixelles,osm:node/5111596351,Le Corbier,restaurant,amenity=restaurant,,,50.8396032,4.3526652,+32 2 513 51 95,,,NO_WEBSITE,2026-08-19T11:30:10.603970+00:00,clean,,,"{""amenity"": ""restaurant"", ""contact:phone"": ""+32 2 513 51 95"", ""name"": ""Le Corbier""}"
ixelles,osm:node/5111632138,Vasco & Co,bookstore,shop=books,,,50.8397803,4.3530837,,https://vascobooks.net,,WEBSITE_PRESENT,2026-08-19T11:30:10.603970+00:00,clean,,,"{""contact:website"": ""https://vascobooks.net"", ""name"": ""Vasco & Co"", ""shop"": ""books""}"
ixelles,osm:node/5111684748,Charlotte,fast-food,amenity=fast_food,,,50.8376677,4.34623,,,,NO_WEBSITE,2026-08-19T11:30:10.603970+00:00,clean,,,"{""amenity"": ""fast_food"", ""name"": ""Charlotte""}"
ixelles,osm:node/5111693903,Au Vieux Marché,bars-pubs,amenity=pub,,,50.8364125,4.3453938,,,,NO_WEBSITE,2026-08-19T11:30:10.603970+00:00,clean,,,"{""amenity"": ""pub"", ""name"": ""Au Vieux Marché""}"
ixelles,osm:node/5111693904,Au Mouton Bleu - In Den Blauwen Lemmen,bars-pubs,amenity=pub,,,50.8363714,4.3454944,,,,NO_WEBSITE,2026-08-19T11:30:10.603970+00:00,clean,,,"{""amenity"": ""pub"", ""name"": ""Au Mouton Bleu - In Den Blauwen Lemmen""}"
ixelles,osm:node/5111694586,Le Stoefer,bars-pubs,amenity=pub,,,50.8367762,4.3448587,,,,NO_WEBSITE,2026-08-19T11:30:10.603970+00:00,clean,,,"{""amenity"": ""pub"", ""name"": ""Le Stoefer""}"
ixelles,osm:node/5111696130,La Plume - De Pluim,bars-pubs,amenity=bar,,,50.8368626,4.3449687,,,,NO_WEBSITE,2026-08-19T11:30:10.603970+00:00,clean,,,"{""amenity"": ""bar"", ""name"": ""La Plume - De Pluim""}"
ixelles,osm:node/5111696137,Les Puces des Marolles,bars-pubs,amenity=pub,,,50.8369029,4.3450203,,,,NO_WEBSITE,2026-08-19T11:30:10.603970+00:00,clean,,,"{""amenity"": ""pub"", ""name"": ""Les Puces des Marolles""}"
ixelles,osm:node/5111697010,Le Pavé,bars-pubs,amenity=bar,,,50.836811,4.3449023,,,,NO_WEBSITE,2026-08-19T11:30:10.603970+00:00,clean,,,"{""amenity"": ""bar"", ""name"": ""Le Pavé""}"
ixelles,osm:node/5111702994,Café Aline,bars-pubs,amenity=bar,,,50.837013,4.3451336,,,,NO_WEBSITE,2026-08-19T11:30:10.603970+00:00,clean,,,"{""amenity"": ""bar"", ""name"": ""Café Aline""}"
ixelles,osm:node/5111705343,La Sardine du Marseillais,fast-food,amenity=fast_food,,,50.8375089,4.3468677,,,,NO_WEBSITE,2026-08-19T11:30:10.603970+00:00,clean,,,"{""amenity"": ""fast_food"", ""name"": ""La Sardine du Marseillais""}"
ixelles,osm:node/5112268822,Midas,,shop=car_repair,,,50.823351,4.4016134,+32 2 647 59 05,https://www.midas.be,,WEBSITE_PRESENT,2026-08-19T11:30:10.603970+00:00,clean,,no confident canonical category mapping,"{""brand"": ""Midas"", ""contact:phone"": ""+32 2 647 59 05"", ""contact:website"": ""https://www.midas.be"", ""name"": ""Midas"", ""shop"": ""car_repair""}"
ixelles,osm:node/5112269021,Färm,supermarkets,shop=supermarket,,,50.8234006,4.4020281,+32 2 318 58 53,https://www.farm.coop/farm-hankar,https://facebook.com/farm.hankar,WEBSITE_PRESENT,2026-08-19T11:30:10.603970+00:00,clean,,,"{""contact:facebook"": ""https://facebook.com/farm.hankar"", ""contact:phone"": ""+32 2 318 58 53"", ""contact:website"": ""https://www.farm.coop/farm-hankar"", ""name"": ""Färm"", ""shop"": ""supermarket""}"
ixelles,osm:node/5112269121,De Masala Box,restaurant,amenity=restaurant,,,50.824565,4.3995844,+32 2 646 03 20,https://www.demasalabox.com/,,WEBSITE_PRESENT,2026-08-19T11:30:10.603970+00:00,clean,,,"{""amenity"": ""restaurant"", ""contact:phone"": ""+32 2 646 03 20"", ""contact:website"": ""https://www.demasalabox.com/"", ""name"": ""De Masala Box""}"
ixelles,osm:node/5112269322,Veritas,clothing-store,shop=clothes,,,50.8294397,4.3915153,+32 2 647 44 77,https://www.veritas.be/fr_be/stores/veritas-etterbeek,,WEBSITE_PRESENT,2026-08-19T11:30:10.603970+00:00,existing_duplicate,"source id, name/address, phone, or website matched existing listing",,"{""brand"": ""Veritas"", ""contact:phone"": ""+32 2 647 44 77"", ""contact:website"": ""https://www.veritas.be/fr_be/stores/veritas-etterbeek"", ""name"": ""Veritas"", ""shop"": ""clothes""}"
ixelles,osm:node/5112269521,Boutique Jipex,clothing-store,shop=clothes,,,50.8297732,4.390957,,,,NO_WEBSITE,2026-08-19T11:30:10.603970+00:00,clean,,,"{""name"": ""Boutique Jipex"", ""shop"": ""clothes""}"
ixelles,osm:node/5115207019,Joe & The Juice,cafe,amenity=cafe,,,50.8395444,4.3610031,,https://www.joejuice.com/,,WEBSITE_PRESENT,2026-08-19T11:30:10.603970+00:00,existing_duplicate,"source id, name/address, phone, or website matched existing listing",,"{""amenity"": ""cafe"", ""brand"": ""Joe & The Juice"", ""contact:website"": ""https://www.joejuice.com/"", ""name"": ""Joe & The Juice""}"
ixelles,osm:node/5115211454,Ambiorix,shoe-stores,shop=shoes,,,50.8394743,4.3611281,+32 2 207 10 10,https://www.ambiorix.be,,WEBSITE_PRESENT,2026-08-19T11:30:10.603970+00:00,existing_duplicate,"source id, name/address, phone, or website matched existing listing",,"{""contact:phone"": ""+32 2 207 10 10"", ""contact:website"": ""https://www.ambiorix.be"", ""name"": ""Ambiorix"", ""operator"": ""Ambiorix"", ""shop"": ""shoes""}"
ixelles,osm:node/5115252325,Ottanta,restaurant,amenity=restaurant,,,50.8392408,4.3615782,,,,NO_WEBSITE,2026-08-19T11:30:10.603970+00:00,clean,,,"{""amenity"": ""restaurant"", ""name"": ""Ottanta""}"
ixelles,osm:node/5115258125,By B,jewelry-stores,shop=jewelry,,,50.8390422,4.3612736,+32 2 513 77 17,https://www.by-b.be,,WEBSITE_PRESENT,2026-08-19T11:30:10.603970+00:00,clean,,,"{""contact:phone"": ""+32 2 513 77 17"", ""contact:website"": ""https://www.by-b.be"", ""name"": ""By B"", ""shop"": ""jewelry""}"
ixelles,osm:node/5115263465,Benson,shoe-stores,shop=shoes,,,50.838982,4.361351,+32 2 502 69 59,https://www.benson-shoes.be/,,WEBSITE_PRESENT,2026-08-19T11:30:10.603970+00:00,clean,,,"{""contact:phone"": ""+32 2 502 69 59"", ""contact:website"": ""https://www.benson-shoes.be/"", ""name"": ""Benson"", ""operator"": ""Benson"", ""shop"": ""shoes""}"
ixelles,osm:node/5115524362,Manalys,jewelry-stores,shop=jewelry,,,50.8384472,4.3604056,+32 2 512 61 18,https://manalys.com,,WEBSITE_PRESENT,2026-08-19T11:30:10.603970+00:00,clean,,,"{""contact:phone"": ""+32 2 512 61 18"", ""contact:website"": ""https://manalys.com"", ""name"": ""Manalys"", ""shop"": ""jewelry""}"
ixelles,osm:node/5115548586,Éric Bompard,clothing-store,shop=clothes,,,50.8383395,4.3601485,+32 2 513 56 23,https://www.eric-bompard.com,,WEBSITE_PRESENT,2026-08-19T11:30:10.603970+00:00,existing_duplicate,"source id, name/address, phone, or website matched existing listing",,"{""brand"": ""Éric Bompard"", ""contact:phone"": ""+32 2 513 56 23"", ""contact:website"": ""https://www.eric-bompard.com"", ""name"": ""Éric Bompard"", ""operator"": ""La Maison Bompard"", ""shop"": ""clothes""}"
ixelles,osm:node/5115556827,Hackett London,clothing-store,shop=clothes,,,50.8382574,4.3599525,+32 2 502 73 24,https://www.hackett.com,,WEBSITE_PRESENT,2026-08-19T11:30:10.603970+00:00,clean,,,"{""brand"": ""Hackett London"", ""contact:phone"": ""+32 2 502 73 24"", ""contact:website"": ""https://www.hackett.com"", ""name"": ""Hackett London"", ""operator"": ""Hackett London"", ""shop"": ""clothes""}"
ixelles,osm:node/5115559206,Burberry,clothing-store,shop=clothes,,,50.8381746,4.3597547,+32 2 402 44 00,https://be.burberry.com,,WEBSITE_PRESENT,2026-08-19T11:30:10.603970+00:00,clean,,,"{""brand"": ""Burberry"", ""contact:phone"": ""+32 2 402 44 00"", ""contact:website"": ""https://be.burberry.com"", ""name"": ""Burberry"", ""operator"": ""Burberry"", ""shop"": ""clothes""}"
ixelles,osm:node/5115613961,Giorgio Armani,clothing-store,shop=clothes,,,50.8376932,4.3586053,+32 2 513 81 15,https://locations.armani.com/giorgio-armani/belgium/giorgio-armani-brussels,,WEBSITE_PRESENT,2026-08-19T11:30:10.603970+00:00,clean,,,"{""brand"": ""Giorgio Armani"", ""contact:phone"": ""+32 2 513 81 15"", ""contact:website"": ""https://locations.armani.com/giorgio-armani/belgium/giorgio-armani-brussels"", ""name"": ""Giorgio Armani"", ""operator"": ""Armani"", ""shop"": ""clothes""}"
ixelles,osm:node/5115637018,Scabal,clothing-store,shop=clothes,,,50.837504,4.3581536,+32 2 512 42 03,https://www.scabal.com/,,WEBSITE_PRESENT,2026-08-19T11:30:10.603970+00:00,clean,,,"{""contact:phone"": ""+32 2 512 42 03"", ""contact:website"": ""https://www.scabal.com/"", ""name"": ""Scabal"", ""operator"": ""Scabal"", ""shop"": ""clothes""}"
ixelles,osm:node/5115665397,Emporio Armani,clothing-store,shop=clothes,,,50.8369724,4.3568843,+32 2 551 04 04,https://www.armani.com/be,,WEBSITE_PRESENT,2026-08-19T11:30:10.603970+00:00,existing_duplicate,"source id, name/address, phone, or website matched existing listing",,"{""brand"": ""Emporio Armani"", ""contact:phone"": ""+32 2 551 04 04"", ""contact:website"": ""https://www.armani.com/be"", ""name"": ""Emporio Armani"", ""operator"": ""Armani"", ""shop"": ""clothes""}"
ixelles,osm:node/5115678337,Tod's,shoe-stores,shop=shoes,,,50.8370194,4.3569966,+32 2 513 30 05,http://www.tods.com,,WEBSITE_PRESENT,2026-08-19T11:30:10.603970+00:00,clean,,,"{""brand"": ""Tod's"", ""contact:phone"": ""+32 2 513 30 05"", ""contact:website"": ""http://www.tods.com"", ""name"": ""Tod's"", ""operator"": ""Tod's"", ""shop"": ""shoes""}"
ixelles,osm:node/5115689182,Gucci,clothing-store,shop=clothes,,,50.8369002,4.3567122,+32 2 511 11 82,https://www.gucci.com/be,,WEBSITE_PRESENT,2026-08-19T11:30:10.603970+00:00,clean,,,"{""brand"": ""Gucci"", ""contact:phone"": ""+32 2 511 11 82"", ""contact:website"": ""https://www.gucci.com/be"", ""name"": ""Gucci"", ""operator"": ""Gucci"", ""shop"": ""clothes""}"
ixelles,osm:node/5115695731,Hermès,clothing-store,shop=clothes,,,50.836852,4.356597,+32 2 511 20 62,http://www.hermes.com,,WEBSITE_PRESENT,2026-08-19T11:30:10.603970+00:00,clean,,,"{""brand"": ""Hermès"", ""contact:phone"": ""+32 2 511 20 62"", ""contact:website"": ""http://www.hermes.com"", ""name"": ""Hermès"", ""operator"": ""Hermès"", ""shop"": ""clothes""}"
ixelles,osm:node/5115698993,Ralph Lauren,clothing-store,shop=clothes,,,50.8368005,4.3564739,+32 2 511 82 08,https://www.ralphlauren.com/,,WEBSITE_PRESENT,2026-08-19T11:30:10.603970+00:00,clean,,,"{""contact:phone"": ""+32 2 511 82 08"", ""contact:website"": ""https://www.ralphlauren.com/"", ""name"": ""Ralph Lauren"", ""operator"": ""Ralph Lauren"", ""shop"": ""clothes""}"
ixelles,osm:node/5115702323,Jimmy Choo,shoe-stores,shop=shoes,,,50.8367599,4.3563771,+32 2 514 75 94,https://row.jimmychoo.com/,,WEBSITE_PRESENT,2026-08-19T11:30:10.603970+00:00,clean,,,"{""brand"": ""Jimmy Choo"", ""contact:phone"": ""+32 2 514 75 94"", ""contact:website"": ""https://row.jimmychoo.com/"", ""name"": ""Jimmy Choo"", ""operator"": ""Jimmy Choo"", ""shop"": ""shoes""}"
ixelles,osm:node/5115715798,Cartier,jewelry-stores,shop=jewelry,,,50.8366981,4.3562295,+32 2 537 51 61,https://www.cartier.com/,,WEBSITE_PRESENT,2026-08-19T11:30:10.603970+00:00,clean,,,"{""brand"": ""Cartier"", ""contact:phone"": ""+32 2 537 51 61"", ""contact:website"": ""https://www.cartier.com/"", ""name"": ""Cartier"", ""operator"": ""La Maison Cartier"", ""shop"": ""jewelry""}"
ixelles,osm:node/5115736667,Moncler,clothing-store,shop=clothes,,,50.8365937,4.3559804,+32 2 514 34 02,https://www.moncler.com/be/,,WEBSITE_PRESENT,2026-08-19T11:30:10.603970+00:00,existing_duplicate,"source id, name/address, phone, or website matched existing listing",,"{""brand"": ""Moncler"", ""contact:phone"": ""+32 2 514 34 02"", ""contact:website"": ""https://www.moncler.com/be/"", ""name"": ""Moncler"", ""operator"": ""Moncler"", ""shop"": ""clothes""}"
ixelles,osm:node/5115760347,Chopard,jewelry-stores,shop=jewelry,,,50.8365637,4.3559087,+32 2 514 73 25,https://www.chopard.fr,,WEBSITE_PRESENT,2026-08-19T11:30:10.603970+00:00,clean,,,"{""contact:phone"": ""+32 2 514 73 25"", ""contact:website"": ""https://www.chopard.fr"", ""name"": ""Chopard"", ""operator"": ""Chopard"", ""shop"": ""jewelry""}"
ixelles,osm:node/5115791646,Louis Vuitton,clothing-store,shop=clothes,,,50.8364366,4.3556053,+32 2 289 28 28,http://www.louisvuitton.com,,WEBSITE_PRESENT,2026-08-19T11:30:10.603970+00:00,clean,,,"{""brand"": ""Louis Vuitton"", ""contact:phone"": ""+32 2 289 28 28"", ""contact:website"": ""http://www.louisvuitton.com"", ""name"": ""Louis Vuitton"", ""operator"": ""La Maison Louis Vuitton"", ""shop"": ""clothes""}"
ixelles,osm:node/5115802908,Dior,clothing-store,shop=clothes,,,50.8363907,4.3554956,+32 2 500 18 18,https://www.dior.com,,WEBSITE_PRESENT,2026-08-19T11:30:10.603970+00:00,clean,,,"{""brand"": ""Dior"", ""contact:phone"": ""+32 2 500 18 18"", ""contact:website"": ""https://www.dior.com"", ""name"": ""Dior"", ""operator"": ""La Maison Dior"", ""shop"": ""clothes""}"
ixelles,osm:node/5118035819,L'Aubette,fast-food,amenity=fast_food,,,50.8386197,4.3484534,+32 2 218 68 83,,https://www.facebook.com/Laubette/,SOCIAL_ONLY,2026-08-19T11:30:10.603970+00:00,clean,,,"{""amenity"": ""fast_food"", ""contact:facebook"": ""https://www.facebook.com/Laubette/"", ""contact:phone"": ""+32 2 218 68 83"", ""name"": ""L'Aubette""}"
ixelles,osm:node/5126164557,Filigranes,bookstore,shop=books,,,50.8380036,4.3588898,+32 2 511 90 15,https://www.filigranes.be/,,WEBSITE_PRESENT,2026-08-19T11:30:10.603970+00:00,clean,,,"{""contact:phone"": ""+32 2 511 90 15"", ""contact:website"": ""https://www.filigranes.be/"", ""name"": ""Filigranes"", ""shop"": ""books""}"
ixelles,osm:node/5130961021,Dinghi,bars-pubs,amenity=pub,,,50.8241182,4.3600787,+32 2 248 26 72,https://compagnieabc.be/restaurant/dinghi/,https://www.facebook.com/people/Dinghi-Brussels/100083208677065/,WEBSITE_PRESENT,2026-08-19T11:30:10.603970+00:00,clean,,,"{""amenity"": ""pub"", ""contact:facebook"": ""https://www.facebook.com/people/Dinghi-Brussels/100083208677065/"", ""contact:phone"": ""+32 2 248 26 72"", ""contact:website"": ""https://compagnieabc.be/restaurant/dinghi/"", ""name"": ""Dinghi""}"
ixelles,osm:node/5130986542,Café club,bars-pubs,amenity=bar,,,50.8241143,4.35943,,,,NO_WEBSITE,2026-08-19T11:30:10.603970+00:00,clean,,,"{""amenity"": ""bar"", ""name"": ""Café club""}"
ixelles,osm:node/5141054321,Kamoun,restaurant,amenity=restaurant,,,50.8283059,4.3758723,,,,NO_WEBSITE,2026-08-19T11:30:10.603970+00:00,clean,,,"{""amenity"": ""restaurant"", ""name"": ""Kamoun""}"
ixelles,osm:node/5155923924,COS,clothing-store,shop=clothes,,,50.8344857,4.3566957,,,,NO_WEBSITE,2026-08-19T11:30:10.603970+00:00,clean,,,"{""brand"": ""COS"", ""name"": ""COS"", ""shop"": ""clothes""}"
ixelles,osm:node/5174887914,Mumtaz,restaurant,amenity=restaurant,,,50.8369471,4.3650431,,https://mumtaz.brussels/,,WEBSITE_PRESENT,2026-08-19T11:30:10.603970+00:00,clean,,,"{""amenity"": ""restaurant"", ""contact:website"": ""https://mumtaz.brussels/"", ""name"": ""Mumtaz""}"
ixelles,osm:node/5181632023,La Ruche,restaurant,amenity=restaurant,,,50.8394438,4.3400127,,https://laruchebrussels.be/,https://www.facebook.com/LaRucheRestaurant,WEBSITE_PRESENT,2026-08-19T11:30:10.603970+00:00,clean,,,"{""amenity"": ""restaurant"", ""contact:facebook"": ""https://www.facebook.com/LaRucheRestaurant"", ""contact:website"": ""https://laruchebrussels.be/"", ""name"": ""La Ruche""}"
ixelles,osm:node/5194764217,Les Casse Pieds,shoe-stores,shop=shoes,,,50.8187492,4.3623478,+32 2 343 26 68,https://www.lescassepieds.be,,WEBSITE_PRESENT,2026-08-19T11:30:10.603970+00:00,clean,,,"{""contact:phone"": ""+32 2 343 26 68"", ""contact:website"": ""https://www.lescassepieds.be"", ""name"": ""Les Casse Pieds"", ""shop"": ""shoes""}"
ixelles,osm:node/5206653306,Sushi Avenue,restaurant,amenity=restaurant,,,50.8321714,4.3565397,,https://www.sushiavenue.be/,,WEBSITE_PRESENT,2026-08-19T11:30:10.603970+00:00,clean,,,"{""amenity"": ""restaurant"", ""contact:website"": ""https://www.sushiavenue.be/"", ""name"": ""Sushi Avenue""}"
ixelles,osm:node/5211692522,Siendas,restaurant,amenity=restaurant,,,50.837085,4.3817898,+32 2 476 11 65,https://siendas.be/,https://www.facebook.com/siendasbelgium,WEBSITE_PRESENT,2026-08-19T11:30:10.603970+00:00,clean,,,"{""amenity"": ""restaurant"", ""contact:facebook"": ""https://www.facebook.com/siendasbelgium"", ""contact:instagram"": ""https://www.instagram.com/siendas.belgium/"", ""contact:phone"": ""+32 2 476 11 65"", ""contact:website"": ""https://siendas.be/"", ""name"": ""Siendas"", ""shop"": ""convenience""}"
ixelles,osm:node/5211692523,Cafe Recup,cafe,amenity=cafe,,,50.837514,4.3817585,,,,NO_WEBSITE,2026-08-19T11:30:10.603970+00:00,clean,,,"{""amenity"": ""cafe"", ""name"": ""Cafe Recup""}"
ixelles,osm:node/5211692524,Pepete & Ronron,bars-pubs,amenity=bar,,,50.8377169,4.3818835,,http://pepeteetronron.be/,,WEBSITE_PRESENT,2026-08-19T11:30:10.603970+00:00,clean,,,"{""amenity"": ""bar"", ""contact:website"": ""http://pepeteetronron.be/"", ""name"": ""Pepete & Ronron""}"
ixelles,osm:node/5211701221,Ellis Gourmet Burger,restaurant,amenity=restaurant,,,50.8372876,4.381775,+32 2 486 00 00,https://ellis.be/fr-be/,,WEBSITE_PRESENT,2026-08-19T11:30:10.603970+00:00,clean,,,"{""amenity"": ""restaurant"", ""contact:phone"": ""+32 2 486 00 00"", ""name"": ""Ellis Gourmet Burger"", ""website"": ""https://ellis.be/fr-be/""}"
ixelles,osm:node/5248540705,& Other Stories,clothing-store,shop=clothes,,,50.8375626,4.3604749,+32 2 540 26 29,https://www.stories.com/be/Stores/Belgium,,WEBSITE_PRESENT,2026-08-19T11:30:10.603970+00:00,existing_duplicate,"source id, name/address, phone, or website matched existing listing",,"{""brand"": ""& Other Stories"", ""contact:phone"": ""+32 2 540 26 29"", ""contact:website"": ""https://www.stories.com/be/Stores/Belgium"", ""name"": ""& Other Stories"", ""shop"": ""clothes""}"
ixelles,osm:node/5248540707,Prange,shoe-stores,shop=shoes,,,50.8374622,4.3602317,,,,NO_WEBSITE,2026-08-19T11:30:10.603970+00:00,clean,,,"{""name"": ""Prange"", ""shop"": ""shoes""}"
ixelles,osm:node/5248562994,Lululemon,clothing-store,shop=clothes,,,50.8376122,4.3605967,,,,NO_WEBSITE,2026-08-19T11:30:10.603970+00:00,clean,,,"{""name"": ""Lululemon"", ""shop"": ""clothes""}"
ixelles,osm:node/5253920927,TAN,restaurant,amenity=restaurant,,,50.8241047,4.3588538,+32 2 537 87 87,https://tanclub.org/,,WEBSITE_PRESENT,2026-08-19T11:30:10.603970+00:00,clean,,,"{""amenity"": ""restaurant"", ""contact:phone"": ""+32 2 537 87 87"", ""contact:website"": ""https://tanclub.org/"", ""name"": ""TAN""}"
ixelles,osm:node/5264406562,Holy Smoke,restaurant,amenity=restaurant,,,50.8326019,4.3438405,,https://www.holysmokebrussels.com,,WEBSITE_PRESENT,2026-08-19T11:30:10.603970+00:00,clean,,,"{""amenity"": ""restaurant"", ""contact:website"": ""https://www.holysmokebrussels.com"", ""name"": ""Holy Smoke""}"
ixelles,osm:node/5266156156,Akko Café,cafe,amenity=cafe,,,50.8269231,4.3626179,,,,NO_WEBSITE,2026-08-19T11:30:10.603970+00:00,clean,,,"{""amenity"": ""cafe"", ""name"": ""Akko Café""}"
ixelles,osm:node/5272242082,Le Dome,fast-food,amenity=fast_food,,,50.8330273,4.3425574,,,,NO_WEBSITE,2026-08-19T11:30:10.603970+00:00,clean,,,"{""amenity"": ""fast_food"", ""name"": ""Le Dome""}"
ixelles,osm:node/5327447527,Suitsupply,clothing-store,shop=clothes,,,50.839507,4.3648702,,,,NO_WEBSITE,2026-08-19T11:30:10.603970+00:00,clean,,,"{""brand"": ""Suitsupply"", ""name"": ""Suitsupply"", ""shop"": ""clothes""}"
ixelles,osm:node/5338706956,Parma in Tavola,restaurant,amenity=restaurant,,,50.8170274,4.3921686,,,,NO_WEBSITE,2026-08-19T11:30:10.603970+00:00,clean,,,"{""amenity"": ""restaurant"", ""name"": ""Parma in Tavola""}"
ixelles,osm:node/5338716508,Quisso,fast-food,amenity=fast_food,,,50.8161264,4.3906668,,,,NO_WEBSITE,2026-08-19T11:30:10.603970+00:00,clean,,,"{""amenity"": ""fast_food"", ""name"": ""Quisso""}"
ixelles,osm:node/5338716509,Wings street,fast-food,amenity=fast_food,,,50.8160787,4.3905503,,,,NO_WEBSITE,2026-08-19T11:30:10.603970+00:00,clean,,,"{""amenity"": ""fast_food"", ""name"": ""Wings street""}"
ixelles,osm:node/5338731366,Pavarotti,restaurant,amenity=restaurant,,,50.8216884,4.3888034,+32 2 648 81 00,,,NO_WEBSITE,2026-08-19T11:30:10.603970+00:00,clean,,,"{""amenity"": ""restaurant"", ""contact:phone"": ""+32 2 648 81 00"", ""name"": ""Pavarotti""}"
ixelles,osm:node/5338749726,Chapeau,restaurant,amenity=restaurant,,,50.8212855,4.3892499,,,,NO_WEBSITE,2026-08-19T11:30:10.603970+00:00,clean,,,"{""amenity"": ""restaurant"", ""name"": ""Chapeau""}"
ixelles,osm:node/5338752282,ATA Bao & Burger,restaurant,amenity=restaurant,,,50.8162522,4.3828087,,https://atabaoburger.be/,,WEBSITE_PRESENT,2026-08-19T11:30:10.603970+00:00,clean,,,"{""amenity"": ""restaurant"", ""contact:website"": ""https://atabaoburger.be/"", ""name"": ""ATA Bao & Burger""}"
ixelles,osm:node/5340809042,Chumadia,restaurant,amenity=restaurant,,,50.832464,4.3523473,+32 2 538 14 68,,,NO_WEBSITE,2026-08-19T11:30:10.603970+00:00,clean,,,"{""amenity"": ""restaurant"", ""contact:phone"": ""+32 2 538 14 68"", ""name"": ""Chumadia""}"
ixelles,osm:node/5340841321,Makisu,restaurant,amenity=restaurant,,,50.8271287,4.3629712,+32 2 640 45 50,https://www.makisu.be/,,WEBSITE_PRESENT,2026-08-19T11:30:10.603970+00:00,clean,,,"{""amenity"": ""restaurant"", ""contact:phone"": ""+32 2 640 45 50"", ""contact:website"": ""https://www.makisu.be/"", ""name"": ""Makisu""}"
ixelles,osm:node/5340846921,Green Mango,restaurant,amenity=restaurant,,,50.822989,4.3674136,+32 2 649 90 13,https://greenmango.be/en/vleurgat/,,WEBSITE_PRESENT,2026-08-19T11:30:10.603970+00:00,clean,,,"{""amenity"": ""restaurant"", ""contact:phone"": ""+32 2 649 90 13"", ""contact:website"": ""https://greenmango.be/en/vleurgat/"", ""name"": ""Green Mango""}"
ixelles,osm:node/5341287681,Versace,clothing-store,shop=clothes,,,50.8386793,4.3609772,+32 2 511 85 59,https://www.versace.com/,,WEBSITE_PRESENT,2026-08-19T11:30:10.603970+00:00,clean,,,"{""brand"": ""Versace"", ""contact:phone"": ""+32 2 511 85 59"", ""contact:website"": ""https://www.versace.com/"", ""name"": ""Versace"", ""shop"": ""clothes""}"
ixelles,osm:node/5343845810,Broebbeleir,restaurant,amenity=restaurant,,,50.8303367,4.3451937,,https://broebbeleir.be,,WEBSITE_PRESENT,2026-08-19T11:30:10.603970+00:00,clean,,,"{""amenity"": ""restaurant"", ""contact:website"": ""https://broebbeleir.be"", ""name"": ""Broebbeleir""}"
ixelles,osm:node/5362155498,Machu Picchu,restaurant,amenity=restaurant,,,50.8274933,4.3710227,,,,NO_WEBSITE,2026-08-19T11:30:10.603970+00:00,clean,,,"{""amenity"": ""restaurant"", ""name"": ""Machu Picchu""}"
ixelles,osm:node/5383729219,L'orchidée blanche,restaurant,amenity=restaurant,,,50.8170603,4.3890205,+32 2 547 56 21,,,NO_WEBSITE,2026-08-19T11:30:10.603970+00:00,clean,,,"{""amenity"": ""restaurant"", ""contact:phone"": ""+32 2 547 56 21"", ""name"": ""L'orchidée blanche""}"
ixelles,osm:node/5387179322,Snack Twins,fast-food,amenity=fast_food,,,50.8025973,4.3411853,,,,NO_WEBSITE,2026-08-19T11:30:10.603970+00:00,clean,,,"{""amenity"": ""fast_food"", ""name"": ""Snack Twins""}"
ixelles,osm:node/5392672522,Finsbury,shoe-stores,shop=shoes,,,50.8336772,4.3570211,,,,NO_WEBSITE,2026-08-19T11:30:10.603970+00:00,clean,,,"{""name"": ""Finsbury"", ""shop"": ""shoes""}"
ixelles,osm:node/5396671921,Jims Jourdan,gym,leisure=fitness_centre,,,50.8353602,4.3802939,+32 2 648 87 68,https://www.jims.be/fr/clubs/jims-bxl-jourdan,,WEBSITE_PRESENT,2026-08-19T11:30:10.603970+00:00,existing_duplicate,"source id, name/address, phone, or website matched existing listing",,"{""contact:phone"": ""+32 2 648 87 68"", ""leisure"": ""fitness_centre"", ""name"": ""Jims Jourdan"", ""website"": ""https://www.jims.be/fr/clubs/jims-bxl-jourdan""}"
ixelles,osm:node/5396681921,Bouche,cafe,amenity=cafe,,,50.8389824,4.3822983,,,bouche.coffee,SOCIAL_ONLY,2026-08-19T11:30:10.603970+00:00,clean,,,"{""amenity"": ""cafe"", ""contact:instagram"": ""bouche.coffee"", ""name"": ""Bouche""}"
ixelles,osm:node/5404004944,Via Toscana,shoe-stores,shop=shoes,,,50.81535,4.3893237,,,,NO_WEBSITE,2026-08-19T11:30:10.603970+00:00,clean,,,"{""name"": ""Via Toscana"", ""shop"": ""shoes""}"
ixelles,osm:node/5404313121,Cup28°,cafe,amenity=cafe,,,50.8263992,4.3619753,+32 2 831 96 93,https://cup28.be,https://www.facebook.com/Cup28.bx/,WEBSITE_PRESENT,2026-08-19T11:30:10.603970+00:00,clean,,,"{""amenity"": ""cafe"", ""contact:facebook"": ""https://www.facebook.com/Cup28.bx/"", ""contact:instagram"": ""https://www.instagram.com/cup28.bx/"", ""contact:phone"": ""+32 2 831 96 93"", ""name"": ""Cup28°"", ""website"": ""https://cup28.be""}"
ixelles,osm:node/5415874955,Episode,clothing-store,shop=clothes,,,50.8392315,4.3490808,,,,NO_WEBSITE,2026-08-19T11:30:10.603970+00:00,clean,,,"{""name"": ""Episode"", ""shop"": ""clothes""}"
ixelles,osm:node/5415874956,Le Tapis Rouge,,shop=carpet,,,50.8393507,4.3491923,,,,NO_WEBSITE,2026-08-19T11:30:10.603970+00:00,clean,,no confident canonical category mapping,"{""name"": ""Le Tapis Rouge"", ""shop"": ""carpet""}"
ixelles,osm:node/5415874973,Al Jannah,restaurant,amenity=restaurant,,,50.8399348,4.3494951,+32 2 514 08 44,https://www.aljannah.be/,,WEBSITE_PRESENT,2026-08-19T11:30:10.603970+00:00,clean,,,"{""amenity"": ""restaurant"", ""contact:phone"": ""+32 2 514 08 44"", ""contact:website"": ""https://www.aljannah.be/"", ""name"": ""Al Jannah""}"
ixelles,osm:node/5435711640,Elbow,restaurant,amenity=restaurant,,,50.8361325,4.365534,,,,NO_WEBSITE,2026-08-19T11:30:10.603970+00:00,clean,,,"{""amenity"": ""restaurant"", ""name"": ""Elbow""}"
ixelles,osm:node/5442918058,Les Brasseries Georges,restaurant,amenity=restaurant,,,50.8116604,4.3681618,+32 2 347 21 00,https://www.brasseriesgeorges.be,,WEBSITE_PRESENT,2026-08-19T11:30:10.603970+00:00,clean,,,"{""amenity"": ""restaurant"", ""contact:phone"": ""+32 2 347 21 00"", ""contact:website"": ""https://www.brasseriesgeorges.be"", ""name"": ""Les Brasseries Georges""}"
ixelles,osm:node/5464255321,Gazetta,cafe,amenity=cafe,,,50.8315174,4.3604807,+32 2 513 92 13,http://www.gazetta.be,,WEBSITE_PRESENT,2026-08-19T11:30:10.603970+00:00,clean,,,"{""amenity"": ""cafe"", ""contact:phone"": ""+32 2 513 92 13"", ""contact:website"": ""http://www.gazetta.be"", ""name"": ""Gazetta""}"
ixelles,osm:node/5469271321,Brasserie Ploegmans,restaurant,amenity=restaurant,,,50.8388459,4.3505159,+32 2 503 21 24,https://ploegmans.wordpress.com/,,WEBSITE_PRESENT,2026-08-19T11:30:10.603970+00:00,clean,,,"{""amenity"": ""restaurant"", ""contact:phone"": ""+32 2 503 21 24"", ""contact:website"": ""https://ploegmans.wordpress.com/"", ""name"": ""Brasserie Ploegmans""}"
ixelles,osm:node/5478051471,JeanBon,restaurant,amenity=restaurant,,,50.8293752,4.362219,,,,NO_WEBSITE,2026-08-19T11:30:10.603970+00:00,clean,,,"{""amenity"": ""restaurant"", ""name"": ""JeanBon""}"
ixelles,osm:node/5488573299,Somacar,,shop=car_repair,,,50.8114704,4.3907365,,,,NO_WEBSITE,2026-08-19T11:30:10.603970+00:00,clean,,no confident canonical category mapping,"{""name"": ""Somacar"", ""shop"": ""car_repair""}"
ixelles,osm:node/5500461576,Kaly ora,clothing-store,shop=clothes,,,50.8343468,4.3560512,,,,NO_WEBSITE,2026-08-19T11:30:10.603970+00:00,clean,,,"{""name"": ""Kaly ora"", ""shop"": ""clothes""}"
ixelles,osm:node/5508686175,Lisbonne,bars-pubs,amenity=pub,,,50.8240044,4.4010095,,,,NO_WEBSITE,2026-08-19T11:30:10.603970+00:00,clean,,,"{""amenity"": ""pub"", ""name"": ""Lisbonne""}"
ixelles,osm:node/5508752810,I Trulli,restaurant,amenity=restaurant,,,50.8272333,4.4020071,,https://www.pizzeriaitrulli.be/,,WEBSITE_PRESENT,2026-08-19T11:30:10.603970+00:00,clean,,,"{""amenity"": ""restaurant"", ""contact:website"": ""https://www.pizzeriaitrulli.be/"", ""name"": ""I Trulli""}"
ixelles,osm:node/5514117221,Le Milano,restaurant,amenity=restaurant,,,50.8299616,4.3435729,,,,NO_WEBSITE,2026-08-19T11:30:10.603970+00:00,clean,,,"{""amenity"": ""restaurant"", ""name"": ""Le Milano""}"
ixelles,osm:node/5514117223,L'entrepot,clothing-store,shop=clothes,,,50.8294788,4.3434562,,,,NO_WEBSITE,2026-08-19T11:30:10.603970+00:00,clean,,,"{""name"": ""L'entrepot"", ""shop"": ""clothes""}"
ixelles,osm:node/5534032943,Panos,fast-food,amenity=fast_food,,,50.829573,4.3912932,+32 2 649 38 94,https://stores.panos.be/fr/s/panos-etterbeek---waversesteenweg,,WEBSITE_PRESENT,2026-08-19T11:30:10.603970+00:00,existing_duplicate,"source id, name/address, phone, or website matched existing listing",,"{""amenity"": ""fast_food"", ""brand"": ""Panos"", ""contact:phone"": ""+32 2 649 38 94"", ""contact:website"": ""https://stores.panos.be/fr/s/panos-etterbeek---waversesteenweg"", ""name"": ""Panos""}"
ixelles,osm:node/5535780107,Snoker's bar,bars-pubs,amenity=bar,,,50.8286827,4.3750834,,,,NO_WEBSITE,2026-08-19T11:30:10.603970+00:00,clean,,,"{""amenity"": ""bar"", ""name"": ""Snoker's bar""}"
ixelles,osm:node/5552188022,CBRE,real-estate-agencies,office=estate_agent,,,50.8151935,4.3739095,+32 2 643 33 33,https://www.cbre.be/,,WEBSITE_PRESENT,2026-08-19T11:30:10.603970+00:00,clean,,,"{""contact:phone"": ""+32 2 643 33 33"", ""contact:website"": ""https://www.cbre.be/"", ""name"": ""CBRE"", ""office"": ""estate_agent""}"
ixelles,osm:node/5552528310,Hadrien,restaurant,amenity=restaurant,,,50.8366718,4.4042996,,,,NO_WEBSITE,2026-08-19T11:30:10.603970+00:00,clean,,,"{""amenity"": ""restaurant"", ""name"": ""Hadrien""}"
ixelles,osm:node/5552531325,Pharmacie du Valduc,pharmacy,amenity=pharmacy,,,50.8189297,4.4151036,,,,NO_WEBSITE,2026-08-19T11:30:10.603970+00:00,clean,,,"{""amenity"": ""pharmacy"", ""healthcare"": ""pharmacy"", ""name"": ""Pharmacie du Valduc""}"
ixelles,osm:node/5559469634,La fleur d'oranger,restaurant,amenity=restaurant,,,50.8365052,4.40422,,,,NO_WEBSITE,2026-08-19T11:30:10.603970+00:00,clean,,,"{""amenity"": ""restaurant"", ""name"": ""La fleur d'oranger""}"
ixelles,osm:node/5567348794,Mamy Louise Goulet Louise,restaurant,amenity=restaurant,,,50.8341429,4.3559073,+32 2 534 25 02,https://www.mamylouise.be/,,WEBSITE_PRESENT,2026-08-19T11:30:10.603970+00:00,clean,,,"{""amenity"": ""restaurant"", ""contact:phone"": ""+32 2 534 25 02"", ""contact:website"": ""https://www.mamylouise.be/"", ""name"": ""Mamy Louise Goulet Louise""}"
ixelles,osm:node/5567555652,Evetra,clothing-store,shop=clothes,,,50.8164639,4.3824532,+32 2 649 61 03,https://www.evetra.be/,,WEBSITE_PRESENT,2026-08-19T11:30:10.603970+00:00,clean,,,"{""contact:phone"": ""+32 2 649 61 03"", ""contact:website"": ""https://www.evetra.be/"", ""name"": ""Evetra"", ""shop"": ""clothes""}"
ixelles,osm:node/5567566666,Biguine,beauty-salon,shop=hairdresser,,,50.8166127,4.382217,+32 2 646 36 47,,,NO_WEBSITE,2026-08-19T11:30:10.603970+00:00,clean,,,"{""contact:phone"": ""+32 2 646 36 47"", ""name"": ""Biguine"", ""shop"": ""hairdresser""}"
ixelles,osm:node/5567603868,Barber Shop Hair Cut & Shaves,beauty-salon,shop=hairdresser,,,50.8166874,4.3820966,,https://barber-shop-haire-cut-shaves.business.site/,,WEBSITE_PRESENT,2026-08-19T11:30:10.603970+00:00,clean,,,"{""contact:website"": ""https://barber-shop-haire-cut-shaves.business.site/"", ""name"": ""Barber Shop Hair Cut & Shaves"", ""shop"": ""hairdresser""}"
ixelles,osm:node/5567614666,Isodyn,gym,leisure=fitness_centre,,,50.8162305,4.3829018,+32 2 660 00 57,https://www.isodyn.be/,,WEBSITE_PRESENT,2026-08-19T11:30:10.603970+00:00,clean,,,"{""contact:phone"": ""+32 2 660 00 57"", ""contact:website"": ""https://www.isodyn.be/"", ""leisure"": ""fitness_centre"", ""name"": ""Isodyn""}"
ixelles,osm:node/5578971365,Chez Leo,fast-food,amenity=fast_food,,,50.8271511,4.3749884,+32 2 647 03 82,https://chezleo.be,,WEBSITE_PRESENT,2026-08-19T11:30:10.603970+00:00,clean,,,"{""amenity"": ""fast_food"", ""contact:phone"": ""+32 2 647 03 82"", ""contact:website"": ""https://chezleo.be"", ""name"": ""Chez Leo""}"
ixelles,osm:node/5580230178,Jane's,bars-pubs,amenity=bar,,,50.8218957,4.3553549,+32 2 851 10 39,,,NO_WEBSITE,2026-08-19T11:30:10.603970+00:00,clean,,,"{""amenity"": ""bar"", ""contact:phone"": ""+32 2 851 10 39"", ""name"": ""Jane's""}"
ixelles,osm:node/5645832475,Kifkif,restaurant,amenity=restaurant,,,50.8251729,4.370774,,,,NO_WEBSITE,2026-08-19T11:30:10.603970+00:00,clean,,,"{""amenity"": ""restaurant"", ""name"": ""Kifkif""}"
ixelles,osm:node/5660694243,Sky Inn,hotel,tourism=hotel,,,50.8371423,4.340058,+32 2 544 10 94,http://www.hotelskyinn.com,,WEBSITE_PRESENT,2026-08-19T11:30:10.603970+00:00,clean,,,"{""contact:phone"": ""+32 2 544 10 94"", ""contact:website"": ""http://www.hotelskyinn.com"", ""name"": ""Sky Inn"", ""tourism"": ""hotel""}"
ixelles,osm:node/5672193612,Engel & Völkers,real-estate-agencies,office=estate_agent,,,50.8397694,4.3557057,,,,NO_WEBSITE,2026-08-19T11:30:10.603970+00:00,clean,,,"{""brand"": ""Engel & Völkers"", ""name"": ""Engel & Völkers"", ""office"": ""estate_agent""}"
ixelles,osm:node/5688863927,Gulliver,clothing-store,shop=clothes,,,50.828676,4.3629822,,,,NO_WEBSITE,2026-08-19T11:30:10.603970+00:00,clean,,,"{""name"": ""Gulliver"", ""shop"": ""clothes""}"
ixelles,osm:node/5688864736,Alice,restaurant,amenity=restaurant,,,50.8277572,4.363885,,,,NO_WEBSITE,2026-08-19T11:30:10.603970+00:00,clean,,,"{""amenity"": ""restaurant"", ""name"": ""Alice""}"
ixelles,osm:node/5691531519,Bj café,cafe,amenity=cafe,,,50.8324138,4.3454356,,,,NO_WEBSITE,2026-08-19T11:30:10.603970+00:00,clean,,,"{""amenity"": ""cafe"", ""name"": ""Bj café""}"
ixelles,osm:node/5706636525,Aglio e Oglio,restaurant,amenity=restaurant,,,50.8271597,4.3707432,+32 2 648 40 25,http://aglioeolio.be/info.html,,WEBSITE_PRESENT,2026-08-19T11:30:10.603970+00:00,clean,,,"{""amenity"": ""restaurant"", ""contact:phone"": ""+32 2 648 40 25"", ""contact:website"": ""http://aglioeolio.be/info.html"", ""name"": ""Aglio e Oglio""}"
ixelles,osm:node/5723837954,Snack Grillades Malibran,fast-food,amenity=fast_food,,,50.8288506,4.3725331,,,,NO_WEBSITE,2026-08-19T11:30:10.603970+00:00,clean,,,"{""amenity"": ""fast_food"", ""name"": ""Snack Grillades Malibran""}"
ixelles,osm:node/5737276640,Nina,restaurant,amenity=restaurant,,,50.8183114,4.3848053,,https://www.ninarestobar.be/,,WEBSITE_PRESENT,2026-08-19T11:30:10.603970+00:00,clean,,,"{""amenity"": ""restaurant"", ""contact:website"": ""https://www.ninarestobar.be/"", ""name"": ""Nina""}"
ixelles,osm:node/5749755356,Mili Asian Kitchen,restaurant,amenity=restaurant,,,50.8181073,4.3857075,,,,NO_WEBSITE,2026-08-19T11:30:10.603970+00:00,clean,,,"{""amenity"": ""restaurant"", ""name"": ""Mili Asian Kitchen""}"
ixelles,osm:node/5754703783,Bintje,fast-food,amenity=fast_food,,,50.8255121,4.3603983,,,,NO_WEBSITE,2026-08-19T11:30:10.603970+00:00,clean,,,"{""amenity"": ""fast_food"", ""name"": ""Bintje""}"
ixelles,osm:node/5763909708,Nefaline,beauty-salon,shop=beauty,,,50.82651,4.3641413,,,,NO_WEBSITE,2026-08-19T11:30:10.603970+00:00,clean,,,"{""name"": ""Nefaline"", ""shop"": ""beauty""}"
ixelles,osm:node/5763910068,Begentlemen,clothing-store,shop=clothes,,,50.8267918,4.3638429,,,,NO_WEBSITE,2026-08-19T11:30:10.603970+00:00,clean,,,"{""name"": ""Begentlemen"", ""shop"": ""clothes""}"
ixelles,osm:node/5779512027,New China,restaurant,amenity=restaurant,,,50.8235034,4.3658845,+32 2 648 10 85,https://www.newchina.brussels/,,WEBSITE_PRESENT,2026-08-19T11:30:10.603970+00:00,clean,,,"{""amenity"": ""restaurant"", ""contact:phone"": ""+32 2 648 10 85"", ""contact:website"": ""https://www.newchina.brussels/"", ""name"": ""New China""}"
ixelles,osm:node/5779512028,BeToBe,fast-food,amenity=fast_food,,,50.823505,4.367243,,,,NO_WEBSITE,2026-08-19T11:30:10.603970+00:00,clean,,,"{""amenity"": ""fast_food"", ""name"": ""BeToBe""}"
ixelles,osm:node/5779513167,IT,clothing-store,shop=clothes,,,50.8239931,4.3667615,,,,NO_WEBSITE,2026-08-19T11:30:10.603970+00:00,clean,,,"{""name"": ""IT"", ""shop"": ""clothes""}"
ixelles,osm:node/5781346845,Sarrasin,restaurant,amenity=restaurant,,,50.8255001,4.3474516,,https://sarrasin.be,,WEBSITE_PRESENT,2026-08-19T11:30:10.603970+00:00,clean,,,"{""amenity"": ""restaurant"", ""name"": ""Sarrasin"", ""website"": ""https://sarrasin.be""}"
ixelles,osm:node/5781359285,Munch,restaurant,amenity=restaurant,,,50.8247015,4.3478709,,https://munchbxl.be,munch.be,WEBSITE_PRESENT,2026-08-19T11:30:10.603970+00:00,clean,,,"{""amenity"": ""restaurant"", ""contact:instagram"": ""munch.be"", ""contact:website"": ""https://munchbxl.be"", ""name"": ""Munch""}"
ixelles,osm:node/5801705139,Delitraiteur,cafe,amenity=cafe,,,50.8238276,4.3594592,,https://delitraiteur.com/shop/delitraiteur-chatelain/,,WEBSITE_PRESENT,2026-08-19T11:30:10.603970+00:00,clean,,,"{""amenity"": ""cafe"", ""contact:website"": ""https://delitraiteur.com/shop/delitraiteur-chatelain/"", ""name"": ""Delitraiteur"", ""shop"": ""convenience""}"
ixelles,osm:node/5801705140,Jackie,cafe,amenity=cafe,,,50.8260905,4.3545959,,,https://www.facebook.com/JackieCoffeeBxl/,SOCIAL_ONLY,2026-08-19T11:30:10.603970+00:00,clean,,,"{""amenity"": ""cafe"", ""contact:facebook"": ""https://www.facebook.com/JackieCoffeeBxl/"", ""name"": ""Jackie""}"
ixelles,osm:node/5801705141,Cosy,restaurant,amenity=restaurant,,,50.8239961,4.3592982,,,,NO_WEBSITE,2026-08-19T11:30:10.603970+00:00,clean,,,"{""amenity"": ""restaurant"", ""name"": ""Cosy""}"
ixelles,osm:node/5801705142,Eden,cafe,amenity=cafe,,,50.8236836,4.3589499,,https://www.edenjapon.be,,WEBSITE_PRESENT,2026-08-19T11:30:10.603970+00:00,clean,,,"{""amenity"": ""cafe"", ""contact:website"": ""https://www.edenjapon.be"", ""name"": ""Eden""}"
ixelles,osm:node/5801705143,Rebelot,restaurant,amenity=restaurant,,,50.8235656,4.3588183,,,,NO_WEBSITE,2026-08-19T11:30:10.603970+00:00,clean,,,"{""amenity"": ""restaurant"", ""name"": ""Rebelot""}"
ixelles,osm:node/5801705144,Elise,restaurant,amenity=restaurant,,,50.8201258,4.3599274,,,,NO_WEBSITE,2026-08-19T11:30:10.603970+00:00,clean,,,"{""amenity"": ""restaurant"", ""name"": ""Elise""}"
ixelles,osm:node/5801705146,La Piola,restaurant,amenity=restaurant,,,50.8239942,4.3596671,,,,NO_WEBSITE,2026-08-19T11:30:10.603970+00:00,clean,,,"{""amenity"": ""restaurant"", ""name"": ""La Piola""}"
ixelles,osm:node/5801705147,VA Jewellery,jewelry-stores,shop=jewelry,,,50.8224128,4.357904,+32 2 534 09 41,https://www.va-jewellery.com,,WEBSITE_PRESENT,2026-08-19T11:30:10.603970+00:00,clean,,,"{""contact:phone"": ""+32 2 534 09 41"", ""contact:website"": ""https://www.va-jewellery.com"", ""name"": ""VA Jewellery"", ""shop"": ""jewelry""}"
ixelles,osm:node/5827349070,Oishii Food,restaurant,amenity=restaurant,,,50.820851,4.3767899,+32 2 520 68 81,https://www.oishii-food.be/,,WEBSITE_PRESENT,2026-08-19T11:30:10.603970+00:00,clean,,,"{""amenity"": ""restaurant"", ""contact:phone"": ""+32 2 520 68 81"", ""contact:website"": ""https://www.oishii-food.be/"", ""name"": ""Oishii Food""}"
ixelles,osm:node/5834623886,My Tannour Flagey,fast-food,amenity=fast_food,,,50.8282668,4.3762839,,https://www.mytannour.com/list-locations/cimdix-2ws34-nmlnc-n7fth,,WEBSITE_PRESENT,2026-08-19T11:30:10.603970+00:00,clean,,,"{""amenity"": ""fast_food"", ""contact:website"": ""https://www.mytannour.com/list-locations/cimdix-2ws34-nmlnc-n7fth"", ""name"": ""My Tannour Flagey""}"
ixelles,osm:node/5838486485,BelChicken,fast-food,amenity=fast_food,,,50.8220682,4.3892013,,,,NO_WEBSITE,2026-08-19T11:30:10.603970+00:00,clean,,,"{""amenity"": ""fast_food"", ""name"": ""BelChicken""}"
ixelles,osm:node/5848039985,Goffin,pharmacy,amenity=pharmacy,,,50.8253517,4.373993,,https://www.pharmaciegoffin.be/,,WEBSITE_PRESENT,2026-08-19T11:30:10.603970+00:00,clean,,,"{""amenity"": ""pharmacy"", ""name"": ""Goffin"", ""website"": ""https://www.pharmaciegoffin.be/""}"
ixelles,osm:node/5861369478,Au Bon Pain Plaisir,restaurant,amenity=restaurant,,,50.8326769,4.3745136,,,,NO_WEBSITE,2026-08-19T11:30:10.603970+00:00,clean,,,"{""amenity"": ""restaurant"", ""name"": ""Au Bon Pain Plaisir""}"
ixelles,osm:node/5861369479,Coiffure Bilal,beauty-salon,shop=hairdresser,,,50.8323119,4.3743199,,,,NO_WEBSITE,2026-08-19T11:30:10.603970+00:00,clean,,,"{""name"": ""Coiffure Bilal"", ""shop"": ""hairdresser""}"
ixelles,osm:node/5861369483,Coiff Plus,beauty-salon,shop=hairdresser,,,50.8308988,4.3734514,,,,NO_WEBSITE,2026-08-19T11:30:10.603970+00:00,clean,,,"{""name"": ""Coiff Plus"", ""shop"": ""hairdresser""}"
ixelles,osm:node/5861369484,Le Sacré Pain,pastry-shops,shop=bakery,,,50.8308328,4.3734092,,https://lesacrepain.be/,,WEBSITE_PRESENT,2026-08-19T11:30:10.603970+00:00,clean,,,"{""contact:website"": ""https://lesacrepain.be/"", ""name"": ""Le Sacré Pain"", ""shop"": ""bakery""}"
ixelles,osm:node/5884221446,Ginette Bar,cafe,amenity=cafe,,,50.8387388,4.3727364,,,,NO_WEBSITE,2026-08-19T11:30:10.603970+00:00,clean,,,"{""amenity"": ""cafe"", ""name"": ""Ginette Bar""}"
ixelles,osm:node/5901814490,Ouzerie Mezedopolio,restaurant,amenity=restaurant,,,50.8311862,4.3683857,+32 2 646 44 49,https://www.restaurant-grec-ixelles.be/#restaurant-ouzerie-grecque,,WEBSITE_PRESENT,2026-08-19T11:30:10.603970+00:00,clean,,,"{""amenity"": ""restaurant"", ""contact:phone"": ""+32 2 646 44 49"", ""contact:website"": ""https://www.restaurant-grec-ixelles.be/#restaurant-ouzerie-grecque"", ""name"": ""Ouzerie Mezedopolio""}"
ixelles,osm:node/5903574552,Borsalino Djom,restaurant,amenity=restaurant,,,50.829485,4.3789836,+32 2 852 24 22,https://borsalino-djom.eatbu.com/,,WEBSITE_PRESENT,2026-08-19T11:30:10.603970+00:00,clean,,,"{""amenity"": ""restaurant"", ""contact:phone"": ""+32 2 852 24 22"", ""contact:website"": ""https://borsalino-djom.eatbu.com/"", ""name"": ""Borsalino Djom""}"
ixelles,osm:node/5903574553,La Couronne 67,fast-food,amenity=fast_food,,,50.8297537,4.3787463,+32 2 376 49 97,https://www.snackdelacouronne.be/,,WEBSITE_PRESENT,2026-08-19T11:30:10.603970+00:00,clean,,,"{""amenity"": ""fast_food"", ""contact:phone"": ""+32 2 376 49 97"", ""name"": ""La Couronne 67"", ""website"": ""https://www.snackdelacouronne.be/""}"
ixelles,osm:node/5907172885,Maru,restaurant,amenity=restaurant,,,50.8200598,4.3599932,,,,NO_WEBSITE,2026-08-19T11:30:10.603970+00:00,clean,,,"{""amenity"": ""restaurant"", ""name"": ""Maru""}"
ixelles,osm:node/5910187133,Le Savoye,bars-pubs,amenity=bar,,,50.8171587,4.3667693,,,,NO_WEBSITE,2026-08-19T11:30:10.603970+00:00,clean,,,"{""amenity"": ""bar"", ""name"": ""Le Savoye""}"
ixelles,osm:node/5910187135,Steven's Coffee,bars-pubs,amenity=pub,,,50.8169858,4.366843,,,,NO_WEBSITE,2026-08-19T11:30:10.603970+00:00,clean,,,"{""amenity"": ""pub"", ""name"": ""Steven's Coffee""}"
ixelles,osm:node/5910210974,malō specialty coffee,cafe,amenity=cafe,,,50.8183953,4.3636814,,,,NO_WEBSITE,2026-08-19T11:30:10.603970+00:00,clean,,,"{""amenity"": ""cafe"", ""name"": ""malō specialty coffee""}"
ixelles,osm:node/5910222878,Le Carrefour,bars-pubs,amenity=bar,,,50.8149959,4.3674432,,,,NO_WEBSITE,2026-08-19T11:30:10.603970+00:00,clean,,,"{""amenity"": ""bar"", ""name"": ""Le Carrefour""}"
ixelles,osm:node/5910235664,Il Pulcinella,restaurant,amenity=restaurant,,,50.8141888,4.3674452,+32 2 344 59 61,https://www.basculevillage.be/uccle/bascule/shop/Pizzeria_Pulcinella_99,,WEBSITE_PRESENT,2026-08-19T11:30:10.603970+00:00,clean,,,"{""amenity"": ""restaurant"", ""contact:phone"": ""+32 2 344 59 61"", ""contact:website"": ""https://www.basculevillage.be/uccle/bascule/shop/Pizzeria_Pulcinella_99"", ""name"": ""Il Pulcinella""}"
ixelles,osm:node/5910246941,Cappello,restaurant,amenity=restaurant,,,50.8143938,4.3632717,+32 2 344 07 13,https://www.resto-cappello.com,,WEBSITE_PRESENT,2026-08-19T11:30:10.603970+00:00,clean,,,"{""amenity"": ""restaurant"", ""contact:phone"": ""+32 2 344 07 13"", ""contact:website"": ""https://www.resto-cappello.com"", ""name"": ""Cappello""}"
ixelles,osm:node/5910290092,Il Lionelo,restaurant,amenity=restaurant,,,50.8142595,4.3599652,+32 2 347 57 97,https://www.illionelo.be,,WEBSITE_PRESENT,2026-08-19T11:30:10.603970+00:00,clean,,,"{""amenity"": ""restaurant"", ""contact:phone"": ""+32 2 347 57 97"", ""contact:website"": ""https://www.illionelo.be"", ""name"": ""Il Lionelo""}"
ixelles,osm:node/5910303544,Le Champlain,bars-pubs,amenity=bar,,,50.8143938,4.3593073,,,,NO_WEBSITE,2026-08-19T11:30:10.603970+00:00,clean,,,"{""amenity"": ""bar"", ""name"": ""Le Champlain""}"
ixelles,osm:node/5910308954,Le Longchamps,bars-pubs,amenity=bar,,,50.8142811,4.3563214,,,,NO_WEBSITE,2026-08-19T11:30:10.603970+00:00,clean,,,"{""amenity"": ""bar"", ""name"": ""Le Longchamps""}"
ixelles,osm:node/5912206176,Nakaseso,clothing-store,shop=clothes,,,50.8140959,4.3559127,,,,NO_WEBSITE,2026-08-19T11:30:10.603970+00:00,clean,,,"{""name"": ""Nakaseso"", ""shop"": ""clothes""}"
ixelles,osm:node/5912206177,Nakaseso,clothing-store,shop=clothes,,,50.8142637,4.3555211,,,,NO_WEBSITE,2026-08-19T11:30:10.603970+00:00,clean,,,"{""name"": ""Nakaseso"", ""shop"": ""clothes""}"
ixelles,osm:node/5912212085,Luca,restaurant,amenity=restaurant,,,50.8138451,4.3542645,+32 2 219 49 93,https://www.luca-bruxelles.com,,WEBSITE_PRESENT,2026-08-19T11:30:10.603970+00:00,clean,,,"{""amenity"": ""restaurant"", ""contact:phone"": ""+32 2 219 49 93"", ""contact:website"": ""https://www.luca-bruxelles.com"", ""name"": ""Luca""}"
ixelles,osm:node/5929767671,Brasserie Hankar,bars-pubs,amenity=bar,,,50.8215478,4.4060044,,,,NO_WEBSITE,2026-08-19T11:30:10.603970+00:00,clean,,,"{""amenity"": ""bar"", ""name"": ""Brasserie Hankar""}"
ixelles,osm:node/5929793400,Saint Julien,pharmacy,amenity=pharmacy,,,50.8209003,4.408245,+32 2 672 08 44,https://pharmaciesaintjulien.pharmacollective.com,,WEBSITE_PRESENT,2026-08-19T11:30:10.603970+00:00,clean,,,"{""amenity"": ""pharmacy"", ""contact:phone"": ""+32 2 672 08 44"", ""contact:website"": ""https://pharmaciesaintjulien.pharmacollective.com"", ""name"": ""Saint Julien""}"
ixelles,osm:node/5929793401,Lunch Time,fast-food,amenity=fast_food,,,50.8209611,4.4080345,+32 2 850 48 40,https://www.snacklunchtime.be/,,WEBSITE_PRESENT,2026-08-19T11:30:10.603970+00:00,clean,,,"{""amenity"": ""fast_food"", ""contact:phone"": ""+32 2 850 48 40"", ""contact:website"": ""https://www.snacklunchtime.be/"", ""name"": ""Lunch Time""}"
ixelles,osm:node/5929793402,Al Peperoncino,restaurant,amenity=restaurant,,,50.8209399,4.408108,+32 2 673 21 46,https://restaurantalpeperoncino.be,,WEBSITE_PRESENT,2026-08-19T11:30:10.603970+00:00,clean,,,"{""amenity"": ""restaurant"", ""contact:phone"": ""+32 2 673 21 46"", ""contact:website"": ""https://restaurantalpeperoncino.be"", ""name"": ""Al Peperoncino""}"
ixelles,osm:node/5929882120,Le Gourmet,pastry-shops,shop=bakery,,,50.821119,4.4074882,+32 2 640 74 22,,,NO_WEBSITE,2026-08-19T11:30:10.603970+00:00,clean,,,"{""contact:phone"": ""+32 2 640 74 22"", ""name"": ""Le Gourmet"", ""shop"": ""bakery""}"
ixelles,osm:node/5929894604,L'Avant-Première,bars-pubs,amenity=pub,,,50.8206139,4.4085889,+32 2 675 15 83,,,NO_WEBSITE,2026-08-19T11:30:10.603970+00:00,clean,,,"{""amenity"": ""pub"", ""contact:phone"": ""+32 2 675 15 83"", ""name"": ""L'Avant-Première""}"
ixelles,osm:node/5929904232,Brasserie Saint-Julien,restaurant,amenity=restaurant,,,50.8206156,4.4092528,,,,NO_WEBSITE,2026-08-19T11:30:10.603970+00:00,clean,,,"{""amenity"": ""restaurant"", ""name"": ""Brasserie Saint-Julien""}"
ixelles,osm:node/5933705785,Thai Hon,restaurant,amenity=restaurant,,,50.8365336,4.3802228,+32 2 230 01 31,,,NO_WEBSITE,2026-08-19T11:30:10.603970+00:00,clean,,,"{""amenity"": ""restaurant"", ""contact:phone"": ""+32 2 230 01 31"", ""name"": ""Thai Hon""}"
ixelles,osm:node/5937384815,OUD,restaurant,amenity=restaurant,,,50.8176083,4.4199478,,,,NO_WEBSITE,2026-08-19T11:30:10.603970+00:00,clean,,,"{""amenity"": ""restaurant"", ""name"": ""OUD""}"
ixelles,osm:node/5937421103,Vivapharma,pharmacy,amenity=pharmacy,,,50.8176447,4.4197681,,,,NO_WEBSITE,2026-08-19T11:30:10.603970+00:00,clean,,,"{""amenity"": ""pharmacy"", ""healthcare"": ""pharmacy"", ""name"": ""Vivapharma""}"
ixelles,osm:node/5937460884,Le Break,bars-pubs,amenity=bar,,,50.8197883,4.4121513,,,,NO_WEBSITE,2026-08-19T11:30:10.603970+00:00,clean,,,"{""amenity"": ""bar"", ""name"": ""Le Break""}"
ixelles,osm:node/5937503701,La frite Dorée,fast-food,amenity=fast_food,,,50.8206466,4.4098412,+32 2 660 49 78,https://fritedoreeauderghem.be/,,WEBSITE_PRESENT,2026-08-19T11:30:10.603970+00:00,clean,,,"{""amenity"": ""fast_food"", ""contact:phone"": ""+32 2 660 49 78"", ""contact:website"": ""https://fritedoreeauderghem.be/"", ""name"": ""La frite Dorée""}"
ixelles,osm:node/5937564484,Ici beauty nails,beauty-salon,shop=beauty,,,50.8210134,4.4078833,,,,NO_WEBSITE,2026-08-19T11:30:10.603970+00:00,clean,,,"{""name"": ""Ici beauty nails"", ""shop"": ""beauty""}"
ixelles,osm:node/5950982485,Be Bō Bun,fast-food,amenity=fast_food,,,50.8341591,4.3589697,,,,NO_WEBSITE,2026-08-19T11:30:10.603970+00:00,clean,,,"{""amenity"": ""fast_food"", ""name"": ""Be Bō Bun""}"
ixelles,osm:node/5951134742,Dewit Law Office,legal-services,office=lawyer,,,50.8217485,4.362927,,,,NO_WEBSITE,2026-08-19T11:30:10.603970+00:00,clean,,,"{""name"": ""Dewit Law Office"", ""office"": ""lawyer""}"
ixelles,osm:node/5951134953,Old Boy,restaurant,amenity=restaurant,,,50.8208039,4.3610839,,,,NO_WEBSITE,2026-08-19T11:30:10.603970+00:00,clean,,,"{""amenity"": ""restaurant"", ""name"": ""Old Boy""}"
ixelles,osm:node/5951418285,Ginette Bar,bars-pubs,amenity=pub,,,50.8156685,4.3894721,+32 2 851 17 09,https://ginettebars.com/,,WEBSITE_PRESENT,2026-08-19T11:30:10.603970+00:00,clean,,,"{""amenity"": ""pub"", ""contact:phone"": ""+32 2 851 17 09"", ""name"": ""Ginette Bar"", ""website"": ""https://ginettebars.com/""}"
ixelles,osm:node/5961590266,Makisu,restaurant,amenity=restaurant,,,50.8227493,4.3534194,,,,NO_WEBSITE,2026-08-19T11:30:10.603970+00:00,clean,,,"{""amenity"": ""restaurant"", ""name"": ""Makisu""}"
ixelles,osm:node/5969774021,Chez Henri,bars-pubs,amenity=bar,,,50.836789,4.3958102,,,,NO_WEBSITE,2026-08-19T11:30:10.603970+00:00,clean,,,"{""amenity"": ""bar"", ""name"": ""Chez Henri""}"
ixelles,osm:node/5978131951,Mr Adam,shoe-stores,shop=shoes,,,50.8292242,4.3623878,,https://mradam.shoes/,,WEBSITE_PRESENT,2026-08-19T11:30:10.603970+00:00,clean,,,"{""contact:website"": ""https://mradam.shoes/"", ""name"": ""Mr Adam"", ""shop"": ""shoes""}"
ixelles,osm:node/5993432272,Voyage au Cœur de Mon Liban,fast-food,amenity=fast_food,,,50.8250143,4.358994,,,,NO_WEBSITE,2026-08-19T11:30:10.603970+00:00,clean,,,"{""amenity"": ""fast_food"", ""name"": ""Voyage au Cœur de Mon Liban""}"
ixelles,osm:node/5993515753,Mellow,clothing-store,shop=clothes,,,50.8250634,4.3590153,,,,NO_WEBSITE,2026-08-19T11:30:10.603970+00:00,clean,,,"{""name"": ""Mellow"", ""shop"": ""clothes""}"
ixelles,osm:node/5993515755,Vybe,clothing-store,shop=clothes,,,50.8249693,4.3589802,,,,NO_WEBSITE,2026-08-19T11:30:10.603970+00:00,clean,,,"{""name"": ""Vybe"", ""shop"": ""clothes""}"
ixelles,osm:node/6001185389,Pizzeria Tatona,fast-food,amenity=fast_food,,,50.8288708,4.3722209,+32 2 644 68 73,https://pizzeriatatona.be/,,WEBSITE_PRESENT,2026-08-19T11:30:10.603970+00:00,clean,,,"{""amenity"": ""fast_food"", ""contact:phone"": ""+32 2 644 68 73"", ""contact:website"": ""https://pizzeriatatona.be/"", ""name"": ""Pizzeria Tatona""}"
ixelles,osm:node/6057563725,Tiger,restaurant,amenity=restaurant,,,50.8360715,4.4062723,+32 2 767 80 09,https://www.tiger.brussels/,tiger.brussels,WEBSITE_PRESENT,2026-08-19T11:30:10.603970+00:00,clean,,,"{""amenity"": ""restaurant"", ""contact:facebook"": ""tiger.brussels"", ""contact:instagram"": ""tiger.brussels"", ""contact:phone"": ""+32 2 767 80 09"", ""contact:website"": ""https://www.tiger.brussels/"", ""name"": ""Tiger""}"
ixelles,osm:node/6057647994,Cuir-City.com,clothing-store,shop=clothes,,,50.8341736,4.3556462,+32 2 361 61 26,https://www.cuir-city.com/,,WEBSITE_PRESENT,2026-08-19T11:30:10.603970+00:00,clean,,,"{""contact:phone"": ""+32 2 361 61 26"", ""contact:website"": ""https://www.cuir-city.com/"", ""name"": ""Cuir-City.com"", ""shop"": ""clothes""}"
ixelles,osm:node/6057648105,St-Michel,fast-food,amenity=fast_food,,,50.8344713,4.4140438,,,,NO_WEBSITE,2026-08-19T11:30:10.603970+00:00,clean,,,"{""amenity"": ""fast_food"", ""name"": ""St-Michel""}"
ixelles,osm:node/6058280632,Philosophical Psychoanalytical Practice,physiotherapy,healthcare=physiotherapist,,,50.8159576,4.3871539,+32 2 580 06 82,,,NO_WEBSITE,2026-08-19T11:30:10.603970+00:00,clean,,,"{""contact:phone"": ""+32 2 580 06 82"", ""healthcare"": ""physiotherapist"", ""name"": ""Philosophical Psychoanalytical Practice""}"
ixelles,osm:node/6060218217,65degrés,restaurant,amenity=restaurant,,,50.8279152,4.3627033,,https://www.65degres.be,,WEBSITE_PRESENT,2026-08-19T11:30:10.603970+00:00,clean,,,"{""amenity"": ""restaurant"", ""name"": ""65degrés"", ""website"": ""https://www.65degres.be""}"
ixelles,osm:node/6060218218,Sukoza,cafe,amenity=cafe,,,50.835663,4.3558671,,,,NO_WEBSITE,2026-08-19T11:30:10.603970+00:00,clean,,,"{""amenity"": ""cafe"", ""name"": ""Sukoza""}"
ixelles,osm:node/6070536160,Il Perfetto,restaurant,amenity=restaurant,,,50.8125622,4.3916952,,,,NO_WEBSITE,2026-08-19T11:30:10.603970+00:00,clean,,,"{""amenity"": ""restaurant"", ""name"": ""Il Perfetto""}"
ixelles,osm:node/6070797859,Lloyd Coffee Eatery,cafe,amenity=cafe,,,50.8163341,4.3912125,,,,NO_WEBSITE,2026-08-19T11:30:10.603970+00:00,clean,,,"{""amenity"": ""cafe"", ""name"": ""Lloyd Coffee Eatery""}"
ixelles,osm:node/6070797860,Makisu,restaurant,amenity=restaurant,,,50.81603,4.3898193,,https://makisu.be,,WEBSITE_PRESENT,2026-08-19T11:30:10.603970+00:00,clean,,,"{""amenity"": ""restaurant"", ""contact:website"": ""https://makisu.be"", ""name"": ""Makisu""}"
ixelles,osm:node/6070797861,Poussières d'Etoiles,restaurant,amenity=restaurant,,,50.8168273,4.3888879,+32 2 640 71 58,https://poussieresdetoiles.be,,WEBSITE_PRESENT,2026-08-19T11:30:10.603970+00:00,clean,,,"{""amenity"": ""restaurant"", ""contact:phone"": ""+32 2 640 71 58"", ""contact:website"": ""https://poussieresdetoiles.be"", ""name"": ""Poussières d'Etoiles""}"
ixelles,osm:node/6070797862,Seven days,fast-food,amenity=fast_food,,,50.8167356,4.3889523,,,,NO_WEBSITE,2026-08-19T11:30:10.603970+00:00,clean,,,"{""amenity"": ""fast_food"", ""name"": ""Seven days""}"
ixelles,osm:node/6070797864,La verveine,restaurant,amenity=restaurant,,,50.8177052,4.3923452,+32 2 644 44 80,http://restolaverveine.com/,,WEBSITE_PRESENT,2026-08-19T11:30:10.603970+00:00,clean,,,"{""amenity"": ""restaurant"", ""contact:phone"": ""+32 2 644 44 80"", ""contact:website"": ""http://restolaverveine.com/"", ""name"": ""La verveine""}"
ixelles,osm:node/6070797865,Snack Top's,fast-food,amenity=fast_food,,,50.8180225,4.3928938,,https://www.snacktops.be/,,WEBSITE_PRESENT,2026-08-19T11:30:10.603970+00:00,clean,,,"{""amenity"": ""fast_food"", ""contact:website"": ""https://www.snacktops.be/"", ""name"": ""Snack Top's""}"
ixelles,osm:node/6070797867,Pizza D’Italia,restaurant,amenity=restaurant,,,50.8125618,4.3891501,+32 2 267 35 74,https://www.pizzaditalia-ixelles.be,,WEBSITE_PRESENT,2026-08-19T11:30:10.603970+00:00,clean,,,"{""amenity"": ""restaurant"", ""contact:phone"": ""+32 2 267 35 74"", ""contact:website"": ""https://www.pizzaditalia-ixelles.be"", ""name"": ""Pizza D’Italia""}"
ixelles,osm:node/6080402087,Melting Pot Kilo,clothing-store,shop=clothes,,,50.8386734,4.350389,,,,NO_WEBSITE,2026-08-19T11:30:10.603970+00:00,clean,,,"{""name"": ""Melting Pot Kilo"", ""shop"": ""clothes""}"
ixelles,osm:node/6085442022,Juttu,clothing-store,shop=clothes,,,50.8365771,4.3583605,,,,NO_WEBSITE,2026-08-19T11:30:10.603970+00:00,clean,,,"{""name"": ""Juttu"", ""shop"": ""clothes""}"
ixelles,osm:node/6109191687,Smets,clothing-store,shop=clothes,,,50.8396465,4.3608213,,https://smets.lu,,WEBSITE_PRESENT,2026-08-19T11:30:10.603970+00:00,clean,,,"{""contact:website"": ""https://smets.lu"", ""name"": ""Smets"", ""shop"": ""clothes""}"
ixelles,osm:node/6109191688,Bensimon,clothing-store,shop=clothes,,,50.8395854,4.36093,,,,NO_WEBSITE,2026-08-19T11:30:10.603970+00:00,clean,,,"{""name"": ""Bensimon"", ""shop"": ""clothes""}"
ixelles,osm:node/6113995459,Q Team Speedy Ixelles,,shop=car_repair,,,50.8192409,4.3918252,,,,NO_WEBSITE,2026-08-19T11:30:10.603970+00:00,clean,,no confident canonical category mapping,"{""name"": ""Q Team Speedy Ixelles"", ""shop"": ""car_repair""}"
ixelles,osm:node/6113995463,Carrosserie Beckers,,shop=car_repair,,,50.8184834,4.3924814,,,,NO_WEBSITE,2026-08-19T11:30:10.603970+00:00,clean,,no confident canonical category mapping,"{""name"": ""Carrosserie Beckers"", ""shop"": ""car_repair""}"
ixelles,osm:node/6113995465,Hastag café,cafe,amenity=cafe,,,50.8180144,4.3922822,,,,NO_WEBSITE,2026-08-19T11:30:10.603970+00:00,clean,,,"{""amenity"": ""cafe"", ""name"": ""Hastag café""}"
ixelles,osm:node/6113995466,Sushi House,fast-food,amenity=fast_food,,,50.8166484,4.3918359,,https://www.sushihouse-ixl.be/,,WEBSITE_PRESENT,2026-08-19T11:30:10.603970+00:00,clean,,,"{""amenity"": ""fast_food"", ""contact:website"": ""https://www.sushihouse-ixl.be/"", ""name"": ""Sushi House""}"
ixelles,osm:node/6119928234,The Crazy Circle,cafe,amenity=cafe,,,50.8352875,4.3631937,,https://www.thecrazycircle.com/,,WEBSITE_PRESENT,2026-08-19T11:30:10.603970+00:00,clean,,,"{""amenity"": ""cafe"", ""name"": ""The Crazy Circle"", ""website"": ""https://www.thecrazycircle.com/""}"
ixelles,osm:node/6119928236,Indian Flavour,restaurant,amenity=restaurant,,,50.8352541,4.3633965,,,,NO_WEBSITE,2026-08-19T11:30:10.603970+00:00,clean,,,"{""amenity"": ""restaurant"", ""name"": ""Indian Flavour""}"
ixelles,osm:node/6122930912,Poké House,restaurant,amenity=restaurant,,,50.8347691,4.3553903,,,,NO_WEBSITE,2026-08-19T11:30:10.603970+00:00,clean,,,"{""amenity"": ""restaurant"", ""name"": ""Poké House""}"
ixelles,osm:node/6144704875,Gamundi,clothing-store,shop=clothes,,,50.8391344,4.3611551,,https://gamundi.be/,,WEBSITE_PRESENT,2026-08-19T11:30:10.603970+00:00,clean,,,"{""contact:website"": ""https://gamundi.be/"", ""name"": ""Gamundi"", ""shop"": ""clothes""}"
ixelles,osm:node/6147394692,Pandora,jewelry-stores,shop=jewelry,,,50.8362921,4.3630142,,https://be.pandora.net/,,WEBSITE_PRESENT,2026-08-19T11:30:10.603970+00:00,clean,,,"{""brand"": ""Pandora"", ""contact:website"": ""https://be.pandora.net/"", ""name"": ""Pandora"", ""shop"": ""jewelry""}"
ixelles,osm:node/6147394693,Yves Rocher,beauty-salon,shop=beauty,,,50.8362601,4.3630924,,,,NO_WEBSITE,2026-08-19T11:30:10.603970+00:00,clean,,,"{""brand"": ""Yves Rocher"", ""name"": ""Yves Rocher"", ""shop"": ""beauty""}"
ixelles,osm:node/6153592800,Le Saint-Tropez,bars-pubs,amenity=pub,,,50.8193844,4.3864954,,,,NO_WEBSITE,2026-08-19T11:30:10.603970+00:00,clean,,,"{""amenity"": ""pub"", ""name"": ""Le Saint-Tropez""}"
ixelles,osm:node/6167058859,Tapas Y Mas,restaurant,amenity=restaurant,,,50.8179449,4.386486,,https://tapasymas.be/,,WEBSITE_PRESENT,2026-08-19T11:30:10.603970+00:00,clean,,,"{""amenity"": ""restaurant"", ""contact:website"": ""https://tapasymas.be/"", ""name"": ""Tapas Y Mas""}"
ixelles,osm:node/6167058860,KATITi,restaurant,amenity=restaurant,,,50.8179807,4.3863397,,,https://www.facebook.com/KATITiBxl/,SOCIAL_ONLY,2026-08-19T11:30:10.603970+00:00,clean,,,"{""amenity"": ""restaurant"", ""contact:facebook"": ""https://www.facebook.com/KATITiBxl/"", ""name"": ""KATITi""}"
ixelles,osm:node/6167058861,Coffee Lacrosse,cafe,amenity=cafe,,,50.8199979,4.3823203,,https://www.coffeelacrosse.com/,,WEBSITE_PRESENT,2026-08-19T11:30:10.603970+00:00,clean,,,"{""amenity"": ""cafe"", ""name"": ""Coffee Lacrosse"", ""website"": ""https://www.coffeelacrosse.com/""}"
ixelles,osm:node/6167058862,Pacifique,restaurant,amenity=restaurant,,,50.8196282,4.3824081,+32 2 640 52 59,https://www.pacifiquerestaurant.com/,,WEBSITE_PRESENT,2026-08-19T11:30:10.603970+00:00,clean,,,"{""amenity"": ""restaurant"", ""contact:phone"": ""+32 2 640 52 59"", ""contact:website"": ""https://www.pacifiquerestaurant.com/"", ""name"": ""Pacifique""}"
ixelles,osm:node/6170414348,Bros,restaurant,amenity=restaurant,,,50.8166962,4.3918935,,,,NO_WEBSITE,2026-08-19T11:30:10.603970+00:00,clean,,,"{""amenity"": ""restaurant"", ""name"": ""Bros""}"
ixelles,osm:node/6170766740,pasta Bar,fast-food,amenity=fast_food,,,50.836946,4.361998,,,,NO_WEBSITE,2026-08-19T11:30:10.603970+00:00,clean,,,"{""amenity"": ""fast_food"", ""name"": ""pasta Bar""}"
ixelles,osm:node/6170799309,1001 Piles,electronics-stores,shop=electronics,,,50.8367057,4.3618056,,https://www.1001piles.com/,,WEBSITE_PRESENT,2026-08-19T11:30:10.603970+00:00,clean,,,"{""contact:website"": ""https://www.1001piles.com/"", ""name"": ""1001 Piles"", ""shop"": ""electronics""}"
ixelles,osm:node/6196635785,Meat'in,restaurant,amenity=restaurant,,,50.8342917,4.3547064,,,,NO_WEBSITE,2026-08-19T11:30:10.603970+00:00,clean,,,"{""amenity"": ""restaurant"", ""name"": ""Meat'in""}"
ixelles,osm:node/6208873455,Clinique Vétérinaire Champ du Roi,veterinary,amenity=veterinary,,,50.8360143,4.3939256,+32 2 640 21 23,https://champduroi.be/,,WEBSITE_PRESENT,2026-08-19T11:30:10.603970+00:00,clean,,,"{""amenity"": ""veterinary"", ""contact:phone"": ""+32 2 640 21 23"", ""contact:website"": ""https://champduroi.be/"", ""name"": ""Clinique Vétérinaire Champ du Roi""}"
ixelles,osm:node/6213298724,Färm Jourdan,supermarkets,shop=supermarket,,,50.8363288,4.3811406,+32 2 896 65 40,https://stores.farm.coop/fr/farm-jourdan,,WEBSITE_PRESENT,2026-08-19T11:30:10.603970+00:00,clean,,,"{""brand"": ""Färm"", ""contact:phone"": ""+32 2 896 65 40"", ""name"": ""Färm Jourdan"", ""shop"": ""supermarket"", ""website"": ""https://stores.farm.coop/fr/farm-jourdan""}"
ixelles,osm:node/6218551539,Café Janson,cafe,amenity=cafe,,,50.8274013,4.3553676,,,,NO_WEBSITE,2026-08-19T11:30:10.603970+00:00,clean,,,"{""amenity"": ""cafe"", ""name"": ""Café Janson""}"
ixelles,osm:node/6219092718,Sans interdit,bars-pubs,amenity=pub,,,50.8200579,4.3873963,,,,NO_WEBSITE,2026-08-19T11:30:10.603970+00:00,clean,,,"{""amenity"": ""pub"", ""name"": ""Sans interdit""}"
ixelles,osm:node/6222640488,La Châtelaine du Liban,restaurant,amenity=restaurant,,,50.8252165,4.360543,+32 2 850 69 99,https://chatelaineduliban.be,,WEBSITE_PRESENT,2026-08-19T11:30:10.603970+00:00,clean,,,"{""amenity"": ""restaurant"", ""contact:phone"": ""+32 2 850 69 99"", ""contact:website"": ""https://chatelaineduliban.be"", ""name"": ""La Châtelaine du Liban""}"
ixelles,osm:node/6223625097,Basic-Fit,gym,leisure=fitness_centre,,,50.8257112,4.3649242,,https://www.basic-fit.com/fr-be/clubs/basic-fit-brussels-avenue-louise-24-7-cab93ea1d9ce431390e435e0a0a93b99.html,,WEBSITE_PRESENT,2026-08-19T11:30:10.603970+00:00,existing_duplicate,"source id, name/address, phone, or website matched existing listing",,"{""contact:website"": ""https://www.basic-fit.com/fr-be/clubs/basic-fit-brussels-avenue-louise-24-7-cab93ea1d9ce431390e435e0a0a93b99.html"", ""leisure"": ""fitness_centre"", ""name"": ""Basic-Fit"", ""operator"": ""Basic-Fit""}"
ixelles,osm:node/6234407427,Comptoir Rodin,restaurant,amenity=restaurant,,,50.8275155,4.3815067,+32 2 203 00 14,https://www.comptoir-rodin.be/,,WEBSITE_PRESENT,2026-08-19T11:30:10.603970+00:00,clean,,,"{""amenity"": ""restaurant"", ""contact:phone"": ""+32 2 203 00 14"", ""contact:website"": ""https://www.comptoir-rodin.be/"", ""name"": ""Comptoir Rodin""}"
ixelles,osm:node/6245049286,Belga & Co,cafe,amenity=cafe,,,50.8271056,4.3629159,,https://www.belgacoffee.com,,WEBSITE_PRESENT,2026-08-19T11:30:10.603970+00:00,clean,,,"{""amenity"": ""cafe"", ""contact:website"": ""https://www.belgacoffee.com"", ""name"": ""Belga & Co""}"
ixelles,osm:node/6245160334,Donki,restaurant,amenity=restaurant,,,50.8297882,4.3561306,+32 2 850 87 13,https://www.donki.be/,,WEBSITE_PRESENT,2026-08-19T11:30:10.603970+00:00,clean,,,"{""amenity"": ""restaurant"", ""contact:phone"": ""+32 2 850 87 13"", ""contact:website"": ""https://www.donki.be/"", ""name"": ""Donki""}"
ixelles,osm:node/6245523385,Colonel,restaurant,amenity=restaurant,,,50.8339186,4.3553826,,,,NO_WEBSITE,2026-08-19T11:30:10.603970+00:00,clean,,,"{""amenity"": ""restaurant"", ""name"": ""Colonel""}"
ixelles,osm:node/6256217438,Les Caves d'Alex,restaurant,amenity=restaurant,,,50.8206596,4.3872464,,,,NO_WEBSITE,2026-08-19T11:30:10.603970+00:00,clean,,,"{""amenity"": ""restaurant"", ""name"": ""Les Caves d'Alex""}"
ixelles,osm:node/6266236214,Beerstorming,bars-pubs,amenity=pub,,,50.8243316,4.3431704,,http://www.beerstorming.net/,,WEBSITE_PRESENT,2026-08-19T11:30:10.603970+00:00,clean,,,"{""amenity"": ""pub"", ""contact:website"": ""http://www.beerstorming.net/"", ""name"": ""Beerstorming""}"
ixelles,osm:node/6267007741,Ghost,bars-pubs,amenity=bar,,,50.8275825,4.3554255,,https://ghost-brussels.be/,,WEBSITE_PRESENT,2026-08-19T11:30:10.603970+00:00,clean,,,"{""amenity"": ""bar"", ""contact:website"": ""https://ghost-brussels.be/"", ""name"": ""Ghost""}"
ixelles,osm:node/6279627050,'t Complex,cafe,amenity=cafe,,,50.8243568,4.3956771,+32 2 629 28 91,https://www.vub.be/en/services-vub-campuses-in-etterbeek-and-jette/tasty-food-vub-campus/catering-facilities-vub-campus,,WEBSITE_PRESENT,2026-08-19T11:30:10.603970+00:00,clean,,,"{""amenity"": ""cafe"", ""contact:phone"": ""+32 2 629 28 91"", ""contact:website"": ""https://www.vub.be/en/services-vub-campuses-in-etterbeek-and-jette/tasty-food-vub-campus/catering-facilities-vub-campus"", ""name"": ""'t Complex""}"
ixelles,osm:node/6284575332,Huimian,restaurant,amenity=restaurant,,,50.8195426,4.3829155,+32 2 437 95 31,,,NO_WEBSITE,2026-08-19T11:30:10.603970+00:00,clean,,,"{""amenity"": ""restaurant"", ""contact:phone"": ""+32 2 437 95 31"", ""name"": ""Huimian""}"
ixelles,osm:node/6284575333,Pho Diem Xuan,restaurant,amenity=restaurant,,,50.8191275,4.3831592,+32 2 425 34 47,,,NO_WEBSITE,2026-08-19T11:30:10.603970+00:00,clean,,,"{""amenity"": ""restaurant"", ""contact:phone"": ""+32 2 425 34 47"", ""name"": ""Pho Diem Xuan""}"
ixelles,osm:node/6284575334,Chez Monsieur Yang,restaurant,amenity=restaurant,,,50.8185651,4.3843245,+32 2 476 05 62,https://www.chezmonsieuryang.com/,,WEBSITE_PRESENT,2026-08-19T11:30:10.603970+00:00,clean,,,"{""amenity"": ""restaurant"", ""contact:phone"": ""+32 2 476 05 62"", ""contact:website"": ""https://www.chezmonsieuryang.com/"", ""name"": ""Chez Monsieur Yang""}"
ixelles,osm:node/6285910517,Alchimie,beauty-salon,shop=hairdresser,,,50.8333601,4.3747737,+32 2 771 03 94,,,NO_WEBSITE,2026-08-19T11:30:10.603970+00:00,clean,,,"{""contact:phone"": ""+32 2 771 03 94"", ""name"": ""Alchimie"", ""operator"": ""Alchimie"", ""shop"": ""hairdresser""}"
ixelles,osm:node/6285910518,Alchimie Urban Spa,beauty-salon,shop=beauty,,,50.8333961,4.3747288,+32 2 771 03 94,https://alchimie-spa.com/,,WEBSITE_PRESENT,2026-08-19T11:30:10.603970+00:00,clean,,,"{""contact:phone"": ""+32 2 771 03 94"", ""contact:website"": ""https://alchimie-spa.com/"", ""name"": ""Alchimie Urban Spa"", ""operator"": ""Alchimie"", ""shop"": ""beauty""}"
ixelles,osm:node/6286877387,Kazakozi,cafe,amenity=cafe,,,50.8383115,4.3717332,,,,NO_WEBSITE,2026-08-19T11:30:10.603970+00:00,clean,,,"{""amenity"": ""cafe"", ""name"": ""Kazakozi""}"
ixelles,osm:node/6301082291,Kokuban,restaurant,amenity=restaurant,,,50.8235482,4.3687041,+32 2 611 06 22,https://www.kokuban.be/,,WEBSITE_PRESENT,2026-08-19T11:30:10.603970+00:00,clean,,,"{""amenity"": ""restaurant"", ""contact:phone"": ""+32 2 611 06 22"", ""contact:website"": ""https://www.kokuban.be/"", ""name"": ""Kokuban""}"
ixelles,osm:node/6314671711,Envol de Domoina,jewelry-stores,shop=jewelry,,,50.836655,4.3807607,,,,NO_WEBSITE,2026-08-19T11:30:10.603970+00:00,clean,,,"{""name"": ""Envol de Domoina"", ""shop"": ""jewelry""}"
ixelles,osm:node/6314671712,Papay,fast-food,amenity=fast_food,,,50.8366583,4.3808518,,,,NO_WEBSITE,2026-08-19T11:30:10.603970+00:00,clean,,,"{""amenity"": ""fast_food"", ""name"": ""Papay""}"
ixelles,osm:node/6317149447,Accolade,clothing-store,shop=clothes,,,50.8366303,4.3806588,,,,NO_WEBSITE,2026-08-19T11:30:10.603970+00:00,clean,,,"{""name"": ""Accolade"", ""shop"": ""clothes""}"
ixelles,osm:node/6325197787,Soho,restaurant,amenity=restaurant,,,50.83636,4.3655378,,,,NO_WEBSITE,2026-08-19T11:30:10.603970+00:00,clean,,,"{""amenity"": ""restaurant"", ""name"": ""Soho""}"
ixelles,osm:node/6368368694,Allard,pharmacy,amenity=pharmacy,,,50.8201865,4.3773778,,,,NO_WEBSITE,2026-08-19T11:30:10.603970+00:00,clean,,,"{""amenity"": ""pharmacy"", ""name"": ""Allard""}"
ixelles,osm:node/6370417910,Berlineroom,fast-food,amenity=fast_food,,,50.8255528,4.3553532,,,,NO_WEBSITE,2026-08-19T11:30:10.603970+00:00,clean,,,"{""amenity"": ""fast_food"", ""name"": ""Berlineroom""}"
ixelles,osm:node/6377569696,Jacq's Toastery,restaurant,amenity=restaurant,,,50.8283721,4.3608075,,https://www.jacqstoastery.com/,,WEBSITE_PRESENT,2026-08-19T11:30:10.603970+00:00,clean,,,"{""amenity"": ""restaurant"", ""contact:website"": ""https://www.jacqstoastery.com/"", ""name"": ""Jacq's Toastery""}"
ixelles,osm:node/6377569706,Mathieu Nayis,beauty-salon,shop=hairdresser,,,50.8315113,4.3566814,,,,NO_WEBSITE,2026-08-19T11:30:10.603970+00:00,clean,,,"{""name"": ""Mathieu Nayis"", ""shop"": ""hairdresser""}"
ixelles,osm:node/6387978624,Croc'Delice,fast-food,amenity=fast_food,,,50.8182349,4.3840299,,,,NO_WEBSITE,2026-08-19T11:30:10.603970+00:00,clean,,,"{""amenity"": ""fast_food"", ""name"": ""Croc'Delice""}"
ixelles,osm:node/6394781030,Best in town,fast-food,amenity=fast_food,,,50.8217748,4.3887094,,,,NO_WEBSITE,2026-08-19T11:30:10.603970+00:00,clean,,,"{""amenity"": ""fast_food"", ""name"": ""Best in town""}"
ixelles,osm:node/6394781032,Century 21,real-estate-agencies,office=estate_agent,,,50.8196229,4.3865728,,,,NO_WEBSITE,2026-08-19T11:30:10.603970+00:00,clean,,,"{""name"": ""Century 21"", ""office"": ""estate_agent""}"
ixelles,osm:node/6394781033,Beauté d'Or,beauty-salon,shop=beauty,,,50.8195175,4.3867613,,,,NO_WEBSITE,2026-08-19T11:30:10.603970+00:00,clean,,,"{""name"": ""Beauté d'Or"", ""shop"": ""beauty""}"
ixelles,osm:node/6394781034,Le B@cchus,bars-pubs,amenity=bar,,,50.8189843,4.3874029,,,,NO_WEBSITE,2026-08-19T11:30:10.603970+00:00,clean,,,"{""amenity"": ""bar"", ""name"": ""Le B@cchus""}"
ixelles,osm:node/6394781039,Hawaiian Poké Bowl,fast-food,amenity=fast_food,,,50.8158111,4.3895081,+32 2 245 49 40,https://hawaiianpokebowl.be,,WEBSITE_PRESENT,2026-08-19T11:30:10.603970+00:00,existing_duplicate,"source id, name/address, phone, or website matched existing listing",,"{""amenity"": ""fast_food"", ""contact:phone"": ""+32 2 245 49 40"", ""contact:website"": ""https://hawaiianpokebowl.be"", ""name"": ""Hawaiian Poké Bowl"", ""operator"": ""Hawaiian Poké Bowl""}"
ixelles,osm:node/6405140426,Je me sens belle !,beauty-salon,shop=beauty,,,50.8171967,4.3886186,,,,NO_WEBSITE,2026-08-19T11:30:10.603970+00:00,clean,,,"{""name"": ""Je me sens belle !"", ""shop"": ""beauty""}"
ixelles,osm:node/6405140427,Naly,restaurant,amenity=restaurant,,,50.8167856,4.3889169,+32 2 649 06 62,,,NO_WEBSITE,2026-08-19T11:30:10.603970+00:00,clean,,,"{""amenity"": ""restaurant"", ""contact:phone"": ""+32 2 649 06 62"", ""name"": ""Naly""}"
ixelles,osm:node/6405140431,Marche Mallow,shoe-stores,shop=shoes,,,50.817303,4.3884712,+32 2 648 18 50,https://www.marchemallow.be/,,WEBSITE_PRESENT,2026-08-19T11:30:10.603970+00:00,clean,,,"{""contact:phone"": ""+32 2 648 18 50"", ""contact:website"": ""https://www.marchemallow.be/"", ""name"": ""Marche Mallow"", ""shop"": ""shoes""}"
ixelles,osm:node/6409534291,Qahwah,restaurant,amenity=restaurant,,,50.82305,4.3674097,,,,NO_WEBSITE,2026-08-19T11:30:10.603970+00:00,clean,,,"{""amenity"": ""restaurant"", ""name"": ""Qahwah""}"
ixelles,osm:node/6413933003,BruxLT,gym,leisure=fitness_centre,,,50.8332597,4.3517481,,https://www.bruxlt.com/,,WEBSITE_PRESENT,2026-08-19T11:30:10.603970+00:00,clean,,,"{""contact:website"": ""https://www.bruxlt.com/"", ""leisure"": ""fitness_centre"", ""name"": ""BruxLT""}"
ixelles,osm:node/6413951774,Malibran,pharmacy,amenity=pharmacy,,,50.8302787,4.3730862,+32 2 648 87 33,,,NO_WEBSITE,2026-08-19T11:30:10.603970+00:00,clean,,,"{""amenity"": ""pharmacy"", ""contact:phone"": ""+32 2 648 87 33"", ""healthcare"": ""pharmacy"", ""name"": ""Malibran""}"
ixelles,osm:node/6414023234,Chambelland,pastry-shops,shop=bakery,,,50.8146996,4.3878209,+32 2 751 48 44,https://chambelland.com,,WEBSITE_PRESENT,2026-08-19T11:30:10.603970+00:00,clean,,,"{""contact:phone"": ""+32 2 751 48 44"", ""contact:website"": ""https://chambelland.com"", ""name"": ""Chambelland"", ""shop"": ""bakery""}"
ixelles,osm:node/6415766346,O'Tacos,fast-food,amenity=fast_food,,,50.8163045,4.3911359,+32 2 380 32 92,https://www.facebook.com/otacos.ixelles/,,WEBSITE_PRESENT,2026-08-19T11:30:10.603970+00:00,existing_duplicate,"source id, name/address, phone, or website matched existing listing",,"{""amenity"": ""fast_food"", ""brand"": ""O'Tacos"", ""contact:phone"": ""+32 2 380 32 92"", ""contact:website"": ""https://www.facebook.com/otacos.ixelles/"", ""name"": ""O'Tacos""}"
ixelles,osm:node/6417906084,Vet & Cie,veterinary,amenity=veterinary,,,50.8263431,4.3775428,+32 2 647 71 75,https://www.vet-cie.be/,,WEBSITE_PRESENT,2026-08-19T11:30:10.603970+00:00,clean,,,"{""amenity"": ""veterinary"", ""contact:phone"": ""+32 2 647 71 75"", ""contact:website"": ""https://www.vet-cie.be/"", ""name"": ""Vet & Cie""}"
ixelles,osm:node/6418244261,Yves Rocher,beauty-salon,shop=beauty,,,50.8163615,4.389561,,,,NO_WEBSITE,2026-08-19T11:30:10.603970+00:00,clean,,,"{""brand"": ""Yves Rocher"", ""name"": ""Yves Rocher"", ""shop"": ""beauty""}"
ixelles,osm:node/6418244266,Quadrophenia,clothing-store,shop=clothes,,,50.8170578,4.3887316,,,https://www.facebook.com/quadropheniafashionstore,SOCIAL_ONLY,2026-08-19T11:30:10.603970+00:00,clean,,,"{""contact:facebook"": ""https://www.facebook.com/quadropheniafashionstore"", ""name"": ""Quadrophenia"", ""shop"": ""clothes""}"
ixelles,osm:node/6418483649,Fernanda Machado Jewels,jewelry-stores,shop=jewelry,,,50.8171991,4.3879396,,,,NO_WEBSITE,2026-08-19T11:30:10.603970+00:00,clean,,,"{""name"": ""Fernanda Machado Jewels"", ""shop"": ""jewelry""}"
ixelles,osm:node/6418483654,Agence Châtelain,real-estate-agencies,office=estate_agent,,,50.8153738,4.3886986,,,,NO_WEBSITE,2026-08-19T11:30:10.603970+00:00,clean,,,"{""name"": ""Agence Châtelain"", ""office"": ""estate_agent""}"
ixelles,osm:node/6418483666,Bar 77,bars-pubs,amenity=bar,,,50.816414,4.3914197,,,,NO_WEBSITE,2026-08-19T11:30:10.603970+00:00,clean,,,"{""amenity"": ""bar"", ""name"": ""Bar 77""}"
ixelles,osm:node/6418483676,A.R.W.,,shop=car_pound,,,50.8212307,4.3893033,,,,NO_WEBSITE,2026-08-19T11:30:10.603970+00:00,clean,,no confident canonical category mapping,"{""name"": ""A.R.W."", ""shop"": ""car_pound""}"
ixelles,osm:node/6418483683,Tribu Bar,bars-pubs,amenity=bar,,,50.8206533,4.3868286,+32 2 640 12 88,https://www.tribu-bar.be/,,WEBSITE_PRESENT,2026-08-19T11:30:10.603970+00:00,clean,,,"{""amenity"": ""bar"", ""contact:phone"": ""+32 2 640 12 88"", ""contact:website"": ""https://www.tribu-bar.be/"", ""name"": ""Tribu Bar"", ""shop"": ""wine""}"
ixelles,osm:node/6418485985,Hockey Player,clothing-store,shop=clothes,,,50.8205176,4.3870288,,,,NO_WEBSITE,2026-08-19T11:30:10.603970+00:00,clean,,,"{""name"": ""Hockey Player"", ""shop"": ""clothes""}"
ixelles,osm:node/6423669364,Mini Pouce,fast-food,amenity=fast_food,,,50.8263582,4.4024537,,,,NO_WEBSITE,2026-08-19T11:30:10.603970+00:00,clean,,,"{""amenity"": ""fast_food"", ""name"": ""Mini Pouce""}"
ixelles,osm:node/6424744381,Luz,clothing-store,shop=clothes,,,50.8329095,4.3683177,,,,NO_WEBSITE,2026-08-19T11:30:10.603970+00:00,clean,,,"{""name"": ""Luz"", ""operator"": ""Luz Reyers"", ""shop"": ""clothes""}"
ixelles,osm:node/6424744932,Iduna,beauty-salon,shop=beauty,,,50.8374367,4.3681046,,,,NO_WEBSITE,2026-08-19T11:30:10.603970+00:00,clean,,,"{""name"": ""Iduna"", ""shop"": ""beauty""}"
ixelles,osm:node/6424745050,Au panier d'Ixelles,bars-pubs,amenity=bar,,,50.8326974,4.3688746,,,,NO_WEBSITE,2026-08-19T11:30:10.603970+00:00,clean,,,"{""amenity"": ""bar"", ""name"": ""Au panier d'Ixelles""}"
ixelles,osm:node/6448526516,Cowfish,restaurant,amenity=restaurant,,,50.8387749,4.3603754,+32 2 503 04 03,https://cowfish.be/,,WEBSITE_PRESENT,2026-08-19T11:30:10.603970+00:00,clean,,,"{""amenity"": ""restaurant"", ""contact:phone"": ""+32 2 503 04 03"", ""contact:website"": ""https://cowfish.be/"", ""name"": ""Cowfish""}"
ixelles,osm:node/6451966165,Multipharma,pharmacy,amenity=pharmacy,,,50.8096856,4.3893944,,https://www.multipharma.be/fr/nos-pharmacies/detail/multipharma-ixelleselsene-427,,WEBSITE_PRESENT,2026-08-19T11:30:10.603970+00:00,existing_duplicate,"source id, name/address, phone, or website matched existing listing",,"{""amenity"": ""pharmacy"", ""brand"": ""Multipharma"", ""healthcare"": ""pharmacy"", ""name"": ""Multipharma"", ""website"": ""https://www.multipharma.be/fr/nos-pharmacies/detail/multipharma-ixelleselsene-427""}"
ixelles,osm:node/6462645653,Pianocktail,cafe,amenity=cafe,,,50.8350675,4.3468167,,,,NO_WEBSITE,2026-08-19T11:30:10.603970+00:00,clean,,,"{""amenity"": ""cafe"", ""name"": ""Pianocktail""}"
ixelles,osm:node/6466231985,Lookpeople,beauty-salon,shop=hairdresser,,,50.8145644,4.363256,+32 2 640 78 65,https://look-people.com,,WEBSITE_PRESENT,2026-08-19T11:30:10.603970+00:00,clean,,,"{""contact:phone"": ""+32 2 640 78 65"", ""contact:website"": ""https://look-people.com"", ""name"": ""Lookpeople"", ""shop"": ""hairdresser""}"
ixelles,osm:node/6478397350,Bio Marché,supermarkets,shop=supermarket,,,50.8303498,4.3906951,+32 2 219 02 87,https://www.bio-marche.be/,,WEBSITE_PRESENT,2026-08-19T11:30:10.603970+00:00,clean,,,"{""contact:phone"": ""+32 2 219 02 87"", ""contact:website"": ""https://www.bio-marche.be/"", ""name"": ""Bio Marché"", ""shop"": ""supermarket""}"
ixelles,osm:node/6483724701,Hairstyle City Flagey,beauty-salon,shop=hairdresser,,,50.8280758,4.3751318,+32 2 649 27 01,,,NO_WEBSITE,2026-08-19T11:30:10.603970+00:00,clean,,,"{""contact:phone"": ""+32 2 649 27 01"", ""name"": ""Hairstyle City Flagey"", ""shop"": ""hairdresser""}"
ixelles,osm:node/6483739848,Cafe Rio Mondego,bars-pubs,amenity=bar,,,50.8277007,4.3743012,,,,NO_WEBSITE,2026-08-19T11:30:10.603970+00:00,clean,,,"{""amenity"": ""bar"", ""name"": ""Cafe Rio Mondego""}"
ixelles,osm:node/6483744830,Caramulo,bars-pubs,amenity=pub,,,50.827869,4.3750047,,,,NO_WEBSITE,2026-08-19T11:30:10.603970+00:00,clean,,,"{""amenity"": ""pub"", ""name"": ""Caramulo""}"
ixelles,osm:node/6483766641,La Brique,bars-pubs,amenity=pub,,,50.8282318,4.3762599,,,,NO_WEBSITE,2026-08-19T11:30:10.603970+00:00,clean,,,"{""amenity"": ""pub"", ""name"": ""La Brique""}"
ixelles,osm:node/6487476523,Contrebande,bars-pubs,amenity=bar,,,50.8333224,4.366206,+32 2 512 24 66,https://contrebande-bar.be,,WEBSITE_PRESENT,2026-08-19T11:30:10.603970+00:00,clean,,,"{""amenity"": ""bar"", ""contact:phone"": ""+32 2 512 24 66"", ""contact:website"": ""https://contrebande-bar.be"", ""name"": ""Contrebande""}"
ixelles,osm:node/6502305994,Bisou,cafe,amenity=cafe,,,50.8265002,4.3615221,+32 2 887 06 36,https://www.bisoubrussels.be/,,WEBSITE_PRESENT,2026-08-19T11:30:10.603970+00:00,clean,,,"{""amenity"": ""cafe"", ""contact:phone"": ""+32 2 887 06 36"", ""contact:website"": ""https://www.bisoubrussels.be/"", ""name"": ""Bisou""}"
ixelles,osm:node/6504827974,Brut,restaurant,amenity=restaurant,,,50.8254386,4.3756539,+32 2 342 09 75,https://brutfood.be/,,WEBSITE_PRESENT,2026-08-19T11:30:10.603970+00:00,clean,,,"{""amenity"": ""restaurant"", ""contact:phone"": ""+32 2 342 09 75"", ""contact:website"": ""https://brutfood.be/"", ""name"": ""Brut""}"
ixelles,osm:node/6524745157,Le Confucius,restaurant,amenity=restaurant,,,50.8358938,4.3579764,+32 2 511 20 78,https://confucius.be/,,WEBSITE_PRESENT,2026-08-19T11:30:10.603970+00:00,clean,,,"{""amenity"": ""restaurant"", ""contact:phone"": ""+32 2 511 20 78"", ""contact:website"": ""https://confucius.be/"", ""name"": ""Le Confucius""}"
ixelles,osm:node/6525009994,Weekday,clothing-store,shop=clothes,,,50.8362057,4.3580696,,,,NO_WEBSITE,2026-08-19T11:30:10.603970+00:00,clean,,,"{""brand"": ""Weekday"", ""name"": ""Weekday"", ""shop"": ""clothes""}"
ixelles,osm:node/6525493580,Wiel's Renard Noir,bars-pubs,amenity=bar,,,50.8367739,4.3481396,,https://wielsrenardnoir.wixsite.com/,,WEBSITE_PRESENT,2026-08-19T11:30:10.603970+00:00,clean,,,"{""amenity"": ""bar"", ""contact:website"": ""https://wielsrenardnoir.wixsite.com/"", ""name"": ""Wiel's Renard Noir""}"
ixelles,osm:node/6533569975,Wybeck Coffee,fast-food,amenity=fast_food,,,50.8277636,4.3735325,,,,NO_WEBSITE,2026-08-19T11:30:10.603970+00:00,clean,,,"{""amenity"": ""fast_food"", ""name"": ""Wybeck Coffee""}"
ixelles,osm:node/6533611953,Sushi Wa,restaurant,amenity=restaurant,,,50.8279721,4.3732529,,,,NO_WEBSITE,2026-08-19T11:30:10.603970+00:00,clean,,,"{""amenity"": ""restaurant"", ""name"": ""Sushi Wa""}"
ixelles,osm:node/6533614145,Felix Bar Cafe,bars-pubs,amenity=pub,,,50.8273863,4.3767539,,,,NO_WEBSITE,2026-08-19T11:30:10.603970+00:00,clean,,,"{""amenity"": ""pub"", ""name"": ""Felix Bar Cafe""}"
ixelles,osm:node/6533622327,Coiffure Sabrina,beauty-salon,shop=hairdresser,,,50.8272979,4.37703,+32 2 648 06 34,,,NO_WEBSITE,2026-08-19T11:30:10.603970+00:00,clean,,,"{""contact:phone"": ""+32 2 648 06 34"", ""name"": ""Coiffure Sabrina"", ""shop"": ""hairdresser""}"
ixelles,osm:node/6533870620,Gustavo Shoes,shoe-stores,shop=shoes,,,50.8335618,4.3569842,,,,NO_WEBSITE,2026-08-19T11:30:10.603970+00:00,clean,,,"{""name"": ""Gustavo Shoes"", ""shop"": ""shoes""}"
ixelles,osm:node/6533953453,Chifon,clothing-store,shop=clothes,,,50.8342986,4.3648554,,,,NO_WEBSITE,2026-08-19T11:30:10.603970+00:00,clean,,,"{""name"": ""Chifon"", ""shop"": ""clothes""}"
ixelles,osm:node/6535073785,St Kilda,restaurant,amenity=restaurant,,,50.8124906,4.3407081,,https://www.stkildabxl.be/,,WEBSITE_PRESENT,2026-08-19T11:30:10.603970+00:00,clean,,,"{""amenity"": ""restaurant"", ""contact:website"": ""https://www.stkildabxl.be/"", ""name"": ""St Kilda""}"
ixelles,osm:node/6535094068,färm,supermarkets,shop=supermarket,,,50.834199,4.3654175,+32 2 899 05 81,https://www.farm.coop/farm-fernand-cocq,https://facebook.com/farmfernandcocq,WEBSITE_PRESENT,2026-08-19T11:30:10.603970+00:00,clean,,,"{""contact:facebook"": ""https://facebook.com/farmfernandcocq"", ""contact:phone"": ""+32 2 899 05 81"", ""contact:website"": ""https://www.farm.coop/farm-fernand-cocq"", ""name"": ""färm"", ""shop"": ""supermarket""}"
ixelles,osm:node/6557948385,Huggys Bruxelles Louise,restaurant,amenity=restaurant,,,50.8346402,4.3555358,+32 2 268 79 36,https://www.huggys.be/restaurants/bruxelles-2-louise,,WEBSITE_PRESENT,2026-08-19T11:30:10.603970+00:00,clean,,,"{""amenity"": ""restaurant"", ""brand"": ""HUGGYS"", ""contact:phone"": ""+32 2 268 79 36"", ""contact:website"": ""https://www.huggys.be/restaurants/bruxelles-2-louise"", ""name"": ""Huggys Bruxelles Louise""}"
ixelles,osm:node/6571098200,Wok Minute,restaurant,amenity=restaurant,,,50.8287197,4.3719524,,,,NO_WEBSITE,2026-08-19T11:30:10.603970+00:00,clean,,,"{""amenity"": ""restaurant"", ""name"": ""Wok Minute""}"
ixelles,osm:node/6584884287,Malewa,restaurant,amenity=restaurant,,,50.8362687,4.3659756,,,,NO_WEBSITE,2026-08-19T11:30:10.603970+00:00,clean,,,"{""amenity"": ""restaurant"", ""name"": ""Malewa""}"
ixelles,osm:node/6598940702,Les Vignes du Liban,restaurant,amenity=restaurant,,,50.8387051,4.3504193,+32 2 502 17 78,https://lesvignesduliban.be/,,WEBSITE_PRESENT,2026-08-19T11:30:10.603970+00:00,clean,,,"{""amenity"": ""restaurant"", ""contact:phone"": ""+32 2 502 17 78"", ""contact:website"": ""https://lesvignesduliban.be/"", ""name"": ""Les Vignes du Liban""}"
ixelles,osm:node/6603705885,Origine,restaurant,amenity=restaurant,,,50.8367731,4.3833302,+32 2 256 68 93,https://origine-restaurant.be,https://www.facebook.com/Originerestaurant/,WEBSITE_PRESENT,2026-08-19T11:30:10.603970+00:00,clean,,,"{""amenity"": ""restaurant"", ""contact:facebook"": ""https://www.facebook.com/Originerestaurant/"", ""contact:instagram"": ""https://www.instagram.com/originerestaurant/"", ""contact:phone"": ""+32 2 256 68 93"", ""contact:website"": ""https://origine-restaurant.be"", ""name"": ""Origine""}"
ixelles,osm:node/6627289801,Sounds,bars-pubs,amenity=pub,,,50.8342733,4.3669944,,https://sounds.brussels,,WEBSITE_PRESENT,2026-08-19T11:30:10.603970+00:00,clean,,,"{""amenity"": ""pub"", ""name"": ""Sounds"", ""website"": ""https://sounds.brussels""}"
ixelles,osm:node/6651665340,ManouHairStylist,beauty-salon,shop=hairdresser,,,50.8266631,4.3508542,,,,NO_WEBSITE,2026-08-19T11:30:10.603970+00:00,clean,,,"{""name"": ""ManouHairStylist"", ""shop"": ""hairdresser""}"
ixelles,osm:node/6669868163,Can Tho,restaurant,amenity=restaurant,,,50.8397981,4.3734653,,https://can-tho.business.site/,,WEBSITE_PRESENT,2026-08-19T11:30:10.603970+00:00,clean,,,"{""amenity"": ""restaurant"", ""contact:website"": ""https://can-tho.business.site/"", ""name"": ""Can Tho""}"
ixelles,osm:node/6684801942,Le Millefeuille – Café littéraire,cafe,amenity=cafe,,,50.8237598,4.3802733,+32 2 673 13 55,https://lemillefeuille.be/,,WEBSITE_PRESENT,2026-08-19T11:30:10.603970+00:00,clean,,,"{""amenity"": ""cafe"", ""contact:phone"": ""+32 2 673 13 55"", ""contact:website"": ""https://lemillefeuille.be/"", ""name"": ""Le Millefeuille – Café littéraire""}"
ixelles,osm:node/6688182172,La vérité si je mange,fast-food,amenity=fast_food,,,50.8320162,4.3564901,,https://www.laveritesijemange.be,,WEBSITE_PRESENT,2026-08-19T11:30:10.603970+00:00,clean,,,"{""amenity"": ""fast_food"", ""contact:website"": ""https://www.laveritesijemange.be"", ""name"": ""La vérité si je mange""}"
ixelles,osm:node/6691305334,Seoul,restaurant,amenity=restaurant,,,50.8324435,4.3566267,,,,NO_WEBSITE,2026-08-19T11:30:10.603970+00:00,clean,,,"{""amenity"": ""restaurant"", ""name"": ""Seoul""}"
ixelles,osm:node/6691305344,Franck Muller,jewelry-stores,shop=jewelry,,,50.832772,4.3575205,,,,NO_WEBSITE,2026-08-19T11:30:10.603970+00:00,clean,,,"{""name"": ""Franck Muller"", ""shop"": ""jewelry""}"
ixelles,osm:node/6695463594,La Boîte à lire - De Boekenbox,,amenity=public_bookcase,,,50.8274213,4.3733914,,,,NO_WEBSITE,2026-08-19T11:30:10.603970+00:00,clean,,no confident canonical category mapping,"{""amenity"": ""public_bookcase"", ""name"": ""La Boîte à lire - De Boekenbox""}"
ixelles,osm:node/6695466318,La Boîte à lire - De Boekenbox,,amenity=public_bookcase,,,50.8214693,4.3784537,,,,NO_WEBSITE,2026-08-19T11:30:10.603970+00:00,clean,,no confident canonical category mapping,"{""amenity"": ""public_bookcase"", ""name"": ""La Boîte à lire - De Boekenbox""}"
ixelles,osm:node/6716272379,Sandwicherie AA Lunch,fast-food,amenity=fast_food,,,50.8218601,4.3890133,,,,NO_WEBSITE,2026-08-19T11:30:10.603970+00:00,clean,,,"{""amenity"": ""fast_food"", ""name"": ""Sandwicherie AA Lunch""}"
ixelles,osm:node/6716272380,La Couronne,pharmacy,amenity=pharmacy,,,50.8218199,4.3890693,,,,NO_WEBSITE,2026-08-19T11:30:10.603970+00:00,clean,,,"{""amenity"": ""pharmacy"", ""healthcare"": ""pharmacy"", ""name"": ""La Couronne""}"
ixelles,osm:node/6720857519,Kastar,bars-pubs,amenity=bar,,,50.8274814,4.3650621,,,,NO_WEBSITE,2026-08-19T11:30:10.603970+00:00,clean,,,"{""amenity"": ""bar"", ""name"": ""Kastar""}"
ixelles,osm:node/6721194415,Le Bar d'Ixelles,bars-pubs,amenity=bar,,,50.8160296,4.3894568,,,,NO_WEBSITE,2026-08-19T11:30:10.603970+00:00,clean,,,"{""amenity"": ""bar"", ""name"": ""Le Bar d'Ixelles""}"
ixelles,osm:node/6732525042,Le Kiosque,cafe,amenity=cafe,,,50.8031679,4.3815056,,,,NO_WEBSITE,2026-08-19T11:30:10.603970+00:00,clean,,,"{""amenity"": ""cafe"", ""name"": ""Le Kiosque""}"
ixelles,osm:node/6744443148,Jan Verbeke,veterinary,amenity=veterinary,,,50.8102927,4.4035035,,,,NO_WEBSITE,2026-08-19T11:30:10.603970+00:00,clean,,,"{""amenity"": ""veterinary"", ""name"": ""Jan Verbeke""}"
ixelles,osm:node/6757363340,Cabinet médico-dentaire,dentist,amenity=dentist,,,50.829649,4.3727075,,,,NO_WEBSITE,2026-08-19T11:30:10.603970+00:00,clean,,,"{""amenity"": ""dentist"", ""healthcare"": ""dentist"", ""name"": ""Cabinet médico-dentaire""}"
ixelles,osm:node/6757380218,Elturco,bars-pubs,amenity=bar,,,50.8378261,4.3687787,,,,NO_WEBSITE,2026-08-19T11:30:10.603970+00:00,clean,,,"{""amenity"": ""bar"", ""name"": ""Elturco""}"
ixelles,osm:node/6757387006,Hair style,beauty-salon,shop=hairdresser,,,50.8349188,4.3727218,,,,NO_WEBSITE,2026-08-19T11:30:10.603970+00:00,clean,,,"{""name"": ""Hair style"", ""shop"": ""hairdresser""}"
ixelles,osm:node/6757387186,Pizzeria di Napoli,restaurant,amenity=restaurant,,,50.8346793,4.3726665,+32 2 512 50 03,,,NO_WEBSITE,2026-08-19T11:30:10.603970+00:00,clean,,,"{""amenity"": ""restaurant"", ""contact:phone"": ""+32 2 512 50 03"", ""name"": ""Pizzeria di Napoli""}"
ixelles,osm:node/6757619016,Le Bar À Vins,restaurant,amenity=restaurant,,,50.8271118,4.3706912,,,,NO_WEBSITE,2026-08-19T11:30:10.603970+00:00,clean,,,"{""amenity"": ""restaurant"", ""name"": ""Le Bar À Vins""}"
ixelles,osm:node/6761375586,Twinset,clothing-store,shop=clothes,,,50.8325797,4.3589177,+32 2 400 13 67,https://www.twinset.com/en-be/store-locator/belgium/brussels-hoofdstedelijk-gewest/brussels/twinset-brussels-544,,WEBSITE_PRESENT,2026-08-19T11:30:10.603970+00:00,existing_duplicate,"source id, name/address, phone, or website matched existing listing",,"{""contact:phone"": ""+32 2 400 13 67"", ""contact:website"": ""https://www.twinset.com/en-be/store-locator/belgium/brussels-hoofdstedelijk-gewest/brussels/twinset-brussels-544"", ""name"": ""Twinset"", ""shop"": ""clothes""}"
ixelles,osm:node/6780405135,Barnes,real-estate-agencies,office=estate_agent,,,50.8197945,4.3710859,,,,NO_WEBSITE,2026-08-19T11:30:10.603970+00:00,clean,,,"{""name"": ""Barnes"", ""office"": ""estate_agent""}"
ixelles,osm:node/6780405145,La Truffe Noire,restaurant,amenity=restaurant,,,50.8162473,4.3765389,,,,NO_WEBSITE,2026-08-19T11:30:10.603970+00:00,clean,,,"{""amenity"": ""restaurant"", ""name"": ""La Truffe Noire""}"
ixelles,osm:node/6780405156,Ayda,restaurant,amenity=restaurant,,,50.8193014,4.3712876,,,,NO_WEBSITE,2026-08-19T11:30:10.603970+00:00,clean,,,"{""amenity"": ""restaurant"", ""name"": ""Ayda""}"
ixelles,osm:node/6792255000,Formes de vie,,amenity=public_bookcase,,,50.8165356,4.4095417,,,,NO_WEBSITE,2026-08-19T11:30:10.603970+00:00,clean,,no confident canonical category mapping,"{""amenity"": ""public_bookcase"", ""name"": ""Formes de vie"", ""operator"": ""Japanese School of Brussels""}"
ixelles,osm:node/6799873946,Léopold Café Presse,cafe,amenity=cafe,,,50.8380352,4.3685263,,https://leopoldcafepresse.com/,,WEBSITE_PRESENT,2026-08-19T11:30:10.603970+00:00,clean,,,"{""amenity"": ""cafe"", ""contact:website"": ""https://leopoldcafepresse.com/"", ""name"": ""Léopold Café Presse""}"
ixelles,osm:node/6800203520,Gold Coif,beauty-salon,shop=hairdresser,,,50.8255621,4.3543431,,,,NO_WEBSITE,2026-08-19T11:30:10.603970+00:00,clean,,,"{""name"": ""Gold Coif"", ""shop"": ""hairdresser""}"
ixelles,osm:node/6815774864,Le Boudoir,bars-pubs,amenity=bar,,,50.8265892,4.3626606,,,,NO_WEBSITE,2026-08-19T11:30:10.603970+00:00,clean,,,"{""amenity"": ""bar"", ""name"": ""Le Boudoir""}"
ixelles,osm:node/6815837995,Oeno TK,bars-pubs,amenity=bar,,,50.8247754,4.357256,+32 2 534 64 34,https://www.oenotk.com/,,WEBSITE_PRESENT,2026-08-19T11:30:10.603970+00:00,clean,,,"{""amenity"": ""bar"", ""contact:phone"": ""+32 2 534 64 34"", ""contact:website"": ""https://www.oenotk.com/"", ""name"": ""Oeno TK""}"
ixelles,osm:node/6815837996,Comer,restaurant,amenity=restaurant,,,50.8247474,4.357327,,,,NO_WEBSITE,2026-08-19T11:30:10.603970+00:00,clean,,,"{""amenity"": ""restaurant"", ""name"": ""Comer""}"
ixelles,osm:node/6815848350,Ycca,clothing-store,shop=clothes,,,50.8248601,4.3587942,,https://www.ycca.be/,https://www.instagram.com/ycca.belgium,WEBSITE_PRESENT,2026-08-19T11:30:10.603970+00:00,clean,,,"{""contact:instagram"": ""https://www.instagram.com/ycca.belgium"", ""contact:website"": ""https://www.ycca.be/"", ""name"": ""Ycca"", ""shop"": ""clothes""}"
ixelles,osm:node/6815855501,Multipharma,pharmacy,amenity=pharmacy,,,50.8259851,4.3603204,+32 2 537 03 84,https://www.multipharma.be,,WEBSITE_PRESENT,2026-08-19T11:30:10.603970+00:00,existing_duplicate,"source id, name/address, phone, or website matched existing listing",,"{""amenity"": ""pharmacy"", ""brand"": ""Multipharma"", ""contact:phone"": ""+32 2 537 03 84"", ""contact:website"": ""https://www.multipharma.be"", ""healthcare"": ""pharmacy"", ""name"": ""Multipharma"", ""operator"": ""multiPharma""}"
ixelles,osm:node/6815857057,Le Stoefer,bars-pubs,amenity=bar,,,50.8241646,4.3592502,,https://lestoefer.be,,WEBSITE_PRESENT,2026-08-19T11:30:10.603970+00:00,clean,,,"{""amenity"": ""bar"", ""name"": ""Le Stoefer"", ""website"": ""https://lestoefer.be""}"
ixelles,osm:node/6815859419,Confessions,bars-pubs,amenity=bar,,,50.8254506,4.3584683,,,http://instagram.com/confessionsbxl,SOCIAL_ONLY,2026-08-19T11:30:10.603970+00:00,clean,,,"{""amenity"": ""bar"", ""contact:instagram"": ""http://instagram.com/confessionsbxl"", ""name"": ""Confessions""}"
ixelles,osm:node/6815860564,Lusitano,bars-pubs,amenity=bar,,,50.8309882,4.3464518,,,,NO_WEBSITE,2026-08-19T11:30:10.603970+00:00,clean,,,"{""amenity"": ""bar"", ""name"": ""Lusitano""}"
ixelles,osm:node/6815861331,Couscous At Home,restaurant,amenity=restaurant,,,50.8250456,4.3570333,,,,NO_WEBSITE,2026-08-19T11:30:10.603970+00:00,clean,,,"{""amenity"": ""restaurant"", ""name"": ""Couscous At Home""}"
ixelles,osm:node/6815869046,Un jour à Peyrassol,restaurant,amenity=restaurant,,,50.8243747,4.359281,+32 2 539 32 99,https://unjourapeyrassol.be/,,WEBSITE_PRESENT,2026-08-19T11:30:10.603970+00:00,clean,,,"{""amenity"": ""restaurant"", ""contact:phone"": ""+32 2 539 32 99"", ""contact:website"": ""https://unjourapeyrassol.be/"", ""name"": ""Un jour à Peyrassol"", ""operator"": ""Un jour à Peyrassol""}"
ixelles,osm:node/6815871276,Brasserie Egalité,bars-pubs,amenity=pub,,,50.8305426,4.3458698,,,,NO_WEBSITE,2026-08-19T11:30:10.603970+00:00,clean,,,"{""amenity"": ""pub"", ""name"": ""Brasserie Egalité""}"
ixelles,osm:node/6815893035,Inanna,restaurant,amenity=restaurant,,,50.8307256,4.3453991,,,,NO_WEBSITE,2026-08-19T11:30:10.603970+00:00,clean,,,"{""amenity"": ""restaurant"", ""name"": ""Inanna""}"
ixelles,osm:node/6815904448,Mille et une nuits,restaurant,amenity=restaurant,,,50.8310526,4.3462265,+32 2 537 41 27,https://www.milleetunenuits.be,,WEBSITE_PRESENT,2026-08-19T11:30:10.603970+00:00,clean,,,"{""amenity"": ""restaurant"", ""contact:phone"": ""+32 2 537 41 27"", ""contact:website"": ""https://www.milleetunenuits.be"", ""name"": ""Mille et une nuits""}"
ixelles,osm:node/6815930828,Le Louvre,bars-pubs,amenity=pub,,,50.8302343,4.3446829,,,,NO_WEBSITE,2026-08-19T11:30:10.603970+00:00,clean,,,"{""amenity"": ""pub"", ""name"": ""Le Louvre""}"
ixelles,osm:node/6815941400,patatak,fast-food,amenity=fast_food,,,50.8303461,4.345281,,https://patatak.be,,WEBSITE_PRESENT,2026-08-19T11:30:10.603970+00:00,clean,,,"{""amenity"": ""fast_food"", ""contact:website"": ""https://patatak.be"", ""name"": ""patatak"", ""operator"": ""Adrien Dewez""}"
ixelles,osm:node/6815948717,La Bierco,cafe,amenity=cafe,,,50.8302055,4.3443745,,,,NO_WEBSITE,2026-08-19T11:30:10.603970+00:00,clean,,,"{""amenity"": ""cafe"", ""name"": ""La Bierco""}"
ixelles,osm:node/6815951938,Flora,cafe,amenity=cafe,,,50.8307417,4.345505,,https://cafeflora.be,,WEBSITE_PRESENT,2026-08-19T11:30:10.603970+00:00,clean,,,"{""amenity"": ""cafe"", ""name"": ""Flora"", ""website"": ""https://cafeflora.be""}"
ixelles,osm:node/6815969274,El Faro,bars-pubs,amenity=bar,,,50.8308984,4.34418,,,,NO_WEBSITE,2026-08-19T11:30:10.603970+00:00,clean,,,"{""amenity"": ""bar"", ""name"": ""El Faro""}"
ixelles,osm:node/6818337097,China Express,restaurant,amenity=restaurant,,,50.8294281,4.3699139,+32 2 646 20 44,,,NO_WEBSITE,2026-08-19T11:30:10.603970+00:00,clean,,,"{""amenity"": ""restaurant"", ""contact:phone"": ""+32 2 646 20 44"", ""name"": ""China Express"", ""operator"": ""Teng sprl""}"
ixelles,osm:node/6834193272,Lam,jewelry-stores,shop=jewelry,,,50.8162534,4.3669961,,,,NO_WEBSITE,2026-08-19T11:30:10.603970+00:00,clean,,,"{""name"": ""Lam"", ""shop"": ""jewelry""}"
ixelles,osm:node/6836396762,Polsmaak Ciszkowski,pastry-shops,shop=bakery,,,50.8292863,4.3700482,+32 2 644 03 70,https://polsmaak.eu/,,WEBSITE_PRESENT,2026-08-19T11:30:10.603970+00:00,clean,,,"{""contact:phone"": ""+32 2 644 03 70"", ""contact:website"": ""https://polsmaak.eu/"", ""name"": ""Polsmaak Ciszkowski"", ""shop"": ""bakery""}"
ixelles,osm:node/6876037485,Refresh Brussels,restaurant,amenity=restaurant,,,50.8337836,4.3772752,,,,NO_WEBSITE,2026-08-19T11:30:10.603970+00:00,clean,,,"{""amenity"": ""restaurant"", ""name"": ""Refresh Brussels""}"
ixelles,osm:node/6887212863,Blvck tea,fast-food,amenity=fast_food,,,50.8220132,4.3890803,,,,NO_WEBSITE,2026-08-19T11:30:10.603970+00:00,clean,,,"{""amenity"": ""fast_food"", ""name"": ""Blvck tea""}"
ixelles,osm:node/6902637395,Bar Pilar,cafe,amenity=cafe,,,50.8235762,4.3982043,+32 2 629 30 56,https://pilar.brussels/,https://instagram.com/barpilarbrussels,WEBSITE_PRESENT,2026-08-19T11:30:10.603970+00:00,clean,,,"{""amenity"": ""cafe"", ""contact:instagram"": ""https://instagram.com/barpilarbrussels"", ""contact:phone"": ""+32 2 629 30 56"", ""contact:website"": ""https://pilar.brussels/"", ""name"": ""Bar Pilar""}"
ixelles,osm:node/6912350842,MJM cars,,shop=car_repair,,,50.8179678,4.3899397,,,,NO_WEBSITE,2026-08-19T11:30:10.603970+00:00,clean,,no confident canonical category mapping,"{""name"": ""MJM cars"", ""shop"": ""car_repair""}"
ixelles,osm:node/6913587039,Cash converters,electronics-stores,shop=electronics,,,50.8350582,4.3643755,,,,NO_WEBSITE,2026-08-19T11:30:10.603970+00:00,clean,,,"{""name"": ""Cash converters"", ""shop"": ""electronics""}"
ixelles,osm:node/6913614092,357,shoe-stores,shop=shoes,,,50.8353006,4.3636773,,,,NO_WEBSITE,2026-08-19T11:30:10.603970+00:00,clean,,,"{""name"": ""357"", ""shop"": ""shoes""}"
ixelles,osm:node/6913631791,Courir,shoe-stores,shop=shoes,,,50.8362723,4.3627203,,https://www.courir.be,,WEBSITE_PRESENT,2026-08-19T11:30:10.603970+00:00,clean,,,"{""brand"": ""Courir"", ""contact:website"": ""https://www.courir.be"", ""name"": ""Courir"", ""shop"": ""shoes""}"
ixelles,osm:node/6913634397,Icon²,clothing-store,shop=clothes,,,50.8362219,4.36277,,,,NO_WEBSITE,2026-08-19T11:30:10.603970+00:00,clean,,,"{""name"": ""Icon²"", ""shop"": ""clothes""}"
ixelles,osm:node/6913638693,Okaïdi,clothing-store,shop=clothes,,,50.8361744,4.3628169,+32 2 502 20 49,https://nl.okaidi.be/Shop/okaidi-bruxelles/1809,,WEBSITE_PRESENT,2026-08-19T11:30:10.603970+00:00,clean,,,"{""brand"": ""Okaïdi"", ""contact:phone"": ""+32 2 502 20 49"", ""contact:website"": ""https://nl.okaidi.be/Shop/okaidi-bruxelles/1809"", ""name"": ""Okaïdi"", ""operator"": ""Mo-Sa 10:00-18:30"", ""shop"": ""clothes""}"
ixelles,osm:node/6917868743,Opinio broodjes,restaurant,amenity=restaurant,,,50.8214269,4.3950863,,,,NO_WEBSITE,2026-08-19T11:30:10.603970+00:00,clean,,,"{""amenity"": ""restaurant"", ""name"": ""Opinio broodjes""}"
ixelles,osm:node/6918014125,Mediateurs Legal,legal-services,office=lawyer,,,50.8367617,4.3829179,,https://mediateurs.legal,,WEBSITE_PRESENT,2026-08-19T11:30:10.603970+00:00,clean,,,"{""contact:website"": ""https://mediateurs.legal"", ""name"": ""Mediateurs Legal"", ""office"": ""lawyer""}"
ixelles,osm:node/6939182751,The Last Size,clothing-store,shop=clothes,,,50.8286328,4.3709023,,,,NO_WEBSITE,2026-08-19T11:30:10.603970+00:00,clean,,,"{""name"": ""The Last Size"", ""shop"": ""clothes""}"
ixelles,osm:node/6939223210,Coif Diamant,beauty-salon,shop=hairdresser,,,50.8291045,4.3704699,,,,NO_WEBSITE,2026-08-19T11:30:10.603970+00:00,clean,,,"{""name"": ""Coif Diamant"", ""shop"": ""hairdresser""}"
ixelles,osm:node/6939232497,XL Informatics,electronics-stores,shop=electronics,,,50.8290185,4.3705259,,https://www.xlinformatics.be/,,WEBSITE_PRESENT,2026-08-19T11:30:10.603970+00:00,clean,,,"{""contact:website"": ""https://www.xlinformatics.be/"", ""name"": ""XL Informatics"", ""shop"": ""electronics""}"
ixelles,osm:node/6939290378,Pharmabrussels Flagey,pharmacy,amenity=pharmacy,,,50.8280619,4.3711363,,,,NO_WEBSITE,2026-08-19T11:30:10.603970+00:00,clean,,,"{""amenity"": ""pharmacy"", ""healthcare"": ""pharmacy"", ""name"": ""Pharmabrussels Flagey""}"
ixelles,osm:node/6939292788,Coiffure Plaza,beauty-salon,shop=hairdresser,,,50.8299053,4.3695228,,,,NO_WEBSITE,2026-08-19T11:30:10.603970+00:00,clean,,,"{""name"": ""Coiffure Plaza"", ""shop"": ""hairdresser""}"
ixelles,osm:node/6966406039,Karbon',creative-services,office=architect,,,50.8274269,4.3805771,+32 2 649 75 02,https://karbon.be/,,WEBSITE_PRESENT,2026-08-19T11:30:10.603970+00:00,clean,,,"{""contact:phone"": ""+32 2 649 75 02"", ""contact:website"": ""https://karbon.be/"", ""name"": ""Karbon'"", ""office"": ""architect""}"
ixelles,osm:node/6966406042,Le local,restaurant,amenity=restaurant,,,50.8302299,4.3629777,+32 2 647 68 03,,,NO_WEBSITE,2026-08-19T11:30:10.603970+00:00,clean,,,"{""amenity"": ""restaurant"", ""contact:phone"": ""+32 2 647 68 03"", ""name"": ""Le local""}"
ixelles,osm:node/6966406047,Nijinski,bookstore,shop=books,,,50.8291321,4.3701453,+32 2 539 20 28,,https://www.facebook.com/pg/Librairie-Nijinski-132831700128538/,SOCIAL_ONLY,2026-08-19T11:30:10.603970+00:00,clean,,,"{""contact:facebook"": ""https://www.facebook.com/pg/Librairie-Nijinski-132831700128538/"", ""contact:phone"": ""+32 2 539 20 28"", ""name"": ""Nijinski"", ""shop"": ""books""}"
ixelles,osm:node/6968287541,Bistro Nazionale,restaurant,amenity=restaurant,,,50.8260103,4.3700677,+32 2 657 09 75,https://www.squadracocina.com/bistro-nazionale,https://facebook.com/bistrococina/,WEBSITE_PRESENT,2026-08-19T11:30:10.603970+00:00,clean,,,"{""amenity"": ""restaurant"", ""contact:facebook"": ""https://facebook.com/bistrococina/"", ""contact:instagram"": ""https://www.instagram.com/explore/locations/150871355601941/bistro-nazionale/"", ""contact:phone"": ""+32 2 657 09 75"", ""contact:website"": ""https://www.squadracocina.com/bistro-nazionale"", ""name"": ""Bistro Nazionale""}"
ixelles,osm:node/6969934185,Kafei,cafe,amenity=cafe,,,50.8231311,4.3671823,+32 2 808 25 20,https://www.kafei-bruxelles.be/,https://www.facebook.com/kafeibxl/,WEBSITE_PRESENT,2026-08-19T11:30:10.603970+00:00,clean,,,"{""amenity"": ""cafe"", ""contact:facebook"": ""https://www.facebook.com/kafeibxl/"", ""contact:phone"": ""+32 2 808 25 20"", ""contact:website"": ""https://www.kafei-bruxelles.be/"", ""name"": ""Kafei""}"
ixelles,osm:node/6970161507,Nesting Really,real-estate-agencies,office=estate_agent,,,50.8237393,4.3484392,,,,NO_WEBSITE,2026-08-19T11:30:10.603970+00:00,clean,,,"{""name"": ""Nesting Really"", ""office"": ""estate_agent""}"
ixelles,osm:node/6970225425,Färm.Bascule,supermarkets,shop=supermarket,,,50.8146615,4.3657983,+32 2 318 25 81,https://www.farm.coop,,WEBSITE_PRESENT,2026-08-19T11:30:10.603970+00:00,clean,,,"{""contact:phone"": ""+32 2 318 25 81"", ""contact:website"": ""https://www.farm.coop"", ""name"": ""Färm.Bascule"", ""shop"": ""supermarket""}"
ixelles,osm:node/6970225426,Orybany,clothing-store,shop=clothes,,,50.8397802,4.3468589,,https://www.orybany.com,,WEBSITE_PRESENT,2026-08-19T11:30:10.603970+00:00,clean,,,"{""contact:website"": ""https://www.orybany.com"", ""name"": ""Orybany"", ""shop"": ""clothes""}"
ixelles,osm:node/6973377913,Julie Zaccaï,veterinary,amenity=veterinary,,,50.8158457,4.3649986,,https://www.veterinaire-zaccai.be/,,WEBSITE_PRESENT,2026-08-19T11:30:10.603970+00:00,clean,,,"{""amenity"": ""veterinary"", ""contact:website"": ""https://www.veterinaire-zaccai.be/"", ""name"": ""Julie Zaccaï""}"
ixelles,osm:node/6975721290,Premier Comptoir Thai,restaurant,amenity=restaurant,,,50.8322284,4.3565579,+32 2 537 44 47,https://www.premiercomptoir.be,,WEBSITE_PRESENT,2026-08-19T11:30:10.603970+00:00,clean,,,"{""amenity"": ""restaurant"", ""contact:phone"": ""+32 2 537 44 47"", ""contact:website"": ""https://www.premiercomptoir.be"", ""name"": ""Premier Comptoir Thai""}"
ixelles,osm:node/7023473449,Tigermilk,restaurant,amenity=restaurant,,,50.826223,4.3614514,+32 2 537 37 73,,https://www.facebook.com/tigermilkrestaurants,SOCIAL_ONLY,2026-08-19T11:30:10.603970+00:00,clean,,,"{""amenity"": ""restaurant"", ""contact:facebook"": ""https://www.facebook.com/tigermilkrestaurants"", ""contact:instagram"": ""https://www.instagram.com/tigermilkrestaurants"", ""contact:phone"": ""+32 2 537 37 73"", ""name"": ""Tigermilk""}"
ixelles,osm:node/7031726972,Vincent Charpentier,veterinary,amenity=veterinary,,,50.8264299,4.3509534,,,,NO_WEBSITE,2026-08-19T11:30:10.603970+00:00,clean,,,"{""amenity"": ""veterinary"", ""name"": ""Vincent Charpentier""}"
ixelles,osm:node/7041630137,L'Ermitage Saint-Gilles,bars-pubs,amenity=bar,,,50.8311708,4.3459958,+32 2 732 32 68,https://ermitagesaintgilles.be/,,WEBSITE_PRESENT,2026-08-19T11:30:10.603970+00:00,clean,,,"{""amenity"": ""bar"", ""contact:phone"": ""+32 2 732 32 68"", ""contact:website"": ""https://ermitagesaintgilles.be/"", ""name"": ""L'Ermitage Saint-Gilles""}"
ixelles,osm:node/7071789998,Yakitori,fast-food,amenity=fast_food,,,50.818291,4.3841745,,,,NO_WEBSITE,2026-08-19T11:30:10.603970+00:00,clean,,,"{""amenity"": ""fast_food"", ""name"": ""Yakitori""}"
ixelles,osm:node/7072257962,Pizza Vino,fast-food,amenity=fast_food,,,50.8200298,4.3855958,,https://www.pizzavino.be/,,WEBSITE_PRESENT,2026-08-19T11:30:10.603970+00:00,clean,,,"{""amenity"": ""fast_food"", ""contact:website"": ""https://www.pizzavino.be/"", ""name"": ""Pizza Vino""}"
ixelles,osm:node/7074387733,Ellis Burger,restaurant,amenity=restaurant,,,50.8280249,4.3714857,+32 2 486 15 00,https://ellis.be/fr-be/restaurants/,,WEBSITE_PRESENT,2026-08-19T11:30:10.603970+00:00,clean,,,"{""amenity"": ""restaurant"", ""contact:phone"": ""+32 2 486 15 00"", ""contact:website"": ""https://ellis.be/fr-be/restaurants/"", ""name"": ""Ellis Burger""}"
ixelles,osm:node/7074397028,Mondday,restaurant,amenity=restaurant,,,50.8283214,4.3711431,,,,NO_WEBSITE,2026-08-19T11:30:10.603970+00:00,clean,,,"{""amenity"": ""restaurant"", ""name"": ""Mondday""}"
ixelles,osm:node/7074398536,Snack Grill Dora,fast-food,amenity=fast_food,,,50.8282752,4.3711806,,,,NO_WEBSITE,2026-08-19T11:30:10.603970+00:00,clean,,,"{""amenity"": ""fast_food"", ""name"": ""Snack Grill Dora""}"
ixelles,osm:node/7074404080,Cabinet Vétérinaire Flagey,veterinary,amenity=veterinary,,,50.8289656,4.3705659,,,,NO_WEBSITE,2026-08-19T11:30:10.603970+00:00,clean,,,"{""amenity"": ""veterinary"", ""name"": ""Cabinet Vétérinaire Flagey""}"
ixelles,osm:node/7074430616,Pharmacie du Hennin Ixelles,pharmacy,amenity=pharmacy,,,50.8296386,4.3699773,+32 2 648 37 60,,,NO_WEBSITE,2026-08-19T11:30:10.603970+00:00,clean,,,"{""amenity"": ""pharmacy"", ""contact:phone"": ""+32 2 648 37 60"", ""healthcare"": ""pharmacy"", ""name"": ""Pharmacie du Hennin Ixelles""}"
ixelles,osm:node/7074433207,Yemeni,restaurant,amenity=restaurant,,,50.8287208,4.3707877,,https://www.yemenirestaurant-ixelles.be,,WEBSITE_PRESENT,2026-08-19T11:30:10.603970+00:00,clean,,,"{""amenity"": ""restaurant"", ""name"": ""Yemeni"", ""website"": ""https://www.yemenirestaurant-ixelles.be""}"
ixelles,osm:node/7074822183,P-pite,clothing-store,shop=clothes,,,50.8319185,4.3676683,,,,NO_WEBSITE,2026-08-19T11:30:10.603970+00:00,clean,,,"{""name"": ""P-pite"", ""shop"": ""clothes""}"
ixelles,osm:node/7074861872,Quartier libre,clothing-store,shop=clothes,,,50.8319609,4.3675918,,,,NO_WEBSITE,2026-08-19T11:30:10.603970+00:00,clean,,,"{""name"": ""Quartier libre"", ""shop"": ""clothes""}"
ixelles,osm:node/7074885213,O’Roots,restaurant,amenity=restaurant,,,50.8320642,4.3674255,+32 2 513 05 45,http://o-roots.com,,WEBSITE_PRESENT,2026-08-19T11:30:10.603970+00:00,clean,,,"{""amenity"": ""restaurant"", ""contact:phone"": ""+32 2 513 05 45"", ""contact:website"": ""http://o-roots.com"", ""name"": ""O’Roots""}"
ixelles,osm:node/7081967029,O Cambalhotas,restaurant,amenity=restaurant,,,50.8298699,4.3697785,,https://cambalhotas-restaurante-portugues.negocio.site,,WEBSITE_PRESENT,2026-08-19T11:30:10.603970+00:00,clean,,,"{""amenity"": ""restaurant"", ""contact:website"": ""https://cambalhotas-restaurante-portugues.negocio.site"", ""name"": ""O Cambalhotas""}"
ixelles,osm:node/7081967642,Odesu,restaurant,amenity=restaurant,,,50.8297394,4.3699017,,,,NO_WEBSITE,2026-08-19T11:30:10.603970+00:00,clean,,,"{""amenity"": ""restaurant"", ""name"": ""Odesu""}"
ixelles,osm:node/7082039071,Sushiria,restaurant,amenity=restaurant,,,50.8382306,4.3630461,,https://www.sushiria.be/,,WEBSITE_PRESENT,2026-08-19T11:30:10.603970+00:00,clean,,,"{""amenity"": ""restaurant"", ""contact:website"": ""https://www.sushiria.be/"", ""name"": ""Sushiria""}"
ixelles,osm:node/7082084242,O'Tacos,fast-food,amenity=fast_food,,,50.8373138,4.362269,,https://o-tacos.com/fr/,,WEBSITE_PRESENT,2026-08-19T11:30:10.603970+00:00,clean,,,"{""amenity"": ""fast_food"", ""brand"": ""O'Tacos"", ""contact:website"": ""https://o-tacos.com/fr/"", ""name"": ""O'Tacos""}"
ixelles,osm:node/7090645856,Hunkemöller,clothing-store,shop=clothes,,,50.8359734,4.3630152,+32 2 512 74 93,https://www.hunkemoller.be/fr/magasin/brussel/chaussee-dixelles-67,,WEBSITE_PRESENT,2026-08-19T11:30:10.603970+00:00,existing_duplicate,"source id, name/address, phone, or website matched existing listing",,"{""brand"": ""Hunkemöller"", ""contact:phone"": ""+32 2 512 74 93"", ""contact:website"": ""https://www.hunkemoller.be/fr/magasin/brussel/chaussee-dixelles-67"", ""name"": ""Hunkemöller"", ""shop"": ""clothes""}"
ixelles,osm:node/7090696636,Jolie Hair Cosmetics,,shop=hairdresser_supply,,,50.8376479,4.3618299,,,,NO_WEBSITE,2026-08-19T11:30:10.603970+00:00,clean,,no confident canonical category mapping,"{""name"": ""Jolie Hair Cosmetics"", ""shop"": ""hairdresser_supply""}"
ixelles,osm:node/7096151087,Pharmacie du Récif,pharmacy,amenity=pharmacy,,,50.8335712,4.3665178,+32 2 513 09 69,https://www.pharmaciedurecif.be/,,WEBSITE_PRESENT,2026-08-19T11:30:10.603970+00:00,clean,,,"{""amenity"": ""pharmacy"", ""contact:phone"": ""+32 2 513 09 69"", ""contact:website"": ""https://www.pharmaciedurecif.be/"", ""healthcare"": ""pharmacy"", ""name"": ""Pharmacie du Récif"", ""operator"": ""Philippe Linthout""}"
ixelles,osm:node/7099504885,CHYL,restaurant,amenity=restaurant,,,50.8196874,4.3713681,+32 2 648 34 76,,,NO_WEBSITE,2026-08-19T11:30:10.603970+00:00,clean,,,"{""amenity"": ""restaurant"", ""contact:phone"": ""+32 2 648 34 76"", ""name"": ""CHYL""}"
ixelles,osm:node/7102003885,Foxhole vintage,clothing-store,shop=clothes,,,50.8372667,4.347154,,,,NO_WEBSITE,2026-08-19T11:30:10.603970+00:00,clean,,,"{""name"": ""Foxhole vintage"", ""shop"": ""clothes""}"
ixelles,osm:node/7102117586,P'titi,restaurant,amenity=restaurant,,,50.8371752,4.3470661,,,,NO_WEBSITE,2026-08-19T11:30:10.603970+00:00,clean,,,"{""amenity"": ""restaurant"", ""name"": ""P'titi""}"
ixelles,osm:node/7104235086,Les anciennes bruxelles,restaurant,amenity=restaurant,,,50.8369782,4.3479122,,,,NO_WEBSITE,2026-08-19T11:30:10.603970+00:00,clean,,,"{""amenity"": ""restaurant"", ""name"": ""Les anciennes bruxelles""}"
ixelles,osm:node/7104254085,Tapatat,fast-food,amenity=fast_food,,,50.8368474,4.348258,,,,NO_WEBSITE,2026-08-19T11:30:10.603970+00:00,clean,,,"{""amenity"": ""fast_food"", ""name"": ""Tapatat""}"
ixelles,osm:node/7104255288,Bernard Gavillan vintage,clothing-store,shop=clothes,,,50.837573,4.3472413,,,,NO_WEBSITE,2026-08-19T11:30:10.603970+00:00,clean,,,"{""name"": ""Bernard Gavillan vintage"", ""shop"": ""clothes""}"
ixelles,osm:node/7114866374,WAVE Architecture,creative-services,office=architect,,,50.8273456,4.3742882,,https://www.wavearchitecture.eu,,WEBSITE_PRESENT,2026-08-19T11:30:10.603970+00:00,clean,,,"{""contact:website"": ""https://www.wavearchitecture.eu"", ""name"": ""WAVE Architecture"", ""office"": ""architect""}"
ixelles,osm:node/7124200596,Da Claudio,restaurant,amenity=restaurant,,,50.821784,4.3564252,+32 2 538 77 29,,,NO_WEBSITE,2026-08-19T11:30:10.603970+00:00,clean,,,"{""amenity"": ""restaurant"", ""contact:phone"": ""+32 2 538 77 29"", ""name"": ""Da Claudio""}"
ixelles,osm:node/7136756886,Thai Chiangmai,restaurant,amenity=restaurant,,,50.8359648,4.3711136,,,,NO_WEBSITE,2026-08-19T11:30:10.603970+00:00,clean,,,"{""amenity"": ""restaurant"", ""name"": ""Thai Chiangmai""}"
ixelles,osm:node/7140706416,Les Petits Riens - Spullenhulp,clothing-store,shop=clothes,,,50.835338,4.3639697,+32 2 512 88 72,,,NO_WEBSITE,2026-08-19T11:30:10.603970+00:00,clean,,,"{""contact:phone"": ""+32 2 512 88 72"", ""name"": ""Les Petits Riens - Spullenhulp"", ""shop"": ""clothes""}"
ixelles,osm:node/7142331404,Salva Barbershop,beauty-salon,shop=hairdresser,,,50.8357719,4.3641845,+32 2 512 27 41,https://salvabarbershop.be/,,WEBSITE_PRESENT,2026-08-19T11:30:10.603970+00:00,clean,,,"{""contact:phone"": ""+32 2 512 27 41"", ""contact:website"": ""https://salvabarbershop.be/"", ""name"": ""Salva Barbershop"", ""shop"": ""hairdresser""}"
ixelles,osm:node/7142339596,Le Syrtaki,restaurant,amenity=restaurant,,,50.8363656,4.3645933,+32 2 512 32 70,http://www.lesyrtaki.net/,,WEBSITE_PRESENT,2026-08-19T11:30:10.603970+00:00,clean,,,"{""amenity"": ""restaurant"", ""contact:phone"": ""+32 2 512 32 70"", ""contact:website"": ""http://www.lesyrtaki.net/"", ""name"": ""Le Syrtaki""}"
ixelles,osm:node/7142339597,Le Syrtaki,restaurant,amenity=restaurant,,,50.8361249,4.3641176,+32 2 512 32 70,http://www.lesyrtaki.net/,,WEBSITE_PRESENT,2026-08-19T11:30:10.603970+00:00,clean,,,"{""amenity"": ""restaurant"", ""contact:phone"": ""+32 2 512 32 70"", ""contact:website"": ""http://www.lesyrtaki.net/"", ""name"": ""Le Syrtaki""}"
ixelles,osm:node/7154159184,Volta Supper Club,restaurant,amenity=restaurant,,,50.835875,4.3640072,,https://www.voltasupperclub.com/,,WEBSITE_PRESENT,2026-08-19T11:30:10.603970+00:00,clean,,,"{""amenity"": ""restaurant"", ""contact:website"": ""https://www.voltasupperclub.com/"", ""name"": ""Volta Supper Club""}"
ixelles,osm:node/7154176791,Belga & Co,cafe,amenity=cafe,,,50.8359102,4.3640577,+32 2 503 27 87,https://www.belgacoffee.com,,WEBSITE_PRESENT,2026-08-19T11:30:10.603970+00:00,clean,,,"{""amenity"": ""cafe"", ""contact:phone"": ""+32 2 503 27 87"", ""contact:website"": ""https://www.belgacoffee.com"", ""name"": ""Belga & Co""}"
ixelles,osm:node/7154181518,Le Syrtaki,restaurant,amenity=restaurant,,,50.8359491,4.3641136,+32 2 512 32 70,,,NO_WEBSITE,2026-08-19T11:30:10.603970+00:00,clean,,,"{""amenity"": ""restaurant"", ""contact:phone"": ""+32 2 512 32 70"", ""name"": ""Le Syrtaki""}"
ixelles,osm:node/7160221386,Styliani,clothing-store,shop=clothes,,,50.8306086,4.373306,,,,NO_WEBSITE,2026-08-19T11:30:10.603970+00:00,clean,,,"{""name"": ""Styliani"", ""shop"": ""clothes""}"
ixelles,osm:node/7164967309,Belezas do Brasil,beauty-salon,shop=hairdresser,,,50.8316055,4.3679211,+32 2 644 00 07,https://belezasdobrasil.be/,https://www.instagram.com/dobrasilbelezas/,WEBSITE_PRESENT,2026-08-19T11:30:10.603970+00:00,clean,,,"{""contact:instagram"": ""https://www.instagram.com/dobrasilbelezas/"", ""contact:phone"": ""+32 2 644 00 07"", ""contact:website"": ""https://belezasdobrasil.be/"", ""name"": ""Belezas do Brasil"", ""operator"": ""Ludmila Beckman"", ""shop"": ""hairdresser""}"
ixelles,osm:node/7174881703,KooKoo,cafe,amenity=cafe,,,50.8258257,4.3545113,,,https://www.instagram.com/kookoo.cafee/,SOCIAL_ONLY,2026-08-19T11:30:10.603970+00:00,clean,,,"{""amenity"": ""cafe"", ""contact:instagram"": ""https://www.instagram.com/kookoo.cafee/"", ""name"": ""KooKoo""}"
ixelles,osm:node/7174918160,Pardon,cafe,amenity=cafe,,,50.831312,4.3460366,,https://www.pardonbrussels.com/,https://www.facebook.com/pardonbrussels,WEBSITE_PRESENT,2026-08-19T11:30:10.603970+00:00,clean,,,"{""amenity"": ""cafe"", ""contact:facebook"": ""https://www.facebook.com/pardonbrussels"", ""contact:instagram"": ""https://www.instagram.com/pardonbrussels"", ""contact:website"": ""https://www.pardonbrussels.com/"", ""name"": ""Pardon""}"
ixelles,osm:node/7177359285,lab9,electronics-stores,shop=electronics,,,50.8254247,4.3543831,,,,NO_WEBSITE,2026-08-19T11:30:10.603970+00:00,clean,,,"{""name"": ""lab9"", ""shop"": ""electronics""}"
ixelles,osm:node/7177359286,Clinique dentaire Moris,dentist,amenity=dentist,,,50.8254491,4.3539503,,,,NO_WEBSITE,2026-08-19T11:30:10.603970+00:00,clean,,,"{""amenity"": ""dentist"", ""healthcare"": ""dentist"", ""name"": ""Clinique dentaire Moris""}"
ixelles,osm:node/7177359385,La petite Maison de Beauté,beauty-salon,shop=beauty,,,50.8255336,4.3542014,,,,NO_WEBSITE,2026-08-19T11:30:10.603970+00:00,clean,,,"{""name"": ""La petite Maison de Beauté"", ""shop"": ""beauty""}"
ixelles,osm:node/7178197003,Le Rendez-Vous Des Artistes,restaurant,amenity=restaurant,,,50.8342442,4.35506,,,,NO_WEBSITE,2026-08-19T11:30:10.603970+00:00,clean,,,"{""amenity"": ""restaurant"", ""name"": ""Le Rendez-Vous Des Artistes""}"
ixelles,osm:node/7179059886,Dolce,restaurant,amenity=restaurant,,,50.8224397,4.3666523,+32 2 647 88 02,https://dolcerestaurant.be,,WEBSITE_PRESENT,2026-08-19T11:30:10.603970+00:00,clean,,,"{""amenity"": ""restaurant"", ""contact:phone"": ""+32 2 647 88 02"", ""contact:website"": ""https://dolcerestaurant.be"", ""name"": ""Dolce""}"
ixelles,osm:node/7185348285,Pizzeria La Regina,restaurant,amenity=restaurant,,,50.8240817,4.3634218,+32 2 649 30 01,https://laregina.be/,,WEBSITE_PRESENT,2026-08-19T11:30:10.603970+00:00,clean,,,"{""amenity"": ""restaurant"", ""contact:phone"": ""+32 2 649 30 01"", ""contact:website"": ""https://laregina.be/"", ""name"": ""Pizzeria La Regina""}"
ixelles,osm:node/7194064685,Mendo,restaurant,amenity=restaurant,,,50.8254873,4.3596124,+32 2 770 76 66,,mendo.ixelles,SOCIAL_ONLY,2026-08-19T11:30:10.603970+00:00,clean,,,"{""amenity"": ""restaurant"", ""contact:instagram"": ""mendo.ixelles"", ""contact:phone"": ""+32 2 770 76 66"", ""name"": ""Mendo""}"
ixelles,osm:node/7195165369,The Wild Lab,cafe,amenity=cafe,,,50.8236649,4.3480345,,https://www.thewildlab.be/,,WEBSITE_PRESENT,2026-08-19T11:30:10.603970+00:00,clean,,,"{""amenity"": ""cafe"", ""contact:website"": ""https://www.thewildlab.be/"", ""name"": ""The Wild Lab""}"
ixelles,osm:node/7196938789,L'épicerie – Cuisine du Marché,restaurant,amenity=restaurant,,,50.8225194,4.3580229,,,,NO_WEBSITE,2026-08-19T11:30:10.603970+00:00,clean,,,"{""amenity"": ""restaurant"", ""name"": ""L'épicerie – Cuisine du Marché""}"
ixelles,osm:node/7199717964,L'Inattendu,restaurant,amenity=restaurant,,,50.8357788,4.3503506,+32 2 513 10 91,,,NO_WEBSITE,2026-08-19T11:30:10.603970+00:00,clean,,,"{""amenity"": ""restaurant"", ""contact:phone"": ""+32 2 513 10 91"", ""name"": ""L'Inattendu""}"
ixelles,osm:node/7199964768,Sergent Major,clothing-store,shop=clothes,,,50.8357046,4.3636124,+32 2 503 66 05,https://www.sergent-major.be/on/demandware.store/Sites-SergentMajor_BE-Site/fr_BE/Stores-Details?storeID=4608,,WEBSITE_PRESENT,2026-08-19T11:30:10.603970+00:00,clean,,,"{""brand"": ""Sergent Major"", ""contact:phone"": ""+32 2 503 66 05"", ""contact:website"": ""https://www.sergent-major.be/on/demandware.store/Sites-SergentMajor_BE-Site/fr_BE/Stores-Details?storeID=4608"", ""name"": ""Sergent Major"", ""shop"": ""clothes""}"
ixelles,osm:node/7199964771,Kapo Moda,clothing-store,shop=clothes,,,50.8357495,4.3635686,,,,NO_WEBSITE,2026-08-19T11:30:10.603970+00:00,clean,,,"{""name"": ""Kapo Moda"", ""shop"": ""clothes""}"
ixelles,osm:node/7200462582,Panos,fast-food,amenity=fast_food,,,50.8385129,4.3621773,,,,NO_WEBSITE,2026-08-19T11:30:10.603970+00:00,clean,,,"{""amenity"": ""fast_food"", ""brand"": ""Panos"", ""name"": ""Panos""}"
ixelles,osm:node/7200595209,Pax,clothing-store,shop=clothes,,,50.8353023,4.3644027,,,,NO_WEBSITE,2026-08-19T11:30:10.603970+00:00,clean,,,"{""name"": ""Pax"", ""shop"": ""clothes""}"
ixelles,osm:node/7200643980,Vleugels,pharmacy,amenity=pharmacy,,,50.8344188,4.3646734,+32 2 512 52 01,https://www.universalpharma.be/servlet/javaparser4.class?pgm=det_pharma_fr&ref=182,,WEBSITE_PRESENT,2026-08-19T11:30:10.603970+00:00,clean,,,"{""amenity"": ""pharmacy"", ""contact:phone"": ""+32 2 512 52 01"", ""contact:website"": ""https://www.universalpharma.be/servlet/javaparser4.class?pgm=det_pharma_fr&ref=182"", ""healthcare"": ""pharmacy"", ""name"": ""Vleugels"", ""operator"": ""Universal Pharma""}"
ixelles,osm:node/7211188266,Salon de Thè Jasmin,cafe,amenity=cafe,,,50.8362517,4.3450788,,,,NO_WEBSITE,2026-08-19T11:30:10.603970+00:00,clean,,,"{""amenity"": ""cafe"", ""name"": ""Salon de Thè Jasmin""}"
ixelles,osm:node/7213733672,Bel Nails,beauty-salon,shop=beauty,,,50.8300471,4.3694067,,,,NO_WEBSITE,2026-08-19T11:30:10.603970+00:00,clean,,,"{""name"": ""Bel Nails"", ""shop"": ""beauty""}"
ixelles,osm:node/7213745081,Fermento,bars-pubs,amenity=bar,,,50.8310137,4.3685158,,,,NO_WEBSITE,2026-08-19T11:30:10.603970+00:00,clean,,,"{""amenity"": ""bar"", ""name"": ""Fermento""}"
ixelles,osm:node/7215751859,La fripothèque,clothing-store,shop=clothes,,,50.8310926,4.3684368,,,,NO_WEBSITE,2026-08-19T11:30:10.603970+00:00,clean,,,"{""name"": ""La fripothèque"", ""shop"": ""clothes""}"
ixelles,osm:node/7216168185,Manhattn's Burgers,restaurant,amenity=restaurant,,,50.8285626,4.3630914,,https://www.manhattns.com/location/avenue-louise,,WEBSITE_PRESENT,2026-08-19T11:30:10.603970+00:00,existing_duplicate,"source id, name/address, phone, or website matched existing listing",,"{""amenity"": ""restaurant"", ""contact:website"": ""https://www.manhattns.com/location/avenue-louise"", ""name"": ""Manhattn's Burgers""}"
ixelles,osm:node/7231290785,Menma,restaurant,amenity=restaurant,,,50.8369658,4.3810202,,,,NO_WEBSITE,2026-08-19T11:30:10.603970+00:00,clean,,,"{""amenity"": ""restaurant"", ""name"": ""Menma""}"
ixelles,osm:node/7236303530,Le Pantin,bars-pubs,amenity=pub,,,50.8281121,4.3711098,+32 2 346 63 43,,https://www.facebook.com/lepantinflagey,SOCIAL_ONLY,2026-08-19T11:30:10.603970+00:00,clean,,,"{""amenity"": ""pub"", ""contact:facebook"": ""https://www.facebook.com/lepantinflagey"", ""contact:phone"": ""+32 2 346 63 43"", ""name"": ""Le Pantin""}"
ixelles,osm:node/7236307177,Le Pitch-Pin,bars-pubs,amenity=pub,,,50.8276409,4.3714548,+32 2 626 60 57,,PitchPin,SOCIAL_ONLY,2026-08-19T11:30:10.603970+00:00,clean,,,"{""amenity"": ""pub"", ""contact:facebook"": ""PitchPin"", ""contact:phone"": ""+32 2 626 60 57"", ""name"": ""Le Pitch-Pin""}"
ixelles,osm:node/7236311787,Le Bar Parallèle,bars-pubs,amenity=pub,,,50.8336013,4.3664281,+32 2 512 30 41,,,NO_WEBSITE,2026-08-19T11:30:10.603970+00:00,clean,,,"{""amenity"": ""pub"", ""contact:phone"": ""+32 2 512 30 41"", ""name"": ""Le Bar Parallèle""}"
ixelles,osm:node/7241787660,Dim Yum,restaurant,amenity=restaurant,,,50.8292865,4.3724921,+32 2 259 49 11,https://dimyum.be/,,WEBSITE_PRESENT,2026-08-19T11:30:10.603970+00:00,clean,,,"{""amenity"": ""restaurant"", ""contact:phone"": ""+32 2 259 49 11"", ""contact:website"": ""https://dimyum.be/"", ""name"": ""Dim Yum""}"
ixelles,osm:node/7254727804,Egohairstyle,beauty-salon,shop=hairdresser,,,50.8192421,4.3830014,+32 2 319 77 84,https://egohairstyle.com,,WEBSITE_PRESENT,2026-08-19T11:30:10.603970+00:00,clean,,,"{""contact:phone"": ""+32 2 319 77 84"", ""contact:website"": ""https://egohairstyle.com"", ""name"": ""Egohairstyle"", ""shop"": ""hairdresser""}"
ixelles,osm:node/7254770419,HM2 COMPTA,accounting-firms,office=accountant,,,50.8191868,4.3830796,+32 2 372 17 15,,,NO_WEBSITE,2026-08-19T11:30:10.603970+00:00,clean,,,"{""contact:phone"": ""+32 2 372 17 15"", ""name"": ""HM2 COMPTA"", ""office"": ""accountant""}"
ixelles,osm:node/7254793554,Hairstudio by JBB,beauty-salon,shop=hairdresser,,,50.8216262,4.3798223,,,,NO_WEBSITE,2026-08-19T11:30:10.603970+00:00,clean,,,"{""name"": ""Hairstudio by JBB"", ""shop"": ""hairdresser""}"
ixelles,osm:node/7254803696,Beauty and Nails Salon by Kio,beauty-salon,shop=beauty,,,50.818439,4.3841526,,,,NO_WEBSITE,2026-08-19T11:30:10.603970+00:00,clean,,,"{""name"": ""Beauty and Nails Salon by Kio"", ""shop"": ""beauty""}"
ixelles,osm:node/7254803699,Le grenier d'Elvire,restaurant,amenity=restaurant,,,50.818666,4.3838297,,,,NO_WEBSITE,2026-08-19T11:30:10.603970+00:00,clean,,,"{""amenity"": ""restaurant"", ""name"": ""Le grenier d'Elvire""}"
ixelles,osm:node/7254813151,Apocalypse,restaurant,amenity=restaurant,,,50.818528,4.3840395,+32 2 647 07 18,,,NO_WEBSITE,2026-08-19T11:30:10.603970+00:00,clean,,,"{""amenity"": ""restaurant"", ""contact:phone"": ""+32 2 647 07 18"", ""name"": ""Apocalypse""}"
ixelles,osm:node/7254813152,Ratabar,bars-pubs,amenity=bar,,,50.8185689,4.3839964,,,,NO_WEBSITE,2026-08-19T11:30:10.603970+00:00,clean,,,"{""amenity"": ""bar"", ""name"": ""Ratabar""}"
ixelles,osm:node/7254852555,O’Tacos Flagey - Ixelles,restaurant,amenity=restaurant,,,50.8275221,4.3710683,+32 2 346 70 95,https://o-tacos.com/be-fr/,,WEBSITE_PRESENT,2026-08-19T11:30:10.603970+00:00,clean,,,"{""amenity"": ""restaurant"", ""contact:phone"": ""+32 2 346 70 95"", ""contact:website"": ""https://o-tacos.com/be-fr/"", ""name"": ""O’Tacos Flagey - Ixelles""}"
ixelles,osm:node/7254870118,Shrimp's Brussels,restaurant,amenity=restaurant,,,50.8279665,4.359324,,https://restaurantshrimps.be/,,WEBSITE_PRESENT,2026-08-19T11:30:10.603970+00:00,clean,,,"{""amenity"": ""restaurant"", ""contact:website"": ""https://restaurantshrimps.be/"", ""name"": ""Shrimp's Brussels""}"
ixelles,osm:node/7258406604,Le Sport Life,restaurant,amenity=restaurant,,,50.8303644,4.3931907,,,,NO_WEBSITE,2026-08-19T11:30:10.603970+00:00,clean,,,"{""amenity"": ""restaurant"", ""name"": ""Le Sport Life""}"
ixelles,osm:node/7266145824,Woodpecker,cafe,amenity=cafe,,,50.806789,4.3789352,,,,NO_WEBSITE,2026-08-19T11:30:10.603970+00:00,clean,,,"{""amenity"": ""cafe"", ""name"": ""Woodpecker""}"
ixelles,osm:node/7272488740,Les Larmes du Tigre,restaurant,amenity=restaurant,,,50.8356296,4.3506114,+32 2 512 18 77,https://www.leslarmesdutigre.be/,,WEBSITE_PRESENT,2026-08-19T11:30:10.603970+00:00,clean,,,"{""amenity"": ""restaurant"", ""contact:phone"": ""+32 2 512 18 77"", ""contact:website"": ""https://www.leslarmesdutigre.be/"", ""name"": ""Les Larmes du Tigre""}"
ixelles,osm:node/7272572860,Le Flagey,bars-pubs,amenity=bar,,,50.8285825,4.3720353,,,,NO_WEBSITE,2026-08-19T11:30:10.603970+00:00,clean,,,"{""amenity"": ""bar"", ""name"": ""Le Flagey""}"
ixelles,osm:node/7272629666,Oggi pasta,fast-food,amenity=fast_food,,,50.8287664,4.3718622,+32 2 649 75 35,,,NO_WEBSITE,2026-08-19T11:30:10.603970+00:00,clean,,,"{""amenity"": ""fast_food"", ""contact:phone"": ""+32 2 649 75 35"", ""name"": ""Oggi pasta""}"
ixelles,osm:node/7272635042,Bambini,restaurant,amenity=restaurant,,,50.8286986,4.371984,,,,NO_WEBSITE,2026-08-19T11:30:10.603970+00:00,clean,,,"{""amenity"": ""restaurant"", ""name"": ""Bambini""}"
ixelles,osm:node/7273850933,Café Aa,cafe,amenity=cafe,,,50.8190358,4.3440674,,,,NO_WEBSITE,2026-08-19T11:30:10.603970+00:00,clean,,,"{""amenity"": ""cafe"", ""name"": ""Café Aa""}"
ixelles,osm:node/7276681940,Happy day,cafe,amenity=cafe,,,50.819031,4.382966,,https://happydayixelles.wixsite.com/website,,WEBSITE_PRESENT,2026-08-19T11:30:10.603970+00:00,clean,,,"{""amenity"": ""cafe"", ""contact:website"": ""https://happydayixelles.wixsite.com/website"", ""name"": ""Happy day""}"
ixelles,osm:node/7294606885,Eat & Smile,fast-food,amenity=fast_food,,,50.8368369,4.3810724,,,,NO_WEBSITE,2026-08-19T11:30:10.603970+00:00,clean,,,"{""amenity"": ""fast_food"", ""name"": ""Eat & Smile""}"
ixelles,osm:node/7324789619,PokiPoké,restaurant,amenity=restaurant,,,50.828677,4.3706089,+32 2 705 22 14,https://www.pokipoke.net/,,WEBSITE_PRESENT,2026-08-19T11:30:10.603970+00:00,clean,,,"{""amenity"": ""restaurant"", ""contact:phone"": ""+32 2 705 22 14"", ""contact:website"": ""https://www.pokipoke.net/"", ""name"": ""PokiPoké""}"
ixelles,osm:node/7324815285,Racines,restaurant,amenity=restaurant,,,50.8281689,4.3710607,+32 2 642 95 90,https://www.racinesbruxelles.com,,WEBSITE_PRESENT,2026-08-19T11:30:10.603970+00:00,clean,,,"{""amenity"": ""restaurant"", ""contact:phone"": ""+32 2 642 95 90"", ""contact:website"": ""https://www.racinesbruxelles.com"", ""name"": ""Racines""}"
ixelles,osm:node/7324824824,Baracca Boy’s,restaurant,amenity=restaurant,,,50.8277265,4.3711825,,,https://www.facebook.com/lecomptoiracroquer/,SOCIAL_ONLY,2026-08-19T11:30:10.603970+00:00,clean,,,"{""amenity"": ""restaurant"", ""contact:facebook"": ""https://www.facebook.com/lecomptoiracroquer/"", ""name"": ""Baracca Boy’s""}"
ixelles,osm:node/7330062336,Kitchen 151,restaurant,amenity=restaurant,,,50.8354939,4.3694823,+32 2 512 49 29,https://kitchen.onefiveone.be,,WEBSITE_PRESENT,2026-08-19T11:30:10.603970+00:00,clean,,,"{""amenity"": ""restaurant"", ""contact:phone"": ""+32 2 512 49 29"", ""contact:website"": ""https://kitchen.onefiveone.be"", ""name"": ""Kitchen 151""}"
ixelles,osm:node/7334282867,Steedandbarney's,clothing-store,shop=clothes,,,50.8163167,4.3713759,,,,NO_WEBSITE,2026-08-19T11:30:10.603970+00:00,clean,,,"{""name"": ""Steedandbarney's"", ""shop"": ""clothes""}"
ixelles,osm:node/7337297550,Maison du Regard,beauty-salon,shop=beauty,,,50.834916,4.3638209,,https://maisonduregard.be/,,WEBSITE_PRESENT,2026-08-19T11:30:10.603970+00:00,clean,,,"{""contact:website"": ""https://maisonduregard.be/"", ""name"": ""Maison du Regard"", ""shop"": ""beauty""}"
ixelles,osm:node/7358367405,Le Liban,restaurant,amenity=restaurant,,,50.8185249,4.384366,,,,NO_WEBSITE,2026-08-19T11:30:10.603970+00:00,clean,,,"{""amenity"": ""restaurant"", ""name"": ""Le Liban""}"
ixelles,osm:node/7362715267,Uniqlo,clothing-store,shop=clothes,,,50.8380172,4.3621523,,https://www.uniqlo.com,,WEBSITE_PRESENT,2026-08-19T11:30:10.603970+00:00,clean,,,"{""brand"": ""Uniqlo"", ""contact:website"": ""https://www.uniqlo.com"", ""name"": ""Uniqlo"", ""shop"": ""clothes""}"
ixelles,osm:node/7363487124,Le Grand Duc,restaurant,amenity=restaurant,,,50.837854,4.4120203,,,,NO_WEBSITE,2026-08-19T11:30:10.603970+00:00,clean,,,"{""amenity"": ""restaurant"", ""name"": ""Le Grand Duc""}"
ixelles,osm:node/7473625260,Albert,pharmacy,amenity=pharmacy,,,50.8181003,4.3462833,,,,NO_WEBSITE,2026-08-19T11:30:10.603970+00:00,clean,,,"{""amenity"": ""pharmacy"", ""healthcare"": ""pharmacy"", ""name"": ""Albert""}"
ixelles,osm:node/7473798814,Boulangerie Alsemberg,pastry-shops,shop=bakery,,,50.8184949,4.3411309,,,,NO_WEBSITE,2026-08-19T11:30:10.603970+00:00,clean,,,"{""name"": ""Boulangerie Alsemberg"", ""shop"": ""bakery""}"
ixelles,osm:node/7581502860,Autoredo,car-dealers,shop=car,,,50.838942,4.3493146,,,,NO_WEBSITE,2026-08-19T11:30:10.603970+00:00,clean,,,"{""name"": ""Autoredo"", ""office"": ""company"", ""shop"": ""car""}"
ixelles,osm:node/7581502876,Nonno,restaurant,amenity=restaurant,,,50.8382388,4.349755,,,https://www.facebook.com/Nonnopiadineria,SOCIAL_ONLY,2026-08-19T11:30:10.603970+00:00,clean,,,"{""amenity"": ""restaurant"", ""contact:facebook"": ""https://www.facebook.com/Nonnopiadineria"", ""name"": ""Nonno""}"
ixelles,osm:node/7581502884,Jaspers-Eyers,creative-services,office=architect,,,50.8386016,4.3497556,,https://www.jaspers-eyers.be,,WEBSITE_PRESENT,2026-08-19T11:30:10.603970+00:00,clean,,,"{""name"": ""Jaspers-Eyers"", ""office"": ""architect"", ""website"": ""https://www.jaspers-eyers.be""}"
ixelles,osm:node/7604972125,Chouke,clothing-store,shop=clothes,,,50.8266688,4.3618416,,,,NO_WEBSITE,2026-08-19T11:30:10.603970+00:00,clean,,,"{""name"": ""Chouke"", ""shop"": ""clothes""}"
ixelles,osm:node/7628287803,Tyler,beauty-salon,shop=hairdresser,,,50.8349199,4.3647319,,https://www.tyler-brussels.be/,,WEBSITE_PRESENT,2026-08-19T11:30:10.603970+00:00,clean,,,"{""contact:website"": ""https://www.tyler-brussels.be/"", ""name"": ""Tyler"", ""shop"": ""hairdresser""}"
ixelles,osm:node/7635161572,La Boîte à Lire - De Boekenbox,,amenity=public_bookcase,,,50.8190679,4.3601953,,,,NO_WEBSITE,2026-08-19T11:30:10.603970+00:00,clean,,no confident canonical category mapping,"{""amenity"": ""public_bookcase"", ""name"": ""La Boîte à Lire - De Boekenbox""}"
ixelles,osm:node/7638821885,Vérigoud,restaurant,amenity=restaurant,,,50.8232088,4.3587914,,,,NO_WEBSITE,2026-08-19T11:30:10.603970+00:00,clean,,,"{""amenity"": ""restaurant"", ""name"": ""Vérigoud""}"
ixelles,osm:node/7640820485,YouWok,restaurant,amenity=restaurant,,,50.8273509,4.3632692,,https://youwok.be/fr/restaurants/bruxelles-louise/,https://www.instagram.com/youwok,WEBSITE_PRESENT,2026-08-19T11:30:10.603970+00:00,clean,,,"{""amenity"": ""restaurant"", ""contact:instagram"": ""https://www.instagram.com/youwok"", ""contact:twitter"": ""https://twitter.com/youwok"", ""contact:website"": ""https://youwok.be/fr/restaurants/bruxelles-louise/"", ""name"": ""YouWok""}"
ixelles,osm:node/7649184932,JVM,legal-services,office=lawyer,,,50.8395093,4.3610656,+32 2 289 00 20,https://www.jvm.be,,WEBSITE_PRESENT,2026-08-19T11:30:10.603970+00:00,clean,,,"{""contact:phone"": ""+32 2 289 00 20"", ""contact:website"": ""https://www.jvm.be"", ""name"": ""JVM"", ""office"": ""lawyer""}"
ixelles,osm:node/7658469437,Thai Wok Express,fast-food,amenity=fast_food,,,50.8359096,4.3564663,,,,NO_WEBSITE,2026-08-19T11:30:10.603970+00:00,clean,,,"{""amenity"": ""fast_food"", ""name"": ""Thai Wok Express""}"
ixelles,osm:node/7658475753,Father & Sons,clothing-store,shop=clothes,,,50.8358225,4.3562909,,,,NO_WEBSITE,2026-08-19T11:30:10.603970+00:00,clean,,,"{""name"": ""Father & Sons"", ""shop"": ""clothes""}"
ixelles,osm:node/7661395920,Lumiere,beauty-salon,shop=beauty,,,50.8368463,4.3665255,,,,NO_WEBSITE,2026-08-19T11:30:10.603970+00:00,clean,,,"{""name"": ""Lumiere"", ""shop"": ""beauty""}"
ixelles,osm:node/7661415307,Simone,bars-pubs,amenity=pub,,,50.838225,4.3510142,,,,NO_WEBSITE,2026-08-19T11:30:10.603970+00:00,clean,,,"{""amenity"": ""pub"", ""name"": ""Simone""}"
ixelles,osm:node/7663336447,BOGGI Milano,clothing-store,shop=clothes,,,50.8358744,4.3563858,+32 2 502 06 77,https://www.boggi.com/en_BE/storedetails?country=BE&city=&store=brussels-avenue-de-la-toison-d%27or-47a&id=1121,,WEBSITE_PRESENT,2026-08-19T11:30:10.603970+00:00,existing_duplicate,"source id, name/address, phone, or website matched existing listing",,"{""brand"": ""BOGGI Milano"", ""contact:phone"": ""+32 2 502 06 77"", ""contact:website"": ""https://www.boggi.com/en_BE/storedetails?country=BE&city=&store=brussels-avenue-de-la-toison-d%27or-47a&id=1121"", ""name"": ""BOGGI Milano"", ""shop"": ""clothes""}"
ixelles,osm:node/7682244362,Pharmacie Bailli-Louise,pharmacy,amenity=pharmacy,,,50.826919,4.3631415,,,,NO_WEBSITE,2026-08-19T11:30:10.603970+00:00,clean,,,"{""amenity"": ""pharmacy"", ""name"": ""Pharmacie Bailli-Louise""}"
ixelles,osm:node/7682331783,Chez Nina,bars-pubs,amenity=pub,,,50.8255734,4.3759896,,,,NO_WEBSITE,2026-08-19T11:30:10.603970+00:00,clean,,,"{""amenity"": ""pub"", ""name"": ""Chez Nina""}"
ixelles,osm:node/7684321685,Boulengier,pastry-shops,shop=bakery,,,50.8322858,4.3429177,+32 2 647 13 34,https://www.monboulengier.be/,,WEBSITE_PRESENT,2026-08-19T11:30:10.603970+00:00,clean,,,"{""contact:phone"": ""+32 2 647 13 34"", ""contact:website"": ""https://www.monboulengier.be/"", ""name"": ""Boulengier"", ""shop"": ""bakery""}"
ixelles,osm:node/7687706685,Le Livre Jaune Chez Rachid,restaurant,amenity=restaurant,,,50.8262664,4.3609474,,,,NO_WEBSITE,2026-08-19T11:30:10.603970+00:00,clean,,,"{""amenity"": ""restaurant"", ""name"": ""Le Livre Jaune Chez Rachid""}"
ixelles,osm:node/7696147085,Le Tigre,bars-pubs,amenity=bar,,,50.82787,4.3742748,,,,NO_WEBSITE,2026-08-19T11:30:10.603970+00:00,clean,,,"{""amenity"": ""bar"", ""name"": ""Le Tigre""}"
ixelles,osm:node/7704369886,Takumi,restaurant,amenity=restaurant,,,50.8276753,4.3708743,+32 2 523 84 73,https://takumiramennoodles.com/be/brussels-flagey/,,WEBSITE_PRESENT,2026-08-19T11:30:10.603970+00:00,existing_duplicate,"source id, name/address, phone, or website matched existing listing",,"{""amenity"": ""restaurant"", ""contact:phone"": ""+32 2 523 84 73"", ""name"": ""Takumi"", ""website"": ""https://takumiramennoodles.com/be/brussels-flagey/""}"
ixelles,osm:node/7705278674,La fenêtre,fast-food,amenity=fast_food,,,50.8258129,4.376044,,https://www.lafenetre.bio/,https://www.instagram.com/lafenetre.bio/,WEBSITE_PRESENT,2026-08-19T11:30:10.603970+00:00,clean,,,"{""amenity"": ""fast_food"", ""contact:instagram"": ""https://www.instagram.com/lafenetre.bio/"", ""name"": ""La fenêtre"", ""website"": ""https://www.lafenetre.bio/""}"
ixelles,osm:node/7725569385,Chez Jacky,restaurant,amenity=restaurant,,,50.8223332,4.3574444,,https://chezjackybrussels.com/,,WEBSITE_PRESENT,2026-08-19T11:30:10.603970+00:00,clean,,,"{""amenity"": ""restaurant"", ""name"": ""Chez Jacky"", ""website"": ""https://chezjackybrussels.com/""}"
ixelles,osm:node/7728817112,Pas-à-pas,clothing-store,shop=clothes,,,50.8375967,4.3464135,,,,NO_WEBSITE,2026-08-19T11:30:10.603970+00:00,clean,,,"{""name"": ""Pas-à-pas"", ""shop"": ""clothes""}"
ixelles,osm:node/7729067779,Arpaije,restaurant,amenity=restaurant,,,50.8302834,4.3736807,+32 2 644 59 57,http://www.arpaije.be/contactez-nous/,,WEBSITE_PRESENT,2026-08-19T11:30:10.603970+00:00,clean,,,"{""amenity"": ""restaurant"", ""contact:phone"": ""+32 2 644 59 57"", ""contact:website"": ""http://www.arpaije.be/contactez-nous/"", ""name"": ""Arpaije""}"
ixelles,osm:node/7729067780,Arpaije,restaurant,amenity=restaurant,,,50.826402,4.375624,,,,NO_WEBSITE,2026-08-19T11:30:10.603970+00:00,clean,,,"{""amenity"": ""restaurant"", ""name"": ""Arpaije""}"
ixelles,osm:node/7730420095,Panos,fast-food,amenity=fast_food,,,50.8372049,4.3620618,,,,NO_WEBSITE,2026-08-19T11:30:10.603970+00:00,clean,,,"{""amenity"": ""fast_food"", ""brand"": ""Panos"", ""name"": ""Panos""}"
ixelles,osm:node/7733405194,Bij/Chez Jansens & Jansens,bars-pubs,amenity=pub,,,50.8375393,4.3420146,+32 2 511 26 50,,https://www.facebook.com/BijChezJansensenJansens/,SOCIAL_ONLY,2026-08-19T11:30:10.603970+00:00,clean,,,"{""amenity"": ""pub"", ""contact:facebook"": ""https://www.facebook.com/BijChezJansensenJansens/"", ""contact:instagram"": ""instagram.com/bijchezjansensenjansens"", ""contact:phone"": ""+32 2 511 26 50"", ""name"": ""Bij/Chez Jansens & Jansens""}"
ixelles,osm:node/7770432460,Levi's,clothing-store,shop=clothes,,,50.8355076,4.3638044,,,,NO_WEBSITE,2026-08-19T11:30:10.603970+00:00,clean,,,"{""brand"": ""Levi's"", ""name"": ""Levi's"", ""shop"": ""clothes""}"
ixelles,osm:node/7772249875,Eldorado,clothing-store,shop=clothes,,,50.8356619,4.3691325,+32 2 512 96 05,http://maisoneldorado.com/wp/,,WEBSITE_PRESENT,2026-08-19T11:30:10.603970+00:00,clean,,,"{""contact:phone"": ""+32 2 512 96 05"", ""contact:website"": ""http://maisoneldorado.com/wp/"", ""name"": ""Eldorado"", ""shop"": ""clothes""}"
ixelles,osm:node/7800315111,D4-Pharma,pharmacy,amenity=pharmacy,,,50.8292205,4.372754,+32 2 648 50 95,,,NO_WEBSITE,2026-08-19T11:30:10.603970+00:00,clean,,,"{""amenity"": ""pharmacy"", ""contact:phone"": ""+32 2 648 50 95"", ""healthcare"": ""pharmacy"", ""name"": ""D4-Pharma""}"
ixelles,osm:node/7825179994,Matinal,pastry-shops,shop=bakery,,,50.8216897,4.3552129,,https://www.matinal.be/,,WEBSITE_PRESENT,2026-08-19T11:30:10.603970+00:00,clean,,,"{""contact:website"": ""https://www.matinal.be/"", ""name"": ""Matinal"", ""shop"": ""bakery""}"
ixelles,osm:node/7825703285,Knees to Chin,restaurant,amenity=restaurant,,,50.8265258,4.3623664,,,,NO_WEBSITE,2026-08-19T11:30:10.603970+00:00,clean,,,"{""amenity"": ""restaurant"", ""name"": ""Knees to Chin""}"
ixelles,osm:node/7834762885,Holy Bagels,cafe,amenity=cafe,,,50.8240458,4.363075,,https://holy-bagels.com/,https://www.facebook.com/HolyBagelsandcoffee,WEBSITE_PRESENT,2026-08-19T11:30:10.603970+00:00,clean,,,"{""amenity"": ""cafe"", ""contact:facebook"": ""https://www.facebook.com/HolyBagelsandcoffee"", ""contact:instagram"": ""https://www.instagram.com/holybagels/"", ""contact:website"": ""https://holy-bagels.com/"", ""name"": ""Holy Bagels""}"
ixelles,osm:node/7856894509,Emergence Xl,gym,leisure=fitness_centre,,,50.8331959,4.3761332,+32 2 515 69 81,https://www.emergencexl.com,,WEBSITE_PRESENT,2026-08-19T11:30:10.603970+00:00,clean,,,"{""contact:phone"": ""+32 2 515 69 81"", ""contact:website"": ""https://www.emergencexl.com"", ""leisure"": ""fitness_centre"", ""name"": ""Emergence Xl""}"
ixelles,osm:node/7865233585,Tatar,restaurant,amenity=restaurant,,,50.8234919,4.361464,+32 2 647 09 04,https://tatar-restaurant.be/,,WEBSITE_PRESENT,2026-08-19T11:30:10.603970+00:00,clean,,,"{""amenity"": ""restaurant"", ""contact:phone"": ""+32 2 647 09 04"", ""contact:website"": ""https://tatar-restaurant.be/"", ""name"": ""Tatar""}"
ixelles,osm:node/7879536512,My Tannour – Saint-Gilles,restaurant,amenity=restaurant,,,50.8250509,4.3442475,,,,NO_WEBSITE,2026-08-19T11:30:10.603970+00:00,clean,,,"{""amenity"": ""restaurant"", ""name"": ""My Tannour – Saint-Gilles""}"
ixelles,osm:node/7881849985,Les Pénates,restaurant,amenity=restaurant,,,50.8288621,4.3720417,,,,NO_WEBSITE,2026-08-19T11:30:10.603970+00:00,clean,,,"{""amenity"": ""restaurant"", ""name"": ""Les Pénates""}"
ixelles,osm:node/7910206785,Walkin' Thaï,restaurant,amenity=restaurant,,,50.8276338,4.3692861,,,,NO_WEBSITE,2026-08-19T11:30:10.603970+00:00,clean,,,"{""amenity"": ""restaurant"", ""name"": ""Walkin' Thaï""}"
ixelles,osm:node/7918400185,Tamy,restaurant,amenity=restaurant,,,50.8364384,4.3805112,,,,NO_WEBSITE,2026-08-19T11:30:10.603970+00:00,clean,,,"{""amenity"": ""restaurant"", ""name"": ""Tamy""}"
ixelles,osm:node/7922204848,JAT,clothing-store,shop=clothes,,,50.8356302,4.3692008,,,,NO_WEBSITE,2026-08-19T11:30:10.603970+00:00,clean,,,"{""name"": ""JAT"", ""shop"": ""clothes""}"
ixelles,osm:node/7922204850,Une Longue Histoire,clothing-store,shop=clothes,,,50.8359236,4.3686466,,,,NO_WEBSITE,2026-08-19T11:30:10.603970+00:00,clean,,,"{""name"": ""Une Longue Histoire"", ""shop"": ""clothes""}"
ixelles,osm:node/7925844056,DOD Women,clothing-store,shop=clothes,,,50.825935,4.3606935,,https://www.dod.be/,,WEBSITE_PRESENT,2026-08-19T11:30:10.603970+00:00,clean,,,"{""contact:website"": ""https://www.dod.be/"", ""name"": ""DOD Women"", ""operator"": ""DOD"", ""shop"": ""clothes""}"
ixelles,osm:node/7925844057,Demain,clothing-store,shop=clothes,,,50.8254538,4.3590493,,,,NO_WEBSITE,2026-08-19T11:30:10.603970+00:00,clean,,,"{""name"": ""Demain"", ""shop"": ""clothes""}"
ixelles,osm:node/7930473840,Falafel Alaa Eddin,fast-food,amenity=fast_food,,,50.8293516,4.3797072,,,,NO_WEBSITE,2026-08-19T11:30:10.603970+00:00,clean,,,"{""amenity"": ""fast_food"", ""name"": ""Falafel Alaa Eddin""}"
ixelles,osm:node/7930693912,Koku Ramen,restaurant,amenity=restaurant,,,50.8360258,4.3646886,+32 2 361 75 41,https://iekeikokuramen.com/,https://www.facebook.com/kokuramen/,WEBSITE_PRESENT,2026-08-19T11:30:10.603970+00:00,clean,,,"{""amenity"": ""restaurant"", ""contact:facebook"": ""https://www.facebook.com/kokuramen/"", ""contact:instagram"": ""https://www.instagram.com/koku.ramen/"", ""contact:phone"": ""+32 2 361 75 41"", ""contact:website"": ""https://iekeikokuramen.com/"", ""name"": ""Koku Ramen""}"
ixelles,osm:node/7943279487,Al Bacio,restaurant,amenity=restaurant,,,50.8227989,4.3601191,,,,NO_WEBSITE,2026-08-19T11:30:10.603970+00:00,clean,,,"{""amenity"": ""restaurant"", ""name"": ""Al Bacio""}"
ixelles,osm:node/7947520700,Basic-Fit,gym,leisure=fitness_centre,,,50.8320474,4.3496839,,https://www.basic-fit.com/fr-be/salle-de-fitness/basic-fit-brussels-saint-gilles-hotel-des-monnaies-092b7b65579d4e90bd4e6ca67f961772.html,,WEBSITE_PRESENT,2026-08-19T11:30:10.603970+00:00,existing_duplicate,"source id, name/address, phone, or website matched existing listing",,"{""brand"": ""Basic-Fit"", ""contact:website"": ""https://www.basic-fit.com/fr-be/salle-de-fitness/basic-fit-brussels-saint-gilles-hotel-des-monnaies-092b7b65579d4e90bd4e6ca67f961772.html"", ""leisure"": ""fitness_centre"", ""name"": ""Basic-Fit""}"
ixelles,osm:node/7947521689,La perle bleue,restaurant,amenity=restaurant,,,50.83251,4.3456933,,,,NO_WEBSITE,2026-08-19T11:30:10.603970+00:00,clean,,,"{""amenity"": ""restaurant"", ""name"": ""La perle bleue""}"
ixelles,osm:node/7952094776,Moxy Brussels City Center,hotel,tourism=hotel,,,50.8345928,4.36353,+32 2 486 63 88,https://www.marriott.com/hotels/travel/bruoc-moxy-brussels-city-center/,,WEBSITE_PRESENT,2026-08-19T11:30:10.603970+00:00,existing_duplicate,"source id, name/address, phone, or website matched existing listing",,"{""brand"": ""Moxy"", ""contact:phone"": ""+32 2 486 63 88"", ""contact:website"": ""https://www.marriott.com/hotels/travel/bruoc-moxy-brussels-city-center/"", ""name"": ""Moxy Brussels City Center"", ""tourism"": ""hotel""}"
ixelles,osm:node/7959416485,Umamido Bailli,restaurant,amenity=restaurant,,,50.8267791,4.3627666,,,,NO_WEBSITE,2026-08-19T11:30:10.603970+00:00,clean,,,"{""amenity"": ""restaurant"", ""name"": ""Umamido Bailli""}"
ixelles,osm:node/7970582388,Nona,restaurant,amenity=restaurant,,,50.8268302,4.3629252,,,,NO_WEBSITE,2026-08-19T11:30:10.603970+00:00,clean,,,"{""amenity"": ""restaurant"", ""name"": ""Nona""}"
ixelles,osm:node/7976058340,Buddy Buddy,cafe,amenity=cafe,,,50.8361514,4.3586191,,https://buddybuddy.co/pages/brussels,buddybuddybio,WEBSITE_PRESENT,2026-08-19T11:30:10.603970+00:00,clean,,,"{""amenity"": ""cafe"", ""contact:facebook"": ""buddybuddybio"", ""contact:instagram"": ""buddybuddy"", ""contact:website"": ""https://buddybuddy.co/pages/brussels"", ""name"": ""Buddy Buddy""}"
ixelles,osm:node/7978455585,Cocina pizza,restaurant,amenity=restaurant,,,50.8276889,4.3707687,,,,NO_WEBSITE,2026-08-19T11:30:10.603970+00:00,clean,,,"{""amenity"": ""restaurant"", ""name"": ""Cocina pizza""}"
ixelles,osm:node/7980571564,Kami,cafe,amenity=cafe,,,50.8228975,4.353184,,,https://www.instagram.com/kami.brussels,SOCIAL_ONLY,2026-08-19T11:30:10.603970+00:00,clean,,,"{""amenity"": ""cafe"", ""contact:instagram"": ""https://www.instagram.com/kami.brussels"", ""name"": ""Kami""}"
ixelles,osm:node/7984205984,Lucifer Lives,cafe,amenity=cafe,,,50.8395579,4.3509229,,,luciferlivescoffee,SOCIAL_ONLY,2026-08-19T11:30:10.603970+00:00,clean,,,"{""amenity"": ""cafe"", ""contact:facebook"": ""luciferlivescoffee"", ""contact:instagram"": ""luciferlivescoffee"", ""name"": ""Lucifer Lives""}"
ixelles,osm:node/7995752748,Le Flore Brussels,bars-pubs,amenity=bar,,,50.8092381,4.3769161,+32 2 343 04 24,https://leflore.brussels,https://www.facebook.com/Leflore.brussels,WEBSITE_PRESENT,2026-08-19T11:30:10.603970+00:00,clean,,,"{""amenity"": ""bar"", ""contact:facebook"": ""https://www.facebook.com/Leflore.brussels"", ""contact:instagram"": ""https://www.instagram.com/leflore.brussels/"", ""contact:phone"": ""+32 2 343 04 24"", ""contact:website"": ""https://leflore.brussels"", ""name"": ""Le Flore Brussels""}"
ixelles,osm:node/8013258685,Maneki-Neko,restaurant,amenity=restaurant,,,50.8388365,4.3675236,,,,NO_WEBSITE,2026-08-19T11:30:10.603970+00:00,clean,,,"{""amenity"": ""restaurant"", ""name"": ""Maneki-Neko""}"
ixelles,osm:node/8015480185,Le Dam,restaurant,amenity=restaurant,,,50.8238917,4.3481706,,https://www.ledam.brussels/,cafe_le_dam,WEBSITE_PRESENT,2026-08-19T11:30:10.603970+00:00,clean,,,"{""amenity"": ""restaurant"", ""contact:instagram"": ""cafe_le_dam"", ""contact:website"": ""https://www.ledam.brussels/"", ""name"": ""Le Dam""}"
ixelles,osm:node/8015844599,Poké House,fast-food,amenity=fast_food,,,50.8176008,4.3880108,,,,NO_WEBSITE,2026-08-19T11:30:10.603970+00:00,clean,,,"{""amenity"": ""fast_food"", ""name"": ""Poké House""}"
ixelles,osm:node/8017428183,Thaï Saté,restaurant,amenity=restaurant,,,50.8257512,4.3553454,+32 2 808 25 20,https://www.thai-sate.be/,,WEBSITE_PRESENT,2026-08-19T11:30:10.603970+00:00,clean,,,"{""amenity"": ""restaurant"", ""contact:phone"": ""+32 2 808 25 20"", ""contact:website"": ""https://www.thai-sate.be/"", ""name"": ""Thaï Saté""}"
ixelles,osm:node/8049638279,Certo,restaurant,amenity=restaurant,,,50.8356977,4.3666669,,https://www.certo.me/,,WEBSITE_PRESENT,2026-08-19T11:30:10.603970+00:00,clean,,,"{""amenity"": ""restaurant"", ""contact:website"": ""https://www.certo.me/"", ""name"": ""Certo""}"
ixelles,osm:node/8118974585,Blond,pastry-shops,shop=bakery,,,50.8268666,4.3551967,,https://blondboulangerie.be,,WEBSITE_PRESENT,2026-08-19T11:30:10.603970+00:00,clean,,,"{""contact:website"": ""https://blondboulangerie.be"", ""name"": ""Blond"", ""shop"": ""bakery""}"
ixelles,osm:node/8118974586,Ma Jolie,restaurant,amenity=restaurant,,,50.8269434,4.3548685,+32 2 319 74 27,https://www.majolie.brussels,,WEBSITE_PRESENT,2026-08-19T11:30:10.603970+00:00,clean,,,"{""amenity"": ""restaurant"", ""contact:phone"": ""+32 2 319 74 27"", ""contact:website"": ""https://www.majolie.brussels"", ""name"": ""Ma Jolie""}"
ixelles,osm:node/8120581408,La Cordonnerie,shoe-stores,shop=shoes,,,50.8228332,4.3562634,,https://www.lacordonnerie.be,,WEBSITE_PRESENT,2026-08-19T11:30:10.603970+00:00,clean,,,"{""contact:website"": ""https://www.lacordonnerie.be"", ""name"": ""La Cordonnerie"", ""shop"": ""shoes""}"
ixelles,osm:node/8123921548,BODYdharma,beauty-salon,shop=beauty,,,50.8389414,4.4085638,+32 2 218 98 25,https://www.bodydharma.be/,,WEBSITE_PRESENT,2026-08-19T11:30:10.603970+00:00,clean,,,"{""contact:phone"": ""+32 2 218 98 25"", ""contact:website"": ""https://www.bodydharma.be/"", ""name"": ""BODYdharma"", ""shop"": ""beauty""}"
ixelles,osm:node/8146585903,Pizzeria Istanbul,restaurant,amenity=restaurant,,,50.8291672,4.3727234,+32 2 648 03 06,,,NO_WEBSITE,2026-08-19T11:30:10.603970+00:00,clean,,,"{""amenity"": ""restaurant"", ""contact:phone"": ""+32 2 648 03 06"", ""name"": ""Pizzeria Istanbul""}"
ixelles,osm:node/8146599927,Royale Pizza,restaurant,amenity=restaurant,,,50.8293409,4.3728232,,http://www.royale-pizza.be,,WEBSITE_PRESENT,2026-08-19T11:30:10.603970+00:00,clean,,,"{""amenity"": ""restaurant"", ""contact:website"": ""http://www.royale-pizza.be"", ""name"": ""Royale Pizza""}"
ixelles,osm:node/8151683605,The Fifty One,restaurant,amenity=restaurant,,,50.8346801,4.3638129,,,thefiftyonebrussels,SOCIAL_ONLY,2026-08-19T11:30:10.603970+00:00,clean,,,"{""amenity"": ""restaurant"", ""contact:instagram"": ""thefiftyonebrussels"", ""name"": ""The Fifty One""}"
ixelles,osm:node/8158177485,Vandermeulen,fast-food,amenity=fast_food,,,50.8274955,4.3637147,,,,NO_WEBSITE,2026-08-19T11:30:10.603970+00:00,clean,,,"{""amenity"": ""fast_food"", ""name"": ""Vandermeulen""}"
ixelles,osm:node/8164990912,La Boîte à lire - De Boekenbox,,amenity=public_bookcase,,,50.8255267,4.3788729,,,,NO_WEBSITE,2026-08-19T11:30:10.603970+00:00,clean,,no confident canonical category mapping,"{""amenity"": ""public_bookcase"", ""name"": ""La Boîte à lire - De Boekenbox""}"
ixelles,osm:node/8186492069,Le 1050 Snack,fast-food,amenity=fast_food,,,50.8289489,4.3725669,+32 2 640 05 26,https://www.le-1050.be/,,WEBSITE_PRESENT,2026-08-19T11:30:10.603970+00:00,clean,,,"{""amenity"": ""fast_food"", ""contact:phone"": ""+32 2 640 05 26"", ""contact:website"": ""https://www.le-1050.be/"", ""name"": ""Le 1050 Snack""}"
ixelles,osm:node/8213819190,Café LuLu Châtelain,restaurant,amenity=restaurant,,,50.821838,4.3568923,,https://www.luluhomeinterior.be/en/cafe-lulu-chatelain-en/,,WEBSITE_PRESENT,2026-08-19T11:30:10.603970+00:00,clean,,,"{""amenity"": ""restaurant"", ""contact:website"": ""https://www.luluhomeinterior.be/en/cafe-lulu-chatelain-en/"", ""name"": ""Café LuLu Châtelain""}"
ixelles,osm:node/8228677006,Cabinet Vétérinaire pour Chats,veterinary,amenity=veterinary,,,50.8218932,4.3699111,+32 2 779 19 99,,,NO_WEBSITE,2026-08-19T11:30:10.603970+00:00,clean,,,"{""amenity"": ""veterinary"", ""contact:phone"": ""+32 2 779 19 99"", ""name"": ""Cabinet Vétérinaire pour Chats""}"
ixelles,osm:node/8299413840,'naPizzà,restaurant,amenity=restaurant,,,50.8369781,4.3888695,+32 2 469 00 83,https://napizza.be/,https://www.facebook.com/napizza.be,WEBSITE_PRESENT,2026-08-19T11:30:10.603970+00:00,clean,,,"{""amenity"": ""restaurant"", ""contact:facebook"": ""https://www.facebook.com/napizza.be"", ""contact:instagram"": ""https://www.instagram.com/napizza.be/"", ""contact:phone"": ""+32 2 469 00 83"", ""contact:website"": ""https://napizza.be/"", ""name"": ""'naPizzà""}"
ixelles,osm:node/8360058617,L’Échappée,restaurant,amenity=restaurant,,,50.8234466,4.3431359,,,https://www.instagram.com/echappee.bxl,SOCIAL_ONLY,2026-08-19T11:30:10.603970+00:00,clean,,,"{""amenity"": ""restaurant"", ""contact:instagram"": ""https://www.instagram.com/echappee.bxl"", ""name"": ""L’Échappée""}"
ixelles,osm:node/8371124717,Rambo,fast-food,amenity=fast_food,,,50.8257081,4.3632028,,https://ramboburger.com/,,WEBSITE_PRESENT,2026-08-19T11:30:10.603970+00:00,clean,,,"{""amenity"": ""fast_food"", ""contact:website"": ""https://ramboburger.com/"", ""name"": ""Rambo""}"
ixelles,osm:node/8396300409,KOM à la maison,restaurant,amenity=restaurant,,,50.8305204,4.392032,,https://www.komalamaison.be/,,WEBSITE_PRESENT,2026-08-19T11:30:10.603970+00:00,clean,,,"{""amenity"": ""restaurant"", ""contact:website"": ""https://www.komalamaison.be/"", ""name"": ""KOM à la maison""}"
ixelles,osm:node/8401880787,Centre Kine +,physiotherapy,healthcare=physiotherapist,,,50.8332882,4.3748634,+32 2 275 50 01,https://www.centrekineplus.be/,,WEBSITE_PRESENT,2026-08-19T11:30:10.603970+00:00,clean,,,"{""contact:phone"": ""+32 2 275 50 01"", ""contact:website"": ""https://www.centrekineplus.be/"", ""healthcare"": ""physiotherapist"", ""name"": ""Centre Kine +""}"
ixelles,osm:node/8401880788,Alchimie Skin Spa Boutique,beauty-salon,shop=beauty,,,50.8332522,4.3749083,+32 2 346 98 75,https://alchimie-spa.com/,,WEBSITE_PRESENT,2026-08-19T11:30:10.603970+00:00,clean,,,"{""contact:phone"": ""+32 2 346 98 75"", ""contact:website"": ""https://alchimie-spa.com/"", ""name"": ""Alchimie Skin Spa Boutique"", ""operator"": ""Alchimie"", ""shop"": ""beauty""}"
ixelles,osm:node/8401880789,Pizza Punto Pasta,restaurant,amenity=restaurant,,,50.8329728,4.3751469,,,,NO_WEBSITE,2026-08-19T11:30:10.603970+00:00,clean,,,"{""amenity"": ""restaurant"", ""name"": ""Pizza Punto Pasta""}"
ixelles,osm:node/8401880791,Sogephar,pharmacy,amenity=pharmacy,,,50.8330706,4.3750254,+32 2 649 30 24,,,NO_WEBSITE,2026-08-19T11:30:10.603970+00:00,clean,,,"{""amenity"": ""pharmacy"", ""contact:phone"": ""+32 2 649 30 24"", ""healthcare"": ""pharmacy"", ""name"": ""Sogephar"", ""operator"": ""Evelyne Deknop""}"
ixelles,osm:node/8401880793,Les Secrets de Lysbeth,clothing-store,shop=clothes,,,50.8354273,4.3720811,,,,NO_WEBSITE,2026-08-19T11:30:10.603970+00:00,clean,,,"{""name"": ""Les Secrets de Lysbeth"", ""shop"": ""clothes""}"
ixelles,osm:node/8401880794,Amato,clothing-store,shop=clothes,,,50.8357064,4.3717243,,,,NO_WEBSITE,2026-08-19T11:30:10.603970+00:00,clean,,,"{""name"": ""Amato"", ""shop"": ""clothes""}"
ixelles,osm:node/8401880797,La Mandibule,restaurant,amenity=restaurant,,,50.835615,4.3697697,,,,NO_WEBSITE,2026-08-19T11:30:10.603970+00:00,clean,,,"{""amenity"": ""restaurant"", ""name"": ""La Mandibule""}"
ixelles,osm:node/8419872116,Chef Yusuf,restaurant,amenity=restaurant,,,50.8396365,4.3421497,,,,NO_WEBSITE,2026-08-19T11:30:10.603970+00:00,clean,,,"{""amenity"": ""restaurant"", ""name"": ""Chef Yusuf""}"
ixelles,osm:node/8425542078,Dental Clinic Namour,dentist,amenity=dentist,,,50.8284461,4.3652854,+32 2 649 75 99,https://namour.be,,WEBSITE_PRESENT,2026-08-19T11:30:10.603970+00:00,clean,,,"{""amenity"": ""dentist"", ""contact:phone"": ""+32 2 649 75 99"", ""contact:website"": ""https://namour.be"", ""healthcare"": ""dentist"", ""name"": ""Dental Clinic Namour""}"
ixelles,osm:node/8426953509,Wivine Bodart,physiotherapy,healthcare=physiotherapist,,,50.8339855,4.3669674,,,,NO_WEBSITE,2026-08-19T11:30:10.603970+00:00,clean,,,"{""healthcare"": ""physiotherapist"", ""name"": ""Wivine Bodart""}"
ixelles,osm:node/8426953513,Confidence & Elles,beauty-salon,shop=hairdresser,,,50.8337875,4.3668705,,,,NO_WEBSITE,2026-08-19T11:30:10.603970+00:00,clean,,,"{""name"": ""Confidence & Elles"", ""shop"": ""hairdresser""}"
ixelles,osm:node/8432939008,Nimoza,beauty-salon,shop=hairdresser,,,50.8355729,4.3715681,,,,NO_WEBSITE,2026-08-19T11:30:10.603970+00:00,clean,,,"{""name"": ""Nimoza"", ""shop"": ""hairdresser""}"
ixelles,osm:node/8432939009,European Coiffure,beauty-salon,shop=hairdresser,,,50.8355281,4.3716207,+32 2 511 28 02,,,NO_WEBSITE,2026-08-19T11:30:10.603970+00:00,clean,,,"{""contact:phone"": ""+32 2 511 28 02"", ""name"": ""European Coiffure"", ""shop"": ""hairdresser""}"
ixelles,osm:node/8455008433,Upsylon,clothing-store,shop=clothes,,,50.8200775,4.3709773,,,,NO_WEBSITE,2026-08-19T11:30:10.603970+00:00,clean,,,"{""name"": ""Upsylon"", ""shop"": ""clothes""}"
ixelles,osm:node/8494284650,Librairie Poëtini,bookstore,shop=books,,,50.8278105,4.3507473,+32 2 852 62 36,https://librairie-poetini.be/,https://www.facebook.com/librairiepoetini/,WEBSITE_PRESENT,2026-08-19T11:30:10.603970+00:00,clean,,,"{""contact:facebook"": ""https://www.facebook.com/librairiepoetini/"", ""contact:instagram"": ""https://www.instagram.com/librairiepoetini/"", ""contact:phone"": ""+32 2 852 62 36"", ""contact:website"": ""https://librairie-poetini.be/"", ""name"": ""Librairie Poëtini"", ""shop"": ""books""}"
ixelles,osm:node/8512856229,Basic-Fit,gym,leisure=fitness_centre,,,50.8380194,4.3626349,,https://www.basic-fit.com/fr-be/salle-de-fitness/basic-fit-brussels-porte-de-namur-a927b71b822c4b5db83e3d9a6f8504d8.html,,WEBSITE_PRESENT,2026-08-19T11:30:10.603970+00:00,existing_duplicate,"source id, name/address, phone, or website matched existing listing",,"{""brand"": ""Basic-Fit"", ""contact:website"": ""https://www.basic-fit.com/fr-be/salle-de-fitness/basic-fit-brussels-porte-de-namur-a927b71b822c4b5db83e3d9a6f8504d8.html"", ""leisure"": ""fitness_centre"", ""name"": ""Basic-Fit""}"
ixelles,osm:node/8531884835,Ki'koup'kof',beauty-salon,shop=hairdresser,,,50.8385624,4.4124078,+32 2 772 52 56,,,NO_WEBSITE,2026-08-19T11:30:10.603970+00:00,clean,,,"{""contact:phone"": ""+32 2 772 52 56"", ""name"": ""Ki'koup'kof'"", ""shop"": ""hairdresser""}"
ixelles,osm:node/8538698915,Le Consul,cafe,amenity=cafe,,,50.8360652,4.3682185,,,,NO_WEBSITE,2026-08-19T11:30:10.603970+00:00,clean,,,"{""amenity"": ""cafe"", ""name"": ""Le Consul""}"
ixelles,osm:node/8538698916,Céréales,pastry-shops,shop=bakery,,,50.8360406,4.3683331,,,,NO_WEBSITE,2026-08-19T11:30:10.603970+00:00,clean,,,"{""name"": ""Céréales"", ""shop"": ""bakery""}"
ixelles,osm:node/8585333035,Maki Maki,restaurant,amenity=restaurant,,,50.8277649,4.3745675,,,,NO_WEBSITE,2026-08-19T11:30:10.603970+00:00,clean,,,"{""amenity"": ""restaurant"", ""name"": ""Maki Maki""}"
ixelles,osm:node/8585562452,Essenza,beauty-salon,shop=beauty,,,50.8336767,4.3668143,,,,NO_WEBSITE,2026-08-19T11:30:10.603970+00:00,clean,,,"{""name"": ""Essenza"", ""shop"": ""beauty""}"
ixelles,osm:node/8617596345,IKI,restaurant,amenity=restaurant,,,50.8376929,4.3680319,,,,NO_WEBSITE,2026-08-19T11:30:10.603970+00:00,clean,,,"{""amenity"": ""restaurant"", ""name"": ""IKI""}"
ixelles,osm:node/8617596347,Chou,restaurant,amenity=restaurant,,,50.8375985,4.3681618,+32 2 502 22 32,https://restaurantchou.eu/,,WEBSITE_PRESENT,2026-08-19T11:30:10.603970+00:00,clean,,,"{""amenity"": ""restaurant"", ""contact:phone"": ""+32 2 502 22 32"", ""contact:website"": ""https://restaurantchou.eu/"", ""name"": ""Chou""}"
ixelles,osm:node/8623312534,Beauty Jarine,beauty-salon,shop=beauty,,,50.835716,4.3773859,,https://www.jarine.be/,,WEBSITE_PRESENT,2026-08-19T11:30:10.603970+00:00,clean,,,"{""contact:website"": ""https://www.jarine.be/"", ""name"": ""Beauty Jarine"", ""shop"": ""beauty""}"
ixelles,osm:node/8642592869,Jael coiffure,beauty-salon,shop=hairdresser,,,50.8104009,4.3664794,+32 2 640 10 93,,,NO_WEBSITE,2026-08-19T11:30:10.603970+00:00,clean,,,"{""contact:phone"": ""+32 2 640 10 93"", ""name"": ""Jael coiffure"", ""shop"": ""hairdresser""}"
ixelles,osm:node/8685884642,Australian,fast-food,amenity=fast_food,,,50.8371425,4.3624039,,,,NO_WEBSITE,2026-08-19T11:30:10.603970+00:00,clean,,,"{""amenity"": ""fast_food"", ""name"": ""Australian""}"
ixelles,osm:node/8710771031,Pat K Styling,beauty-salon,shop=hairdresser,,,50.8348891,4.3724239,,,,NO_WEBSITE,2026-08-19T11:30:10.603970+00:00,clean,,,"{""name"": ""Pat K Styling"", ""shop"": ""hairdresser""}"
ixelles,osm:node/8710771032,Knees to Chin,restaurant,amenity=restaurant,,,50.8222998,4.3426466,+32 2 732 20 56,https://www.kneestochin.com/,,WEBSITE_PRESENT,2026-08-19T11:30:10.603970+00:00,existing_duplicate,"source id, name/address, phone, or website matched existing listing",,"{""amenity"": ""restaurant"", ""contact:phone"": ""+32 2 732 20 56"", ""contact:website"": ""https://www.kneestochin.com/"", ""name"": ""Knees to Chin""}"
ixelles,osm:node/8710771040,Snack Seven,fast-food,amenity=fast_food,,,50.8219298,4.3422314,,,,NO_WEBSITE,2026-08-19T11:30:10.603970+00:00,clean,,,"{""amenity"": ""fast_food"", ""name"": ""Snack Seven""}"
ixelles,osm:node/8717880376,Educazione napoletana,restaurant,amenity=restaurant,,,50.8236155,4.3611294,+32 2 245 15 40,https://www.educazionenapoletana.be/,,WEBSITE_PRESENT,2026-08-19T11:30:10.603970+00:00,clean,,,"{""amenity"": ""restaurant"", ""contact:phone"": ""+32 2 245 15 40"", ""contact:website"": ""https://www.educazionenapoletana.be/"", ""name"": ""Educazione napoletana""}"
ixelles,osm:node/8748608981,La Casa Lounge,bars-pubs,amenity=bar,,,50.8309058,4.3638527,,,,NO_WEBSITE,2026-08-19T11:30:10.603970+00:00,clean,,,"{""amenity"": ""bar"", ""name"": ""La Casa Lounge""}"
ixelles,osm:node/8757831476,Anju,restaurant,amenity=restaurant,,,50.8309771,4.3532837,,https://www.anju.be/,,WEBSITE_PRESENT,2026-08-19T11:30:10.603970+00:00,clean,,,"{""amenity"": ""restaurant"", ""contact:website"": ""https://www.anju.be/"", ""name"": ""Anju""}"
ixelles,osm:node/8762277910,F. Quintard,physiotherapy,healthcare=physiotherapist,,,50.8296738,4.3697188,,,,NO_WEBSITE,2026-08-19T11:30:10.603970+00:00,clean,,,"{""healthcare"": ""physiotherapist"", ""name"": ""F. Quintard""}"
ixelles,osm:node/8762277933,Smash,fast-food,amenity=fast_food,,,50.8289313,4.3703679,,https://www.smash.brussels/,,WEBSITE_PRESENT,2026-08-19T11:30:10.603970+00:00,clean,,,"{""amenity"": ""fast_food"", ""name"": ""Smash"", ""website"": ""https://www.smash.brussels/""}"
ixelles,osm:node/8778759717,Au Nouveau Pont,restaurant,amenity=restaurant,,,50.8338527,4.4025092,+32 2 736 93 10,,,NO_WEBSITE,2026-08-19T11:30:10.603970+00:00,clean,,,"{""amenity"": ""restaurant"", ""contact:phone"": ""+32 2 736 93 10"", ""name"": ""Au Nouveau Pont""}"
ixelles,osm:node/8856876252,Arcadental,dentist,amenity=dentist,,,50.8369344,4.3946271,+32 2 736 31 26,https://www.arcadental.be,,WEBSITE_PRESENT,2026-08-19T11:30:10.603970+00:00,clean,,,"{""amenity"": ""dentist"", ""contact:phone"": ""+32 2 736 31 26"", ""contact:website"": ""https://www.arcadental.be"", ""healthcare"": ""dentist"", ""name"": ""Arcadental""}"
ixelles,osm:node/8860469748,Eat a nous,cafe,amenity=cafe,,,50.8225557,4.3497732,+32 2 343 18 48,,,NO_WEBSITE,2026-08-19T11:30:10.603970+00:00,clean,,,"{""amenity"": ""cafe"", ""contact:phone"": ""+32 2 343 18 48"", ""name"": ""Eat a nous""}"
ixelles,osm:node/8880238318,Magascout,clothing-store,shop=clothes,,,50.8351648,4.3418334,,,,NO_WEBSITE,2026-08-19T11:30:10.603970+00:00,clean,,,"{""name"": ""Magascout"", ""shop"": ""clothes""}"
ixelles,osm:node/8882566700,Pharmacie des Archiducs,pharmacy,amenity=pharmacy,,,50.8082377,4.4184641,+32 2 672 47 09,https://www.easypharm.be/fr/pharmacies/watermael-%20boitsfort/pharmacie-archiduc,,WEBSITE_PRESENT,2026-08-19T11:30:10.603970+00:00,existing_duplicate,"source id, name/address, phone, or website matched existing listing",,"{""amenity"": ""pharmacy"", ""contact:phone"": ""+32 2 672 47 09"", ""contact:website"": ""https://www.easypharm.be/fr/pharmacies/watermael-%20boitsfort/pharmacie-archiduc"", ""healthcare"": ""pharmacy"", ""name"": ""Pharmacie des Archiducs""}"
ixelles,osm:node/8892988084,Eaters,restaurant,amenity=restaurant,,,50.831303,4.358002,,https://www.eaters-louise.com/,https://www.instagram.com/eaterskitchens/,WEBSITE_PRESENT,2026-08-19T11:30:10.603970+00:00,clean,,,"{""amenity"": ""restaurant"", ""contact:instagram"": ""https://www.instagram.com/eaterskitchens/"", ""contact:website"": ""https://www.eaters-louise.com/"", ""name"": ""Eaters""}"
ixelles,osm:node/8894315281,BarberShop Men's cut & shave by Adel,beauty-salon,shop=hairdresser,,,50.8303485,4.3807288,,,https://facebook.com/chaplinshairstyles/,SOCIAL_ONLY,2026-08-19T11:30:10.603970+00:00,clean,,,"{""contact:facebook"": ""https://facebook.com/chaplinshairstyles/"", ""name"": ""BarberShop Men's cut & shave by Adel"", ""shop"": ""hairdresser""}"
ixelles,osm:node/8894960085,De Oost,pharmacy,amenity=pharmacy,,,50.8320414,4.3850895,,,,NO_WEBSITE,2026-08-19T11:30:10.603970+00:00,clean,,,"{""amenity"": ""pharmacy"", ""name"": ""De Oost""}"
ixelles,osm:node/8920694534,Baci,restaurant,amenity=restaurant,,,50.8239492,4.3571002,,,,NO_WEBSITE,2026-08-19T11:30:10.603970+00:00,clean,,,"{""amenity"": ""restaurant"", ""name"": ""Baci""}"
ixelles,osm:node/8929077563,La Panzerottata,restaurant,amenity=restaurant,,,50.8344331,4.3545581,,https://lapanzerottata.com,,WEBSITE_PRESENT,2026-08-19T11:30:10.603970+00:00,clean,,,"{""amenity"": ""restaurant"", ""contact:website"": ""https://lapanzerottata.com"", ""name"": ""La Panzerottata""}"
ixelles,osm:node/8944453958,Le Mainz,bars-pubs,amenity=pub,,,50.8137685,4.3470747,,,,NO_WEBSITE,2026-08-19T11:30:10.603970+00:00,clean,,,"{""amenity"": ""pub"", ""name"": ""Le Mainz""}"
ixelles,osm:node/8944489562,San Marin,shoe-stores,shop=shoes,,,50.8137642,4.3469962,,,,NO_WEBSITE,2026-08-19T11:30:10.603970+00:00,clean,,,"{""name"": ""San Marin"", ""shop"": ""shoes""}"
ixelles,osm:node/8944515030,Multipharma,pharmacy,amenity=pharmacy,,,50.8139284,4.3471229,+32 2 345 71 15,https://www.multipharma.be/fr/nos-pharmacies/detail/multipharma-uccleukkel-152,,WEBSITE_PRESENT,2026-08-19T11:30:10.603970+00:00,existing_duplicate,"source id, name/address, phone, or website matched existing listing",,"{""amenity"": ""pharmacy"", ""brand"": ""Multipharma"", ""contact:phone"": ""+32 2 345 71 15"", ""contact:website"": ""https://www.multipharma.be/fr/nos-pharmacies/detail/multipharma-uccleukkel-152"", ""healthcare"": ""pharmacy"", ""name"": ""Multipharma""}"
ixelles,osm:node/8950791266,Vanderkindere,pharmacy,amenity=pharmacy,,,50.8138618,4.3454578,,,,NO_WEBSITE,2026-08-19T11:30:10.603970+00:00,clean,,,"{""amenity"": ""pharmacy"", ""name"": ""Vanderkindere""}"
ixelles,osm:node/8950800945,Primo Spettacolo,restaurant,amenity=restaurant,,,50.8138438,4.3449169,,,,NO_WEBSITE,2026-08-19T11:30:10.603970+00:00,clean,,,"{""amenity"": ""restaurant"", ""name"": ""Primo Spettacolo""}"
ixelles,osm:node/9010620573,Volle Pot,bars-pubs,amenity=pub,,,50.8344631,4.3431497,,,,NO_WEBSITE,2026-08-19T11:30:10.603970+00:00,clean,,,"{""amenity"": ""pub"", ""name"": ""Volle Pot""}"
ixelles,osm:node/9011980898,Alex,jewelry-stores,shop=jewelry,,,50.8375088,4.3625594,,,,NO_WEBSITE,2026-08-19T11:30:10.603970+00:00,clean,,,"{""name"": ""Alex"", ""shop"": ""jewelry""}"
ixelles,osm:node/9011992939,Iza Boutique,clothing-store,shop=clothes,,,50.8374942,4.3626528,,,,NO_WEBSITE,2026-08-19T11:30:10.603970+00:00,clean,,,"{""name"": ""Iza Boutique"", ""shop"": ""clothes""}"
ixelles,osm:node/9012064501,KN Diamonds,jewelry-stores,shop=jewelry,,,50.8337306,4.3657149,,,,NO_WEBSITE,2026-08-19T11:30:10.603970+00:00,clean,,,"{""name"": ""KN Diamonds"", ""shop"": ""jewelry""}"
ixelles,osm:node/9028494117,La Smorfia,restaurant,amenity=restaurant,,,50.8266393,4.3509473,+32 2 252 24 70,https://lasmorfia.be/,,WEBSITE_PRESENT,2026-08-19T11:30:10.603970+00:00,clean,,,"{""amenity"": ""restaurant"", ""contact:phone"": ""+32 2 252 24 70"", ""contact:website"": ""https://lasmorfia.be/"", ""name"": ""La Smorfia""}"
ixelles,osm:node/9032592383,Il Sorriso,restaurant,amenity=restaurant,,,50.8367756,4.3835463,,,,NO_WEBSITE,2026-08-19T11:30:10.603970+00:00,clean,,,"{""amenity"": ""restaurant"", ""name"": ""Il Sorriso""}"
ixelles,osm:node/9032592384,Pose & Vous,fast-food,amenity=fast_food,,,50.8368247,4.3855566,,,,NO_WEBSITE,2026-08-19T11:30:10.603970+00:00,clean,,,"{""amenity"": ""fast_food"", ""name"": ""Pose & Vous""}"
ixelles,osm:node/9032592398,Boulangerie Pâtisserie Van Meyel,pastry-shops,shop=bakery,,,50.8368789,4.3876869,,,,NO_WEBSITE,2026-08-19T11:30:10.603970+00:00,clean,,,"{""name"": ""Boulangerie Pâtisserie Van Meyel"", ""shop"": ""bakery""}"
ixelles,osm:node/9032592399,Serenity Bar,gym,leisure=fitness_centre,,,50.8367294,4.3882991,,,,NO_WEBSITE,2026-08-19T11:30:10.603970+00:00,clean,,,"{""leisure"": ""fitness_centre"", ""name"": ""Serenity Bar""}"
ixelles,osm:node/9032592401,Les Belles Infidèles,bookstore,shop=books,,,50.836704,4.3879303,,,,NO_WEBSITE,2026-08-19T11:30:10.603970+00:00,clean,,,"{""name"": ""Les Belles Infidèles"", ""shop"": ""books""}"
ixelles,osm:node/9032592402,Leman's Immobilier,real-estate-agencies,office=estate_agent,,,50.8367066,4.3878391,,,,NO_WEBSITE,2026-08-19T11:30:10.603970+00:00,clean,,,"{""name"": ""Leman's Immobilier"", ""office"": ""estate_agent""}"
ixelles,osm:node/9038517693,CBRE,real-estate-agencies,office=estate_agent,,,50.8383376,4.3596072,+32 2 643 33 33,https://www.cbre.be,,WEBSITE_PRESENT,2026-08-19T11:30:10.603970+00:00,clean,,,"{""brand"": ""CBRE"", ""contact:phone"": ""+32 2 643 33 33"", ""contact:website"": ""https://www.cbre.be"", ""name"": ""CBRE"", ""office"": ""estate_agent""}"
ixelles,osm:node/9063920417,Au Stekerlapatte,restaurant,amenity=restaurant,,,50.8352359,4.3493454,+32 2 512 86 81,https://www.austekerlapatte.be/,,WEBSITE_PRESENT,2026-08-19T11:30:10.603970+00:00,clean,,,"{""amenity"": ""restaurant"", ""contact:phone"": ""+32 2 512 86 81"", ""contact:website"": ""https://www.austekerlapatte.be/"", ""name"": ""Au Stekerlapatte""}"
ixelles,osm:node/9095173517,Les Petits Riens - Spullenhulp,clothing-store,shop=clothes,,,50.8163827,4.3892094,+32 2 649 54 16,https://petitsriens.be,,WEBSITE_PRESENT,2026-08-19T11:30:10.603970+00:00,existing_duplicate,"source id, name/address, phone, or website matched existing listing",,"{""contact:phone"": ""+32 2 649 54 16"", ""contact:website"": ""https://petitsriens.be"", ""name"": ""Les Petits Riens - Spullenhulp"", ""shop"": ""clothes""}"
ixelles,osm:node/9119331916,Body Slim,beauty-salon,shop=beauty,,,50.8350117,4.3679317,,,,NO_WEBSITE,2026-08-19T11:30:10.603970+00:00,clean,,,"{""name"": ""Body Slim"", ""shop"": ""beauty""}"
ixelles,osm:node/9122289817,Demaret,pastry-shops,shop=bakery,,,50.8298226,4.3900537,,,,NO_WEBSITE,2026-08-19T11:30:10.603970+00:00,clean,,,"{""name"": ""Demaret"", ""shop"": ""bakery""}"
ixelles,osm:node/9178514058,Chez Albina,bars-pubs,amenity=bar,,,50.8382437,4.4125325,,,,NO_WEBSITE,2026-08-19T11:30:10.603970+00:00,clean,,,"{""amenity"": ""bar"", ""name"": ""Chez Albina""}"
ixelles,osm:node/9221232417,Sandwicherie et Pizzeria la nostra,fast-food,amenity=fast_food,,,50.8332958,4.3400012,,,,NO_WEBSITE,2026-08-19T11:30:10.603970+00:00,clean,,,"{""amenity"": ""fast_food"", ""name"": ""Sandwicherie et Pizzeria la nostra""}"
ixelles,osm:node/9232899390,Salonkee.be,beauty-salon,shop=hairdresser,,,50.8229323,4.3877188,,,,NO_WEBSITE,2026-08-19T11:30:10.603970+00:00,clean,,,"{""name"": ""Salonkee.be"", ""shop"": ""hairdresser""}"
ixelles,osm:node/9236093620,Le 17.45,restaurant,amenity=restaurant,,,50.8211728,4.3607477,,https://le17-45.be/,le17.45bruxelles.ixl,WEBSITE_PRESENT,2026-08-19T11:30:10.603970+00:00,clean,,,"{""amenity"": ""restaurant"", ""contact:instagram"": ""le17.45bruxelles.ixl"", ""contact:website"": ""https://le17-45.be/"", ""name"": ""Le 17.45""}"
ixelles,osm:node/9236136849,Seino,restaurant,amenity=restaurant,,,50.8217006,4.3589363,+32 2 538 84 76,https://seino-restaurant.be,,WEBSITE_PRESENT,2026-08-19T11:30:10.603970+00:00,clean,,,"{""amenity"": ""restaurant"", ""contact:phone"": ""+32 2 538 84 76"", ""contact:website"": ""https://seino-restaurant.be"", ""name"": ""Seino""}"
ixelles,osm:node/9236145796,Carhartt WIP,clothing-store,shop=clothes,,,50.8341732,4.3559815,+32 2 354 85 62,https://www.carhartt-wip.com/,,WEBSITE_PRESENT,2026-08-19T11:30:10.603970+00:00,clean,,,"{""contact:phone"": ""+32 2 354 85 62"", ""contact:website"": ""https://www.carhartt-wip.com/"", ""name"": ""Carhartt WIP"", ""shop"": ""clothes""}"
ixelles,osm:node/9237330289,L'Atelier du Sourcil,beauty-salon,shop=beauty,,,50.8263079,4.361112,+32 2 808 54 85,https://www.atelierdusourcil.com/,,WEBSITE_PRESENT,2026-08-19T11:30:10.603970+00:00,clean,,,"{""contact:phone"": ""+32 2 808 54 85"", ""contact:website"": ""https://www.atelierdusourcil.com/"", ""name"": ""L'Atelier du Sourcil"", ""shop"": ""beauty""}"
ixelles,osm:node/9237734281,C.Elysium – aperitivi,bars-pubs,amenity=bar,,,50.8227795,4.3601882,,,,NO_WEBSITE,2026-08-19T11:30:10.603970+00:00,clean,,,"{""amenity"": ""bar"", ""name"": ""C.Elysium – aperitivi""}"
ixelles,osm:node/9237763761,Eklectik,beauty-salon,shop=hairdresser,,,50.8211874,4.3611037,+32 2 534 64 22,,,NO_WEBSITE,2026-08-19T11:30:10.603970+00:00,clean,,,"{""contact:phone"": ""+32 2 534 64 22"", ""name"": ""Eklectik"", ""shop"": ""hairdresser""}"
ixelles,osm:node/9237771116,Figaret,beauty-salon,shop=hairdresser,,,50.8211486,4.3610627,+32 2 347 47 33,,,NO_WEBSITE,2026-08-19T11:30:10.603970+00:00,clean,,,"{""contact:phone"": ""+32 2 347 47 33"", ""name"": ""Figaret"", ""shop"": ""hairdresser""}"
ixelles,osm:node/9237781673,Must Wine Bar,bars-pubs,amenity=bar,,,50.8228562,4.3606182,,,,NO_WEBSITE,2026-08-19T11:30:10.603970+00:00,clean,,,"{""amenity"": ""bar"", ""name"": ""Must Wine Bar""}"
ixelles,osm:node/9238246292,Sequoia,supermarkets,shop=supermarket,,,50.8200239,4.3600527,+32 2 320 41 20,https://www.sequoia.bio/,,WEBSITE_PRESENT,2026-08-19T11:30:10.603970+00:00,clean,,,"{""contact:phone"": ""+32 2 320 41 20"", ""contact:website"": ""https://www.sequoia.bio/"", ""name"": ""Sequoia"", ""shop"": ""supermarket""}"
ixelles,osm:node/9238265153,Tea Jolie,cafe,amenity=cafe,,,50.8202275,4.3591201,,https://teajolie.be,,WEBSITE_PRESENT,2026-08-19T11:30:10.603970+00:00,clean,,,"{""amenity"": ""cafe"", ""contact:website"": ""https://teajolie.be"", ""name"": ""Tea Jolie""}"
ixelles,osm:node/9238354199,Kaki Cake Bar,cafe,amenity=cafe,,,50.8231938,4.3530519,+32 2 468 29 62,,https://www.facebook.com/Kaki.CakeBar/,SOCIAL_ONLY,2026-08-19T11:30:10.603970+00:00,clean,,,"{""amenity"": ""cafe"", ""contact:facebook"": ""https://www.facebook.com/Kaki.CakeBar/"", ""contact:phone"": ""+32 2 468 29 62"", ""name"": ""Kaki Cake Bar""}"
ixelles,osm:node/9238625768,meni,restaurant,amenity=restaurant,,,50.8182276,4.3635018,,https://www.meni.brussels/,,WEBSITE_PRESENT,2026-08-19T11:30:10.603970+00:00,clean,,,"{""amenity"": ""restaurant"", ""contact:website"": ""https://www.meni.brussels/"", ""name"": ""meni""}"
ixelles,osm:node/9238671727,Lune Siamoise,restaurant,amenity=restaurant,,,50.8209098,4.3613154,,https://www.lunesiamoise.be,,WEBSITE_PRESENT,2026-08-19T11:30:10.603970+00:00,clean,,,"{""amenity"": ""restaurant"", ""contact:website"": ""https://www.lunesiamoise.be"", ""name"": ""Lune Siamoise""}"
ixelles,osm:node/9238674680,Alto Galleria,jewelry-stores,shop=jewelry,,,50.8260967,4.3612398,+32 2 644 28 38,https://altogalleria.com/,,WEBSITE_PRESENT,2026-08-19T11:30:10.603970+00:00,clean,,,"{""contact:phone"": ""+32 2 644 28 38"", ""contact:website"": ""https://altogalleria.com/"", ""name"": ""Alto Galleria"", ""shop"": ""jewelry""}"
ixelles,osm:node/9239664727,Au Savoy,restaurant,amenity=restaurant,,,50.817419,4.3555085,+32 2 344 32 10,https://ausavoy.be/,,WEBSITE_PRESENT,2026-08-19T11:30:10.603970+00:00,clean,,,"{""amenity"": ""restaurant"", ""contact:phone"": ""+32 2 344 32 10"", ""contact:website"": ""https://ausavoy.be/"", ""name"": ""Au Savoy""}"
ixelles,osm:node/9239801594,Smets,pharmacy,amenity=pharmacy,,,50.8170206,4.3552325,+32 2 344 95 69,https://pharmacie-smets.clicandcollect.santalis.be/,,WEBSITE_PRESENT,2026-08-19T11:30:10.603970+00:00,clean,,,"{""amenity"": ""pharmacy"", ""contact:phone"": ""+32 2 344 95 69"", ""contact:website"": ""https://pharmacie-smets.clicandcollect.santalis.be/"", ""name"": ""Smets""}"
ixelles,osm:node/9239844695,Amen,restaurant,amenity=restaurant,,,50.8170039,4.3519284,+32 2 217 10 19,https://amen.restaurant,,WEBSITE_PRESENT,2026-08-19T11:30:10.603970+00:00,clean,,,"{""amenity"": ""restaurant"", ""contact:phone"": ""+32 2 217 10 19"", ""contact:website"": ""https://amen.restaurant"", ""name"": ""Amen""}"
ixelles,osm:node/9239881258,Bagheera,restaurant,amenity=restaurant,,,50.8090883,4.3700273,+32 2 320 50 00,https://www.bagheerarestaurant.com,,WEBSITE_PRESENT,2026-08-19T11:30:10.603970+00:00,clean,,,"{""amenity"": ""restaurant"", ""contact:phone"": ""+32 2 320 50 00"", ""contact:website"": ""https://www.bagheerarestaurant.com"", ""name"": ""Bagheera""}"
ixelles,osm:node/9239946460,Brussels Yoga Loft,gym,leisure=fitness_centre,,,50.820864,4.3564611,,https://brusselsyogaloft.com/,,WEBSITE_PRESENT,2026-08-19T11:30:10.603970+00:00,clean,,,"{""contact:website"": ""https://brusselsyogaloft.com/"", ""leisure"": ""fitness_centre"", ""name"": ""Brussels Yoga Loft""}"
ixelles,osm:node/9245002498,Dety Garage Toyota,,shop=car_repair,,,50.8327694,4.4030435,,,,NO_WEBSITE,2026-08-19T11:30:10.603970+00:00,clean,,no confident canonical category mapping,"{""name"": ""Dety Garage Toyota"", ""shop"": ""car_repair""}"
ixelles,osm:node/9245565845,Crossword,clothing-store,shop=clothes,,,50.8322767,4.3582153,+32 2 537 42 26,https://www.crosswordbrussels.com,,WEBSITE_PRESENT,2026-08-19T11:30:10.603970+00:00,clean,,,"{""contact:phone"": ""+32 2 537 42 26"", ""contact:website"": ""https://www.crosswordbrussels.com"", ""name"": ""Crossword"", ""shop"": ""clothes""}"
ixelles,osm:node/9252535197,Le Paon d'Or,cafe,amenity=cafe,,,50.8371556,4.3453117,,,,NO_WEBSITE,2026-08-19T11:30:10.603970+00:00,clean,,,"{""amenity"": ""cafe"", ""name"": ""Le Paon d'Or""}"
ixelles,osm:node/9310749491,Sweet Inn,real-estate-agencies,office=estate_agent,,,50.8352791,4.364673,,https://www.sweetinn.com/brussels,,WEBSITE_PRESENT,2026-08-19T11:30:10.603970+00:00,clean,,,"{""contact:website"": ""https://www.sweetinn.com/brussels"", ""name"": ""Sweet Inn"", ""office"": ""estate_agent"", ""operator"": ""Sweet Inn""}"
ixelles,osm:node/9310749494,Panam,fast-food,amenity=fast_food,,,50.8326487,4.3665877,,,https://www.instagram.com/panam.kebab/,SOCIAL_ONLY,2026-08-19T11:30:10.603970+00:00,clean,,,"{""amenity"": ""fast_food"", ""contact:instagram"": ""https://www.instagram.com/panam.kebab/"", ""name"": ""Panam""}"
ixelles,osm:node/9312917017,Curry Food,fast-food,amenity=fast_food,,,50.8247337,4.3436806,+32 2 494 04 78,https://curryfood.be,,WEBSITE_PRESENT,2026-08-19T11:30:10.603970+00:00,clean,,,"{""amenity"": ""fast_food"", ""contact:phone"": ""+32 2 494 04 78"", ""contact:website"": ""https://curryfood.be"", ""name"": ""Curry Food""}"
ixelles,osm:node/9350757706,Lilith,clothing-store,shop=clothes,,,50.8222085,4.386275,,,,NO_WEBSITE,2026-08-19T11:30:10.603970+00:00,clean,,,"{""name"": ""Lilith"", ""shop"": ""clothes""}"
ixelles,osm:node/9358553431,Librairie des Renards,bookstore,shop=books,,,50.837081,4.3477113,,,,NO_WEBSITE,2026-08-19T11:30:10.603970+00:00,clean,,,"{""name"": ""Librairie des Renards"", ""shop"": ""books""}"
ixelles,osm:node/9366220883,Les 2 Orients,restaurant,amenity=restaurant,,,50.8360831,4.3657352,,,,NO_WEBSITE,2026-08-19T11:30:10.603970+00:00,clean,,,"{""amenity"": ""restaurant"", ""name"": ""Les 2 Orients""}"
ixelles,osm:node/9366220885,Viet Nam Nails,beauty-salon,shop=beauty,,,50.8363684,4.3658764,,,,NO_WEBSITE,2026-08-19T11:30:10.603970+00:00,clean,,,"{""name"": ""Viet Nam Nails"", ""shop"": ""beauty""}"
ixelles,osm:node/9366220886,Osteria Bolognese,restaurant,amenity=restaurant,,,50.8363409,4.3660592,+32 2 608 51 54,https://osteriabolognese.be,,WEBSITE_PRESENT,2026-08-19T11:30:10.603970+00:00,clean,,,"{""amenity"": ""restaurant"", ""contact:phone"": ""+32 2 608 51 54"", ""contact:website"": ""https://osteriabolognese.be"", ""name"": ""Osteria Bolognese""}"
ixelles,osm:node/9366220888,Pool Gate,bars-pubs,amenity=bar,,,50.836614,4.36675,+32 2 502 09 74,https://www.pool-gate.be/,,WEBSITE_PRESENT,2026-08-19T11:30:10.603970+00:00,clean,,,"{""amenity"": ""bar"", ""contact:phone"": ""+32 2 502 09 74"", ""contact:website"": ""https://www.pool-gate.be/"", ""name"": ""Pool Gate""}"
ixelles,osm:node/9376035541,Iyagi,fast-food,amenity=fast_food,,,50.835908,4.3662986,,https://www.iyagi-ixelles.be,https://www.instagram.com/iiiyagiii/,WEBSITE_PRESENT,2026-08-19T11:30:10.603970+00:00,clean,,,"{""amenity"": ""fast_food"", ""contact:instagram"": ""https://www.instagram.com/iiiyagiii/"", ""contact:website"": ""https://www.iyagi-ixelles.be"", ""craft"": ""caterer"", ""name"": ""Iyagi""}"
ixelles,osm:node/9389425329,Hors Catégorie - Bar,bars-pubs,amenity=bar,,,50.8220016,4.3865684,+32 2 649 00 02,http://horscategorie.brussels,https://www.facebook.com/horscategorie.brussels,WEBSITE_PRESENT,2026-08-19T11:30:10.603970+00:00,clean,,,"{""amenity"": ""bar"", ""contact:facebook"": ""https://www.facebook.com/horscategorie.brussels"", ""contact:instagram"": ""https://www.instagram.com/horscategorie.brussels/"", ""contact:phone"": ""+32 2 649 00 02"", ""contact:website"": ""http://horscategorie.brussels"", ""name"": ""Hors Catégorie - Bar""}"
ixelles,osm:node/9421203049,De Weerdt,pastry-shops,shop=bakery,,,50.8300808,4.3446497,+32 2 537 58 66,,https://www.facebook.com/BoulangerieDeWeerdt/,SOCIAL_ONLY,2026-08-19T11:30:10.603970+00:00,clean,,,"{""contact:facebook"": ""https://www.facebook.com/BoulangerieDeWeerdt/"", ""contact:phone"": ""+32 2 537 58 66"", ""name"": ""De Weerdt"", ""shop"": ""bakery""}"
ixelles,osm:node/9457784407,i-fitness,gym,leisure=fitness_centre,,,50.827324,4.3425578,+32 2 851 82 16,https://www.i-fitness.be/nl/locations/sint-gillis,,WEBSITE_PRESENT,2026-08-19T11:30:10.603970+00:00,clean,,,"{""contact:phone"": ""+32 2 851 82 16"", ""contact:website"": ""https://www.i-fitness.be/nl/locations/sint-gillis"", ""leisure"": ""fitness_centre"", ""name"": ""i-fitness""}"
ixelles,osm:node/9490153722,TradiNatura,fast-food,amenity=fast_food,,,50.8333024,4.3672699,,,,NO_WEBSITE,2026-08-19T11:30:10.603970+00:00,clean,,,"{""amenity"": ""fast_food"", ""name"": ""TradiNatura""}"
ixelles,osm:node/9532094923,Kanel Brussels,cafe,amenity=cafe,,,50.8145414,4.3670389,+32 2 267 11 57,,,NO_WEBSITE,2026-08-19T11:30:10.603970+00:00,clean,,,"{""amenity"": ""cafe"", ""contact:phone"": ""+32 2 267 11 57"", ""name"": ""Kanel Brussels""}"
ixelles,osm:node/9532391802,Co-Immex,real-estate-agencies,office=estate_agent,,,50.8281295,4.3416313,,,,NO_WEBSITE,2026-08-19T11:30:10.603970+00:00,clean,,,"{""name"": ""Co-Immex"", ""office"": ""estate_agent""}"
ixelles,osm:node/9532391803,Mynu Nails,beauty-salon,shop=beauty,,,50.8281054,4.3416875,,,https://www.facebook.com/Mynunails-100165479209761,SOCIAL_ONLY,2026-08-19T11:30:10.603970+00:00,clean,,,"{""contact:facebook"": ""https://www.facebook.com/Mynunails-100165479209761"", ""name"": ""Mynu Nails"", ""shop"": ""beauty""}"
ixelles,osm:node/9532391805,Boulangerie Royale,pastry-shops,shop=bakery,,,50.8280329,4.3418438,,,https://www.facebook.com/Boulangerie-Royale-104662458217444/,SOCIAL_ONLY,2026-08-19T11:30:10.603970+00:00,clean,,,"{""contact:facebook"": ""https://www.facebook.com/Boulangerie-Royale-104662458217444/"", ""name"": ""Boulangerie Royale"", ""shop"": ""bakery""}"
ixelles,osm:node/9550667177,Sushi Me,restaurant,amenity=restaurant,,,50.8337112,4.3738774,+32 2 315 58 08,http://sushime.be/,,WEBSITE_PRESENT,2026-08-19T11:30:10.603970+00:00,clean,,,"{""amenity"": ""restaurant"", ""contact:phone"": ""+32 2 315 58 08"", ""contact:website"": ""http://sushime.be/"", ""name"": ""Sushi Me""}"
ixelles,osm:node/9554749925,Beauty Platinium,beauty-salon,shop=beauty,,,50.8361926,4.3683734,,,,NO_WEBSITE,2026-08-19T11:30:10.603970+00:00,clean,,,"{""name"": ""Beauty Platinium"", ""shop"": ""beauty""}"
ixelles,osm:node/9560520741,Federica Hair,beauty-salon,shop=hairdresser,,,50.8290057,4.3725981,+32 2 647 26 28,,,NO_WEBSITE,2026-08-19T11:30:10.603970+00:00,clean,,,"{""contact:phone"": ""+32 2 647 26 28"", ""name"": ""Federica Hair"", ""shop"": ""hairdresser""}"
ixelles,osm:node/9560520743,Flower Nails,beauty-salon,shop=beauty,,,50.8292853,4.3727755,,,,NO_WEBSITE,2026-08-19T11:30:10.603970+00:00,clean,,,"{""name"": ""Flower Nails"", ""shop"": ""beauty""}"
ixelles,osm:node/9560520744,Lucky Nails,beauty-salon,shop=beauty,,,50.8293987,4.3728392,,https://www.luckynails.be,,WEBSITE_PRESENT,2026-08-19T11:30:10.603970+00:00,clean,,,"{""contact:website"": ""https://www.luckynails.be"", ""name"": ""Lucky Nails"", ""shop"": ""beauty""}"
ixelles,osm:node/9560520745,Barber Shop Chez Ali,beauty-salon,shop=hairdresser,,,50.8295128,4.3729011,,,,NO_WEBSITE,2026-08-19T11:30:10.603970+00:00,clean,,,"{""name"": ""Barber Shop Chez Ali"", ""shop"": ""hairdresser""}"
ixelles,osm:node/9560520747,Salon de Coiffure 2000,beauty-salon,shop=hairdresser,,,50.8298527,4.3731119,+32 2 640 13 89,,,NO_WEBSITE,2026-08-19T11:30:10.603970+00:00,clean,,,"{""contact:phone"": ""+32 2 640 13 89"", ""name"": ""Salon de Coiffure 2000"", ""shop"": ""hairdresser""}"
ixelles,osm:node/9560520750,Le Croc,fast-food,amenity=fast_food,,,50.8307989,4.373693,,,,NO_WEBSITE,2026-08-19T11:30:10.603970+00:00,clean,,,"{""amenity"": ""fast_food"", ""name"": ""Le Croc"", ""operator"": ""Le Sacré Pain""}"
ixelles,osm:node/9560520753,Mariam Elle,beauty-salon,shop=hairdresser,,,50.8313407,4.3740273,,,,NO_WEBSITE,2026-08-19T11:30:10.603970+00:00,clean,,,"{""name"": ""Mariam Elle"", ""shop"": ""hairdresser""}"
ixelles,osm:node/9560520755,Coif'Cristal,beauty-salon,shop=hairdresser,,,50.8318029,4.3743033,,,,NO_WEBSITE,2026-08-19T11:30:10.603970+00:00,clean,,,"{""name"": ""Coif'Cristal"", ""shop"": ""hairdresser""}"
ixelles,osm:node/9560520760,Le Sans Soucis,cafe,amenity=cafe,,,50.8315965,4.373904,+32 2 644 27 34,,,NO_WEBSITE,2026-08-19T11:30:10.603970+00:00,clean,,,"{""amenity"": ""cafe"", ""contact:phone"": ""+32 2 644 27 34"", ""name"": ""Le Sans Soucis""}"
ixelles,osm:node/9560520769,Boulangerie Pâtisserie Malibran,pastry-shops,shop=bakery,,,50.8293355,4.3725304,,,,NO_WEBSITE,2026-08-19T11:30:10.603970+00:00,clean,,,"{""name"": ""Boulangerie Pâtisserie Malibran"", ""shop"": ""bakery""}"
ixelles,osm:node/9560520770,Five,beauty-salon,shop=hairdresser,,,50.8287649,4.372447,,,,NO_WEBSITE,2026-08-19T11:30:10.603970+00:00,clean,,,"{""name"": ""Five"", ""shop"": ""hairdresser""}"
ixelles,osm:node/9570357729,À pleines dents,dentist,amenity=dentist,,,50.8295373,4.4106177,+32 2 770 25 29,https://www.apleinesdents.be/,,WEBSITE_PRESENT,2026-08-19T11:30:10.603970+00:00,clean,,,"{""amenity"": ""dentist"", ""contact:phone"": ""+32 2 770 25 29"", ""contact:website"": ""https://www.apleinesdents.be/"", ""healthcare"": ""dentist"", ""name"": ""À pleines dents""}"
ixelles,osm:node/9570725347,Kitoko,beauty-salon,shop=beauty,,,50.8310816,4.373875,,,,NO_WEBSITE,2026-08-19T11:30:10.603970+00:00,clean,,,"{""name"": ""Kitoko"", ""shop"": ""beauty""}"
ixelles,osm:node/9571785660,Chez StephY,bars-pubs,amenity=bar,,,50.831174,4.3575726,,https://www.stephy.be,https://facebook.com/chezstephy,WEBSITE_PRESENT,2026-08-19T11:30:10.603970+00:00,clean,,,"{""amenity"": ""bar"", ""contact:facebook"": ""https://facebook.com/chezstephy"", ""contact:instagram"": ""https://www.instagram.com/chezstephy/"", ""contact:website"": ""https://www.stephy.be"", ""name"": ""Chez StephY""}"
ixelles,osm:node/9575554117,La Bagarre,bars-pubs,amenity=pub,,,50.8264022,4.348626,,https://www.drinkthatbeer.be/,,WEBSITE_PRESENT,2026-08-19T11:30:10.603970+00:00,clean,,,"{""amenity"": ""pub"", ""contact:website"": ""https://www.drinkthatbeer.be/"", ""name"": ""La Bagarre"", ""operator"": ""Drinkthatbeer""}"
ixelles,osm:node/9580248851,Panda,restaurant,amenity=restaurant,,,50.8180148,4.4181917,,,RestaurantPandaAuderghem,SOCIAL_ONLY,2026-08-19T11:30:10.603970+00:00,clean,,,"{""amenity"": ""restaurant"", ""contact:facebook"": ""RestaurantPandaAuderghem"", ""name"": ""Panda""}"
ixelles,osm:node/9585024112,Magic Gym,gym,leisure=fitness_centre,,,50.8292371,4.3724576,,,,NO_WEBSITE,2026-08-19T11:30:10.603970+00:00,clean,,,"{""leisure"": ""fitness_centre"", ""name"": ""Magic Gym""}"
ixelles,osm:node/9587373732,Touareg,bars-pubs,amenity=bar,,,50.8255551,4.3592818,,,,NO_WEBSITE,2026-08-19T11:30:10.603970+00:00,clean,,,"{""amenity"": ""bar"", ""name"": ""Touareg""}"
ixelles,osm:node/9587460840,Olegario,cafe,amenity=cafe,,,50.827383,4.3400589,,,,NO_WEBSITE,2026-08-19T11:30:10.603970+00:00,clean,,,"{""amenity"": ""cafe"", ""name"": ""Olegario""}"
ixelles,osm:node/9587460842,Porte d'Europe,cafe,amenity=cafe,,,50.8272545,4.3402372,,,,NO_WEBSITE,2026-08-19T11:30:10.603970+00:00,clean,,,"{""amenity"": ""cafe"", ""name"": ""Porte d'Europe""}"
ixelles,osm:node/9607457001,En tout K',restaurant,amenity=restaurant,,,50.8342161,4.3781239,,,https://www.facebook.com/people/En-Tout-K/100082900434683/,SOCIAL_ONLY,2026-08-19T11:30:10.603970+00:00,clean,,,"{""amenity"": ""restaurant"", ""contact:facebook"": ""https://www.facebook.com/people/En-Tout-K/100082900434683/"", ""name"": ""En tout K'""}"
ixelles,osm:node/9631749174,Pitasserie,restaurant,amenity=restaurant,,,50.8225983,4.3581109,,https://nikolaskoulepis.com/pitasserie/,,WEBSITE_PRESENT,2026-08-19T11:30:10.603970+00:00,clean,,,"{""amenity"": ""restaurant"", ""contact:website"": ""https://nikolaskoulepis.com/pitasserie/"", ""name"": ""Pitasserie""}"
ixelles,osm:node/9646133346,Stella Legrand,cafe,amenity=cafe,,,50.8156169,4.3711196,,https://linktr.ee/stellacoffeebar/,stellacoffeebar,WEBSITE_PRESENT,2026-08-19T11:30:10.603970+00:00,clean,,,"{""amenity"": ""cafe"", ""contact:instagram"": ""stellacoffeebar"", ""contact:website"": ""https://linktr.ee/stellacoffeebar/"", ""name"": ""Stella Legrand""}"
ixelles,osm:node/9653629139,YouWok,fast-food,amenity=fast_food,,,50.8219511,4.3889622,,,,NO_WEBSITE,2026-08-19T11:30:10.603970+00:00,clean,,,"{""amenity"": ""fast_food"", ""name"": ""YouWok""}"
ixelles,osm:node/9653663744,One dos trois,bars-pubs,amenity=bar,,,50.8255411,4.3471716,,,,NO_WEBSITE,2026-08-19T11:30:10.603970+00:00,clean,,,"{""amenity"": ""bar"", ""name"": ""One dos trois""}"
ixelles,osm:node/9654263532,Boulangerie de l'Étang,pastry-shops,shop=bakery,,,50.835035,4.381909,,,,NO_WEBSITE,2026-08-19T11:30:10.603970+00:00,clean,,,"{""name"": ""Boulangerie de l'Étang"", ""shop"": ""bakery""}"
ixelles,osm:node/9654374703,Le Bistro,cafe,amenity=cafe,,,50.8232958,4.3585175,,,,NO_WEBSITE,2026-08-19T11:30:10.603970+00:00,clean,,,"{""amenity"": ""cafe"", ""name"": ""Le Bistro""}"
ixelles,osm:node/9654380620,Bocage,bars-pubs,amenity=pub,,,50.8245778,4.3469882,,,,NO_WEBSITE,2026-08-19T11:30:10.603970+00:00,clean,,,"{""amenity"": ""pub"", ""name"": ""Bocage""}"
ixelles,osm:node/9654388103,Café Maison du Peuple,bars-pubs,amenity=pub,,,50.8304305,4.345621,,,,NO_WEBSITE,2026-08-19T11:30:10.603970+00:00,clean,,,"{""amenity"": ""pub"", ""name"": ""Café Maison du Peuple""}"
ixelles,osm:node/9654404335,Bar du Matin,bars-pubs,amenity=pub,,,50.8217592,4.3425051,,,,NO_WEBSITE,2026-08-19T11:30:10.603970+00:00,clean,,,"{""amenity"": ""pub"", ""name"": ""Bar du Matin""}"
ixelles,osm:node/9654550699,Moda Nova,cafe,amenity=cafe,,,50.8245717,4.3480983,,https://modanova.be/,,WEBSITE_PRESENT,2026-08-19T11:30:10.603970+00:00,clean,,,"{""amenity"": ""cafe"", ""contact:website"": ""https://modanova.be/"", ""name"": ""Moda Nova""}"
ixelles,osm:node/9654554427,Supra Bailly,bars-pubs,amenity=pub,,,50.825822,4.3598788,,,,NO_WEBSITE,2026-08-19T11:30:10.603970+00:00,clean,,,"{""amenity"": ""pub"", ""name"": ""Supra Bailly""}"
ixelles,osm:node/9654570992,The Modern Alchemist,bars-pubs,amenity=bar,,,50.825279,4.3442202,,https://www.themodernalchemist.bar/,,WEBSITE_PRESENT,2026-08-19T11:30:10.603970+00:00,clean,,,"{""amenity"": ""bar"", ""contact:website"": ""https://www.themodernalchemist.bar/"", ""name"": ""The Modern Alchemist""}"
ixelles,osm:node/9654578108,Green Mango,restaurant,amenity=restaurant,,,50.8308859,4.3459623,+32 2 346 63 89,https://www.greenmango.be,,WEBSITE_PRESENT,2026-08-19T11:30:10.603970+00:00,clean,,,"{""amenity"": ""restaurant"", ""contact:phone"": ""+32 2 346 63 89"", ""contact:website"": ""https://www.greenmango.be"", ""name"": ""Green Mango"", ""operator"": ""Green Mango""}"
ixelles,osm:node/9654627315,Le Dillens,bars-pubs,amenity=pub,,,50.8317986,4.3489481,,,,NO_WEBSITE,2026-08-19T11:30:10.603970+00:00,clean,,,"{""amenity"": ""pub"", ""name"": ""Le Dillens""}"
ixelles,osm:node/9654641549,ImmoBy,real-estate-agencies,office=estate_agent,,,50.8252262,4.3460458,,https://www.immoby.be/,,WEBSITE_PRESENT,2026-08-19T11:30:10.603970+00:00,clean,,,"{""contact:website"": ""https://www.immoby.be/"", ""name"": ""ImmoBy"", ""office"": ""estate_agent""}"
ixelles,osm:node/9654641550,La Biche,bars-pubs,amenity=pub,,,50.8253434,4.3460017,,https://cafelabiche.be/,,WEBSITE_PRESENT,2026-08-19T11:30:10.603970+00:00,clean,,,"{""amenity"": ""pub"", ""contact:website"": ""https://cafelabiche.be/"", ""name"": ""La Biche""}"
ixelles,osm:node/9654651459,Eccetera,restaurant,amenity=restaurant,,,50.8362525,4.3815374,+32 2 514 49 95,https://eccetera.be/,,WEBSITE_PRESENT,2026-08-19T11:30:10.603970+00:00,clean,,,"{""amenity"": ""restaurant"", ""contact:phone"": ""+32 2 514 49 95"", ""contact:website"": ""https://eccetera.be/"", ""name"": ""Eccetera""}"
ixelles,osm:node/9657947666,The Iris,restaurant,amenity=restaurant,,,50.8375376,4.3572523,+32 2 504 13 33,https://www.theiris.be/,https://www.facebook.com/TheIris.Brussels,WEBSITE_PRESENT,2026-08-19T11:30:10.603970+00:00,clean,,,"{""amenity"": ""restaurant"", ""contact:facebook"": ""https://www.facebook.com/TheIris.Brussels"", ""contact:instagram"": ""https://www.instagram.com/theiris.brussels/"", ""contact:phone"": ""+32 2 504 13 33"", ""contact:website"": ""https://www.theiris.be/"", ""name"": ""The Iris""}"
ixelles,osm:node/9663720260,The Roof,bars-pubs,amenity=bar,,,50.83769,4.3810557,,,,NO_WEBSITE,2026-08-19T11:30:10.603970+00:00,clean,,,"{""amenity"": ""bar"", ""name"": ""The Roof""}"
ixelles,osm:node/9704907477,MG Boutique,cafe,amenity=cafe,,,50.8378355,4.3453245,,,,NO_WEBSITE,2026-08-19T11:30:10.603970+00:00,clean,,,"{""amenity"": ""cafe"", ""name"": ""MG Boutique""}"
ixelles,osm:node/9713094717,NYYÓ,restaurant,amenity=restaurant,,,50.826329,4.3618288,+32 2 478 07 13,https://nyyorestaurant.com/,,WEBSITE_PRESENT,2026-08-19T11:30:10.603970+00:00,clean,,,"{""amenity"": ""restaurant"", ""contact:phone"": ""+32 2 478 07 13"", ""contact:website"": ""https://nyyorestaurant.com/"", ""name"": ""NYYÓ""}"
ixelles,osm:node/9718090081,Mito,restaurant,amenity=restaurant,,,50.8176686,4.3538531,+32 2 511 87 31,https://milanotorino.eu/bruxelles-brugmann/,,WEBSITE_PRESENT,2026-08-19T11:30:10.603970+00:00,clean,,,"{""amenity"": ""restaurant"", ""contact:phone"": ""+32 2 511 87 31"", ""contact:website"": ""https://milanotorino.eu/bruxelles-brugmann/"", ""name"": ""Mito""}"
ixelles,osm:node/9741381509,Shuka,restaurant,amenity=restaurant,,,50.8363699,4.3605252,+32 2 502 90 98,,,NO_WEBSITE,2026-08-19T11:30:10.603970+00:00,clean,,,"{""amenity"": ""restaurant"", ""contact:phone"": ""+32 2 502 90 98"", ""name"": ""Shuka""}"
ixelles,osm:node/9764400259,Lounge Cafe,cafe,amenity=cafe,,,50.8342202,4.3545362,,,,NO_WEBSITE,2026-08-19T11:30:10.603970+00:00,clean,,,"{""amenity"": ""cafe"", ""name"": ""Lounge Cafe"", ""operator"": ""Shahrazad""}"
ixelles,osm:node/9769166117,Ellipsis,beauty-salon,shop=beauty,,,50.8318858,4.3540878,,,,NO_WEBSITE,2026-08-19T11:30:10.603970+00:00,clean,,,"{""name"": ""Ellipsis"", ""shop"": ""beauty""}"
ixelles,osm:node/9773152847,Rosa,bars-pubs,amenity=bar,,,50.8336646,4.3662816,,,https://www.instagram.com/rosa_bar_brussels/,SOCIAL_ONLY,2026-08-19T11:30:10.603970+00:00,clean,,,"{""amenity"": ""bar"", ""contact:instagram"": ""https://www.instagram.com/rosa_bar_brussels/"", ""name"": ""Rosa""}"
ixelles,osm:node/9776524604,Jims Auderghem,gym,leisure=fitness_centre,,,50.8227072,4.4034159,,https://www.jims.be/fr/clubs/jims-auderghem,,WEBSITE_PRESENT,2026-08-19T11:30:10.603970+00:00,existing_duplicate,"source id, name/address, phone, or website matched existing listing",,"{""brand"": ""Jims Fitness"", ""contact:website"": ""https://www.jims.be/fr/clubs/jims-auderghem"", ""leisure"": ""fitness_centre"", ""name"": ""Jims Auderghem""}"
ixelles,osm:node/9801989077,Cafe Felix,bars-pubs,amenity=pub,,,50.8331511,4.3861757,,,,NO_WEBSITE,2026-08-19T11:30:10.603970+00:00,clean,,,"{""amenity"": ""pub"", ""name"": ""Cafe Felix""}"
ixelles,osm:node/9807882196,Le 24h,bars-pubs,amenity=pub,,,50.8285085,4.3745184,,,,NO_WEBSITE,2026-08-19T11:30:10.603970+00:00,clean,,,"{""amenity"": ""pub"", ""name"": ""Le 24h""}"
ixelles,osm:node/9807904166,Compagnon,pastry-shops,shop=bakery,,,50.8257915,4.3794667,,,,NO_WEBSITE,2026-08-19T11:30:10.603970+00:00,clean,,,"{""name"": ""Compagnon"", ""shop"": ""bakery""}"
ixelles,osm:node/9834319718,La mesa de tres patas,jewelry-stores,shop=jewelry,,,50.8257195,4.3693691,,,https://www.facebook.com/lamesadetrespatas,SOCIAL_ONLY,2026-08-19T11:30:10.603970+00:00,clean,,,"{""contact:facebook"": ""https://www.facebook.com/lamesadetrespatas"", ""contact:instagram"": ""https://www.instagram.com/lamesadetrespatas"", ""name"": ""La mesa de tres patas"", ""shop"": ""jewelry""}"
ixelles,osm:node/9845878140,Nikolas Koulepis,pastry-shops,shop=bakery,,,50.8221772,4.3572704,+32 2 514 74 40,https://nikolaskoulepis.com/,,WEBSITE_PRESENT,2026-08-19T11:30:10.603970+00:00,clean,,,"{""contact:phone"": ""+32 2 514 74 40"", ""contact:website"": ""https://nikolaskoulepis.com/"", ""name"": ""Nikolas Koulepis"", ""shop"": ""bakery""}"
ixelles,osm:node/9881777070,Osteria Romana,restaurant,amenity=restaurant,,,50.8156589,4.3711922,+32 2 648 13 95,https://www.osteriaromana.be/,osteriaromanabruxelles,WEBSITE_PRESENT,2026-08-19T11:30:10.603970+00:00,clean,,,"{""amenity"": ""restaurant"", ""contact:instagram"": ""osteriaromanabruxelles"", ""contact:phone"": ""+32 2 648 13 95"", ""contact:website"": ""https://www.osteriaromana.be/"", ""name"": ""Osteria Romana""}"
ixelles,osm:node/9893053386,Khobz,pastry-shops,shop=bakery,,,50.8188282,4.3631057,,,,NO_WEBSITE,2026-08-19T11:30:10.603970+00:00,clean,,,"{""name"": ""Khobz"", ""shop"": ""bakery""}"
ixelles,osm:node/9937556851,Le Petit Lion,bars-pubs,amenity=pub,,,50.8369582,4.3487215,,,,NO_WEBSITE,2026-08-19T11:30:10.603970+00:00,clean,,,"{""amenity"": ""pub"", ""name"": ""Le Petit Lion""}"
ixelles,osm:node/9943268253,Thelius,legal-services,office=lawyer,,,50.8394407,4.360247,+32 2 790 42 42,https://www.thelius.be/,,WEBSITE_PRESENT,2026-08-19T11:30:10.603970+00:00,clean,,,"{""contact:phone"": ""+32 2 790 42 42"", ""contact:website"": ""https://www.thelius.be/"", ""name"": ""Thelius"", ""office"": ""lawyer""}"
ixelles,osm:node/9950744692,Au Fin Bec,pastry-shops,shop=confectionery,,,50.8361116,4.3475675,,,,NO_WEBSITE,2026-08-19T11:30:10.603970+00:00,clean,,,"{""name"": ""Au Fin Bec"", ""shop"": ""confectionery""}"
ixelles,osm:node/9968128312,Fior di Latte,cafe,amenity=cafe,,,50.837496,4.395405,,,,NO_WEBSITE,2026-08-19T11:30:10.603970+00:00,clean,,,"{""amenity"": ""cafe"", ""name"": ""Fior di Latte""}"
ixelles,osm:node/9999497935,The Studio,gym,leisure=fitness_centre,,,50.8392931,4.3601856,,https://thestudio.brussels/,,WEBSITE_PRESENT,2026-08-19T11:30:10.603970+00:00,clean,,,"{""contact:website"": ""https://thestudio.brussels/"", ""leisure"": ""fitness_centre"", ""name"": ""The Studio""}"
ixelles,osm:node/10001290159,Hermine,pastry-shops,shop=bakery,,,50.8202887,4.3818205,,,,NO_WEBSITE,2026-08-19T11:30:10.603970+00:00,clean,,,"{""name"": ""Hermine"", ""shop"": ""bakery""}"
ixelles,osm:node/10010975517,Sakuraya Sushi,restaurant,amenity=restaurant,,,50.8092497,4.402973,,https://sakurayasushi.be/,,WEBSITE_PRESENT,2026-08-19T11:30:10.603970+00:00,clean,,,"{""amenity"": ""restaurant"", ""contact:website"": ""https://sakurayasushi.be/"", ""name"": ""Sakuraya Sushi""}"
ixelles,osm:node/10010981317,My Sicily,cafe,amenity=cafe,,,50.8087691,4.4035862,,https://puravidakeym.be/,,WEBSITE_PRESENT,2026-08-19T11:30:10.603970+00:00,clean,,,"{""amenity"": ""cafe"", ""contact:website"": ""https://puravidakeym.be/"", ""name"": ""My Sicily""}"
ixelles,osm:node/10011853317,La Pomme de Pin,restaurant,amenity=restaurant,,,50.8019886,4.3737197,,,,NO_WEBSITE,2026-08-19T11:30:10.603970+00:00,clean,,,"{""amenity"": ""restaurant"", ""name"": ""La Pomme de Pin""}"
ixelles,osm:node/10012293732,Atelier TiPi,cafe,amenity=cafe,,,50.8347452,4.3738403,,,https://www.facebook.com/Atelier-TIPI-112833368061337/,SOCIAL_ONLY,2026-08-19T11:30:10.603970+00:00,clean,,,"{""amenity"": ""cafe"", ""contact:facebook"": ""https://www.facebook.com/Atelier-TIPI-112833368061337/"", ""name"": ""Atelier TiPi"", ""operator"": ""Klein d'oeil""}"
ixelles,osm:node/10015450565,Book-Box,,amenity=public_bookcase,,,50.8295746,4.3931204,,,,NO_WEBSITE,2026-08-19T11:30:10.603970+00:00,clean,,no confident canonical category mapping,"{""amenity"": ""public_bookcase"", ""name"": ""Book-Box""}"
ixelles,osm:node/10022903519,Gringo,restaurant,amenity=restaurant,,,50.8231081,4.3590449,,http://ilovegringo.com/,,WEBSITE_PRESENT,2026-08-19T11:30:10.603970+00:00,clean,,,"{""amenity"": ""restaurant"", ""contact:website"": ""http://ilovegringo.com/"", ""name"": ""Gringo""}"
ixelles,osm:node/10046707971,Manhattn's Burgers,fast-food,amenity=fast_food,,,50.8192426,4.3834057,,https://www.manhattns.com,,WEBSITE_PRESENT,2026-08-19T11:30:10.603970+00:00,existing_duplicate,"source id, name/address, phone, or website matched existing listing",,"{""amenity"": ""fast_food"", ""contact:website"": ""https://www.manhattns.com"", ""name"": ""Manhattn's Burgers""}"
ixelles,osm:node/10079775691,Amali,pastry-shops,shop=bakery,,,50.8338201,4.3452595,,,,NO_WEBSITE,2026-08-19T11:30:10.603970+00:00,clean,,,"{""name"": ""Amali"", ""shop"": ""bakery""}"
ixelles,osm:node/10079780050,Boulevard,pharmacy,amenity=pharmacy,,,50.8343285,4.3505311,,,,NO_WEBSITE,2026-08-19T11:30:10.603970+00:00,clean,,,"{""amenity"": ""pharmacy"", ""healthcare"": ""pharmacy"", ""name"": ""Boulevard""}"
ixelles,osm:node/10079780051,St-Pierre,bars-pubs,amenity=pub,,,50.833464,4.3457368,,,,NO_WEBSITE,2026-08-19T11:30:10.603970+00:00,clean,,,"{""amenity"": ""pub"", ""name"": ""St-Pierre""}"
ixelles,osm:node/10079788382,Floss & Gloss,dentist,amenity=dentist,,,50.8347199,4.3458751,,,,NO_WEBSITE,2026-08-19T11:30:10.603970+00:00,clean,,,"{""amenity"": ""dentist"", ""healthcare"": ""dentist"", ""name"": ""Floss & Gloss""}"
ixelles,osm:node/10079788383,Ema & Kha,clothing-store,shop=clothes,,,50.834777,4.3459672,,,,NO_WEBSITE,2026-08-19T11:30:10.603970+00:00,clean,,,"{""name"": ""Ema & Kha"", ""shop"": ""clothes""}"
ixelles,osm:node/10079823441,New Design,beauty-salon,shop=hairdresser,,,50.8348311,4.3465399,,,,NO_WEBSITE,2026-08-19T11:30:10.603970+00:00,clean,,,"{""name"": ""New Design"", ""shop"": ""hairdresser""}"
ixelles,osm:node/10079823442,Hair Evasion,beauty-salon,shop=hairdresser,,,50.8349073,4.3466399,,,,NO_WEBSITE,2026-08-19T11:30:10.603970+00:00,clean,,,"{""name"": ""Hair Evasion"", ""shop"": ""hairdresser""}"
ixelles,osm:node/10079834921,Cyclup,clothing-store,shop=clothes,,,50.835387,4.3473179,,,,NO_WEBSITE,2026-08-19T11:30:10.603970+00:00,clean,,,"{""name"": ""Cyclup"", ""shop"": ""clothes""}"
ixelles,osm:node/10079834922,Snack du Soleil,fast-food,amenity=fast_food,,,50.8353008,4.3467134,,,,NO_WEBSITE,2026-08-19T11:30:10.603970+00:00,clean,,,"{""amenity"": ""fast_food"", ""name"": ""Snack du Soleil""}"
ixelles,osm:node/10079840715,Taylor's,cafe,amenity=cafe,,,50.8370123,4.3487929,,https://www.taylorscafebrussels.be,https://www.instagram.com/taylorscafebrussels/,WEBSITE_PRESENT,2026-08-19T11:30:10.603970+00:00,clean,,,"{""amenity"": ""cafe"", ""contact:instagram"": ""https://www.instagram.com/taylorscafebrussels/"", ""contact:website"": ""https://www.taylorscafebrussels.be"", ""name"": ""Taylor's""}"
ixelles,osm:node/10079845259,Jipex,clothing-store,shop=clothes,,,50.8366777,4.3480615,,,,NO_WEBSITE,2026-08-19T11:30:10.603970+00:00,clean,,,"{""name"": ""Jipex"", ""shop"": ""clothes""}"
ixelles,osm:node/10079872628,Vintage seventies,clothing-store,shop=clothes,,,50.8367628,4.3485375,,,,NO_WEBSITE,2026-08-19T11:30:10.603970+00:00,clean,,,"{""name"": ""Vintage seventies"", ""shop"": ""clothes""}"
ixelles,osm:node/10079872630,Iris shop,clothing-store,shop=clothes,,,50.8369011,4.3486819,,,,NO_WEBSITE,2026-08-19T11:30:10.603970+00:00,clean,,,"{""name"": ""Iris shop"", ""shop"": ""clothes""}"
ixelles,osm:node/10079882947,Oxfam,clothing-store,shop=clothes,,,50.8372488,4.3490563,,,,NO_WEBSITE,2026-08-19T11:30:10.603970+00:00,clean,,,"{""name"": ""Oxfam"", ""shop"": ""clothes""}"
ixelles,osm:node/10079899574,Dsoérdre,clothing-store,shop=clothes,,,50.8375093,4.3492578,,,,NO_WEBSITE,2026-08-19T11:30:10.603970+00:00,clean,,,"{""name"": ""Dsoérdre"", ""shop"": ""clothes""}"
ixelles,osm:node/10079899577,Les Petits Riens - Spullenhulp,clothing-store,shop=clothes,,,50.8377917,4.3496435,,,,NO_WEBSITE,2026-08-19T11:30:10.603970+00:00,clean,,,"{""name"": ""Les Petits Riens - Spullenhulp"", ""shop"": ""clothes""}"
ixelles,osm:node/10079899579,Fripkot,clothing-store,shop=clothes,,,50.8380353,4.3499149,,,,NO_WEBSITE,2026-08-19T11:30:10.603970+00:00,clean,,,"{""name"": ""Fripkot"", ""shop"": ""clothes""}"
ixelles,osm:node/10079929085,The Vintage 70,clothing-store,shop=clothes,,,50.838104,4.3499407,,,,NO_WEBSITE,2026-08-19T11:30:10.603970+00:00,clean,,,"{""name"": ""The Vintage 70"", ""shop"": ""clothes""}"
ixelles,osm:node/10100483525,Coude à coude,bars-pubs,amenity=bar,,,50.8322977,4.3494579,,,,NO_WEBSITE,2026-08-19T11:30:10.603970+00:00,clean,,,"{""amenity"": ""bar"", ""name"": ""Coude à coude""}"
ixelles,osm:node/10100501035,Sharma immobilière,real-estate-agencies,office=estate_agent,,,50.8313594,4.3445499,,,,NO_WEBSITE,2026-08-19T11:30:10.603970+00:00,clean,,,"{""name"": ""Sharma immobilière"", ""office"": ""estate_agent""}"
ixelles,osm:node/10106435432,Café des Minimes,restaurant,amenity=restaurant,,,50.8393286,4.3528639,,https://cafedesminimes.com,,WEBSITE_PRESENT,2026-08-19T11:30:10.603970+00:00,clean,,,"{""amenity"": ""restaurant"", ""contact:website"": ""https://cafedesminimes.com"", ""name"": ""Café des Minimes""}"
ixelles,osm:node/10106887628,Le IIIeme Acte,restaurant,amenity=restaurant,,,50.839338,4.3532034,+32 2 503 56 32,https://troisiemeacte.be/,,WEBSITE_PRESENT,2026-08-19T11:30:10.603970+00:00,clean,,,"{""amenity"": ""restaurant"", ""contact:phone"": ""+32 2 503 56 32"", ""contact:website"": ""https://troisiemeacte.be/"", ""name"": ""Le IIIeme Acte""}"
ixelles,osm:node/10139554918,Sabor Latino,restaurant,amenity=restaurant,,,50.8305814,4.3460213,,,saborlatinoresto,SOCIAL_ONLY,2026-08-19T11:30:10.603970+00:00,clean,,,"{""amenity"": ""restaurant"", ""contact:facebook"": ""saborlatinoresto"", ""name"": ""Sabor Latino""}"
ixelles,osm:node/10139555019,Café Mercedes,cafe,amenity=cafe,,,50.823946,4.3439293,,,,NO_WEBSITE,2026-08-19T11:30:10.603970+00:00,clean,,,"{""amenity"": ""cafe"", ""name"": ""Café Mercedes""}"
ixelles,osm:node/10142358165,Antar,clothing-store,shop=clothes,,,50.8350651,4.3442329,,,,NO_WEBSITE,2026-08-19T11:30:10.603970+00:00,clean,,,"{""name"": ""Antar"", ""shop"": ""clothes""}"
ixelles,osm:node/10154848563,Geox,shoe-stores,shop=shoes,,,50.8364001,4.3576711,+32 2 514 76 45,https://www.geox.com,,WEBSITE_PRESENT,2026-08-19T11:30:10.603970+00:00,clean,,,"{""brand"": ""Geox"", ""contact:phone"": ""+32 2 514 76 45"", ""contact:website"": ""https://www.geox.com"", ""name"": ""Geox"", ""shop"": ""shoes""}"
ixelles,osm:node/10159061036,Cucaracha Boutique,clothing-store,shop=clothes,,,50.8093804,4.4026334,,,,NO_WEBSITE,2026-08-19T11:30:10.603970+00:00,clean,,,"{""name"": ""Cucaracha Boutique"", ""shop"": ""clothes""}"
ixelles,osm:node/10159083831,Venus,beauty-salon,shop=beauty,,,50.8094539,4.4026331,,,,NO_WEBSITE,2026-08-19T11:30:10.603970+00:00,clean,,,"{""name"": ""Venus"", ""shop"": ""beauty""}"
ixelles,osm:node/10159110393,L'Artisan,restaurant,amenity=restaurant,,,50.8095499,4.4027218,,,,NO_WEBSITE,2026-08-19T11:30:10.603970+00:00,clean,,,"{""amenity"": ""restaurant"", ""name"": ""L'Artisan""}"
ixelles,osm:node/10159158596,K.No.p,restaurant,amenity=restaurant,,,50.8335587,4.3447467,,,,NO_WEBSITE,2026-08-19T11:30:10.603970+00:00,clean,,,"{""amenity"": ""restaurant"", ""name"": ""K.No.p""}"
ixelles,osm:node/10159200292,New Faucon,bars-pubs,amenity=pub,,,50.8336004,4.3444264,,,,NO_WEBSITE,2026-08-19T11:30:10.603970+00:00,clean,,,"{""amenity"": ""pub"", ""name"": ""New Faucon""}"
ixelles,osm:node/10162152869,Hoi sea,restaurant,amenity=restaurant,,,50.8320818,4.4042949,,https://hoi-sea.business.site/,,WEBSITE_PRESENT,2026-08-19T11:30:10.603970+00:00,clean,,,"{""amenity"": ""restaurant"", ""name"": ""Hoi sea"", ""website"": ""https://hoi-sea.business.site/""}"
ixelles,osm:node/10169396735,Philippe Debrus,dentist,amenity=dentist,,,50.8268037,4.4052184,,,,NO_WEBSITE,2026-08-19T11:30:10.603970+00:00,clean,,,"{""amenity"": ""dentist"", ""healthcare"": ""dentist"", ""name"": ""Philippe Debrus""}"
ixelles,osm:node/10178608749,Dallas Coiffure,beauty-salon,shop=hairdresser,,,50.8141696,4.3472905,+32 2 344 44 61,https://www.dallascoiffure.be/,,WEBSITE_PRESENT,2026-08-19T11:30:10.603970+00:00,clean,,,"{""contact:phone"": ""+32 2 344 44 61"", ""contact:website"": ""https://www.dallascoiffure.be/"", ""name"": ""Dallas Coiffure"", ""shop"": ""hairdresser""}"
ixelles,osm:node/10182206965,Verdō,restaurant,amenity=restaurant,,,50.8229302,4.3673675,+32 2 411 87 57,https://verdo.brussels/,,WEBSITE_PRESENT,2026-08-19T11:30:10.603970+00:00,clean,,,"{""amenity"": ""restaurant"", ""contact:phone"": ""+32 2 411 87 57"", ""contact:website"": ""https://verdo.brussels/"", ""name"": ""Verdō""}"
ixelles,osm:node/10228343017,Toison d'Or,dentist,amenity=dentist,,,50.836512,4.3594141,,,,NO_WEBSITE,2026-08-19T11:30:10.603970+00:00,clean,,,"{""amenity"": ""dentist"", ""healthcare"": ""dentist"", ""name"": ""Toison d'Or""}"
ixelles,osm:node/10246337601,Galletos,bars-pubs,amenity=bar,,,50.8308458,4.3415553,,,,NO_WEBSITE,2026-08-19T11:30:10.603970+00:00,clean,,,"{""amenity"": ""bar"", ""name"": ""Galletos""}"
ixelles,osm:node/10246337602,Le bateau ivre,bars-pubs,amenity=bar,,,50.8312604,4.3429147,,,,NO_WEBSITE,2026-08-19T11:30:10.603970+00:00,clean,,,"{""amenity"": ""bar"", ""name"": ""Le bateau ivre""}"
ixelles,osm:node/10246337603,Le Volders,bars-pubs,amenity=bar,,,50.8313678,4.3433737,,,,NO_WEBSITE,2026-08-19T11:30:10.603970+00:00,clean,,,"{""amenity"": ""bar"", ""name"": ""Le Volders""}"
ixelles,osm:node/10246337606,Le passage,cafe,amenity=cafe,,,50.8325851,4.3427783,,,,NO_WEBSITE,2026-08-19T11:30:10.603970+00:00,clean,,,"{""amenity"": ""cafe"", ""name"": ""Le passage""}"
ixelles,osm:node/10246337608,Au pays des merveilles,restaurant,amenity=restaurant,,,50.831821,4.3435257,+32 2 539 01 51,https://aupaysdesmerveilles.be/,apdmbagel,WEBSITE_PRESENT,2026-08-19T11:30:10.603970+00:00,clean,,,"{""amenity"": ""restaurant"", ""contact:facebook"": ""apdmbagel"", ""contact:phone"": ""+32 2 539 01 51"", ""contact:website"": ""https://aupaysdesmerveilles.be/"", ""name"": ""Au pays des merveilles"", ""shop"": ""newsagent""}"
ixelles,osm:node/10246359510,Poké & sushi,fast-food,amenity=fast_food,,,50.8307971,4.3457075,,,,NO_WEBSITE,2026-08-19T11:30:10.603970+00:00,clean,,,"{""amenity"": ""fast_food"", ""name"": ""Poké & sushi""}"
ixelles,osm:node/10246359512,Amarcord,bars-pubs,amenity=bar,,,50.8306665,4.3482459,,,,NO_WEBSITE,2026-08-19T11:30:10.603970+00:00,clean,,,"{""amenity"": ""bar"", ""name"": ""Amarcord""}"
ixelles,osm:node/10255144717,Séraphine,pastry-shops,shop=bakery,,,50.801783,4.373459,,,,NO_WEBSITE,2026-08-19T11:30:10.603970+00:00,clean,,,"{""name"": ""Séraphine"", ""shop"": ""bakery""}"
ixelles,osm:node/10271182593,Sale Pepe Rosmarino,restaurant,amenity=restaurant,,,50.8320064,4.3521025,,,https://www.facebook.com/salepeperosmarino/,SOCIAL_ONLY,2026-08-19T11:30:10.603970+00:00,clean,,,"{""amenity"": ""restaurant"", ""contact:facebook"": ""https://www.facebook.com/salepeperosmarino/"", ""name"": ""Sale Pepe Rosmarino""}"
ixelles,osm:node/10271198468,Vedat,restaurant,amenity=restaurant,,,50.8144663,4.3512558,,https://traiteur-vedat.be/,,WEBSITE_PRESENT,2026-08-19T11:30:10.603970+00:00,clean,,,"{""amenity"": ""restaurant"", ""contact:website"": ""https://traiteur-vedat.be/"", ""name"": ""Vedat""}"
ixelles,osm:node/10273155609,Chez Caro,fast-food,amenity=fast_food,,,50.8270403,4.3739196,,,,NO_WEBSITE,2026-08-19T11:30:10.603970+00:00,clean,,,"{""amenity"": ""fast_food"", ""name"": ""Chez Caro""}"
ixelles,osm:node/10274426122,Basic-Fit,gym,leisure=fitness_centre,,,50.8273805,4.343255,,https://www.basic-fit.com/fr-be/clubs/basic-fit-brussels-saint-gilles-barriere-de81f010a7f840ff84186f6fe42bad1e.html,,WEBSITE_PRESENT,2026-08-19T11:30:10.603970+00:00,existing_duplicate,"source id, name/address, phone, or website matched existing listing",,"{""brand"": ""Basic-Fit"", ""leisure"": ""fitness_centre"", ""name"": ""Basic-Fit"", ""website"": ""https://www.basic-fit.com/fr-be/clubs/basic-fit-brussels-saint-gilles-barriere-de81f010a7f840ff84186f6fe42bad1e.html""}"
ixelles,osm:node/10275186648,refresh,restaurant,amenity=restaurant,,,50.832491,4.376006,,https://refreshbxl.com/,,WEBSITE_PRESENT,2026-08-19T11:30:10.603970+00:00,clean,,,"{""amenity"": ""restaurant"", ""contact:website"": ""https://refreshbxl.com/"", ""name"": ""refresh""}"
ixelles,osm:node/10276671405,Met Plaizier,restaurant,amenity=restaurant,,,50.8075907,4.3708242,+32 2 882 21 20,https://www.metplaizier.be/,,WEBSITE_PRESENT,2026-08-19T11:30:10.603970+00:00,clean,,,"{""amenity"": ""restaurant"", ""contact:phone"": ""+32 2 882 21 20"", ""contact:website"": ""https://www.metplaizier.be/"", ""name"": ""Met Plaizier""}"
ixelles,osm:node/10280215585,Midi Nature,fast-food,amenity=fast_food,,,50.8343644,4.3487222,,,,NO_WEBSITE,2026-08-19T11:30:10.603970+00:00,clean,,,"{""amenity"": ""fast_food"", ""name"": ""Midi Nature""}"
ixelles,osm:node/10281285362,À l'écoute du cheveu,beauty-salon,shop=hairdresser,,,50.8231566,4.4078316,,,,NO_WEBSITE,2026-08-19T11:30:10.603970+00:00,clean,,,"{""name"": ""À l'écoute du cheveu"", ""shop"": ""hairdresser""}"
ixelles,osm:node/10283007338,New Juventude,restaurant,amenity=restaurant,,,50.8262925,4.3450285,,,,NO_WEBSITE,2026-08-19T11:30:10.603970+00:00,clean,,,"{""amenity"": ""restaurant"", ""name"": ""New Juventude""}"
ixelles,osm:node/10283007340,Viva Brazil,restaurant,amenity=restaurant,,,50.8264439,4.3449306,,,https://www.facebook.com/profile.php?id=100024059900916,SOCIAL_ONLY,2026-08-19T11:30:10.603970+00:00,clean,,,"{""amenity"": ""restaurant"", ""contact:facebook"": ""https://www.facebook.com/profile.php?id=100024059900916"", ""name"": ""Viva Brazil""}"
ixelles,osm:node/10283007347,Huyen Nails,beauty-salon,shop=beauty,,,50.8264908,4.3449067,,,https://www.facebook.com/people/Huyen-Nails/100063662826636/,SOCIAL_ONLY,2026-08-19T11:30:10.603970+00:00,clean,,,"{""contact:facebook"": ""https://www.facebook.com/people/Huyen-Nails/100063662826636/"", ""contact:instagram"": ""https://www.instagram.com/huyen.nails/"", ""name"": ""Huyen Nails"", ""shop"": ""beauty""}"
ixelles,osm:node/10283007348,Cabinet Smile Orthodontie,dentist,amenity=dentist,,,50.8265605,4.3448804,,https://www.smileortho.be/,,WEBSITE_PRESENT,2026-08-19T11:30:10.603970+00:00,clean,,,"{""amenity"": ""dentist"", ""contact:website"": ""https://www.smileortho.be/"", ""healthcare"": ""dentist"", ""name"": ""Cabinet Smile Orthodontie""}"
ixelles,osm:node/10283007349,Floss Dental,dentist,amenity=dentist,,,50.8266551,4.3448333,+32 2 538 48 00,https://www.flossdental.be/,,WEBSITE_PRESENT,2026-08-19T11:30:10.603970+00:00,clean,,,"{""amenity"": ""dentist"", ""contact:phone"": ""+32 2 538 48 00"", ""contact:website"": ""https://www.flossdental.be/"", ""healthcare"": ""dentist"", ""name"": ""Floss Dental""}"
ixelles,osm:node/10289880858,Okay City,supermarkets,shop=supermarket,,,50.8294265,4.3442933,+32 2 427 15 80,https://www.okay.be/fr/nos-magasins/okay-city-st-gil-chee-waterloo,,WEBSITE_PRESENT,2026-08-19T11:30:10.603970+00:00,existing_duplicate,"source id, name/address, phone, or website matched existing listing",,"{""brand"": ""Okay"", ""contact:phone"": ""+32 2 427 15 80"", ""contact:website"": ""https://www.okay.be/fr/nos-magasins/okay-city-st-gil-chee-waterloo"", ""name"": ""Okay City"", ""shop"": ""supermarket""}"
ixelles,osm:node/10291572457,May Flower,restaurant,amenity=restaurant,,,50.8353649,4.3647729,,,,NO_WEBSITE,2026-08-19T11:30:10.603970+00:00,clean,,,"{""amenity"": ""restaurant"", ""name"": ""May Flower""}"
ixelles,osm:node/10292592243,La Porteuse d'Eau,restaurant,amenity=restaurant,,,50.8316282,4.3436176,+32 2 537 66 46,https://laporteuse.eu,,WEBSITE_PRESENT,2026-08-19T11:30:10.603970+00:00,clean,,,"{""amenity"": ""restaurant"", ""contact:phone"": ""+32 2 537 66 46"", ""contact:website"": ""https://laporteuse.eu"", ""name"": ""La Porteuse d'Eau""}"
ixelles,osm:node/10298699695,Global Air Concept,beauty-salon,shop=hairdresser,,,50.8393061,4.3819921,,https://global-air.be/,,WEBSITE_PRESENT,2026-08-19T11:30:10.603970+00:00,clean,,,"{""contact:website"": ""https://global-air.be/"", ""name"": ""Global Air Concept"", ""shop"": ""hairdresser""}"
ixelles,osm:node/10311181897,Parachute Woman,clothing-store,shop=clothes,,,50.8181064,4.3631687,,,,NO_WEBSITE,2026-08-19T11:30:10.603970+00:00,clean,,,"{""name"": ""Parachute Woman"", ""shop"": ""clothes""}"
ixelles,osm:node/10312632043,Tea,beauty-salon,shop=hairdresser,,,50.8288454,4.3929227,,,,NO_WEBSITE,2026-08-19T11:30:10.603970+00:00,clean,,,"{""name"": ""Tea"", ""shop"": ""hairdresser""}"
ixelles,osm:node/10312654214,Les Petits Riens - Spullenhulp,clothing-store,shop=clothes,,,50.8290642,4.3925621,,,,NO_WEBSITE,2026-08-19T11:30:10.603970+00:00,clean,,,"{""name"": ""Les Petits Riens - Spullenhulp"", ""shop"": ""clothes""}"
ixelles,osm:node/10312656410,Modinn,clothing-store,shop=clothes,,,50.8291478,4.3924347,,,,NO_WEBSITE,2026-08-19T11:30:10.603970+00:00,clean,,,"{""name"": ""Modinn"", ""shop"": ""clothes""}"
ixelles,osm:node/10312663666,Chems,pastry-shops,shop=bakery,,,50.8289842,4.3927063,,,,NO_WEBSITE,2026-08-19T11:30:10.603970+00:00,clean,,,"{""name"": ""Chems"", ""shop"": ""bakery""}"
ixelles,osm:node/10312667613,Nails Ana Beauty,beauty-salon,shop=beauty,,,50.8287684,4.3930553,,,,NO_WEBSITE,2026-08-19T11:30:10.603970+00:00,clean,,,"{""name"": ""Nails Ana Beauty"", ""shop"": ""beauty""}"
ixelles,osm:node/10313603394,Café de la Presse,cafe,amenity=cafe,,,50.8166049,4.3711661,,,,NO_WEBSITE,2026-08-19T11:30:10.603970+00:00,clean,,,"{""amenity"": ""cafe"", ""name"": ""Café de la Presse""}"
ixelles,osm:node/10315093507,News Cafe,restaurant,amenity=restaurant,,,50.8344332,4.355043,+32 2 538 69 24,,,NO_WEBSITE,2026-08-19T11:30:10.603970+00:00,clean,,,"{""amenity"": ""restaurant"", ""contact:phone"": ""+32 2 538 69 24"", ""name"": ""News Cafe""}"
ixelles,osm:node/10467379809,RE/MAX Premium,real-estate-agencies,office=estate_agent,,,50.8352037,4.3939093,,https://www.remax.be/Premium/,,WEBSITE_PRESENT,2026-08-19T11:30:10.603970+00:00,clean,,,"{""brand"": ""RE/MAX"", ""contact:website"": ""https://www.remax.be/Premium/"", ""name"": ""RE/MAX Premium"", ""office"": ""estate_agent""}"
ixelles,osm:node/10536825885,Hermans Real Estate,real-estate-agencies,office=estate_agent,,,50.8311126,4.3999297,,,,NO_WEBSITE,2026-08-19T11:30:10.603970+00:00,clean,,,"{""name"": ""Hermans Real Estate"", ""office"": ""estate_agent""}"
ixelles,osm:node/10550531075,Esencia,bars-pubs,amenity=bar,,,50.8270993,4.3549184,,,,NO_WEBSITE,2026-08-19T11:30:10.603970+00:00,clean,,,"{""amenity"": ""bar"", ""name"": ""Esencia""}"
ixelles,osm:node/10550625011,CHEZWaWa,restaurant,amenity=restaurant,,,50.8230967,4.3591289,+32 2 534 63 30,https://chezwawa.com/,,WEBSITE_PRESENT,2026-08-19T11:30:10.603970+00:00,clean,,,"{""amenity"": ""restaurant"", ""contact:phone"": ""+32 2 534 63 30"", ""contact:website"": ""https://chezwawa.com/"", ""name"": ""CHEZWaWa""}"
ixelles,osm:node/10554945073,Piola Piccola,bookstore,shop=books,,,50.8296493,4.3433278,,,https://m.facebook.com/PiolaPiccola/,SOCIAL_ONLY,2026-08-19T11:30:10.603970+00:00,clean,,,"{""contact:facebook"": ""https://m.facebook.com/PiolaPiccola/"", ""name"": ""Piola Piccola"", ""shop"": ""books""}"
ixelles,osm:node/10555005116,Smala,restaurant,amenity=restaurant,,,50.8316119,4.3448935,,https://smala.brussels/resto-smala/,,WEBSITE_PRESENT,2026-08-19T11:30:10.603970+00:00,clean,,,"{""amenity"": ""restaurant"", ""contact:website"": ""https://smala.brussels/resto-smala/"", ""name"": ""Smala""}"
ixelles,osm:node/10555029228,Churrasqueira Portugalia,restaurant,amenity=restaurant,,,50.8316594,4.3448977,,https://churrasqueiraportugalia.be/,,WEBSITE_PRESENT,2026-08-19T11:30:10.603970+00:00,clean,,,"{""amenity"": ""restaurant"", ""contact:website"": ""https://churrasqueiraportugalia.be/"", ""name"": ""Churrasqueira Portugalia""}"
ixelles,osm:node/10556497113,CoHop,bars-pubs,amenity=pub,,,50.825697,4.3990625,,https://cohop.be,,WEBSITE_PRESENT,2026-08-19T11:30:10.603970+00:00,clean,,,"{""amenity"": ""pub"", ""contact:website"": ""https://cohop.be"", ""name"": ""CoHop""}"
ixelles,osm:node/10559324108,Little Apo,restaurant,amenity=restaurant,,,50.8257023,4.3466874,+32 2 426 87 01,https://littleapo.be/,,WEBSITE_PRESENT,2026-08-19T11:30:10.603970+00:00,clean,,,"{""amenity"": ""restaurant"", ""contact:phone"": ""+32 2 426 87 01"", ""contact:website"": ""https://littleapo.be/"", ""name"": ""Little Apo""}"
ixelles,osm:node/10565268288,Ô 111,restaurant,amenity=restaurant,,,50.8362522,4.3675514,,,,NO_WEBSITE,2026-08-19T11:30:10.603970+00:00,clean,,,"{""amenity"": ""restaurant"", ""name"": ""Ô 111"", ""operator"": ""Chez Malou""}"
ixelles,osm:node/10565395494,Square Properties,real-estate-agencies,office=estate_agent,,,50.836079,4.3796438,+32 2 346 02 76,https://www.square-properties.be/,,WEBSITE_PRESENT,2026-08-19T11:30:10.603970+00:00,clean,,,"{""contact:phone"": ""+32 2 346 02 76"", ""contact:website"": ""https://www.square-properties.be/"", ""name"": ""Square Properties"", ""office"": ""estate_agent""}"
ixelles,osm:node/10566116583,Mains,pastry-shops,shop=bakery,,,50.808506,4.370048,,,,NO_WEBSITE,2026-08-19T11:30:10.603970+00:00,clean,,,"{""name"": ""Mains"", ""shop"": ""bakery""}"
ixelles,osm:node/10567916337,Have A Roll Brussels,pastry-shops,shop=bakery,,,50.8269453,4.3632055,,https://havearoll.com/,,WEBSITE_PRESENT,2026-08-19T11:30:10.603970+00:00,existing_duplicate,"source id, name/address, phone, or website matched existing listing",,"{""contact:website"": ""https://havearoll.com/"", ""name"": ""Have A Roll Brussels"", ""shop"": ""bakery"", ""website"": ""https://havearoll.com/""}"
ixelles,osm:node/10572932355,Le Wine Bar des Marolles,restaurant,amenity=restaurant,,,50.8376264,4.3493465,,,,NO_WEBSITE,2026-08-19T11:30:10.603970+00:00,clean,,,"{""amenity"": ""restaurant"", ""name"": ""Le Wine Bar des Marolles""}"
ixelles,osm:node/10584530548,Next Homes,real-estate-agencies,office=estate_agent,,,50.8386022,4.3644558,+32 2 425 94 84,https://www.nexthomes.be/,,WEBSITE_PRESENT,2026-08-19T11:30:10.603970+00:00,clean,,,"{""contact:phone"": ""+32 2 425 94 84"", ""contact:website"": ""https://www.nexthomes.be/"", ""name"": ""Next Homes"", ""office"": ""estate_agent""}"
ixelles,osm:node/10594801695,Karma,creative-services,office=architect,,,50.8367592,4.382287,,,,NO_WEBSITE,2026-08-19T11:30:10.603970+00:00,clean,,,"{""name"": ""Karma"", ""office"": ""architect""}"
ixelles,osm:node/10594808067,Novaskin,beauty-salon,shop=beauty,,,50.8365913,4.3827784,+32 2 582 85 83,https://novaskinclinic.be/,,WEBSITE_PRESENT,2026-08-19T11:30:10.603970+00:00,clean,,,"{""contact:phone"": ""+32 2 582 85 83"", ""contact:website"": ""https://novaskinclinic.be/"", ""name"": ""Novaskin"", ""shop"": ""beauty""}"
ixelles,osm:node/10594814606,Basic-Fit,gym,leisure=fitness_centre,,,50.8371539,4.3817848,,,,NO_WEBSITE,2026-08-19T11:30:10.603970+00:00,clean,,,"{""brand"": ""Basic-Fit"", ""leisure"": ""fitness_centre"", ""name"": ""Basic-Fit""}"
ixelles,osm:node/10595762911,Isabel Marant,clothing-store,shop=clothes,,,50.8363144,4.3553135,,,,NO_WEBSITE,2026-08-19T11:30:10.603970+00:00,clean,,,"{""name"": ""Isabel Marant"", ""shop"": ""clothes""}"
ixelles,osm:node/10595762912,Diane von Furstenberg,clothing-store,shop=clothes,,,50.8366113,4.3554354,,,,NO_WEBSITE,2026-08-19T11:30:10.603970+00:00,clean,,,"{""name"": ""Diane von Furstenberg"", ""shop"": ""clothes""}"
ixelles,osm:node/10596736259,Chanel,clothing-store,shop=clothes,,,50.8362738,4.3552165,,,,NO_WEBSITE,2026-08-19T11:30:10.603970+00:00,clean,,,"{""brand"": ""Chanel"", ""name"": ""Chanel"", ""shop"": ""clothes""}"
ixelles,osm:node/10597369804,Balenciaga,clothing-store,shop=clothes,,,50.837619,4.3584283,,,,NO_WEBSITE,2026-08-19T11:30:10.603970+00:00,clean,,,"{""brand"": ""Balenciaga"", ""name"": ""Balenciaga"", ""shop"": ""clothes""}"
ixelles,osm:node/10597375818,Desquared2,clothing-store,shop=clothes,,,50.8387117,4.3610787,,,,NO_WEBSITE,2026-08-19T11:30:10.603970+00:00,clean,,,"{""name"": ""Desquared2"", ""shop"": ""clothes""}"
ixelles,osm:node/10597375822,For All Mankind,clothing-store,shop=clothes,,,50.8388379,4.3613872,,,,NO_WEBSITE,2026-08-19T11:30:10.603970+00:00,clean,,,"{""name"": ""For All Mankind"", ""shop"": ""clothes""}"
ixelles,osm:node/10599836741,Gallery,restaurant,amenity=restaurant,,,50.8366737,4.3553696,,,,NO_WEBSITE,2026-08-19T11:30:10.603970+00:00,clean,,,"{""amenity"": ""restaurant"", ""name"": ""Gallery""}"
ixelles,osm:node/10601639405,L'Atelier de Jean,restaurant,amenity=restaurant,,,50.8367485,4.3555909,,,,NO_WEBSITE,2026-08-19T11:30:10.603970+00:00,clean,,,"{""amenity"": ""restaurant"", ""name"": ""L'Atelier de Jean""}"
ixelles,osm:node/10601639406,JB,restaurant,amenity=restaurant,,,50.8366765,4.3556553,,https://www.restaurantjb.com/,,WEBSITE_PRESENT,2026-08-19T11:30:10.603970+00:00,clean,,,"{""amenity"": ""restaurant"", ""name"": ""JB"", ""website"": ""https://www.restaurantjb.com/""}"
ixelles,osm:node/10601763362,Sunny Bao,restaurant,amenity=restaurant,,,50.8227502,4.3667689,+32 2 726 96 76,https://sunnybao.be,,WEBSITE_PRESENT,2026-08-19T11:30:10.603970+00:00,clean,,,"{""amenity"": ""restaurant"", ""contact:phone"": ""+32 2 726 96 76"", ""contact:website"": ""https://sunnybao.be"", ""name"": ""Sunny Bao""}"
ixelles,osm:node/10606305902,L'Essentielle,beauty-salon,shop=beauty,,,50.8169189,4.3817344,,https://www.treatwell.be/en/place/l-essentielle/,,WEBSITE_PRESENT,2026-08-19T11:30:10.603970+00:00,clean,,,"{""contact:website"": ""https://www.treatwell.be/en/place/l-essentielle/"", ""name"": ""L'Essentielle"", ""shop"": ""beauty""}"
ixelles,osm:node/10607657861,Stella,cafe,amenity=cafe,,,50.83034,4.3559543,,https://www.stellacoffeebar.be/,,WEBSITE_PRESENT,2026-08-19T11:30:10.603970+00:00,clean,,,"{""amenity"": ""cafe"", ""contact:website"": ""https://www.stellacoffeebar.be/"", ""name"": ""Stella""}"
ixelles,osm:node/10608434075,Joe la Frite,fast-food,amenity=fast_food,,,50.8396616,4.341457,,,,NO_WEBSITE,2026-08-19T11:30:10.603970+00:00,clean,,,"{""amenity"": ""fast_food"", ""name"": ""Joe la Frite""}"
ixelles,osm:node/10608434076,Rio do Texas,restaurant,amenity=restaurant,,,50.839482,4.3419427,,,,NO_WEBSITE,2026-08-19T11:30:10.603970+00:00,clean,,,"{""amenity"": ""restaurant"", ""name"": ""Rio do Texas""}"
ixelles,osm:node/10608434077,Uncle Kasap,restaurant,amenity=restaurant,,,50.8397293,4.3415448,,,,NO_WEBSITE,2026-08-19T11:30:10.603970+00:00,clean,,,"{""amenity"": ""restaurant"", ""name"": ""Uncle Kasap""}"
ixelles,osm:node/10615359727,Massimo,beauty-salon,shop=hairdresser,,,50.8324384,4.3457607,,,,NO_WEBSITE,2026-08-19T11:30:10.603970+00:00,clean,,,"{""name"": ""Massimo"", ""shop"": ""hairdresser""}"
ixelles,osm:node/10617088399,Taste of Raaj,restaurant,amenity=restaurant,,,50.8181501,4.3636388,,,,NO_WEBSITE,2026-08-19T11:30:10.603970+00:00,clean,,,"{""amenity"": ""restaurant"", ""name"": ""Taste of Raaj""}"
ixelles,osm:node/10620763931,Bavet,restaurant,amenity=restaurant,,,50.8253913,4.358846,,https://bavet.eu/,,WEBSITE_PRESENT,2026-08-19T11:30:10.603970+00:00,existing_duplicate,"source id, name/address, phone, or website matched existing listing",,"{""amenity"": ""restaurant"", ""contact:website"": ""https://bavet.eu/"", ""name"": ""Bavet""}"
ixelles,osm:node/10629463501,Opium House,clothing-store,shop=clothes,,,50.8187158,4.3623939,,,,NO_WEBSITE,2026-08-19T11:30:10.603970+00:00,clean,,,"{""name"": ""Opium House"", ""shop"": ""clothes""}"
ixelles,osm:node/10630190726,Café Fontainas,cafe,amenity=cafe,,,50.8332421,4.3400616,,,,NO_WEBSITE,2026-08-19T11:30:10.603970+00:00,clean,,,"{""amenity"": ""cafe"", ""name"": ""Café Fontainas""}"
ixelles,osm:node/10633599819,Lokahi Holistic Studio,gym,leisure=fitness_centre,,,50.8266565,4.3422306,,https://www.lokahistudio.com/,,WEBSITE_PRESENT,2026-08-19T11:30:10.603970+00:00,clean,,,"{""contact:website"": ""https://www.lokahistudio.com/"", ""leisure"": ""fitness_centre"", ""name"": ""Lokahi Holistic Studio""}"
ixelles,osm:node/10642639552,Mezzo Resto,fast-food,amenity=fast_food,,,50.8172304,4.3656961,,,,NO_WEBSITE,2026-08-19T11:30:10.603970+00:00,clean,,,"{""amenity"": ""fast_food"", ""name"": ""Mezzo Resto""}"
ixelles,osm:node/10642796528,ModeLine,clothing-store,shop=clothes,,,50.8301158,4.3908484,,,,NO_WEBSITE,2026-08-19T11:30:10.603970+00:00,clean,,,"{""name"": ""ModeLine"", ""shop"": ""clothes""}"
ixelles,osm:node/10642796531,Alexandra Boka,beauty-salon,shop=hairdresser,,,50.8295657,4.3917636,,,,NO_WEBSITE,2026-08-19T11:30:10.603970+00:00,clean,,,"{""name"": ""Alexandra Boka"", ""shop"": ""hairdresser""}"
ixelles,osm:node/10642796535,Anthony L.,beauty-salon,shop=hairdresser,,,50.8298314,4.3913218,+32 2 648 40 44,,,NO_WEBSITE,2026-08-19T11:30:10.603970+00:00,clean,,,"{""contact:phone"": ""+32 2 648 40 44"", ""name"": ""Anthony L."", ""shop"": ""hairdresser""}"
ixelles,osm:node/10648690282,Taste of Raaj,restaurant,amenity=restaurant,,,50.8180257,4.3639334,,https://tasteofraaj.be/en,,WEBSITE_PRESENT,2026-08-19T11:30:10.603970+00:00,clean,,,"{""amenity"": ""restaurant"", ""contact:website"": ""https://tasteofraaj.be/en"", ""name"": ""Taste of Raaj""}"
ixelles,osm:node/10648725393,Dewaele,real-estate-agencies,office=estate_agent,,,50.8176802,4.3647076,,https://www.dewaele.com,,WEBSITE_PRESENT,2026-08-19T11:30:10.603970+00:00,clean,,,"{""contact:website"": ""https://www.dewaele.com"", ""name"": ""Dewaele"", ""office"": ""estate_agent""}"
ixelles,osm:node/10686624243,Soif de Faim,restaurant,amenity=restaurant,,,50.8269171,4.3552128,,,soif_de_faim,SOCIAL_ONLY,2026-08-19T11:30:10.603970+00:00,clean,,,"{""amenity"": ""restaurant"", ""contact:instagram"": ""soif_de_faim"", ""name"": ""Soif de Faim""}"
ixelles,osm:node/10688915319,Beers Bank,bars-pubs,amenity=pub,,,50.8365595,4.3819182,,https://beersbank.be/,,WEBSITE_PRESENT,2026-08-19T11:30:10.603970+00:00,clean,,,"{""amenity"": ""pub"", ""contact:website"": ""https://beersbank.be/"", ""name"": ""Beers Bank""}"
ixelles,osm:node/10697960159,Grammes,restaurant,amenity=restaurant,,,50.8239256,4.3494775,+32 2 732 63 00,https://www.grammes.be/,,WEBSITE_PRESENT,2026-08-19T11:30:10.603970+00:00,clean,,,"{""amenity"": ""restaurant"", ""contact:phone"": ""+32 2 732 63 00"", ""contact:website"": ""https://www.grammes.be/"", ""name"": ""Grammes""}"
ixelles,osm:node/10700654406,Bimbi Books,bookstore,shop=books,,,50.8296099,4.3696833,,https://bimbibooks.be/,,WEBSITE_PRESENT,2026-08-19T11:30:10.603970+00:00,clean,,,"{""contact:website"": ""https://bimbibooks.be/"", ""name"": ""Bimbi Books"", ""shop"": ""books""}"
ixelles,osm:node/10700683480,Maison Huit,beauty-salon,shop=hairdresser,,,50.8398737,4.3983535,+32 2 230 39 64,https://maisonhuit.be/,,WEBSITE_PRESENT,2026-08-19T11:30:10.603970+00:00,clean,,,"{""contact:phone"": ""+32 2 230 39 64"", ""contact:website"": ""https://maisonhuit.be/"", ""name"": ""Maison Huit"", ""shop"": ""hairdresser""}"
ixelles,osm:node/10701293629,Pizza Pasta Da Lelo,fast-food,amenity=fast_food,,,50.8191049,4.3835723,+32 2 831 19 17,https://dalelo.be/,,WEBSITE_PRESENT,2026-08-19T11:30:10.603970+00:00,clean,,,"{""amenity"": ""fast_food"", ""contact:phone"": ""+32 2 831 19 17"", ""contact:website"": ""https://dalelo.be/"", ""name"": ""Pizza Pasta Da Lelo""}"
ixelles,osm:node/10712300434,Le Viaduc,bars-pubs,amenity=pub,,,50.83294,4.3694303,,,,NO_WEBSITE,2026-08-19T11:30:10.603970+00:00,clean,,,"{""amenity"": ""pub"", ""name"": ""Le Viaduc""}"
ixelles,osm:node/10720808073,Anastassia,beauty-salon,shop=hairdresser,,,50.8139347,4.351367,,,,NO_WEBSITE,2026-08-19T11:30:10.603970+00:00,clean,,,"{""name"": ""Anastassia"", ""shop"": ""hairdresser""}"
ixelles,osm:node/10722398520,Seven,restaurant,amenity=restaurant,,,50.8137735,4.3566188,,https://www.seven-brussels.com/,https://www.instagram.com/seven.brussels/,WEBSITE_PRESENT,2026-08-19T11:30:10.603970+00:00,clean,,,"{""amenity"": ""restaurant"", ""contact:instagram"": ""https://www.instagram.com/seven.brussels/"", ""contact:website"": ""https://www.seven-brussels.com/"", ""name"": ""Seven""}"
ixelles,osm:node/10733868654,Foor'n,fast-food,amenity=fast_food,,,50.8338636,4.3584338,+32 2 354 04 02,https://foorn.be/,,WEBSITE_PRESENT,2026-08-19T11:30:10.603970+00:00,clean,,,"{""amenity"": ""fast_food"", ""contact:phone"": ""+32 2 354 04 02"", ""contact:website"": ""https://foorn.be/"", ""name"": ""Foor'n""}"
ixelles,osm:node/10738040733,Cabinet Dentaire De Fré,dentist,amenity=dentist,,,50.8031284,4.3440005,,,,NO_WEBSITE,2026-08-19T11:30:10.603970+00:00,clean,,,"{""amenity"": ""dentist"", ""healthcare"": ""dentist"", ""name"": ""Cabinet Dentaire De Fré""}"
ixelles,osm:node/10739057542,Makifornia,restaurant,amenity=restaurant,,,50.8362212,4.365914,,,,NO_WEBSITE,2026-08-19T11:30:10.603970+00:00,clean,,,"{""amenity"": ""restaurant"", ""name"": ""Makifornia""}"
ixelles,osm:node/10739057543,Le Laakam,restaurant,amenity=restaurant,,,50.8363905,4.3657036,,https://laakam.be,,WEBSITE_PRESENT,2026-08-19T11:30:10.603970+00:00,clean,,,"{""amenity"": ""restaurant"", ""contact:website"": ""https://laakam.be"", ""name"": ""Le Laakam""}"
ixelles,osm:node/10739057544,The house of yoga,gym,leisure=fitness_centre,,,50.8354432,4.364614,,https://thehouseofyoga.eu,,WEBSITE_PRESENT,2026-08-19T11:30:10.603970+00:00,clean,,,"{""leisure"": ""fitness_centre"", ""name"": ""The house of yoga"", ""website"": ""https://thehouseofyoga.eu""}"
ixelles,osm:node/10739057545,Kusje,clothing-store,shop=clothes,,,50.8353909,4.3645571,+32 2 514 71 56,https://kusje.be/,,WEBSITE_PRESENT,2026-08-19T11:30:10.603970+00:00,clean,,,"{""contact:phone"": ""+32 2 514 71 56"", ""contact:website"": ""https://kusje.be/"", ""name"": ""Kusje"", ""shop"": ""clothes""}"
ixelles,osm:node/10758329876,Aura,clothing-store,shop=clothes,,,50.8337431,4.3666465,,,,NO_WEBSITE,2026-08-19T11:30:10.603970+00:00,clean,,,"{""name"": ""Aura"", ""shop"": ""clothes""}"
ixelles,osm:node/10759018204,Mondial Coiffure,beauty-salon,shop=hairdresser,,,50.8348255,4.3728753,,,,NO_WEBSITE,2026-08-19T11:30:10.603970+00:00,clean,,,"{""name"": ""Mondial Coiffure"", ""shop"": ""hairdresser""}"
ixelles,osm:node/10763523781,Calmos,bars-pubs,amenity=bar,,,50.8265246,4.3483881,,https://calmos.be/,,WEBSITE_PRESENT,2026-08-19T11:30:10.603970+00:00,clean,,,"{""amenity"": ""bar"", ""name"": ""Calmos"", ""website"": ""https://calmos.be/""}"
ixelles,osm:node/10764515717,Fernand Obb Delicatessen,restaurant,amenity=restaurant,,,50.8259835,4.3475025,+32 2 771 91 08,https://fernand-obb.be/,,WEBSITE_PRESENT,2026-08-19T11:30:10.603970+00:00,clean,,,"{""amenity"": ""restaurant"", ""contact:phone"": ""+32 2 771 91 08"", ""contact:website"": ""https://fernand-obb.be/"", ""name"": ""Fernand Obb Delicatessen""}"
ixelles,osm:node/10766917714,Boutique Maelström,bookstore,shop=books,,,50.8365797,4.3803932,,,,NO_WEBSITE,2026-08-19T11:30:10.603970+00:00,clean,,,"{""name"": ""Boutique Maelström"", ""shop"": ""books""}"
ixelles,osm:node/10766936737,Mine Madeh,restaurant,amenity=restaurant,,,50.8366802,4.3810056,,,,NO_WEBSITE,2026-08-19T11:30:10.603970+00:00,clean,,,"{""amenity"": ""restaurant"", ""name"": ""Mine Madeh""}"
ixelles,osm:node/10767251747,Maison Flagey,hotel,tourism=hotel,,,50.8239537,4.3719838,,https://www.maisonflagey.com/,,WEBSITE_PRESENT,2026-08-19T11:30:10.603970+00:00,clean,,,"{""contact:website"": ""https://www.maisonflagey.com/"", ""name"": ""Maison Flagey"", ""tourism"": ""hotel""}"
ixelles,osm:node/10777960505,Med Art,cafe,amenity=cafe,,,50.8233983,4.3537354,,,https://www.instagram.com/medartcafe,SOCIAL_ONLY,2026-08-19T11:30:10.603970+00:00,clean,,,"{""amenity"": ""cafe"", ""contact:instagram"": ""https://www.instagram.com/medartcafe"", ""name"": ""Med Art""}"
ixelles,osm:node/10778924239,Dînette,cafe,amenity=cafe,,,50.8138305,4.3487966,,https://dinettecafe.be,,WEBSITE_PRESENT,2026-08-19T11:30:10.603970+00:00,clean,,,"{""amenity"": ""cafe"", ""contact:website"": ""https://dinettecafe.be"", ""name"": ""Dînette""}"
ixelles,osm:node/10781457309,La Charcuterie,restaurant,amenity=restaurant,,,50.8262419,4.3450558,,https://lacharcuterie.be/,,WEBSITE_PRESENT,2026-08-19T11:30:10.603970+00:00,clean,,,"{""amenity"": ""restaurant"", ""contact:website"": ""https://lacharcuterie.be/"", ""name"": ""La Charcuterie"", ""shop"": ""deli""}"
ixelles,osm:node/10782156795,Aura Esthétique,beauty-salon,shop=beauty,,,50.8345087,4.3677114,,,,NO_WEBSITE,2026-08-19T11:30:10.603970+00:00,clean,,,"{""name"": ""Aura Esthétique"", ""shop"": ""beauty""}"
ixelles,osm:node/10792703405,Orientalia,restaurant,amenity=restaurant,,,50.8231851,4.3536672,+32 2 520 75 75,https://orientalia.be/,,WEBSITE_PRESENT,2026-08-19T11:30:10.603970+00:00,clean,,,"{""amenity"": ""restaurant"", ""contact:phone"": ""+32 2 520 75 75"", ""contact:website"": ""https://orientalia.be/"", ""name"": ""Orientalia""}"
ixelles,osm:node/10792703406,Beauty center,beauty-salon,shop=beauty,,,50.8235797,4.3537934,,,,NO_WEBSITE,2026-08-19T11:30:10.603970+00:00,clean,,,"{""name"": ""Beauty center"", ""shop"": ""beauty""}"
ixelles,osm:node/10792703407,Olive Restaurant,cafe,amenity=cafe,,,50.8236365,4.3538115,,,,NO_WEBSITE,2026-08-19T11:30:10.603970+00:00,clean,,,"{""amenity"": ""cafe"", ""name"": ""Olive Restaurant""}"
ixelles,osm:node/10792704806,Latino Café Bar,bars-pubs,amenity=bar,,,50.8231356,4.3536514,,,,NO_WEBSITE,2026-08-19T11:30:10.603970+00:00,clean,,,"{""amenity"": ""bar"", ""name"": ""Latino Café Bar""}"
ixelles,osm:node/10797395505,Streetkap,fast-food,amenity=fast_food,,,50.8224452,4.3536887,,,,NO_WEBSITE,2026-08-19T11:30:10.603970+00:00,clean,,,"{""amenity"": ""fast_food"", ""name"": ""Streetkap""}"
ixelles,osm:node/10805369190,Alexandra,beauty-salon,shop=beauty,,,50.8255753,4.3552789,,https://institut-de-beaute-alexandra.mytreatwell.be/,,WEBSITE_PRESENT,2026-08-19T11:30:10.603970+00:00,clean,,,"{""contact:website"": ""https://institut-de-beaute-alexandra.mytreatwell.be/"", ""name"": ""Alexandra"", ""shop"": ""beauty""}"
ixelles,osm:node/10809018894,Mylène,restaurant,amenity=restaurant,,,50.8160662,4.3903287,,https://logroup.be/mylene,,WEBSITE_PRESENT,2026-08-19T11:30:10.603970+00:00,clean,,,"{""amenity"": ""restaurant"", ""contact:website"": ""https://logroup.be/mylene"", ""name"": ""Mylène""}"
ixelles,osm:node/10816203518,Pharmacie des deux Mondes,pharmacy,amenity=pharmacy,,,50.8230259,4.3528584,,,,NO_WEBSITE,2026-08-19T11:30:10.603970+00:00,clean,,,"{""amenity"": ""pharmacy"", ""name"": ""Pharmacie des deux Mondes""}"
ixelles,osm:node/10816203717,Kusadasi,fast-food,amenity=fast_food,,,50.8230292,4.353436,,,,NO_WEBSITE,2026-08-19T11:30:10.603970+00:00,clean,,,"{""amenity"": ""fast_food"", ""name"": ""Kusadasi""}"
ixelles,osm:node/10816203718,At Lebanese,restaurant,amenity=restaurant,,,50.8233133,4.3528073,,https://at-lebanese.com/,,WEBSITE_PRESENT,2026-08-19T11:30:10.603970+00:00,clean,,,"{""amenity"": ""restaurant"", ""contact:website"": ""https://at-lebanese.com/"", ""name"": ""At Lebanese""}"
ixelles,osm:node/10816203719,Lupinette Concept Store,clothing-store,shop=clothes,,,50.8230855,4.3527314,,,,NO_WEBSITE,2026-08-19T11:30:10.603970+00:00,clean,,,"{""name"": ""Lupinette Concept Store"", ""shop"": ""clothes""}"
ixelles,osm:node/10820182144,La Loire,restaurant,amenity=restaurant,,,50.828877,4.3719756,,,,NO_WEBSITE,2026-08-19T11:30:10.603970+00:00,clean,,,"{""amenity"": ""restaurant"", ""name"": ""La Loire""}"
ixelles,osm:node/10820218906,Beirao,restaurant,amenity=restaurant,,,50.8289472,4.3718415,,,,NO_WEBSITE,2026-08-19T11:30:10.603970+00:00,clean,,,"{""amenity"": ""restaurant"", ""name"": ""Beirao""}"
ixelles,osm:node/10825588247,Marc Swine,jewelry-stores,shop=jewelry,,,50.8229443,4.353943,,,,NO_WEBSITE,2026-08-19T11:30:10.603970+00:00,clean,,,"{""name"": ""Marc Swine"", ""shop"": ""jewelry""}"
ixelles,osm:node/10826946207,L'Impasse,bars-pubs,amenity=bar,,,50.8248526,4.3602536,,,,NO_WEBSITE,2026-08-19T11:30:10.603970+00:00,clean,,,"{""amenity"": ""bar"", ""name"": ""L'Impasse""}"
ixelles,osm:node/10842099584,L'épicerie Nomad,restaurant,amenity=restaurant,,,50.8345565,4.3616829,,https://epicerie-nomad.be/,,WEBSITE_PRESENT,2026-08-19T11:30:10.603970+00:00,clean,,,"{""amenity"": ""restaurant"", ""contact:website"": ""https://epicerie-nomad.be/"", ""name"": ""L'épicerie Nomad""}"
ixelles,osm:node/10846384664,Restaurant de La Plaine,fast-food,amenity=fast_food,,,50.8199869,4.3995017,,,,NO_WEBSITE,2026-08-19T11:30:10.603970+00:00,clean,,,"{""amenity"": ""fast_food"", ""name"": ""Restaurant de La Plaine""}"
ixelles,osm:node/10858964970,Vleurgat,pharmacy,amenity=pharmacy,,,50.8228778,4.3673425,,,,NO_WEBSITE,2026-08-19T11:30:10.603970+00:00,clean,,,"{""amenity"": ""pharmacy"", ""healthcare"": ""pharmacy"", ""name"": ""Vleurgat""}"
ixelles,osm:node/10858973688,De Vlamynck,pharmacy,amenity=pharmacy,,,50.8336986,4.3623031,,,,NO_WEBSITE,2026-08-19T11:30:10.603970+00:00,clean,,,"{""amenity"": ""pharmacy"", ""healthcare"": ""pharmacy"", ""name"": ""De Vlamynck""}"
ixelles,osm:node/10861013671,Le Schievelavabo,restaurant,amenity=restaurant,,,50.8364594,4.37983,,https://schievelavabo.com/restaurants/jourdan,,WEBSITE_PRESENT,2026-08-19T11:30:10.603970+00:00,clean,,,"{""amenity"": ""restaurant"", ""name"": ""Le Schievelavabo"", ""website"": ""https://schievelavabo.com/restaurants/jourdan""}"
ixelles,osm:node/10863772203,Voliva,fast-food,amenity=fast_food,,,50.830074,4.3693453,,https://www.volivaixelles.be/,,WEBSITE_PRESENT,2026-08-19T11:30:10.603970+00:00,clean,,,"{""amenity"": ""fast_food"", ""contact:website"": ""https://www.volivaixelles.be/"", ""name"": ""Voliva""}"
ixelles,osm:node/10863779854,FBH,beauty-salon,shop=hairdresser,,,50.8308533,4.3686419,,,,NO_WEBSITE,2026-08-19T11:30:10.603970+00:00,clean,,,"{""name"": ""FBH"", ""shop"": ""hairdresser""}"
ixelles,osm:node/10864369206,Le Renard Bleu,restaurant,amenity=restaurant,,,50.8370255,4.3473829,,,LeRenardBleu,SOCIAL_ONLY,2026-08-19T11:30:10.603970+00:00,clean,,,"{""amenity"": ""restaurant"", ""contact:facebook"": ""LeRenardBleu"", ""name"": ""Le Renard Bleu""}"
ixelles,osm:node/10870493384,Au Rendez-vous,cafe,amenity=cafe,,,50.8307235,4.3941623,,,,NO_WEBSITE,2026-08-19T11:30:10.603970+00:00,clean,,,"{""amenity"": ""cafe"", ""name"": ""Au Rendez-vous""}"
ixelles,osm:node/10873855448,Victory Bar,bars-pubs,amenity=pub,,,50.8136117,4.3439957,,https://victorybar.be/,,WEBSITE_PRESENT,2026-08-19T11:30:10.603970+00:00,clean,,,"{""amenity"": ""pub"", ""contact:website"": ""https://victorybar.be/"", ""leisure"": ""sports_centre"", ""name"": ""Victory Bar""}"
ixelles,osm:node/10903524224,London Brasserie,restaurant,amenity=restaurant,,,50.8395202,4.3731355,,https://londonbrasserie.be/,,WEBSITE_PRESENT,2026-08-19T11:30:10.603970+00:00,clean,,,"{""amenity"": ""restaurant"", ""contact:website"": ""https://londonbrasserie.be/"", ""name"": ""London Brasserie""}"
ixelles,osm:node/10904602922,Snack La Cambre,fast-food,amenity=fast_food,,,50.8012609,4.3735684,,,,NO_WEBSITE,2026-08-19T11:30:10.603970+00:00,clean,,,"{""amenity"": ""fast_food"", ""name"": ""Snack La Cambre""}"
ixelles,osm:node/10908419020,PtitBeur,restaurant,amenity=restaurant,,,50.8258985,4.3436062,+32 2 850 59 88,,https://www.facebook.com/Leptitbeur/,SOCIAL_ONLY,2026-08-19T11:30:10.603970+00:00,clean,,,"{""amenity"": ""restaurant"", ""contact:facebook"": ""https://www.facebook.com/Leptitbeur/"", ""contact:phone"": ""+32 2 850 59 88"", ""name"": ""PtitBeur""}"
ixelles,osm:node/10910747465,Choco Bis,supermarkets,shop=supermarket,,,50.8281016,4.344526,,https://chocobis-supermarket.business.site/,,WEBSITE_PRESENT,2026-08-19T11:30:10.603970+00:00,clean,,,"{""contact:website"": ""https://chocobis-supermarket.business.site/"", ""name"": ""Choco Bis"", ""shop"": ""supermarket""}"
ixelles,osm:node/10913977805,Tandoori Village,fast-food,amenity=fast_food,,,50.8231386,4.3540051,,,,NO_WEBSITE,2026-08-19T11:30:10.603970+00:00,clean,,,"{""amenity"": ""fast_food"", ""name"": ""Tandoori Village""}"
ixelles,osm:node/10914493605,Brugmann,restaurant,amenity=restaurant,,,50.8199826,4.3522321,,,,NO_WEBSITE,2026-08-19T11:30:10.603970+00:00,clean,,,"{""amenity"": ""restaurant"", ""name"": ""Brugmann""}"
ixelles,osm:node/10922054325,Jims,gym,leisure=fitness_centre,,,50.8227861,4.3679463,+32 2 420 40 06,https://www.jims.be/fr/clubs/jims-bxl-louise,,WEBSITE_PRESENT,2026-08-19T11:30:10.603970+00:00,existing_duplicate,"source id, name/address, phone, or website matched existing listing",,"{""contact:phone"": ""+32 2 420 40 06"", ""contact:website"": ""https://www.jims.be/fr/clubs/jims-bxl-louise"", ""leisure"": ""fitness_centre"", ""name"": ""Jims""}"
ixelles,osm:node/10922478626,Le Réservoir,bars-pubs,amenity=bar,,,50.8374397,4.3491915,,https://www.lereservoir.be/,,WEBSITE_PRESENT,2026-08-19T11:30:10.603970+00:00,clean,,,"{""amenity"": ""bar"", ""contact:website"": ""https://www.lereservoir.be/"", ""name"": ""Le Réservoir""}"
ixelles,osm:node/10931921413,Kaiju,restaurant,amenity=restaurant,,,50.8271069,4.3552735,+32 2 537 10 05,,,NO_WEBSITE,2026-08-19T11:30:10.603970+00:00,clean,,,"{""amenity"": ""restaurant"", ""contact:phone"": ""+32 2 537 10 05"", ""name"": ""Kaiju""}"
ixelles,osm:node/10941661770,Barat,pastry-shops,shop=bakery,,,50.8231702,4.3675627,,,,NO_WEBSITE,2026-08-19T11:30:10.603970+00:00,clean,,,"{""name"": ""Barat"", ""shop"": ""bakery""}"
ixelles,osm:node/10951451339,Paul,pastry-shops,shop=bakery,,,50.8394141,4.3979921,,,,NO_WEBSITE,2026-08-19T11:30:10.603970+00:00,clean,,,"{""brand"": ""Paul"", ""name"": ""Paul"", ""shop"": ""bakery""}"
ixelles,osm:node/10959330742,Thermes de l’Espadon,,amenity=public_bath,,,50.8301769,4.3932011,,https://etterbeeksport.be/les-thermes-de-lespadon/?lang=nl,,WEBSITE_PRESENT,2026-08-19T11:30:10.603970+00:00,clean,,no confident canonical category mapping,"{""amenity"": ""public_bath"", ""name"": ""Thermes de l’Espadon"", ""website"": ""https://etterbeeksport.be/les-thermes-de-lespadon/?lang=nl""}"
ixelles,osm:node/10970352948,Au Laboureur,restaurant,amenity=restaurant,,,50.8394895,4.3400708,,https://www.aulaboureur.com/,,WEBSITE_PRESENT,2026-08-19T11:30:10.603970+00:00,clean,,,"{""amenity"": ""restaurant"", ""contact:website"": ""https://www.aulaboureur.com/"", ""name"": ""Au Laboureur""}"
ixelles,osm:node/11012648583,Alimentation,pastry-shops,shop=bakery,,,50.8233505,4.3427683,,https://alimentationbxl.be/,,WEBSITE_PRESENT,2026-08-19T11:30:10.603970+00:00,clean,,,"{""contact:website"": ""https://alimentationbxl.be/"", ""name"": ""Alimentation"", ""shop"": ""bakery""}"
ixelles,osm:node/11019548016,Maguie,bars-pubs,amenity=bar,,,50.8303413,4.3479704,,,,NO_WEBSITE,2026-08-19T11:30:10.603970+00:00,clean,,,"{""amenity"": ""bar"", ""name"": ""Maguie""}"
ixelles,osm:node/11035866115,My Tannour,restaurant,amenity=restaurant,,,50.8383266,4.3978146,,https://mytannour.com/,,WEBSITE_PRESENT,2026-08-19T11:30:10.603970+00:00,clean,,,"{""amenity"": ""restaurant"", ""contact:website"": ""https://mytannour.com/"", ""name"": ""My Tannour""}"
ixelles,osm:node/11040120892,Bombay BBQ,restaurant,amenity=restaurant,,,50.8292702,4.370367,,https://missionmasala.be/,,WEBSITE_PRESENT,2026-08-19T11:30:10.603970+00:00,existing_duplicate,"source id, name/address, phone, or website matched existing listing",,"{""amenity"": ""restaurant"", ""contact:website"": ""https://missionmasala.be/"", ""name"": ""Bombay BBQ""}"
ixelles,osm:node/11055574748,Yaas,,shop=carpet,,,50.8242382,4.3561962,,https://yaas.be/,,WEBSITE_PRESENT,2026-08-19T11:30:10.603970+00:00,clean,,no confident canonical category mapping,"{""contact:website"": ""https://yaas.be/"", ""name"": ""Yaas"", ""shop"": ""carpet""}"
ixelles,osm:node/11057628767,Charly,beauty-salon,shop=hairdresser,,,50.8162995,4.3896094,,,,NO_WEBSITE,2026-08-19T11:30:10.603970+00:00,clean,,,"{""name"": ""Charly"", ""shop"": ""hairdresser""}"
ixelles,osm:node/11057729725,Soomaq,fast-food,amenity=fast_food,,,50.8161031,4.3906136,,,,NO_WEBSITE,2026-08-19T11:30:10.603970+00:00,clean,,,"{""amenity"": ""fast_food"", ""name"": ""Soomaq""}"
ixelles,osm:node/11058158638,Harmon House,hotel,tourism=hotel,,,50.8306909,4.3564192,,https://www.harmon.house/,,WEBSITE_PRESENT,2026-08-19T11:30:10.603970+00:00,clean,,,"{""contact:website"": ""https://www.harmon.house/"", ""name"": ""Harmon House"", ""tourism"": ""hotel""}"
ixelles,osm:node/11078075453,La Buvette,restaurant,amenity=restaurant,,,50.8233637,4.3430882,,https://la-buvette.be,,WEBSITE_PRESENT,2026-08-19T11:30:10.603970+00:00,clean,,,"{""amenity"": ""restaurant"", ""contact:website"": ""https://la-buvette.be"", ""name"": ""La Buvette""}"
ixelles,osm:node/11081106361,Grande Piazza,restaurant,amenity=restaurant,,,50.8159469,4.3900203,+32 2 777 70 85,https://www.grandepiazza.com/,grande_piazza,WEBSITE_PRESENT,2026-08-19T11:30:10.603970+00:00,clean,,,"{""amenity"": ""restaurant"", ""contact:instagram"": ""grande_piazza"", ""contact:phone"": ""+32 2 777 70 85"", ""contact:website"": ""https://www.grandepiazza.com/"", ""name"": ""Grande Piazza""}"
ixelles,osm:node/11085412923,Arsène & Les Pipelettes,clothing-store,shop=clothes,,,50.8246045,4.3584863,,,,NO_WEBSITE,2026-08-19T11:30:10.603970+00:00,clean,,,"{""name"": ""Arsène & Les Pipelettes"", ""shop"": ""clothes""}"
ixelles,osm:node/11087117716,Oh'Crepos,fast-food,amenity=fast_food,,,50.8357929,4.3450579,,,,NO_WEBSITE,2026-08-19T11:30:10.603970+00:00,clean,,,"{""amenity"": ""fast_food"", ""name"": ""Oh'Crepos""}"
ixelles,osm:node/11096953816,Versé,pharmacy,amenity=pharmacy,,,50.8390226,4.3637136,,,,NO_WEBSITE,2026-08-19T11:30:10.603970+00:00,clean,,,"{""amenity"": ""pharmacy"", ""healthcare"": ""pharmacy"", ""name"": ""Versé""}"
ixelles,osm:node/11108197389,Espace sushi,restaurant,amenity=restaurant,,,50.8363583,4.3801602,+32 2 644 25 52,,,NO_WEBSITE,2026-08-19T11:30:10.603970+00:00,clean,,,"{""amenity"": ""restaurant"", ""contact:phone"": ""+32 2 644 25 52"", ""name"": ""Espace sushi""}"
ixelles,osm:node/11136010305,Ô Banh Mi,restaurant,amenity=restaurant,,,50.8274651,4.3653865,,,,NO_WEBSITE,2026-08-19T11:30:10.603970+00:00,clean,,,"{""amenity"": ""restaurant"", ""name"": ""Ô Banh Mi""}"
ixelles,osm:node/11148754605,Shi Shang,restaurant,amenity=restaurant,,,50.8228753,4.3426261,,,,NO_WEBSITE,2026-08-19T11:30:10.603970+00:00,clean,,,"{""amenity"": ""restaurant"", ""name"": ""Shi Shang""}"
ixelles,osm:node/11162397111,Cabinet Dentaire Louise,dentist,amenity=dentist,,,50.8200774,4.3701105,+32 2 649 62 72,https://dental-louise.be/,,WEBSITE_PRESENT,2026-08-19T11:30:10.603970+00:00,clean,,,"{""amenity"": ""dentist"", ""contact:phone"": ""+32 2 649 62 72"", ""contact:website"": ""https://dental-louise.be/"", ""healthcare"": ""dentist"", ""name"": ""Cabinet Dentaire Louise"", ""operator"": ""Cabinet Dentaire Louise""}"
ixelles,osm:node/11183145613,Okaïdi,clothing-store,shop=clothes,,,50.8399312,4.4002776,+32 2 732 99 89,https://fr.okaidi.be/shop/okaidi-etterbeek,,WEBSITE_PRESENT,2026-08-19T11:30:10.603970+00:00,clean,,,"{""brand"": ""Okaïdi"", ""contact:phone"": ""+32 2 732 99 89"", ""contact:website"": ""https://fr.okaidi.be/shop/okaidi-etterbeek"", ""name"": ""Okaïdi"", ""shop"": ""clothes""}"
ixelles,osm:node/11183149923,Etam,clothing-store,shop=clothes,,,50.839973,4.4003471,+32 2 539 20 12,https://www.etam.be/fr_BE/nos-boutiques/villes/magasins?storeid=1321,,WEBSITE_PRESENT,2026-08-19T11:30:10.603970+00:00,clean,,,"{""brand"": ""Etam"", ""contact:phone"": ""+32 2 539 20 12"", ""contact:website"": ""https://www.etam.be/fr_BE/nos-boutiques/villes/magasins?storeid=1321"", ""name"": ""Etam"", ""shop"": ""clothes""}"
ixelles,osm:node/11183165082,Yves Rocher,beauty-salon,shop=beauty,,,50.8396529,4.3997849,,,,NO_WEBSITE,2026-08-19T11:30:10.603970+00:00,clean,,,"{""name"": ""Yves Rocher"", ""shop"": ""beauty""}"
ixelles,osm:node/11183169446,Intimissimi,clothing-store,shop=clothes,,,50.8397413,4.3999568,+32 2 735 30 35,https://www.intimissimi.com/fr/boutiques/bruxelles/etterbeek__brussels__rue_des_tongres_15_-_17/IQ59.html,,WEBSITE_PRESENT,2026-08-19T11:30:10.603970+00:00,clean,,,"{""brand"": ""Intimissimi"", ""contact:phone"": ""+32 2 735 30 35"", ""contact:website"": ""https://www.intimissimi.com/fr/boutiques/bruxelles/etterbeek__brussels__rue_des_tongres_15_-_17/IQ59.html"", ""name"": ""Intimissimi"", ""shop"": ""clothes""}"
ixelles,osm:node/11183171570,Olivier Dachkin,beauty-salon,shop=hairdresser,,,50.839676,4.3998238,,,,NO_WEBSITE,2026-08-19T11:30:10.603970+00:00,clean,,,"{""name"": ""Olivier Dachkin"", ""shop"": ""hairdresser""}"
ixelles,osm:node/11186526660,Monopoli,restaurant,amenity=restaurant,,,50.8274145,4.3445613,,,@monopoli.brussels,SOCIAL_ONLY,2026-08-19T11:30:10.603970+00:00,clean,,,"{""amenity"": ""restaurant"", ""contact:instagram"": ""@monopoli.brussels"", ""name"": ""Monopoli""}"
ixelles,osm:node/11187637404,IMP Belgium,real-estate-agencies,office=estate_agent,,,50.8399095,4.4006713,,,,NO_WEBSITE,2026-08-19T11:30:10.603970+00:00,clean,,,"{""name"": ""IMP Belgium"", ""office"": ""estate_agent""}"
ixelles,osm:node/11187637415,Nini Nails,beauty-salon,shop=beauty,,,50.8394603,4.4009896,,,,NO_WEBSITE,2026-08-19T11:30:10.603970+00:00,clean,,,"{""name"": ""Nini Nails"", ""shop"": ""beauty""}"
ixelles,osm:node/11187638568,Sandwicherie Mérode Halal,fast-food,amenity=fast_food,,,50.8399591,4.4005889,,,,NO_WEBSITE,2026-08-19T11:30:10.603970+00:00,clean,,,"{""amenity"": ""fast_food"", ""name"": ""Sandwicherie Mérode Halal""}"
ixelles,osm:node/11187674486,ÖYMÖKÖÖN,jewelry-stores,shop=jewelry,,,50.8395183,4.4010361,,,,NO_WEBSITE,2026-08-19T11:30:10.603970+00:00,clean,,,"{""name"": ""ÖYMÖKÖÖN"", ""shop"": ""jewelry""}"
ixelles,osm:node/11187676539,Let It Hair,beauty-salon,shop=hairdresser,,,50.8395918,4.4010767,,,,NO_WEBSITE,2026-08-19T11:30:10.603970+00:00,clean,,,"{""name"": ""Let It Hair"", ""shop"": ""hairdresser""}"
ixelles,osm:node/11190273505,Chez Dédé,fast-food,amenity=fast_food,,,50.8209324,4.3417553,,,,NO_WEBSITE,2026-08-19T11:30:10.603970+00:00,clean,,,"{""amenity"": ""fast_food"", ""name"": ""Chez Dédé""}"
ixelles,osm:node/11190604465,Full Moon Studio pole dance,gym,leisure=fitness_centre,,,50.8377212,4.3969312,,,,NO_WEBSITE,2026-08-19T11:30:10.603970+00:00,clean,,,"{""leisure"": ""fitness_centre"", ""name"": ""Full Moon Studio pole dance""}"
ixelles,osm:node/11190607778,Il Valori,fast-food,amenity=fast_food,,,50.8367767,4.3958906,,,,NO_WEBSITE,2026-08-19T11:30:10.603970+00:00,clean,,,"{""amenity"": ""fast_food"", ""name"": ""Il Valori""}"
ixelles,osm:node/11190610563,China Express,restaurant,amenity=restaurant,,,50.8367897,4.3956702,,,,NO_WEBSITE,2026-08-19T11:30:10.603970+00:00,clean,,,"{""amenity"": ""restaurant"", ""name"": ""China Express""}"
ixelles,osm:node/11190621936,Noriko Matsushita,beauty-salon,shop=hairdresser,,,50.8379904,4.3974184,,,,NO_WEBSITE,2026-08-19T11:30:10.603970+00:00,clean,,,"{""name"": ""Noriko Matsushita"", ""shop"": ""hairdresser""}"
ixelles,osm:node/11197529598,Brussels Barbell,gym,leisure=fitness_centre,,,50.8375893,4.370199,,https://brusselsbarbell.com/,brusselsbarbell,WEBSITE_PRESENT,2026-08-19T11:30:10.603970+00:00,clean,,,"{""brand"": ""Starting Strength"", ""contact:facebook"": ""brusselsbarbell"", ""contact:instagram"": ""brusselsbarbell"", ""contact:website"": ""https://brusselsbarbell.com/"", ""leisure"": ""fitness_centre"", ""name"": ""Brussels Barbell""}"
ixelles,osm:node/11199649780,L'arbre à pain,fast-food,amenity=fast_food,,,50.8202194,4.4087842,,,,NO_WEBSITE,2026-08-19T11:30:10.603970+00:00,clean,,,"{""amenity"": ""fast_food"", ""name"": ""L'arbre à pain""}"
ixelles,osm:node/11199650500,EDYTA,beauty-salon,shop=hairdresser,,,50.8202516,4.4088272,,,,NO_WEBSITE,2026-08-19T11:30:10.603970+00:00,clean,,,"{""name"": ""EDYTA"", ""shop"": ""hairdresser""}"
ixelles,osm:node/11200735749,Konchu,restaurant,amenity=restaurant,,,50.8362882,4.3645205,,https://www.konchu.eu/,,WEBSITE_PRESENT,2026-08-19T11:30:10.603970+00:00,clean,,,"{""amenity"": ""restaurant"", ""contact:website"": ""https://www.konchu.eu/"", ""name"": ""Konchu""}"
ixelles,osm:node/11202252535,Carosserie Hankar,,shop=car_repair,,,50.8214342,4.4080565,,,,NO_WEBSITE,2026-08-19T11:30:10.603970+00:00,clean,,no confident canonical category mapping,"{""name"": ""Carosserie Hankar"", ""shop"": ""car_repair""}"
ixelles,osm:node/11202254856,Mia Pizza,fast-food,amenity=fast_food,,,50.8215707,4.4059251,,,,NO_WEBSITE,2026-08-19T11:30:10.603970+00:00,clean,,,"{""amenity"": ""fast_food"", ""name"": ""Mia Pizza""}"
ixelles,osm:node/11202938582,Aka Motor,,shop=car_repair,,,50.8205573,4.4076863,,,,NO_WEBSITE,2026-08-19T11:30:10.603970+00:00,clean,,no confident canonical category mapping,"{""name"": ""Aka Motor"", ""shop"": ""car_repair""}"
ixelles,osm:node/11204850753,The First,bars-pubs,amenity=pub,,,50.8367111,4.3811233,,,,NO_WEBSITE,2026-08-19T11:30:10.603970+00:00,clean,,,"{""amenity"": ""pub"", ""name"": ""The First""}"
ixelles,osm:node/11210922246,Pénar,bars-pubs,amenity=bar,,,50.8170879,4.3534597,,,,NO_WEBSITE,2026-08-19T11:30:10.603970+00:00,clean,,,"{""amenity"": ""bar"", ""name"": ""Pénar""}"
ixelles,osm:node/11212683044,Imagin'hair,beauty-salon,shop=hairdresser,,,50.8169535,4.4146134,,,,NO_WEBSITE,2026-08-19T11:30:10.603970+00:00,clean,,,"{""name"": ""Imagin'hair"", ""shop"": ""hairdresser""}"
ixelles,osm:node/11212692393,Lillon Coiffure,beauty-salon,shop=hairdresser,,,50.8161638,4.4156413,+32 2 673 75 41,,,NO_WEBSITE,2026-08-19T11:30:10.603970+00:00,clean,,,"{""contact:phone"": ""+32 2 673 75 41"", ""name"": ""Lillon Coiffure"", ""shop"": ""hairdresser""}"
ixelles,osm:node/11215905885,Boulangerie Louise,pastry-shops,shop=bakery,,,50.8338256,4.4015213,+32 2 355 19 34,https://www.boulangerielouise.be,,WEBSITE_PRESENT,2026-08-19T11:30:10.603970+00:00,clean,,,"{""contact:phone"": ""+32 2 355 19 34"", ""contact:website"": ""https://www.boulangerielouise.be"", ""name"": ""Boulangerie Louise"", ""operator"": ""Boulangerie Louise"", ""shop"": ""bakery""}"
ixelles,osm:node/11217976005,Frange,beauty-salon,shop=hairdresser,,,50.8270867,4.3635501,,,,NO_WEBSITE,2026-08-19T11:30:10.603970+00:00,clean,,,"{""name"": ""Frange"", ""shop"": ""hairdresser""}"
ixelles,osm:node/11219488722,Agence Immobilière Schmidt,real-estate-agencies,office=estate_agent,,,50.8307507,4.3992016,,,,NO_WEBSITE,2026-08-19T11:30:10.603970+00:00,clean,,,"{""name"": ""Agence Immobilière Schmidt"", ""office"": ""estate_agent""}"
ixelles,osm:node/11219488723,Dai Bimbi,restaurant,amenity=restaurant,,,50.8313005,4.3997977,,https://daibimbi.be,,WEBSITE_PRESENT,2026-08-19T11:30:10.603970+00:00,clean,,,"{""amenity"": ""restaurant"", ""name"": ""Dai Bimbi"", ""website"": ""https://daibimbi.be""}"
ixelles,osm:node/11219540400,Snack Thieffry,fast-food,amenity=fast_food,,,50.8308076,4.3998291,,,,NO_WEBSITE,2026-08-19T11:30:10.603970+00:00,clean,,,"{""amenity"": ""fast_food"", ""name"": ""Snack Thieffry""}"
ixelles,osm:node/11219571729,Freya,beauty-salon,shop=hairdresser,,,50.8304971,4.4007542,,,,NO_WEBSITE,2026-08-19T11:30:10.603970+00:00,clean,,,"{""name"": ""Freya"", ""shop"": ""hairdresser""}"
ixelles,osm:node/11219571732,Fasika,restaurant,amenity=restaurant,,,50.8311778,4.4003895,,,https://www.facebook.com/profile.php?id=61564326254701,SOCIAL_ONLY,2026-08-19T11:30:10.603970+00:00,clean,,,"{""amenity"": ""restaurant"", ""contact:facebook"": ""https://www.facebook.com/profile.php?id=61564326254701"", ""name"": ""Fasika""}"
ixelles,osm:node/11219572036,Hong Kong Express,restaurant,amenity=restaurant,,,50.8303339,4.4008803,,,,NO_WEBSITE,2026-08-19T11:30:10.603970+00:00,clean,,,"{""amenity"": ""restaurant"", ""name"": ""Hong Kong Express""}"
ixelles,osm:node/11222477538,Institut Valentine,beauty-salon,shop=beauty,,,50.8322371,4.4013537,,,,NO_WEBSITE,2026-08-19T11:30:10.603970+00:00,clean,,,"{""name"": ""Institut Valentine"", ""shop"": ""beauty""}"
ixelles,osm:node/11223495137,Tokidoki,restaurant,amenity=restaurant,,,50.8229733,4.3429237,,,,NO_WEBSITE,2026-08-19T11:30:10.603970+00:00,clean,,,"{""amenity"": ""restaurant"", ""name"": ""Tokidoki""}"
ixelles,osm:node/11225720443,Pane Amore & Fantasia,restaurant,amenity=restaurant,,,50.8384764,4.4126551,+32 2 763 46 56,,,NO_WEBSITE,2026-08-19T11:30:10.603970+00:00,clean,,,"{""amenity"": ""restaurant"", ""contact:phone"": ""+32 2 763 46 56"", ""name"": ""Pane Amore & Fantasia""}"
ixelles,osm:node/11227599017,Le 206 Louise,beauty-salon,shop=hairdresser,,,50.8270103,4.3646615,,,,NO_WEBSITE,2026-08-19T11:30:10.603970+00:00,clean,,,"{""name"": ""Le 206 Louise"", ""shop"": ""hairdresser""}"
ixelles,osm:node/11233606934,Twenty-Six,fast-food,amenity=fast_food,,,50.8185765,4.3793161,,,,NO_WEBSITE,2026-08-19T11:30:10.603970+00:00,clean,,,"{""amenity"": ""fast_food"", ""name"": ""Twenty-Six""}"
ixelles,osm:node/11234770039,Pause and Play,cafe,amenity=cafe,,,50.8246503,4.3656345,,https://www.pauseandplay.be/infos,,WEBSITE_PRESENT,2026-08-19T11:30:10.603970+00:00,clean,,,"{""amenity"": ""cafe"", ""contact:website"": ""https://www.pauseandplay.be/infos"", ""name"": ""Pause and Play""}"
ixelles,osm:node/11236949471,Ancho,restaurant,amenity=restaurant,,,50.8345615,4.3553484,,,,NO_WEBSITE,2026-08-19T11:30:10.603970+00:00,clean,,,"{""amenity"": ""restaurant"", ""name"": ""Ancho""}"
ixelles,osm:node/11236968634,Rizes,restaurant,amenity=restaurant,,,50.8344998,4.3552016,,,,NO_WEBSITE,2026-08-19T11:30:10.603970+00:00,clean,,,"{""amenity"": ""restaurant"", ""name"": ""Rizes""}"
ixelles,osm:node/11236977240,Machina,restaurant,amenity=restaurant,,,50.8343808,4.3549184,,,,NO_WEBSITE,2026-08-19T11:30:10.603970+00:00,clean,,,"{""amenity"": ""restaurant"", ""name"": ""Machina""}"
ixelles,osm:node/11238651764,Le Délire Parisien,restaurant,amenity=restaurant,,,50.8345335,4.3552817,+32 2 537 06 94,https://www.delireparisien.com,,WEBSITE_PRESENT,2026-08-19T11:30:10.603970+00:00,clean,,,"{""amenity"": ""restaurant"", ""contact:phone"": ""+32 2 537 06 94"", ""contact:website"": ""https://www.delireparisien.com"", ""name"": ""Le Délire Parisien""}"
ixelles,osm:node/11238652848,Al Piccolo Mondo,restaurant,amenity=restaurant,,,50.8345487,4.3548634,+32 2 538 87 94,,,NO_WEBSITE,2026-08-19T11:30:10.603970+00:00,clean,,,"{""amenity"": ""restaurant"", ""contact:phone"": ""+32 2 538 87 94"", ""name"": ""Al Piccolo Mondo""}"
ixelles,osm:node/11238653512,Woodpecker,restaurant,amenity=restaurant,,,50.8344661,4.3551215,,,,NO_WEBSITE,2026-08-19T11:30:10.603970+00:00,clean,,,"{""amenity"": ""restaurant"", ""name"": ""Woodpecker""}"
ixelles,osm:node/11244653188,So Lunch,restaurant,amenity=restaurant,,,50.8375363,4.3719467,,,,NO_WEBSITE,2026-08-19T11:30:10.603970+00:00,clean,,,"{""amenity"": ""restaurant"", ""name"": ""So Lunch""}"
ixelles,osm:node/11267678319,Amadent,dentist,amenity=dentist,,,50.8360667,4.3792007,+32 2 280 03 65,https://dentiste-bruxelles-etterbeek.com/,,WEBSITE_PRESENT,2026-08-19T11:30:10.603970+00:00,clean,,,"{""amenity"": ""dentist"", ""contact:phone"": ""+32 2 280 03 65"", ""contact:website"": ""https://dentiste-bruxelles-etterbeek.com/"", ""healthcare"": ""dentist"", ""name"": ""Amadent""}"
ixelles,osm:node/11271793922,Olivier Dachkin,beauty-salon,shop=hairdresser,,,50.8154059,4.3887829,,,,NO_WEBSITE,2026-08-19T11:30:10.603970+00:00,clean,,,"{""name"": ""Olivier Dachkin"", ""shop"": ""hairdresser""}"
ixelles,osm:node/11273709447,Hinodeya,restaurant,amenity=restaurant,,,50.8378886,4.3686954,+32 2 502 52 05,https://hinodeya.jimdofree.com/,,WEBSITE_PRESENT,2026-08-19T11:30:10.603970+00:00,clean,,,"{""amenity"": ""restaurant"", ""contact:phone"": ""+32 2 502 52 05"", ""contact:website"": ""https://hinodeya.jimdofree.com/"", ""name"": ""Hinodeya""}"
ixelles,osm:node/11279419247,Dexin,real-estate-agencies,office=estate_agent,,,50.8205631,4.3709042,+32 2 340 02 40,https://www.dexin.be/,,WEBSITE_PRESENT,2026-08-19T11:30:10.603970+00:00,clean,,,"{""contact:phone"": ""+32 2 340 02 40"", ""contact:website"": ""https://www.dexin.be/"", ""name"": ""Dexin"", ""office"": ""estate_agent""}"
ixelles,osm:node/11283319369,Thérèse et Dominique,fast-food,amenity=fast_food,,,50.834155,4.3548662,,https://theresedominique.be/,,WEBSITE_PRESENT,2026-08-19T11:30:10.603970+00:00,clean,,,"{""amenity"": ""fast_food"", ""contact:website"": ""https://theresedominique.be/"", ""name"": ""Thérèse et Dominique""}"
ixelles,osm:node/11289071113,Sandwicherie Picasso,fast-food,amenity=fast_food,,,50.8306192,4.4002889,,,,NO_WEBSITE,2026-08-19T11:30:10.603970+00:00,clean,,,"{""amenity"": ""fast_food"", ""name"": ""Sandwicherie Picasso""}"
ixelles,osm:node/11289111061,The Elite Barbershop,beauty-salon,shop=hairdresser,,,50.8308401,4.4001552,,,,NO_WEBSITE,2026-08-19T11:30:10.603970+00:00,clean,,,"{""name"": ""The Elite Barbershop"", ""shop"": ""hairdresser""}"
ixelles,osm:node/11289166756,Deman,car-dealers,shop=car,,,50.8224785,4.403014,,,,NO_WEBSITE,2026-08-19T11:30:10.603970+00:00,clean,,,"{""name"": ""Deman"", ""shop"": ""car""}"
ixelles,osm:node/11289242708,Hankar,beauty-salon,shop=hairdresser,,,50.822131,4.4041087,,,,NO_WEBSITE,2026-08-19T11:30:10.603970+00:00,clean,,,"{""name"": ""Hankar"", ""shop"": ""hairdresser""}"
ixelles,osm:node/11289269467,SuperCar,car-dealers,shop=car,,,50.8213221,4.4067854,,,,NO_WEBSITE,2026-08-19T11:30:10.603970+00:00,clean,,,"{""name"": ""SuperCar"", ""shop"": ""car""}"
ixelles,osm:node/11289272523,Almi Corner,restaurant,amenity=restaurant,,,50.822247,4.4037917,,,,NO_WEBSITE,2026-08-19T11:30:10.603970+00:00,clean,,,"{""amenity"": ""restaurant"", ""name"": ""Almi Corner""}"
ixelles,osm:node/11289287422,Mini Market,supermarkets,shop=supermarket,,,50.8213625,4.407409,,,,NO_WEBSITE,2026-08-19T11:30:10.603970+00:00,clean,,,"{""name"": ""Mini Market"", ""shop"": ""supermarket""}"
ixelles,osm:node/11289314272,Mia homemade burger,fast-food,amenity=fast_food,,,50.8207504,4.4095059,,,,NO_WEBSITE,2026-08-19T11:30:10.603970+00:00,clean,,,"{""amenity"": ""fast_food"", ""name"": ""Mia homemade burger""}"
ixelles,osm:node/11289319731,Car Star,car-dealers,shop=car,,,50.8187118,4.4166735,,,,NO_WEBSITE,2026-08-19T11:30:10.603970+00:00,clean,,,"{""name"": ""Car Star"", ""shop"": ""car""}"
ixelles,osm:node/11289323511,Owelld,beauty-salon,shop=hairdresser,,,50.8204897,4.4090051,,,,NO_WEBSITE,2026-08-19T11:30:10.603970+00:00,clean,,,"{""name"": ""Owelld"", ""shop"": ""hairdresser""}"
ixelles,osm:node/11289323518,Tim Sivixay,beauty-salon,shop=hairdresser,,,50.8206991,4.4096786,,,,NO_WEBSITE,2026-08-19T11:30:10.603970+00:00,clean,,,"{""name"": ""Tim Sivixay"", ""shop"": ""hairdresser""}"
ixelles,osm:node/11289325416,Servicars,car-dealers,shop=car,,,50.8186797,4.4159302,,,,NO_WEBSITE,2026-08-19T11:30:10.603970+00:00,clean,,,"{""name"": ""Servicars"", ""shop"": ""car""}"
ixelles,osm:node/11289330979,Cool Cuts,beauty-salon,shop=hairdresser,,,50.8180309,4.4181276,,,,NO_WEBSITE,2026-08-19T11:30:10.603970+00:00,clean,,,"{""name"": ""Cool Cuts"", ""shop"": ""hairdresser""}"
ixelles,osm:node/11289331014,Chappel,beauty-salon,shop=hairdresser,,,50.818049,4.419023,+32 2 672 40 86,,,NO_WEBSITE,2026-08-19T11:30:10.603970+00:00,clean,,,"{""contact:phone"": ""+32 2 672 40 86"", ""name"": ""Chappel"", ""shop"": ""hairdresser""}"
ixelles,osm:node/11289331679,Beauty Hair & Barb,beauty-salon,shop=hairdresser,,,50.8201076,4.4117518,,,,NO_WEBSITE,2026-08-19T11:30:10.603970+00:00,clean,,,"{""name"": ""Beauty Hair & Barb"", ""shop"": ""hairdresser""}"
ixelles,osm:node/11289334048,Twin Team,real-estate-agencies,office=estate_agent,,,50.818503,4.4165124,,,,NO_WEBSITE,2026-08-19T11:30:10.603970+00:00,clean,,,"{""name"": ""Twin Team"", ""office"": ""estate_agent""}"
ixelles,osm:node/11289335413,Gourmandises,fast-food,amenity=fast_food,,,50.8179919,4.4191802,+32 2 675 08 57,,,NO_WEBSITE,2026-08-19T11:30:10.603970+00:00,clean,,,"{""amenity"": ""fast_food"", ""contact:phone"": ""+32 2 675 08 57"", ""name"": ""Gourmandises""}"
ixelles,osm:node/11289340984,Zéphir,beauty-salon,shop=beauty,,,50.8188813,4.4160361,,,,NO_WEBSITE,2026-08-19T11:30:10.603970+00:00,clean,,,"{""name"": ""Zéphir"", ""shop"": ""beauty""}"
ixelles,osm:node/11289343532,Guy Vanhemelen,veterinary,amenity=veterinary,,,50.8181362,4.4177758,,,,NO_WEBSITE,2026-08-19T11:30:10.603970+00:00,clean,,,"{""amenity"": ""veterinary"", ""name"": ""Guy Vanhemelen""}"
ixelles,osm:node/11289347371,Basic-Fit,gym,leisure=fitness_centre,,,50.8179209,4.4168148,,https://www.basic-fit.com/nl-be/clubs/basic-fit-brussels-auderghem-chaussee-de-wavre-24-7-8763b5c278694e609c71f3ec4c0941b9.html,,WEBSITE_PRESENT,2026-08-19T11:30:10.603970+00:00,existing_duplicate,"source id, name/address, phone, or website matched existing listing",,"{""brand"": ""Basic-Fit"", ""leisure"": ""fitness_centre"", ""name"": ""Basic-Fit"", ""website"": ""https://www.basic-fit.com/nl-be/clubs/basic-fit-brussels-auderghem-chaussee-de-wavre-24-7-8763b5c278694e609c71f3ec4c0941b9.html""}"
ixelles,osm:node/11289360295,Auto Parts International,,shop=car_parts,,,50.8178249,4.4188249,,,,NO_WEBSITE,2026-08-19T11:30:10.603970+00:00,clean,,no confident canonical category mapping,"{""name"": ""Auto Parts International"", ""shop"": ""car_parts""}"
ixelles,osm:node/11289364019,GNT Beauty,beauty-salon,shop=hairdresser,,,50.8177364,4.4192179,,,,NO_WEBSITE,2026-08-19T11:30:10.603970+00:00,clean,,,"{""name"": ""GNT Beauty"", ""shop"": ""hairdresser""}"
ixelles,osm:node/11289364470,Euro Repar,,shop=car_repair,,,50.8177838,4.4190385,,,,NO_WEBSITE,2026-08-19T11:30:10.603970+00:00,clean,,no confident canonical category mapping,"{""name"": ""Euro Repar"", ""shop"": ""car_repair""}"
ixelles,osm:node/11298155729,Nonbe Daigaku,restaurant,amenity=restaurant,,,50.8172877,4.380657,+32 2 649 21 49,https://nonbedaigaku.be,,WEBSITE_PRESENT,2026-08-19T11:30:10.603970+00:00,clean,,,"{""amenity"": ""restaurant"", ""contact:phone"": ""+32 2 649 21 49"", ""contact:website"": ""https://nonbedaigaku.be"", ""name"": ""Nonbe Daigaku""}"
ixelles,osm:node/11298203496,Punjab,restaurant,amenity=restaurant,,,50.8175761,4.380216,,,,NO_WEBSITE,2026-08-19T11:30:10.603970+00:00,clean,,,"{""amenity"": ""restaurant"", ""name"": ""Punjab""}"
ixelles,osm:node/11298203500,Café Gumo,cafe,amenity=cafe,,,50.817836,4.3798279,,,,NO_WEBSITE,2026-08-19T11:30:10.603970+00:00,clean,,,"{""amenity"": ""cafe"", ""name"": ""Café Gumo""}"
ixelles,osm:node/11298203502,Pho 799,restaurant,amenity=restaurant,,,50.8177331,4.3804999,,,,NO_WEBSITE,2026-08-19T11:30:10.603970+00:00,clean,,,"{""amenity"": ""restaurant"", ""name"": ""Pho 799""}"
ixelles,osm:node/11298203505,bread & tea,pastry-shops,shop=bakery,,,50.818162,4.3798092,,,,NO_WEBSITE,2026-08-19T11:30:10.603970+00:00,clean,,,"{""name"": ""bread & tea"", ""shop"": ""bakery""}"
ixelles,osm:node/11327676595,Traiteur chinois,restaurant,amenity=restaurant,,,50.8089619,4.4029888,,,,NO_WEBSITE,2026-08-19T11:30:10.603970+00:00,clean,,,"{""amenity"": ""restaurant"", ""name"": ""Traiteur chinois""}"
ixelles,osm:node/11327682056,L'Esprit de Famille,beauty-salon,shop=hairdresser,,,50.8086517,4.4036219,+32 2 678 15 71,,,NO_WEBSITE,2026-08-19T11:30:10.603970+00:00,clean,,,"{""contact:phone"": ""+32 2 678 15 71"", ""name"": ""L'Esprit de Famille"", ""shop"": ""hairdresser""}"
ixelles,osm:node/11327688835,Phoenix Institut de Beauté,beauty-salon,shop=beauty,,,50.8086136,4.4036471,+32 474 88 08 31,https://www.institut-phoenix.be/,,WEBSITE_PRESENT,2026-08-19T11:30:10.603970+00:00,clean,,,"{""contact:phone"": ""+32 474 88 08 31"", ""contact:website"": ""https://www.institut-phoenix.be/"", ""name"": ""Phoenix Institut de Beauté"", ""shop"": ""beauty""}"
ixelles,osm:node/11330660000,Panos,fast-food,amenity=fast_food,,,50.8376704,4.3737357,,,,NO_WEBSITE,2026-08-19T11:30:10.603970+00:00,clean,,,"{""amenity"": ""fast_food"", ""brand"": ""Panos"", ""name"": ""Panos""}"
ixelles,osm:node/11332947240,Le Passe Composé,electronics-stores,shop=electronics,,,50.8348659,4.3436563,,,,NO_WEBSITE,2026-08-19T11:30:10.603970+00:00,clean,,,"{""name"": ""Le Passe Composé"", ""shop"": ""electronics""}"
ixelles,osm:node/11340491686,L'Espérance – Chez Bernard,bars-pubs,amenity=pub,,,50.8369249,4.3810367,,,,NO_WEBSITE,2026-08-19T11:30:10.603970+00:00,clean,,,"{""amenity"": ""pub"", ""name"": ""L'Espérance – Chez Bernard""}"
ixelles,osm:node/11346698583,Le Longue Vie,restaurant,amenity=restaurant,,,50.835603,4.3664314,,https://lelonguevie.be/,,WEBSITE_PRESENT,2026-08-19T11:30:10.603970+00:00,clean,,,"{""amenity"": ""restaurant"", ""contact:website"": ""https://lelonguevie.be/"", ""name"": ""Le Longue Vie""}"
ixelles,osm:node/11352125706,Bella Pizza Al Taglio,restaurant,amenity=restaurant,,,50.8218401,4.3421587,+32 2 366 33 47,,,NO_WEBSITE,2026-08-19T11:30:10.603970+00:00,clean,,,"{""amenity"": ""restaurant"", ""contact:phone"": ""+32 2 366 33 47"", ""name"": ""Bella Pizza Al Taglio""}"
ixelles,osm:node/11352571487,Sina Pasta,restaurant,amenity=restaurant,,,50.8212169,4.3426046,,,,NO_WEBSITE,2026-08-19T11:30:10.603970+00:00,clean,,,"{""amenity"": ""restaurant"", ""name"": ""Sina Pasta""}"
ixelles,osm:node/11359892520,Ysatys,beauty-salon,shop=hairdresser,,,50.824832,4.3587225,,,,NO_WEBSITE,2026-08-19T11:30:10.603970+00:00,clean,,,"{""name"": ""Ysatys"", ""shop"": ""hairdresser""}"
ixelles,osm:node/11360055872,Le Prétexte,bars-pubs,amenity=bar,,,50.8256697,4.3543713,,https://www.lepretexte.be,,WEBSITE_PRESENT,2026-08-19T11:30:10.603970+00:00,clean,,,"{""amenity"": ""bar"", ""contact:website"": ""https://www.lepretexte.be"", ""name"": ""Le Prétexte""}"
ixelles,osm:node/11362656652,Garage José,,shop=car_repair,,,50.8315518,4.3886244,+32 26495702,,,NO_WEBSITE,2026-08-19T11:30:10.603970+00:00,clean,,no confident canonical category mapping,"{""contact:phone"": ""+32 26495702"", ""name"": ""Garage José"", ""shop"": ""car_repair""}"
ixelles,osm:node/11362736377,Family Shoes,shoe-stores,shop=shoes,,,50.8309175,4.3895888,,,,NO_WEBSITE,2026-08-19T11:30:10.603970+00:00,clean,,,"{""name"": ""Family Shoes"", ""shop"": ""shoes""}"
ixelles,osm:node/11367432080,Ici Sont Les Lions,bookstore,shop=books,,,50.8380322,4.3497961,,,https://www.instagram.com/librairie.ici.sont.les.lions/,SOCIAL_ONLY,2026-08-19T11:30:10.603970+00:00,clean,,,"{""contact:instagram"": ""https://www.instagram.com/librairie.ici.sont.les.lions/"", ""name"": ""Ici Sont Les Lions"", ""shop"": ""books""}"
ixelles,osm:node/11375212392,Le Léviathan,bookstore,shop=books,,,50.8292177,4.3432381,,,,NO_WEBSITE,2026-08-19T11:30:10.603970+00:00,clean,,,"{""name"": ""Le Léviathan"", ""shop"": ""books""}"
ixelles,osm:node/11377977383,Van Humbeeck,pharmacy,amenity=pharmacy,,,50.8212231,4.342708,,,,NO_WEBSITE,2026-08-19T11:30:10.603970+00:00,clean,,,"{""amenity"": ""pharmacy"", ""name"": ""Van Humbeeck""}"
ixelles,osm:node/11378574332,La Fabrique en Ville,cafe,amenity=cafe,,,50.837608,4.3565474,+32 2 513 99 48,http://www.lafabriqueresto.be/la-fabrique-en-ville/,,WEBSITE_PRESENT,2026-08-19T11:30:10.603970+00:00,clean,,,"{""amenity"": ""cafe"", ""contact:phone"": ""+32 2 513 99 48"", ""contact:website"": ""http://www.lafabriqueresto.be/la-fabrique-en-ville/"", ""name"": ""La Fabrique en Ville"", ""operator"": ""La Fabrique""}"
ixelles,osm:node/11387359224,Casa Juan,restaurant,amenity=restaurant,,,50.8326745,4.3888522,,,,NO_WEBSITE,2026-08-19T11:30:10.603970+00:00,clean,,,"{""amenity"": ""restaurant"", ""name"": ""Casa Juan""}"
ixelles,osm:node/11387359235,Sukhothai,restaurant,amenity=restaurant,,,50.8358791,4.3871557,+32 2 649 43 66,https://www.sukhothai.be,,WEBSITE_PRESENT,2026-08-19T11:30:10.603970+00:00,clean,,,"{""amenity"": ""restaurant"", ""contact:phone"": ""+32 2 649 43 66"", ""contact:website"": ""https://www.sukhothai.be"", ""name"": ""Sukhothai""}"
ixelles,osm:node/11387456269,Eddy Clavie,beauty-salon,shop=hairdresser,,,50.8399287,4.4004688,,,,NO_WEBSITE,2026-08-19T11:30:10.603970+00:00,clean,,,"{""name"": ""Eddy Clavie"", ""shop"": ""hairdresser""}"
ixelles,osm:node/11387483970,Deville Coiffeur,beauty-salon,shop=hairdresser,,,50.8395037,4.4008,+32 2 734 76 51,,,NO_WEBSITE,2026-08-19T11:30:10.603970+00:00,clean,,,"{""contact:phone"": ""+32 2 734 76 51"", ""name"": ""Deville Coiffeur"", ""shop"": ""hairdresser""}"
ixelles,osm:node/11392689191,Bogart Foodies Corner,restaurant,amenity=restaurant,,,50.8354873,4.3607027,,https://www.bogartfoodiescorner.be,,WEBSITE_PRESENT,2026-08-19T11:30:10.603970+00:00,clean,,,"{""amenity"": ""restaurant"", ""contact:website"": ""https://www.bogartfoodiescorner.be"", ""name"": ""Bogart Foodies Corner""}"
ixelles,osm:node/11396718377,Tavola Calda,restaurant,amenity=restaurant,,,50.8389546,4.3708495,,,,NO_WEBSITE,2026-08-19T11:30:10.603970+00:00,clean,,,"{""amenity"": ""restaurant"", ""name"": ""Tavola Calda""}"
ixelles,osm:node/11404351319,Le Studio,beauty-salon,shop=hairdresser,,,50.8348699,4.35408,,,,NO_WEBSITE,2026-08-19T11:30:10.603970+00:00,clean,,,"{""name"": ""Le Studio"", ""shop"": ""hairdresser""}"
ixelles,osm:node/11404418926,L'usine,gym,leisure=fitness_centre,,,50.8350893,4.3547503,+32 2 534 14 62,,,NO_WEBSITE,2026-08-19T11:30:10.603970+00:00,clean,,,"{""contact:phone"": ""+32 2 534 14 62"", ""leisure"": ""fitness_centre"", ""name"": ""L'usine""}"
ixelles,osm:node/11406451521,Ono Brunch & Coffee,cafe,amenity=cafe,,,50.8163982,4.3826058,,https://www.onobrunchandcoffee.com,,WEBSITE_PRESENT,2026-08-19T11:30:10.603970+00:00,clean,,,"{""amenity"": ""cafe"", ""contact:website"": ""https://www.onobrunchandcoffee.com"", ""name"": ""Ono Brunch & Coffee""}"
ixelles,osm:node/11406492664,Le Gauguin,bars-pubs,amenity=bar,,,50.817562,4.3882918,,,,NO_WEBSITE,2026-08-19T11:30:10.603970+00:00,clean,,,"{""amenity"": ""bar"", ""name"": ""Le Gauguin""}"
ixelles,osm:node/11406492666,Montmartre,bars-pubs,amenity=bar,,,50.8182343,4.3852548,,http://www.lemontmartre.be/,,WEBSITE_PRESENT,2026-08-19T11:30:10.603970+00:00,clean,,,"{""amenity"": ""bar"", ""contact:website"": ""http://www.lemontmartre.be/"", ""name"": ""Montmartre""}"
ixelles,osm:node/11406505571,Chez Fleur,restaurant,amenity=restaurant,,,50.8184652,4.3844954,+32 2 640 04 69,https://www.chezfleur.be,,WEBSITE_PRESENT,2026-08-19T11:30:10.603970+00:00,clean,,,"{""amenity"": ""restaurant"", ""contact:phone"": ""+32 2 640 04 69"", ""contact:website"": ""https://www.chezfleur.be"", ""name"": ""Chez Fleur""}"
ixelles,osm:node/11406505572,La Pharmacie de la Petite Suisse,pharmacy,amenity=pharmacy,,,50.8187357,4.3841249,,,,NO_WEBSITE,2026-08-19T11:30:10.603970+00:00,clean,,,"{""amenity"": ""pharmacy"", ""healthcare"": ""pharmacy"", ""name"": ""La Pharmacie de la Petite Suisse""}"
ixelles,osm:node/11409628369,PEBS – Cabinet d'Orthodontie,dentist,amenity=dentist,,,50.8099362,4.4038676,,,,NO_WEBSITE,2026-08-19T11:30:10.603970+00:00,clean,,,"{""amenity"": ""dentist"", ""name"": ""PEBS – Cabinet d'Orthodontie""}"
ixelles,osm:node/11409628370,Roberto Gangino Artisan Joaillier,jewelry-stores,shop=jewelry,,,50.8096421,4.4026996,+32 2 503 20 65,,,NO_WEBSITE,2026-08-19T11:30:10.603970+00:00,clean,,,"{""contact:phone"": ""+32 2 503 20 65"", ""name"": ""Roberto Gangino Artisan Joaillier"", ""shop"": ""jewelry""}"
ixelles,osm:node/11413142425,The Hunger,fast-food,amenity=fast_food,,,50.8160635,4.3897814,,,,NO_WEBSITE,2026-08-19T11:30:10.603970+00:00,clean,,,"{""amenity"": ""fast_food"", ""name"": ""The Hunger""}"
ixelles,osm:node/11420120470,Créatif,beauty-salon,shop=hairdresser,,,50.8271718,4.3745385,+32 2 647 61 07,,,NO_WEBSITE,2026-08-19T11:30:10.603970+00:00,clean,,,"{""contact:phone"": ""+32 2 647 61 07"", ""name"": ""Créatif"", ""shop"": ""hairdresser""}"
ixelles,osm:node/11420165069,Chez Mathias,fast-food,amenity=fast_food,,,50.8271475,4.3745961,,,,NO_WEBSITE,2026-08-19T11:30:10.603970+00:00,clean,,,"{""amenity"": ""fast_food"", ""name"": ""Chez Mathias""}"
ixelles,osm:node/11420202669,Keufté,restaurant,amenity=restaurant,,,50.8279019,4.3744256,,,,NO_WEBSITE,2026-08-19T11:30:10.603970+00:00,clean,,,"{""amenity"": ""restaurant"", ""name"": ""Keufté""}"
ixelles,osm:node/11420202670,Rosace,real-estate-agencies,office=estate_agent,,,50.8280602,4.3750091,+32 2 335 00 50,https://www.rosace.be/,,WEBSITE_PRESENT,2026-08-19T11:30:10.603970+00:00,clean,,,"{""contact:phone"": ""+32 2 335 00 50"", ""contact:website"": ""https://www.rosace.be/"", ""name"": ""Rosace"", ""office"": ""estate_agent""}"
ixelles,osm:node/11420202770,Le petit Flagey,restaurant,amenity=restaurant,,,50.8279781,4.3747171,,,,NO_WEBSITE,2026-08-19T11:30:10.603970+00:00,clean,,,"{""amenity"": ""restaurant"", ""name"": ""Le petit Flagey""}"
ixelles,osm:node/11420202869,Belle Coiffure,beauty-salon,shop=hairdresser,,,50.8279492,4.3746203,+32 2 524 45 85,,,NO_WEBSITE,2026-08-19T11:30:10.603970+00:00,clean,,,"{""contact:phone"": ""+32 2 524 45 85"", ""name"": ""Belle Coiffure"", ""shop"": ""hairdresser""}"
ixelles,osm:node/11420253503,Latin Coffee,cafe,amenity=cafe,,,50.8186509,4.37886,,,,NO_WEBSITE,2026-08-19T11:30:10.603970+00:00,clean,,,"{""amenity"": ""cafe"", ""name"": ""Latin Coffee""}"
ixelles,osm:node/11420836934,Homemade,fast-food,amenity=fast_food,,,50.8277969,4.3747139,,,,NO_WEBSITE,2026-08-19T11:30:10.603970+00:00,clean,,,"{""amenity"": ""fast_food"", ""name"": ""Homemade""}"
ixelles,osm:node/11420844942,Yummy Food,restaurant,amenity=restaurant,,,50.8277829,4.3746538,,,,NO_WEBSITE,2026-08-19T11:30:10.603970+00:00,clean,,,"{""amenity"": ""restaurant"", ""name"": ""Yummy Food""}"
ixelles,osm:node/11420848461,Life,bars-pubs,amenity=bar,,,50.8280941,4.3760036,,,,NO_WEBSITE,2026-08-19T11:30:10.603970+00:00,clean,,,"{""amenity"": ""bar"", ""name"": ""Life""}"
ixelles,osm:node/11422513310,Opportunity,clothing-store,shop=clothes,,,50.8328053,4.4034021,,,,NO_WEBSITE,2026-08-19T11:30:10.603970+00:00,clean,,,"{""name"": ""Opportunity"", ""shop"": ""clothes""}"
ixelles,osm:node/11422517332,Clea coiffure esthétique,beauty-salon,shop=hairdresser,,,50.8185752,4.3799906,,,,NO_WEBSITE,2026-08-19T11:30:10.603970+00:00,clean,,,"{""name"": ""Clea coiffure esthétique"", ""shop"": ""hairdresser""}"
ixelles,osm:node/11422520463,Créatif-Coiffure,beauty-salon,shop=hairdresser,,,50.8325413,4.4037094,+32 2 735 68 48,,,NO_WEBSITE,2026-08-19T11:30:10.603970+00:00,clean,,,"{""contact:phone"": ""+32 2 735 68 48"", ""name"": ""Créatif-Coiffure"", ""shop"": ""hairdresser""}"
ixelles,osm:node/11422520532,Pizza for you,fast-food,amenity=fast_food,,,50.8184927,4.3798981,,,,NO_WEBSITE,2026-08-19T11:30:10.603970+00:00,clean,,,"{""amenity"": ""fast_food"", ""name"": ""Pizza for you""}"
ixelles,osm:node/11422528564,Badbun,fast-food,amenity=fast_food,,,50.8261513,4.37575,,,,NO_WEBSITE,2026-08-19T11:30:10.603970+00:00,clean,,,"{""amenity"": ""fast_food"", ""name"": ""Badbun""}"
ixelles,osm:node/11422691136,New Embert Fourrure,clothing-store,shop=clothes,,,50.8323484,4.3565963,+32 2 640 54 24,https://www.newembert.com/,https://www.instagram.com/new_embert_fourrure,WEBSITE_PRESENT,2026-08-19T11:30:10.603970+00:00,clean,,,"{""contact:instagram"": ""https://www.instagram.com/new_embert_fourrure"", ""contact:phone"": ""+32 2 640 54 24"", ""contact:website"": ""https://www.newembert.com/"", ""name"": ""New Embert Fourrure"", ""shop"": ""clothes""}"
ixelles,osm:node/11423323344,Le Tournant,restaurant,amenity=restaurant,,,50.835644,4.3696892,,https://restaurantletournant.com,,WEBSITE_PRESENT,2026-08-19T11:30:10.603970+00:00,clean,,,"{""amenity"": ""restaurant"", ""contact:website"": ""https://restaurantletournant.com"", ""name"": ""Le Tournant""}"
ixelles,osm:node/11423323351,Mmm...,fast-food,amenity=fast_food,,,50.8375558,4.3624245,,,,NO_WEBSITE,2026-08-19T11:30:10.603970+00:00,clean,,,"{""amenity"": ""fast_food"", ""name"": ""Mmm...""}"
ixelles,osm:node/11425468885,Rituels & Beauté,beauty-salon,shop=beauty,,,50.8324975,4.4037651,,,,NO_WEBSITE,2026-08-19T11:30:10.603970+00:00,clean,,,"{""name"": ""Rituels & Beauté"", ""shop"": ""beauty""}"
ixelles,osm:node/11425468887,Mirage Hair-Styling,beauty-salon,shop=hairdresser,,,50.832458,4.4038155,+32 2 742 30 85,,,NO_WEBSITE,2026-08-19T11:30:10.603970+00:00,clean,,,"{""contact:phone"": ""+32 2 742 30 85"", ""name"": ""Mirage Hair-Styling"", ""shop"": ""hairdresser""}"
ixelles,osm:node/11425468889,Café de l'Escadron,bars-pubs,amenity=pub,,,50.8324105,4.4038761,,,,NO_WEBSITE,2026-08-19T11:30:10.603970+00:00,clean,,,"{""amenity"": ""pub"", ""name"": ""Café de l'Escadron""}"
ixelles,osm:node/11434575537,Beauty Marga,beauty-salon,shop=beauty,,,50.8201517,4.3857862,,,,NO_WEBSITE,2026-08-19T11:30:10.603970+00:00,clean,,,"{""name"": ""Beauty Marga"", ""shop"": ""beauty""}"
ixelles,osm:node/11457799168,Fight Club,restaurant,amenity=restaurant,,,50.8311019,4.3448126,+32 2 268 09 40,https://fightclub.pizza/,fightclub1060,WEBSITE_PRESENT,2026-08-19T11:30:10.603970+00:00,clean,,,"{""amenity"": ""restaurant"", ""contact:instagram"": ""fightclub1060"", ""contact:phone"": ""+32 2 268 09 40"", ""contact:website"": ""https://fightclub.pizza/"", ""name"": ""Fight Club""}"
ixelles,osm:node/11470397585,"Aurore Bernard, Gabie-Ange Mindana, Laura Jouvenceau, Élodie Leclere",legal-services,office=lawyer,,,50.8353508,4.3557999,,,,NO_WEBSITE,2026-08-19T11:30:10.603970+00:00,clean,,,"{""name"": ""Aurore Bernard, Gabie-Ange Mindana, Laura Jouvenceau, Élodie Leclere"", ""office"": ""lawyer""}"
ixelles,osm:node/11470491546,Lacoste,clothing-store,shop=clothes,,,50.8349704,4.3556834,+32 2 242 17 89,https://www.lacoste.com/,,WEBSITE_PRESENT,2026-08-19T11:30:10.603970+00:00,clean,,,"{""brand"": ""Lacoste"", ""contact:phone"": ""+32 2 242 17 89"", ""contact:website"": ""https://www.lacoste.com/"", ""name"": ""Lacoste"", ""shop"": ""clothes""}"
ixelles,osm:node/11470491547,Montblanc,jewelry-stores,shop=jewelry,,,50.8349154,4.3557402,,,,NO_WEBSITE,2026-08-19T11:30:10.603970+00:00,clean,,,"{""name"": ""Montblanc"", ""shop"": ""jewelry""}"
ixelles,osm:node/11470573070,Gérard Darel,clothing-store,shop=clothes,,,50.8345361,4.3561326,,,,NO_WEBSITE,2026-08-19T11:30:10.603970+00:00,clean,,,"{""name"": ""Gérard Darel"", ""shop"": ""clothes""}"
ixelles,osm:node/11470573071,Caroline Biss,clothing-store,shop=clothes,,,50.8345877,4.3560792,,,,NO_WEBSITE,2026-08-19T11:30:10.603970+00:00,clean,,,"{""name"": ""Caroline Biss"", ""shop"": ""clothes""}"
ixelles,osm:node/11470573072,MaxMara,clothing-store,shop=clothes,,,50.8346434,4.3560216,,,,NO_WEBSITE,2026-08-19T11:30:10.603970+00:00,clean,,,"{""name"": ""MaxMara"", ""shop"": ""clothes""}"
ixelles,osm:node/11470573073,Marina Rinaldi,clothing-store,shop=clothes,,,50.834694,4.3559692,+32 2 539 20 94,https://store.marinarinaldi.com/fr/belgique/bruxelles/marina-rinaldi-bruxelles-av.-louise,,WEBSITE_PRESENT,2026-08-19T11:30:10.603970+00:00,clean,,,"{""brand"": ""Marina Rinaldi"", ""contact:phone"": ""+32 2 539 20 94"", ""contact:website"": ""https://store.marinarinaldi.com/fr/belgique/bruxelles/marina-rinaldi-bruxelles-av.-louise"", ""name"": ""Marina Rinaldi"", ""shop"": ""clothes""}"
ixelles,osm:node/11470573074,Patrizia Pepe,clothing-store,shop=clothes,,,50.8347426,4.3559189,,,,NO_WEBSITE,2026-08-19T11:30:10.603970+00:00,clean,,,"{""name"": ""Patrizia Pepe"", ""shop"": ""clothes""}"
ixelles,osm:node/11470596763,Etam,clothing-store,shop=clothes,,,50.8340821,4.3566022,,,,NO_WEBSITE,2026-08-19T11:30:10.603970+00:00,clean,,,"{""brand"": ""Etam"", ""name"": ""Etam"", ""shop"": ""clothes""}"
ixelles,osm:node/11470596765,Xanders,clothing-store,shop=clothes,,,50.834134,4.3565485,,,,NO_WEBSITE,2026-08-19T11:30:10.603970+00:00,clean,,,"{""name"": ""Xanders"", ""shop"": ""clothes""}"
ixelles,osm:node/11470596768,Hoff,shoe-stores,shop=shoes,,,50.8342432,4.3564356,,,,NO_WEBSITE,2026-08-19T11:30:10.603970+00:00,clean,,,"{""name"": ""Hoff"", ""shop"": ""shoes""}"
ixelles,osm:node/11470764269,Michael Kors,clothing-store,shop=clothes,,,50.8343037,4.356373,+32 2 533 40 60,https://locations.michaelkors.eu/be/en/bruxelles/brussels/avenue-louise-29-31.html,,WEBSITE_PRESENT,2026-08-19T11:30:10.603970+00:00,clean,,,"{""brand"": ""Michael Kors"", ""contact:phone"": ""+32 2 533 40 60"", ""contact:website"": ""https://locations.michaelkors.eu/be/en/bruxelles/brussels/avenue-louise-29-31.html"", ""name"": ""Michael Kors"", ""shop"": ""clothes""}"
ixelles,osm:node/11471913708,Boss,clothing-store,shop=clothes,,,50.8341796,4.3570127,,,,NO_WEBSITE,2026-08-19T11:30:10.603970+00:00,clean,,,"{""name"": ""Boss"", ""shop"": ""clothes""}"
ixelles,osm:node/11471913710,Fursac,shoe-stores,shop=shoes,,,50.8342308,4.3569597,,,,NO_WEBSITE,2026-08-19T11:30:10.603970+00:00,clean,,,"{""name"": ""Fursac"", ""shop"": ""shoes""}"
ixelles,osm:node/11471913711,Calzedonia,clothing-store,shop=clothes,,,50.8341065,4.3570884,+32 2 502 40 75,https://www.calzedonia.com/be/boutiques/bruxelles/brussels_avenue_louise_48/CT13.html,,WEBSITE_PRESENT,2026-08-19T11:30:10.603970+00:00,existing_duplicate,"source id, name/address, phone, or website matched existing listing",,"{""brand"": ""Calzedonia"", ""contact:phone"": ""+32 2 502 40 75"", ""contact:website"": ""https://www.calzedonia.com/be/boutiques/bruxelles/brussels_avenue_louise_48/CT13.html"", ""name"": ""Calzedonia"", ""shop"": ""clothes""}"
ixelles,osm:node/11471913713,Caroll,shoe-stores,shop=shoes,,,50.8340447,4.3571524,+32 2 511 62 36,,,NO_WEBSITE,2026-08-19T11:30:10.603970+00:00,clean,,,"{""contact:phone"": ""+32 2 511 62 36"", ""name"": ""Caroll"", ""shop"": ""shoes""}"
ixelles,osm:node/11471913714,Seham Ait El Hadj,legal-services,office=lawyer,,,50.8340257,4.357172,,,,NO_WEBSITE,2026-08-19T11:30:10.603970+00:00,clean,,,"{""name"": ""Seham Ait El Hadj"", ""office"": ""lawyer""}"
ixelles,osm:node/11471913715,Jonak,shoe-stores,shop=shoes,,,50.8339918,4.3572072,,,,NO_WEBSITE,2026-08-19T11:30:10.603970+00:00,clean,,,"{""name"": ""Jonak"", ""shop"": ""shoes""}"
ixelles,osm:node/11471913716,Mauboussin,jewelry-stores,shop=jewelry,,,50.8338534,4.3573505,,,,NO_WEBSITE,2026-08-19T11:30:10.603970+00:00,clean,,,"{""name"": ""Mauboussin"", ""shop"": ""jewelry""}"
ixelles,osm:node/11471913717,Swarovski,jewelry-stores,shop=jewelry,,,50.8339596,4.3572405,+32 2 201 55 26,,,NO_WEBSITE,2026-08-19T11:30:10.603970+00:00,clean,,,"{""brand"": ""Swarovski"", ""name"": ""Swarovski"", ""phone"": ""+32 2 201 55 26"", ""shop"": ""jewelry""}"
ixelles,osm:node/11471913718,J.M. Weston,shoe-stores,shop=shoes,,,50.833917,4.3572846,+32 2 514 39 69,https://eu.jmweston.com/,,WEBSITE_PRESENT,2026-08-19T11:30:10.603970+00:00,clean,,,"{""brand"": ""J.M. Weston"", ""contact:phone"": ""+32 2 514 39 69"", ""contact:website"": ""https://eu.jmweston.com/"", ""name"": ""J.M. Weston"", ""shop"": ""shoes""}"
ixelles,osm:node/11471932017,Hyde,clothing-store,shop=clothes,,,50.8347731,4.3563981,,,hyde.bxl,SOCIAL_ONLY,2026-08-19T11:30:10.603970+00:00,clean,,,"{""contact:instagram"": ""hyde.bxl"", ""name"": ""Hyde"", ""shop"": ""clothes""}"
ixelles,osm:node/11471932019,Oysho,clothing-store,shop=clothes,,,50.8346696,4.3565053,+32 2 844 33 02,https://www.oysho.com/be/store-locator/bruxelles/louisalaan-26-s11874.html,,WEBSITE_PRESENT,2026-08-19T11:30:10.603970+00:00,clean,,,"{""brand"": ""Oysho"", ""contact:phone"": ""+32 2 844 33 02"", ""contact:website"": ""https://www.oysho.com/be/store-locator/bruxelles/louisalaan-26-s11874.html"", ""name"": ""Oysho"", ""shop"": ""clothes""}"
ixelles,osm:node/11471932020,Mango,clothing-store,shop=clothes,,,50.8346152,4.3565616,+32 2 511 73 37,https://shop.mango.com/,,WEBSITE_PRESENT,2026-08-19T11:30:10.603970+00:00,existing_duplicate,"source id, name/address, phone, or website matched existing listing",,"{""brand"": ""Mango"", ""contact:phone"": ""+32 2 511 73 37"", ""contact:website"": ""https://shop.mango.com/"", ""name"": ""Mango"", ""shop"": ""clothes""}"
ixelles,osm:node/11471932021,Arket,clothing-store,shop=clothes,,,50.8345546,4.3566244,,https://www.arket.com/en-eu/stores-and-cafes/belgium/brussels/avenue-louise/,,WEBSITE_PRESENT,2026-08-19T11:30:10.603970+00:00,existing_duplicate,"source id, name/address, phone, or website matched existing listing",,"{""brand"": ""Arket"", ""contact:website"": ""https://www.arket.com/en-eu/stores-and-cafes/belgium/brussels/avenue-louise/"", ""name"": ""Arket"", ""shop"": ""clothes""}"
ixelles,osm:node/11471932024,Bouvy,clothing-store,shop=clothes,,,50.8352975,4.3558551,,,,NO_WEBSITE,2026-08-19T11:30:10.603970+00:00,clean,,,"{""name"": ""Bouvy"", ""shop"": ""clothes""}"
ixelles,osm:node/11476771087,La Maison Maé,clothing-store,shop=clothes,,,50.8362096,4.3638964,,,,NO_WEBSITE,2026-08-19T11:30:10.603970+00:00,clean,,,"{""name"": ""La Maison Maé"", ""shop"": ""clothes""}"
ixelles,osm:node/11481197535,Versace,clothing-store,shop=clothes,,,50.8370518,4.357074,+32 2 511 85 59,,,NO_WEBSITE,2026-08-19T11:30:10.603970+00:00,clean,,,"{""brand"": ""Versace"", ""contact:phone"": ""+32 2 511 85 59"", ""name"": ""Versace"", ""shop"": ""clothes""}"
ixelles,osm:node/11481197545,Nadine Salembier,beauty-salon,shop=beauty,,,50.8368734,4.3561871,,,,NO_WEBSITE,2026-08-19T11:30:10.603970+00:00,clean,,,"{""name"": ""Nadine Salembier"", ""shop"": ""beauty""}"
ixelles,osm:node/11481197556,Saint Laurent,clothing-store,shop=clothes,,,50.8366315,4.3560705,,,,NO_WEBSITE,2026-08-19T11:30:10.603970+00:00,clean,,,"{""brand"": ""Saint Laurent"", ""name"": ""Saint Laurent"", ""shop"": ""clothes""}"
ixelles,osm:node/11494439949,Gilson,jewelry-stores,shop=jewelry,,,50.8372528,4.3573719,,,,NO_WEBSITE,2026-08-19T11:30:10.603970+00:00,clean,,,"{""name"": ""Gilson"", ""shop"": ""jewelry""}"
ixelles,osm:node/11494439950,Prada,clothing-store,shop=clothes,,,50.8372683,4.3575908,,,,NO_WEBSITE,2026-08-19T11:30:10.603970+00:00,clean,,,"{""brand"": ""Prada"", ""name"": ""Prada"", ""shop"": ""clothes""}"
ixelles,osm:node/11494481652,Hogan,clothing-store,shop=clothes,,,50.8373295,4.3577369,,,,NO_WEBSITE,2026-08-19T11:30:10.603970+00:00,clean,,,"{""name"": ""Hogan"", ""shop"": ""clothes""}"
ixelles,osm:node/11500360339,Goose,shoe-stores,shop=shoes,,,50.8373956,4.3578949,,,,NO_WEBSITE,2026-08-19T11:30:10.603970+00:00,clean,,,"{""name"": ""Goose"", ""shop"": ""shoes""}"
ixelles,osm:node/11500360340,Pomellato,jewelry-stores,shop=jewelry,,,50.8374258,4.3579668,,,,NO_WEBSITE,2026-08-19T11:30:10.603970+00:00,clean,,,"{""name"": ""Pomellato"", ""shop"": ""jewelry""}"
ixelles,osm:node/11502834658,Non Peut-Être,bars-pubs,amenity=bar,,,50.8377225,4.3676973,,https://non-peutetre.be/,,WEBSITE_PRESENT,2026-08-19T11:30:10.603970+00:00,clean,,,"{""amenity"": ""bar"", ""contact:website"": ""https://non-peutetre.be/"", ""name"": ""Non Peut-Être""}"
ixelles,osm:node/11502834660,Milan d'or Fashion,clothing-store,shop=clothes,,,50.8370989,4.3668657,,,,NO_WEBSITE,2026-08-19T11:30:10.603970+00:00,clean,,,"{""name"": ""Milan d'or Fashion"", ""shop"": ""clothes""}"
ixelles,osm:node/11502834661,Candy Beauty,beauty-salon,shop=beauty,,,50.8369387,4.3668822,,,,NO_WEBSITE,2026-08-19T11:30:10.603970+00:00,clean,,,"{""name"": ""Candy Beauty"", ""shop"": ""beauty""}"
ixelles,osm:node/11503366176,World Class Brussels,gym,leisure=fitness_centre,,,50.8376478,4.3717067,,https://www.worldclassfitness.be/,,WEBSITE_PRESENT,2026-08-19T11:30:10.603970+00:00,clean,,,"{""leisure"": ""fitness_centre"", ""name"": ""World Class Brussels"", ""website"": ""https://www.worldclassfitness.be/""}"
ixelles,osm:node/11512065585,Scapa,clothing-store,shop=clothes,,,50.837804,4.3588706,,,,NO_WEBSITE,2026-08-19T11:30:10.603970+00:00,clean,,,"{""name"": ""Scapa"", ""shop"": ""clothes""}"
ixelles,osm:node/11512065589,Carine Gilson,clothing-store,shop=clothes,,,50.8382209,4.3585045,+32 2 289 51 47,https://carinegilson.com/,,WEBSITE_PRESENT,2026-08-19T11:30:10.603970+00:00,clean,,,"{""contact:phone"": ""+32 2 289 51 47"", ""contact:website"": ""https://carinegilson.com/"", ""name"": ""Carine Gilson"", ""shop"": ""clothes""}"
ixelles,osm:node/11512167334,Façonnable,clothing-store,shop=clothes,,,50.8384863,4.360499,,,,NO_WEBSITE,2026-08-19T11:30:10.603970+00:00,clean,,,"{""name"": ""Façonnable"", ""shop"": ""clothes""}"
ixelles,osm:node/11512167345,Elisabetta Franchi,clothing-store,shop=clothes,,,50.8384187,4.3603376,,,,NO_WEBSITE,2026-08-19T11:30:10.603970+00:00,clean,,,"{""name"": ""Elisabetta Franchi"", ""shop"": ""clothes""}"
ixelles,osm:node/11512167347,Brunello Cucinelli,clothing-store,shop=clothes,,,50.8383659,4.3602115,,,,NO_WEBSITE,2026-08-19T11:30:10.603970+00:00,clean,,,"{""name"": ""Brunello Cucinelli"", ""shop"": ""clothes""}"
ixelles,osm:node/11514574169,Cercle Molaire,dentist,amenity=dentist,,,50.8329708,4.3948881,+32 2 736 27 26,,,NO_WEBSITE,2026-08-19T11:30:10.603970+00:00,clean,,,"{""amenity"": ""dentist"", ""contact:phone"": ""+32 2 736 27 26"", ""name"": ""Cercle Molaire"", ""operator"": ""Dr Ernould, Dr Lambrechts, Dr Printz""}"
ixelles,osm:node/11516372085,The Poet,bars-pubs,amenity=bar,,,50.8378123,4.3720227,,,,NO_WEBSITE,2026-08-19T11:30:10.603970+00:00,clean,,,"{""amenity"": ""bar"", ""name"": ""The Poet""}"
ixelles,osm:node/11516580184,John Kennis,clothing-store,shop=clothes,,,50.8387432,4.3710847,,,,NO_WEBSITE,2026-08-19T11:30:10.603970+00:00,clean,,,"{""name"": ""John Kennis"", ""shop"": ""clothes""}"
ixelles,osm:node/11516580185,Hông Loan,restaurant,amenity=restaurant,,,50.8386874,4.3711685,,,,NO_WEBSITE,2026-08-19T11:30:10.603970+00:00,clean,,,"{""amenity"": ""restaurant"", ""name"": ""Hông Loan""}"
ixelles,osm:node/11516580186,Chez Bal,fast-food,amenity=fast_food,,,50.8384296,4.3715558,,http://www.chezbal.be/,,WEBSITE_PRESENT,2026-08-19T11:30:10.603970+00:00,clean,,,"{""amenity"": ""fast_food"", ""contact:website"": ""http://www.chezbal.be/"", ""name"": ""Chez Bal""}"
ixelles,osm:node/11528546370,A-MUI Taiwanese Lunch Box,restaurant,amenity=restaurant,,,50.8340891,4.3638082,,,,NO_WEBSITE,2026-08-19T11:30:10.603970+00:00,clean,,,"{""amenity"": ""restaurant"", ""name"": ""A-MUI Taiwanese Lunch Box""}"
ixelles,osm:node/11554331639,Mark Anthony,beauty-salon,shop=hairdresser,,,50.8176038,4.3886241,+32 2 646 70 82,http://markanthony.be/,,WEBSITE_PRESENT,2026-08-19T11:30:10.603970+00:00,clean,,,"{""contact:phone"": ""+32 2 646 70 82"", ""contact:website"": ""http://markanthony.be/"", ""name"": ""Mark Anthony"", ""shop"": ""hairdresser"", ""url"": ""http://www.coiffeurs-tel.be/coiffeur_mark-anthony-sprl_ixelles_1050.html""}"
ixelles,osm:node/11554358050,Waff,bars-pubs,amenity=bar,,,50.8163357,4.3892381,+32 2 640 00 42,https://www.waff.be/,,WEBSITE_PRESENT,2026-08-19T11:30:10.603970+00:00,clean,,,"{""amenity"": ""bar"", ""contact:phone"": ""+32 2 640 00 42"", ""contact:website"": ""https://www.waff.be/"", ""name"": ""Waff""}"
ixelles,osm:node/11559417855,Carmelo Stelli,beauty-salon,shop=hairdresser,,,50.8141628,4.3480108,,,,NO_WEBSITE,2026-08-19T11:30:10.603970+00:00,clean,,,"{""name"": ""Carmelo Stelli"", ""shop"": ""hairdresser""}"
ixelles,osm:node/11572056369,Aparthotel Adagio Access Brussels Delta,hotel,tourism=hotel,,,50.8161489,4.398433,+32 2 854 15 10,https://www.adagio-city.com/gb/hotel-B5M6-aparthotel-adagio-access-brussels-delta/index.shtml,,WEBSITE_PRESENT,2026-08-19T11:30:10.603970+00:00,existing_duplicate,"source id, name/address, phone, or website matched existing listing",,"{""brand"": ""Adagio"", ""contact:phone"": ""+32 2 854 15 10"", ""contact:website"": ""https://www.adagio-city.com/gb/hotel-B5M6-aparthotel-adagio-access-brussels-delta/index.shtml"", ""name"": ""Aparthotel Adagio Access Brussels Delta"", ""operator"": ""Accor"", ""tourism"": ""hotel""}"
ixelles,osm:node/11579294039,Re-source,,amenity=internet_cafe,,,50.8314297,4.3737896,,,,NO_WEBSITE,2026-08-19T11:30:10.603970+00:00,clean,,no confident canonical category mapping,"{""amenity"": ""internet_cafe"", ""name"": ""Re-source""}"
ixelles,osm:node/11581984241,Mpoko Bazar,restaurant,amenity=restaurant,,,50.8365539,4.3670517,,,,NO_WEBSITE,2026-08-19T11:30:10.603970+00:00,clean,,,"{""amenity"": ""restaurant"", ""name"": ""Mpoko Bazar""}"
ixelles,osm:node/11583139773,Los Charros,restaurant,amenity=restaurant,,,50.8283112,4.3601125,,https://loscharros.be/,,WEBSITE_PRESENT,2026-08-19T11:30:10.603970+00:00,clean,,,"{""amenity"": ""restaurant"", ""contact:website"": ""https://loscharros.be/"", ""name"": ""Los Charros""}"
ixelles,osm:node/11583139776,Ciao Bella,restaurant,amenity=restaurant,,,50.8289523,4.3582545,+32 2 538 57 17,,,NO_WEBSITE,2026-08-19T11:30:10.603970+00:00,clean,,,"{""amenity"": ""restaurant"", ""contact:phone"": ""+32 2 538 57 17"", ""name"": ""Ciao Bella""}"
ixelles,osm:node/11586822600,Made in Louise,hotel,tourism=hotel,,,50.8291876,4.3579514,+32 2 537 40 33,https://www.madeinlouise.com/,,WEBSITE_PRESENT,2026-08-19T11:30:10.603970+00:00,clean,,,"{""contact:phone"": ""+32 2 537 40 33"", ""contact:website"": ""https://www.madeinlouise.com/"", ""name"": ""Made in Louise"", ""tourism"": ""hotel""}"
ixelles,osm:node/11587783988,Nami,restaurant,amenity=restaurant,,,50.83487,4.3556318,,https://nami-roll.com/,,WEBSITE_PRESENT,2026-08-19T11:30:10.603970+00:00,clean,,,"{""amenity"": ""restaurant"", ""contact:website"": ""https://nami-roll.com/"", ""name"": ""Nami""}"
ixelles,osm:node/11594654023,Bodja,restaurant,amenity=restaurant,,,50.8343224,4.3590023,,,,NO_WEBSITE,2026-08-19T11:30:10.603970+00:00,clean,,,"{""amenity"": ""restaurant"", ""name"": ""Bodja""}"
ixelles,osm:node/11594991769,C.A.D IXELLES,restaurant,amenity=restaurant,,,50.8295309,4.3758023,,,,NO_WEBSITE,2026-08-19T11:30:10.603970+00:00,clean,,,"{""amenity"": ""restaurant"", ""name"": ""C.A.D IXELLES""}"
ixelles,osm:node/11606542970,Nozomi,restaurant,amenity=restaurant,,,50.8090666,4.3696699,+32 2 259 17 10,https://nozomisushi.be/,,WEBSITE_PRESENT,2026-08-19T11:30:10.603970+00:00,clean,,,"{""amenity"": ""restaurant"", ""contact:phone"": ""+32 2 259 17 10"", ""contact:website"": ""https://nozomisushi.be/"", ""name"": ""Nozomi""}"
ixelles,osm:node/11618654795,The Break Time,fast-food,amenity=fast_food,,,50.8389842,4.3636359,+32 2 502 01 23,https://www.thebreaktime.be/,,WEBSITE_PRESENT,2026-08-19T11:30:10.603970+00:00,clean,,,"{""amenity"": ""fast_food"", ""contact:phone"": ""+32 2 502 01 23"", ""contact:website"": ""https://www.thebreaktime.be/"", ""name"": ""The Break Time""}"
ixelles,osm:node/11630611490,Koo koo,cafe,amenity=cafe,,,50.8258732,4.3544671,,,,NO_WEBSITE,2026-08-19T11:30:10.603970+00:00,clean,,,"{""amenity"": ""cafe"", ""name"": ""Koo koo""}"
ixelles,osm:node/11638726024,Grain Bakery,pastry-shops,shop=bakery,,,50.824076,4.360191,,,,NO_WEBSITE,2026-08-19T11:30:10.603970+00:00,clean,,,"{""name"": ""Grain Bakery"", ""shop"": ""bakery""}"
ixelles,osm:node/11649060382,L’Alchimiste,cafe,amenity=cafe,,,50.8238317,4.3433039,+32 2 534 69 14,https://alchimistecafe.be/,https://www.facebook.com/574866346279984,WEBSITE_PRESENT,2026-08-19T11:30:10.603970+00:00,clean,,,"{""amenity"": ""cafe"", ""contact:facebook"": ""https://www.facebook.com/574866346279984"", ""contact:instagram"": ""https://instagram.com/alchimiste.cafe"", ""contact:phone"": ""+32 2 534 69 14"", ""contact:website"": ""https://alchimistecafe.be/"", ""name"": ""L’Alchimiste""}"
ixelles,osm:node/11652211305,Snack Vanderkindere,fast-food,amenity=fast_food,,,50.813451,4.3475491,,,,NO_WEBSITE,2026-08-19T11:30:10.603970+00:00,clean,,,"{""amenity"": ""fast_food"", ""name"": ""Snack Vanderkindere""}"
ixelles,osm:node/11663750418,nénu,restaurant,amenity=restaurant,,,50.8342084,4.3548192,,https://www.nenu.be/,,WEBSITE_PRESENT,2026-08-19T11:30:10.603970+00:00,clean,,,"{""amenity"": ""restaurant"", ""contact:website"": ""https://www.nenu.be/"", ""name"": ""nénu""}"
ixelles,osm:node/11665985552,Levi's,clothing-store,shop=clothes,,,50.8368107,4.3587003,,,,NO_WEBSITE,2026-08-19T11:30:10.603970+00:00,clean,,,"{""brand"": ""Levi's"", ""name"": ""Levi's"", ""shop"": ""clothes""}"
ixelles,osm:node/11694883918,Farilu,pastry-shops,shop=bakery,,,50.8021901,4.4178564,,,,NO_WEBSITE,2026-08-19T11:30:10.603970+00:00,clean,,,"{""name"": ""Farilu"", ""shop"": ""bakery""}"
ixelles,osm:node/11708509869,O-Falafel,fast-food,amenity=fast_food,,,50.8358304,4.3451173,,,,NO_WEBSITE,2026-08-19T11:30:10.603970+00:00,clean,,,"{""amenity"": ""fast_food"", ""name"": ""O-Falafel""}"
ixelles,osm:node/11714929404,La maison by J.V.,beauty-salon,shop=hairdresser,,,50.8230311,4.3629999,,,,NO_WEBSITE,2026-08-19T11:30:10.603970+00:00,clean,,,"{""name"": ""La maison by J.V."", ""shop"": ""hairdresser""}"
ixelles,osm:node/11727704330,Le Buone Maniere,restaurant,amenity=restaurant,,,50.8382458,4.4018371,,https://www.buonemaniere.be,,WEBSITE_PRESENT,2026-08-19T11:30:10.603970+00:00,clean,,,"{""amenity"": ""restaurant"", ""contact:website"": ""https://www.buonemaniere.be"", ""name"": ""Le Buone Maniere""}"
ixelles,osm:node/11730308198,Makifornia Merode,restaurant,amenity=restaurant,,,50.839693,4.3994122,,https://www.makifornia.be,,WEBSITE_PRESENT,2026-08-19T11:30:10.603970+00:00,clean,,,"{""amenity"": ""restaurant"", ""contact:website"": ""https://www.makifornia.be"", ""name"": ""Makifornia Merode""}"
ixelles,osm:node/11734832558,Rubi,bars-pubs,amenity=bar,,,50.825382,4.3448342,,,,NO_WEBSITE,2026-08-19T11:30:10.603970+00:00,clean,,,"{""amenity"": ""bar"", ""name"": ""Rubi""}"
ixelles,osm:node/11762294204,Blanche,beauty-salon,shop=hairdresser,,,50.8299324,4.3906897,,,,NO_WEBSITE,2026-08-19T11:30:10.603970+00:00,clean,,,"{""name"": ""Blanche"", ""shop"": ""hairdresser""}"
ixelles,osm:node/11769557119,ibis Brussels Centre Châtelain,hotel,tourism=hotel,,,50.821302,4.3663209,+32 2 850 93 30,https://all.accor.com/hotel/B638/index.en.shtml,,WEBSITE_PRESENT,2026-08-19T11:30:10.603970+00:00,existing_duplicate,"source id, name/address, phone, or website matched existing listing",,"{""contact:phone"": ""+32 2 850 93 30"", ""contact:website"": ""https://all.accor.com/hotel/B638/index.en.shtml"", ""name"": ""ibis Brussels Centre Châtelain"", ""operator"": ""Accor"", ""tourism"": ""hotel""}"
ixelles,osm:node/11782546866,Pharmacie de la Cambre,pharmacy,amenity=pharmacy,,,50.8107039,4.3855299,+32 2 648 20 56,,,NO_WEBSITE,2026-08-19T11:30:10.603970+00:00,clean,,,"{""amenity"": ""pharmacy"", ""contact:phone"": ""+32 2 648 20 56"", ""healthcare"": ""pharmacy"", ""name"": ""Pharmacie de la Cambre""}"
ixelles,osm:node/11782644291,Banning,bars-pubs,amenity=bar,,,50.8190025,4.3833161,,,,NO_WEBSITE,2026-08-19T11:30:10.603970+00:00,clean,,,"{""amenity"": ""bar"", ""name"": ""Banning""}"
ixelles,osm:node/11786960992,Family Moda,clothing-store,shop=clothes,,,50.8308549,4.3896617,,,,NO_WEBSITE,2026-08-19T11:30:10.603970+00:00,clean,,,"{""name"": ""Family Moda"", ""shop"": ""clothes""}"
ixelles,osm:node/11786960994,Ici Sushi,restaurant,amenity=restaurant,,,50.8308005,4.3897385,,,,NO_WEBSITE,2026-08-19T11:30:10.603970+00:00,clean,,,"{""amenity"": ""restaurant"", ""name"": ""Ici Sushi""}"
ixelles,osm:node/11826337177,Ô Salon,beauty-salon,shop=hairdresser,,,50.8155008,4.367271,+32 2 646 26 30,,,NO_WEBSITE,2026-08-19T11:30:10.603970+00:00,clean,,,"{""contact:phone"": ""+32 2 646 26 30"", ""name"": ""Ô Salon"", ""shop"": ""hairdresser""}"
ixelles,osm:node/11830861911,Damas Gourmet,restaurant,amenity=restaurant,,,50.834059,4.402412,,,,NO_WEBSITE,2026-08-19T11:30:10.603970+00:00,clean,,,"{""amenity"": ""restaurant"", ""name"": ""Damas Gourmet""}"
ixelles,osm:node/11834674554,Dyossa,restaurant,amenity=restaurant,,,50.825508,4.3758172,,,,NO_WEBSITE,2026-08-19T11:30:10.603970+00:00,clean,,,"{""amenity"": ""restaurant"", ""name"": ""Dyossa""}"
ixelles,osm:node/11834674555,MetaForma Architecture,creative-services,office=architect,,,50.8254939,4.3757766,,,,NO_WEBSITE,2026-08-19T11:30:10.603970+00:00,clean,,,"{""name"": ""MetaForma Architecture"", ""office"": ""architect""}"
ixelles,osm:node/11840812397,Yayra,clothing-store,shop=clothes,,,50.8356138,4.3764169,,,https://www.instagram.com/yayra_concept_store/,SOCIAL_ONLY,2026-08-19T11:30:10.603970+00:00,clean,,,"{""contact:instagram"": ""https://www.instagram.com/yayra_concept_store/"", ""name"": ""Yayra"", ""shop"": ""clothes""}"
ixelles,osm:node/11840812400,Europ Car Centre,car-dealers,shop=car,,,50.8356143,4.3763187,+32 2 648 41 21,,,NO_WEBSITE,2026-08-19T11:30:10.603970+00:00,clean,,,"{""contact:phone"": ""+32 2 648 41 21"", ""name"": ""Europ Car Centre"", ""shop"": ""car""}"
ixelles,osm:node/11853936681,Centror – Goldrelay,jewelry-stores,shop=jewelry,,,50.8181728,4.3510246,,,,NO_WEBSITE,2026-08-19T11:30:10.603970+00:00,clean,,,"{""name"": ""Centror – Goldrelay"", ""shop"": ""jewelry""}"
ixelles,osm:node/11861918729,Bristol,shoe-stores,shop=shoes,,,50.829391,4.3920542,,,,NO_WEBSITE,2026-08-19T11:30:10.603970+00:00,clean,,,"{""name"": ""Bristol"", ""shop"": ""shoes""}"
ixelles,osm:node/11862171743,Chez Malou,restaurant,amenity=restaurant,,,50.8365606,4.366922,,https://www.chezmaloubomboka.com/,,WEBSITE_PRESENT,2026-08-19T11:30:10.603970+00:00,clean,,,"{""amenity"": ""restaurant"", ""contact:website"": ""https://www.chezmaloubomboka.com/"", ""name"": ""Chez Malou""}"
ixelles,osm:node/11865722877,L‘Atelier en ville,cafe,amenity=cafe,,,50.8341516,4.3579525,,http://ateliqi.cluster027.hosting.ovh.net/,,WEBSITE_PRESENT,2026-08-19T11:30:10.603970+00:00,clean,,,"{""amenity"": ""cafe"", ""contact:website"": ""http://ateliqi.cluster027.hosting.ovh.net/"", ""name"": ""L‘Atelier en ville""}"
ixelles,osm:node/11872413569,El Fontan,restaurant,amenity=restaurant,,,50.8378236,4.3492833,,https://elfontanbruselas.com/,,WEBSITE_PRESENT,2026-08-19T11:30:10.603970+00:00,clean,,,"{""amenity"": ""restaurant"", ""contact:website"": ""https://elfontanbruselas.com/"", ""name"": ""El Fontan""}"
ixelles,osm:node/11872416869,Centro Cabraliego,restaurant,amenity=restaurant,,,50.8379347,4.3494127,,,,NO_WEBSITE,2026-08-19T11:30:10.603970+00:00,clean,,,"{""amenity"": ""restaurant"", ""name"": ""Centro Cabraliego""}"
ixelles,osm:node/11879250161,Ukawa,cafe,amenity=cafe,,,50.8229075,4.3872487,,,,NO_WEBSITE,2026-08-19T11:30:10.603970+00:00,clean,,,"{""amenity"": ""cafe"", ""name"": ""Ukawa""}"
ixelles,osm:node/11884628043,Rascal’s cafe,restaurant,amenity=restaurant,,,50.8242631,4.3467689,,,https://www.instagram.com/rascals.bxl,SOCIAL_ONLY,2026-08-19T11:30:10.603970+00:00,clean,,,"{""amenity"": ""restaurant"", ""contact:instagram"": ""https://www.instagram.com/rascals.bxl"", ""name"": ""Rascal’s cafe""}"
ixelles,osm:node/11893047888,Dynamo – Bar de Soif,bars-pubs,amenity=pub,,,50.8228508,4.3428786,,,,NO_WEBSITE,2026-08-19T11:30:10.603970+00:00,clean,,,"{""amenity"": ""pub"", ""name"": ""Dynamo – Bar de Soif""}"
ixelles,osm:node/11893602153,Oscar Rasson,creative-services,craft=photographer,,,50.8296842,4.3594712,,https://www.oscarrasson.com/,https://www.instagram.com/oscarrasson,WEBSITE_PRESENT,2026-08-19T11:30:10.603970+00:00,clean,,,"{""contact:instagram"": ""https://www.instagram.com/oscarrasson"", ""contact:website"": ""https://www.oscarrasson.com/"", ""craft"": ""photographer"", ""name"": ""Oscar Rasson""}"
ixelles,osm:node/11896686069,La Vigne,restaurant,amenity=restaurant,,,50.8346731,4.3556133,+32 2 538 12 07,https://la-vigne.be/,,WEBSITE_PRESENT,2026-08-19T11:30:10.603970+00:00,clean,,,"{""amenity"": ""restaurant"", ""contact:phone"": ""+32 2 538 12 07"", ""contact:website"": ""https://la-vigne.be/"", ""name"": ""La Vigne""}"
ixelles,osm:node/11898211232,HLS Motor,car-dealers,shop=car,,,50.8341351,4.3842186,,,,NO_WEBSITE,2026-08-19T11:30:10.603970+00:00,clean,,,"{""name"": ""HLS Motor"", ""shop"": ""car""}"
ixelles,osm:node/11906755001,Quartz,restaurant,amenity=restaurant,,,50.8204297,4.3561802,,https://quartzrestaurant.be/,,WEBSITE_PRESENT,2026-08-19T11:30:10.603970+00:00,clean,,,"{""amenity"": ""restaurant"", ""contact:website"": ""https://quartzrestaurant.be/"", ""name"": ""Quartz""}"
ixelles,osm:node/11906881510,La Bastoche,restaurant,amenity=restaurant,,,50.8157404,4.3895001,,,,NO_WEBSITE,2026-08-19T11:30:10.603970+00:00,clean,,,"{""amenity"": ""restaurant"", ""name"": ""La Bastoche""}"
ixelles,osm:node/11908493274,Chambord,hotel,tourism=hotel,,,50.8391688,4.3616691,+32 2 548 99 10,https://www.hotel-chambord.be,,WEBSITE_PRESENT,2026-08-19T11:30:10.603970+00:00,clean,,,"{""contact:phone"": ""+32 2 548 99 10"", ""contact:website"": ""https://www.hotel-chambord.be"", ""name"": ""Chambord"", ""tourism"": ""hotel""}"
ixelles,osm:node/11910497038,Les Viviers,real-estate-agencies,office=estate_agent,,,50.8362362,4.4064336,,,,NO_WEBSITE,2026-08-19T11:30:10.603970+00:00,clean,,,"{""name"": ""Les Viviers"", ""office"": ""estate_agent""}"
ixelles,osm:node/11915784719,Ivan Thys,dentist,amenity=dentist,,,50.8357132,4.387631,+32 2 736 03 92,,,NO_WEBSITE,2026-08-19T11:30:10.603970+00:00,clean,,,"{""amenity"": ""dentist"", ""contact:phone"": ""+32 2 736 03 92"", ""healthcare"": ""dentist"", ""name"": ""Ivan Thys""}"
ixelles,osm:node/11915831080,Eubelius,legal-services,office=lawyer,,,50.8311525,4.359354,,https://www.eubelius.com,,WEBSITE_PRESENT,2026-08-19T11:30:10.603970+00:00,clean,,,"{""contact:website"": ""https://www.eubelius.com"", ""name"": ""Eubelius"", ""office"": ""lawyer""}"
ixelles,osm:node/11916085555,Lady Land Beauty Academy,beauty-salon,shop=beauty,,,50.8364462,4.3872449,,,,NO_WEBSITE,2026-08-19T11:30:10.603970+00:00,clean,,,"{""name"": ""Lady Land Beauty Academy"", ""shop"": ""beauty""}"
ixelles,osm:node/11916085556,Epilsoft,beauty-salon,shop=beauty,,,50.8363356,4.387394,,https://epilsoft.be/,,WEBSITE_PRESENT,2026-08-19T11:30:10.603970+00:00,clean,,,"{""contact:website"": ""https://epilsoft.be/"", ""name"": ""Epilsoft"", ""shop"": ""beauty""}"
ixelles,osm:node/11916890699,Atmosphere,clothing-store,shop=clothes,,,50.8303796,4.3904403,,,,NO_WEBSITE,2026-08-19T11:30:10.603970+00:00,clean,,,"{""name"": ""Atmosphere"", ""shop"": ""clothes""}"
ixelles,osm:node/11916890700,Angela Nails,beauty-salon,shop=beauty,,,50.8304209,4.3904185,,,,NO_WEBSITE,2026-08-19T11:30:10.603970+00:00,clean,,,"{""name"": ""Angela Nails"", ""shop"": ""beauty""}"
ixelles,osm:node/11919434079,Garnish,fast-food,amenity=fast_food,,,50.8218982,4.3875677,,,https://www.facebook.com/garnishcanteen,SOCIAL_ONLY,2026-08-19T11:30:10.603970+00:00,clean,,,"{""amenity"": ""fast_food"", ""contact:facebook"": ""https://www.facebook.com/garnishcanteen"", ""name"": ""Garnish""}"
ixelles,osm:node/11942492139,Top Nails,beauty-salon,shop=beauty,,,50.8288792,4.3706817,,,,NO_WEBSITE,2026-08-19T11:30:10.603970+00:00,clean,,,"{""name"": ""Top Nails"", ""shop"": ""beauty""}"
ixelles,osm:node/11951493222,La Place,bars-pubs,amenity=bar,,,50.8243529,4.3604657,,https://www.laplace33.be/,,WEBSITE_PRESENT,2026-08-19T11:30:10.603970+00:00,clean,,,"{""amenity"": ""bar"", ""name"": ""La Place"", ""website"": ""https://www.laplace33.be/""}"
ixelles,osm:node/11951887613,Pizzeria Nomèa,restaurant,amenity=restaurant,,,50.8140448,4.350043,+32 2 770 28 63,https://pizzerianomea2021.be/,,WEBSITE_PRESENT,2026-08-19T11:30:10.603970+00:00,clean,,,"{""amenity"": ""restaurant"", ""contact:phone"": ""+32 2 770 28 63"", ""contact:website"": ""https://pizzerianomea2021.be/"", ""name"": ""Pizzeria Nomèa""}"
ixelles,osm:node/11958111776,Dame Nature,beauty-salon,shop=beauty,,,50.8368552,4.3620661,,,,NO_WEBSITE,2026-08-19T11:30:10.603970+00:00,clean,,,"{""name"": ""Dame Nature"", ""shop"": ""beauty""}"
ixelles,osm:node/11963918069,Patisserie Nihoul,pastry-shops,shop=bakery,,,50.8245772,4.3684469,,,,NO_WEBSITE,2026-08-19T11:30:10.603970+00:00,clean,,,"{""name"": ""Patisserie Nihoul"", ""shop"": ""bakery""}"
ixelles,osm:node/11964649361,Ricardo's,restaurant,amenity=restaurant,,,50.8174293,4.3927114,,,,NO_WEBSITE,2026-08-19T11:30:10.603970+00:00,clean,,,"{""amenity"": ""restaurant"", ""name"": ""Ricardo's""}"
ixelles,osm:node/11964649362,La Parenthèse,bars-pubs,amenity=pub,,,50.8217003,4.3892532,,,,NO_WEBSITE,2026-08-19T11:30:10.603970+00:00,clean,,,"{""amenity"": ""pub"", ""name"": ""La Parenthèse""}"
ixelles,osm:node/11964899051,Le coiffeur des Tanneurs,beauty-salon,shop=hairdresser,,,50.8375958,4.3433339,,,,NO_WEBSITE,2026-08-19T11:30:10.603970+00:00,clean,,,"{""name"": ""Le coiffeur des Tanneurs"", ""shop"": ""hairdresser""}"
ixelles,osm:node/11964913841,Anas,pastry-shops,shop=bakery,,,50.8381146,4.345076,,,,NO_WEBSITE,2026-08-19T11:30:10.603970+00:00,clean,,,"{""name"": ""Anas"", ""shop"": ""bakery""}"
ixelles,osm:node/11964931043,Bio Bowls,cafe,amenity=cafe,,,50.8399757,4.3466117,,https://biobowls.be/,,WEBSITE_PRESENT,2026-08-19T11:30:10.603970+00:00,clean,,,"{""amenity"": ""cafe"", ""contact:website"": ""https://biobowls.be/"", ""name"": ""Bio Bowls""}"
ixelles,osm:node/11969362761,Utopia,beauty-salon,shop=hairdresser,,,50.8351513,4.387539,,,,NO_WEBSITE,2026-08-19T11:30:10.603970+00:00,clean,,,"{""name"": ""Utopia"", ""shop"": ""hairdresser""}"
ixelles,osm:node/11974638916,Century 21,real-estate-agencies,office=estate_agent,,,50.8202893,4.3418489,,,,NO_WEBSITE,2026-08-19T11:30:10.603970+00:00,clean,,,"{""name"": ""Century 21"", ""office"": ""estate_agent""}"
ixelles,osm:node/11974638918,Myimmo Altitude,real-estate-agencies,office=estate_agent,,,50.8191056,4.3413396,,,,NO_WEBSITE,2026-08-19T11:30:10.603970+00:00,clean,,,"{""name"": ""Myimmo Altitude"", ""office"": ""estate_agent""}"
ixelles,osm:node/11981463015,Unity Bookshop,bookstore,shop=books,,,50.8363893,4.380296,,https://www.unitybookshop.be/,,WEBSITE_PRESENT,2026-08-19T11:30:10.603970+00:00,clean,,,"{""contact:website"": ""https://www.unitybookshop.be/"", ""name"": ""Unity Bookshop"", ""shop"": ""books""}"
ixelles,osm:node/11991331722,Flamme,restaurant,amenity=restaurant,,,50.827167,4.349756,,,,NO_WEBSITE,2026-08-19T11:30:10.603970+00:00,clean,,,"{""amenity"": ""restaurant"", ""name"": ""Flamme""}"
ixelles,osm:node/12003997394,Twist'it,fast-food,amenity=fast_food,,,50.8248741,4.3545413,,,,NO_WEBSITE,2026-08-19T11:30:10.603970+00:00,clean,,,"{""amenity"": ""fast_food"", ""name"": ""Twist'it""}"
ixelles,osm:node/12020481772,Angels,beauty-salon,shop=hairdresser,,,50.8362829,4.3799196,,,,NO_WEBSITE,2026-08-19T11:30:10.603970+00:00,clean,,,"{""name"": ""Angels"", ""shop"": ""hairdresser""}"
ixelles,osm:node/12025833069,Mag-ueule,beauty-salon,shop=beauty,,,50.8333862,4.4014011,,https://www.mag-ueule.com/,,WEBSITE_PRESENT,2026-08-19T11:30:10.603970+00:00,clean,,,"{""contact:website"": ""https://www.mag-ueule.com/"", ""name"": ""Mag-ueule"", ""shop"": ""beauty""}"
ixelles,osm:node/12025833070,D by Déborah,beauty-salon,shop=beauty,,,50.8334376,4.4013843,,,,NO_WEBSITE,2026-08-19T11:30:10.603970+00:00,clean,,,"{""name"": ""D by Déborah"", ""shop"": ""beauty""}"
ixelles,osm:node/12029082992,La Piola Pizza,restaurant,amenity=restaurant,,,50.806936,4.3716323,,https://www.lapiolapizza.com/,,WEBSITE_PRESENT,2026-08-19T11:30:10.603970+00:00,clean,,,"{""amenity"": ""restaurant"", ""contact:website"": ""https://www.lapiolapizza.com/"", ""name"": ""La Piola Pizza""}"
ixelles,osm:node/12035949014,Jardin Secret,hotel,tourism=hotel,,,50.8359074,4.3617997,+32 2 510 83 40,https://jardinsecrethotel.be,,WEBSITE_PRESENT,2026-08-19T11:30:10.603970+00:00,clean,,,"{""contact:phone"": ""+32 2 510 83 40"", ""contact:website"": ""https://jardinsecrethotel.be"", ""name"": ""Jardin Secret"", ""tourism"": ""hotel""}"
ixelles,osm:node/12039707178,Le Jardin de Nicolas,restaurant,amenity=restaurant,,,50.8375334,4.4053845,+32 2 732 24 49,https://www.lejardindenicolas.be/,,WEBSITE_PRESENT,2026-08-19T11:30:10.603970+00:00,clean,,,"{""amenity"": ""restaurant"", ""contact:phone"": ""+32 2 732 24 49"", ""contact:website"": ""https://www.lejardindenicolas.be/"", ""name"": ""Le Jardin de Nicolas""}"
ixelles,osm:node/12050736669,Coco Brussels,restaurant,amenity=restaurant,,,50.8362331,4.3576258,,https://www.cocobrussels.com/,,WEBSITE_PRESENT,2026-08-19T11:30:10.603970+00:00,clean,,,"{""amenity"": ""restaurant"", ""contact:website"": ""https://www.cocobrussels.com/"", ""name"": ""Coco Brussels""}"
ixelles,osm:node/12058595904,Fabrik’tou,,amenity=public_bookcase,,,50.8189426,4.3426608,,,,NO_WEBSITE,2026-08-19T11:30:10.603970+00:00,clean,,no confident canonical category mapping,"{""amenity"": ""public_bookcase"", ""name"": ""Fabrik’tou""}"
ixelles,osm:node/12060936246,Le Berger,hotel,tourism=hotel,,,50.8357961,4.361768,,https://www.latroupe.com/en/latroupe-le-berger/hotel/,LeBergerHotel,WEBSITE_PRESENT,2026-08-19T11:30:10.603970+00:00,clean,,,"{""contact:facebook"": ""LeBergerHotel"", ""contact:instagram"": ""le.berger.hotel"", ""contact:website"": ""https://www.latroupe.com/en/latroupe-le-berger/hotel/"", ""name"": ""Le Berger"", ""tourism"": ""hotel""}"
ixelles,osm:node/12064917419,Fondation Universitaire - Universitaire Stichting,restaurant,amenity=restaurant,,,50.8389847,4.3655354,+32 2 545 04 00,https://universityfoundation.be/,,WEBSITE_PRESENT,2026-08-19T11:30:10.603970+00:00,clean,,,"{""amenity"": ""restaurant"", ""contact:phone"": ""+32 2 545 04 00"", ""contact:website"": ""https://universityfoundation.be/"", ""name"": ""Fondation Universitaire - Universitaire Stichting"", ""office"": ""foundation"", ""tourism"": ""hotel""}"
ixelles,osm:node/12072050085,La fiancée du bijoutier,jewelry-stores,shop=jewelry,,,50.836465,4.380628,,,,NO_WEBSITE,2026-08-19T11:30:10.603970+00:00,clean,,,"{""name"": ""La fiancée du bijoutier"", ""shop"": ""jewelry""}"
ixelles,osm:node/12073848396,Bibliopolis,bookstore,shop=books,,,50.8360729,4.3570006,,,,NO_WEBSITE,2026-08-19T11:30:10.603970+00:00,clean,,,"{""name"": ""Bibliopolis"", ""shop"": ""books""}"
ixelles,osm:node/12074122811,The Skull,bookstore,shop=books,,,50.8244018,4.3505047,,https://skullbd.com/,,WEBSITE_PRESENT,2026-08-19T11:30:10.603970+00:00,clean,,,"{""contact:website"": ""https://skullbd.com/"", ""name"": ""The Skull"", ""shop"": ""books""}"
ixelles,osm:node/12074173218,Café La Pompe,cafe,amenity=cafe,,,50.8258006,4.3467342,,https://cafelapompe.be/,,WEBSITE_PRESENT,2026-08-19T11:30:10.603970+00:00,clean,,,"{""amenity"": ""cafe"", ""contact:website"": ""https://cafelapompe.be/"", ""name"": ""Café La Pompe""}"
ixelles,osm:node/12074173219,Pizza mio,restaurant,amenity=restaurant,,,50.8243583,4.3499193,,,,NO_WEBSITE,2026-08-19T11:30:10.603970+00:00,clean,,,"{""amenity"": ""restaurant"", ""name"": ""Pizza mio""}"
ixelles,osm:node/12075152355,Le Louise Hotel Brussels,hotel,tourism=hotel,,,50.8360574,4.3573176,+32 2 514 22 00,https://www.le-louise-brussels.com/,,WEBSITE_PRESENT,2026-08-19T11:30:10.603970+00:00,clean,,,"{""brand"": ""MGallery"", ""contact:phone"": ""+32 2 514 22 00"", ""contact:website"": ""https://www.le-louise-brussels.com/"", ""name"": ""Le Louise Hotel Brussels"", ""tourism"": ""hotel""}"
ixelles,osm:node/12075186960,Pierstone,legal-services,office=lawyer,,,50.8369756,4.3593778,,,,NO_WEBSITE,2026-08-19T11:30:10.603970+00:00,clean,,,"{""name"": ""Pierstone"", ""office"": ""lawyer""}"
ixelles,osm:node/12075219608,Simon's,jewelry-stores,shop=jewelry,,,50.8361819,4.3571882,,,,NO_WEBSITE,2026-08-19T11:30:10.603970+00:00,clean,,,"{""name"": ""Simon's"", ""shop"": ""jewelry""}"
ixelles,osm:node/12075245293,Aubade,clothing-store,shop=clothes,,,50.8363756,4.3576124,,,,NO_WEBSITE,2026-08-19T11:30:10.603970+00:00,clean,,,"{""name"": ""Aubade"", ""shop"": ""clothes""}"
ixelles,osm:node/12075245294,Jott,clothing-store,shop=clothes,,,50.8363216,4.3574832,,,,NO_WEBSITE,2026-08-19T11:30:10.603970+00:00,clean,,,"{""name"": ""Jott"", ""shop"": ""clothes""}"
ixelles,osm:node/12083081043,Sophie Lee,beauty-salon,shop=hairdresser,,,50.8182588,4.4173068,+32 2 648 83 78,,,NO_WEBSITE,2026-08-19T11:30:10.603970+00:00,clean,,,"{""contact:phone"": ""+32 2 648 83 78"", ""name"": ""Sophie Lee"", ""shop"": ""hairdresser""}"
ixelles,osm:node/12088899659,Sushiria,restaurant,amenity=restaurant,,,50.8241749,4.3631487,,,,NO_WEBSITE,2026-08-19T11:30:10.603970+00:00,clean,,,"{""amenity"": ""restaurant"", ""name"": ""Sushiria""}"
ixelles,osm:node/12089272617,Bedemania,bookstore,shop=books,,,50.826605,4.3450338,,http://www.bedemania.com/,,WEBSITE_PRESENT,2026-08-19T11:30:10.603970+00:00,clean,,,"{""contact:website"": ""http://www.bedemania.com/"", ""name"": ""Bedemania"", ""shop"": ""books""}"
ixelles,osm:node/12089281637,Baran,pastry-shops,shop=bakery,,,50.8281437,4.3423264,,,,NO_WEBSITE,2026-08-19T11:30:10.603970+00:00,clean,,,"{""name"": ""Baran"", ""shop"": ""bakery""}"
ixelles,osm:node/12090269465,Layali al Cham 2,fast-food,amenity=fast_food,,,50.8337908,4.3660352,,,,NO_WEBSITE,2026-08-19T11:30:10.603970+00:00,clean,,,"{""amenity"": ""fast_food"", ""name"": ""Layali al Cham 2""}"
ixelles,osm:node/12097053564,Sofitel Brussels Europe,hotel,tourism=hotel,,,50.8378292,4.3811942,+32 2 235 51 00,https://www.sofitel.com,,WEBSITE_PRESENT,2026-08-19T11:30:10.603970+00:00,clean,,,"{""brand"": ""Sofitel"", ""contact:phone"": ""+32 2 235 51 00"", ""contact:website"": ""https://www.sofitel.com"", ""name"": ""Sofitel Brussels Europe"", ""operator"": ""Accor"", ""tourism"": ""hotel""}"
ixelles,osm:node/12100175905,Umbe coiffure,beauty-salon,shop=hairdresser,,,50.8135281,4.3412764,,,,NO_WEBSITE,2026-08-19T11:30:10.603970+00:00,clean,,,"{""name"": ""Umbe coiffure"", ""shop"": ""hairdresser""}"
ixelles,osm:node/12101870246,Librairie Chimères,bookstore,shop=books,,,50.8223924,4.3883817,+32 2 217 58 86,https://www.librairie-chimeres.be,librairie.chimeres,WEBSITE_PRESENT,2026-08-19T11:30:10.603970+00:00,clean,,,"{""contact:facebook"": ""librairie.chimeres"", ""contact:instagram"": ""librairie.chimeres"", ""contact:phone"": ""+32 2 217 58 86"", ""contact:website"": ""https://www.librairie-chimeres.be"", ""name"": ""Librairie Chimères"", ""shop"": ""books""}"
ixelles,osm:node/12104249711,Les Bluets,hotel,tourism=hotel,,,50.8321804,4.3506513,+32 2 534 39 83,http://www.bluets.be,,WEBSITE_PRESENT,2026-08-19T11:30:10.603970+00:00,clean,,,"{""contact:phone"": ""+32 2 534 39 83"", ""contact:website"": ""http://www.bluets.be"", ""name"": ""Les Bluets"", ""tourism"": ""hotel""}"
ixelles,osm:node/12116622995,Le Pain De Soleil,fast-food,amenity=fast_food,,,50.823222,4.3873813,,,,NO_WEBSITE,2026-08-19T11:30:10.603970+00:00,clean,,,"{""amenity"": ""fast_food"", ""name"": ""Le Pain De Soleil""}"
ixelles,osm:node/12117958286,Trident,dentist,amenity=dentist,,,50.8198963,4.4117198,,,,NO_WEBSITE,2026-08-19T11:30:10.603970+00:00,clean,,,"{""amenity"": ""dentist"", ""healthcare"": ""dentist"", ""name"": ""Trident""}"
ixelles,osm:node/12118006633,Anthony C.,beauty-salon,shop=hairdresser,,,50.8200147,4.4120581,,,,NO_WEBSITE,2026-08-19T11:30:10.603970+00:00,clean,,,"{""name"": ""Anthony C."", ""shop"": ""hairdresser""}"
ixelles,osm:node/12123264273,Rose & Van Geluwe,clothing-store,shop=clothes,,,50.8362606,4.4063363,+32 2 735 78 00,https://www.rvg.brussels/,,WEBSITE_PRESENT,2026-08-19T11:30:10.603970+00:00,clean,,,"{""contact:phone"": ""+32 2 735 78 00"", ""name"": ""Rose & Van Geluwe"", ""shop"": ""clothes"", ""website"": ""https://www.rvg.brussels/""}"
ixelles,osm:node/12124943477,Citybox Brussels,hotel,tourism=hotel,,,50.8331194,4.356473,+32 2 633 20 55,https://cityboxhotels.com/hotels/brussels/citybox-brussels,,WEBSITE_PRESENT,2026-08-19T11:30:10.603970+00:00,clean,,,"{""brand"": ""Citybox"", ""contact:phone"": ""+32 2 633 20 55"", ""contact:website"": ""https://cityboxhotels.com/hotels/brussels/citybox-brussels"", ""name"": ""Citybox Brussels"", ""tourism"": ""hotel""}"
ixelles,osm:node/12135994288,Damascus House,restaurant,amenity=restaurant,,,50.8187173,4.3794805,,,,NO_WEBSITE,2026-08-19T11:30:10.603970+00:00,clean,,,"{""amenity"": ""restaurant"", ""name"": ""Damascus House""}"
ixelles,osm:node/12140099648,Cent Vingt Huit,clothing-store,shop=clothes,,,50.8382564,4.3480504,,,,NO_WEBSITE,2026-08-19T11:30:10.603970+00:00,clean,,,"{""name"": ""Cent Vingt Huit"", ""shop"": ""clothes""}"
ixelles,osm:node/12142623912,The Coffee,cafe,amenity=cafe,,,50.8348381,4.3555553,,https://thecoffee.jp/shortcut/belgium/bruxelas/the-coffee-toison-dor,,WEBSITE_PRESENT,2026-08-19T11:30:10.603970+00:00,clean,,,"{""amenity"": ""cafe"", ""contact:website"": ""https://thecoffee.jp/shortcut/belgium/bruxelas/the-coffee-toison-dor"", ""name"": ""The Coffee""}"
ixelles,osm:node/12142631742,Scopa,restaurant,amenity=restaurant,,,50.8348046,4.3554754,,https://scopafoca.it/,https://facebook.com/Scopafocacceria,WEBSITE_PRESENT,2026-08-19T11:30:10.603970+00:00,clean,,,"{""amenity"": ""restaurant"", ""contact:facebook"": ""https://facebook.com/Scopafocacceria"", ""contact:instagram"": ""scopa_focacceria"", ""name"": ""Scopa"", ""website"": ""https://scopafoca.it/""}"
ixelles,osm:node/12147655710,Michel Antoine,,shop=carpet,,,50.8205274,4.3769953,,https://www.michelantoine.be/,,WEBSITE_PRESENT,2026-08-19T11:30:10.603970+00:00,clean,,no confident canonical category mapping,"{""contact:website"": ""https://www.michelantoine.be/"", ""name"": ""Michel Antoine"", ""shop"": ""carpet""}"
ixelles,osm:node/12147659140,Chez Sun,restaurant,amenity=restaurant,,,50.8307657,4.389387,,,,NO_WEBSITE,2026-08-19T11:30:10.603970+00:00,clean,,,"{""amenity"": ""restaurant"", ""name"": ""Chez Sun""}"
ixelles,osm:node/12147860526,art'emi,jewelry-stores,shop=jewelry,,,50.8149996,4.3556632,,https://www.artemi.be/,,WEBSITE_PRESENT,2026-08-19T11:30:10.603970+00:00,clean,,,"{""contact:website"": ""https://www.artemi.be/"", ""name"": ""art'emi"", ""shop"": ""jewelry""}"
ixelles,osm:node/12168695097,VUB-restaurant,restaurant,amenity=restaurant,,,50.8217284,4.3958518,+32 2 629 33 53,https://www.vub.be/nl/dienstverlening-op-de-vub-campus-etterbeek-en-jette/lekker-eten-op-de-vub-campus/vub-resto-op-campus-etterbeek,,WEBSITE_PRESENT,2026-08-19T11:30:10.603970+00:00,clean,,,"{""amenity"": ""restaurant"", ""contact:phone"": ""+32 2 629 33 53"", ""contact:website"": ""https://www.vub.be/nl/dienstverlening-op-de-vub-campus-etterbeek-en-jette/lekker-eten-op-de-vub-campus/vub-resto-op-campus-etterbeek"", ""name"": ""VUB-restaurant""}"
ixelles,osm:node/12170034869,Dadi,beauty-salon,shop=hairdresser,,,50.8141679,4.3477961,,,,NO_WEBSITE,2026-08-19T11:30:10.603970+00:00,clean,,,"{""name"": ""Dadi"", ""shop"": ""hairdresser""}"
ixelles,osm:node/12172287367,La Quincaillerie,restaurant,amenity=restaurant,,,50.8231282,4.3583306,+32 2 533 98 33,https://quincaillerie.be/,LaQuincaillerieBrussels,WEBSITE_PRESENT,2026-08-19T11:30:10.603970+00:00,clean,,,"{""amenity"": ""restaurant"", ""contact:facebook"": ""LaQuincaillerieBrussels"", ""contact:instagram"": ""laquincaillerie.be"", ""contact:phone"": ""+32 2 533 98 33"", ""contact:website"": ""https://quincaillerie.be/"", ""name"": ""La Quincaillerie""}"
ixelles,osm:node/12173735214,Ciccio,restaurant,amenity=restaurant,,,50.8261566,4.3701608,,https://www.cicciomatto.com,,WEBSITE_PRESENT,2026-08-19T11:30:10.603970+00:00,clean,,,"{""amenity"": ""restaurant"", ""contact:website"": ""https://www.cicciomatto.com"", ""name"": ""Ciccio""}"
ixelles,osm:node/12181771787,Spuntino,restaurant,amenity=restaurant,,,50.8384406,4.3727543,,,,NO_WEBSITE,2026-08-19T11:30:10.603970+00:00,clean,,,"{""amenity"": ""restaurant"", ""name"": ""Spuntino""}"
ixelles,osm:node/12181786179,Leopold Cafe Presse,cafe,amenity=cafe,,,50.8382356,4.362913,,https://leopoldcafepresse.com/,,WEBSITE_PRESENT,2026-08-19T11:30:10.603970+00:00,clean,,,"{""amenity"": ""cafe"", ""contact:website"": ""https://leopoldcafepresse.com/"", ""name"": ""Leopold Cafe Presse""}"
ixelles,osm:node/12181800660,Asia Extra,restaurant,amenity=restaurant,,,50.8398329,4.372283,,,,NO_WEBSITE,2026-08-19T11:30:10.603970+00:00,clean,,,"{""amenity"": ""restaurant"", ""name"": ""Asia Extra""}"
ixelles,osm:node/12188249125,ElectroGym,gym,leisure=fitness_centre,,,50.8390758,4.4015662,,,,NO_WEBSITE,2026-08-19T11:30:10.603970+00:00,clean,,,"{""leisure"": ""fitness_centre"", ""name"": ""ElectroGym""}"
ixelles,osm:node/12188249126,Callens,legal-services,office=lawyer,,,50.8391792,4.4011762,,,,NO_WEBSITE,2026-08-19T11:30:10.603970+00:00,clean,,,"{""name"": ""Callens"", ""office"": ""lawyer""}"
ixelles,osm:node/12194100441,Presses Universitaires de Bruxelles,bookstore,shop=books,,,50.8138151,4.3837005,,https://www.ulb.ac.be/pub,,WEBSITE_PRESENT,2026-08-19T11:30:10.603970+00:00,clean,,,"{""contact:website"": ""https://www.ulb.ac.be/pub"", ""name"": ""Presses Universitaires de Bruxelles"", ""shop"": ""books""}"
ixelles,osm:node/12195292596,Le Charbon,restaurant,amenity=restaurant,,,50.8334941,4.3454794,,,https://www.instagram.com/charbon_bruxelles,SOCIAL_ONLY,2026-08-19T11:30:10.603970+00:00,clean,,,"{""amenity"": ""restaurant"", ""contact:instagram"": ""https://www.instagram.com/charbon_bruxelles"", ""name"": ""Le Charbon""}"
ixelles,osm:node/12198785775,Venizi,jewelry-stores,shop=jewelry,,,50.8139428,4.3473784,,,,NO_WEBSITE,2026-08-19T11:30:10.603970+00:00,clean,,,"{""name"": ""Venizi"", ""shop"": ""jewelry""}"
ixelles,osm:node/12198805086,Le Jump,cafe,amenity=cafe,,,50.8137664,4.3471637,,,,NO_WEBSITE,2026-08-19T11:30:10.603970+00:00,clean,,,"{""amenity"": ""cafe"", ""name"": ""Le Jump""}"
ixelles,osm:node/12202464491,Leopold Cafe Presse,cafe,amenity=cafe,,,50.8314274,4.3601085,,https://leopoldcafepresse.com,,WEBSITE_PRESENT,2026-08-19T11:30:10.603970+00:00,clean,,,"{""amenity"": ""cafe"", ""name"": ""Leopold Cafe Presse"", ""website"": ""https://leopoldcafepresse.com""}"
ixelles,osm:node/12204839628,Manga Sushi,restaurant,amenity=restaurant,,,50.8136948,4.3452799,,,,NO_WEBSITE,2026-08-19T11:30:10.603970+00:00,clean,,,"{""amenity"": ""restaurant"", ""name"": ""Manga Sushi""}"
ixelles,osm:node/12206585887,Caruso,restaurant,amenity=restaurant,,,50.818129,4.4187353,,,,NO_WEBSITE,2026-08-19T11:30:10.603970+00:00,clean,,,"{""amenity"": ""restaurant"", ""name"": ""Caruso""}"
ixelles,osm:node/12206642525,Restaurant Tennis Club du Bois de la Cambre,restaurant,amenity=restaurant,,,50.8072217,4.3920744,,https://www.boisdelacambre.be/index.php/le-restaurant,,WEBSITE_PRESENT,2026-08-19T11:30:10.603970+00:00,clean,,,"{""amenity"": ""restaurant"", ""contact:website"": ""https://www.boisdelacambre.be/index.php/le-restaurant"", ""name"": ""Restaurant Tennis Club du Bois de la Cambre""}"
ixelles,osm:node/12209975937,Stock de marques,clothing-store,shop=clothes,,,50.8255339,4.3592005,,,,NO_WEBSITE,2026-08-19T11:30:10.603970+00:00,clean,,,"{""name"": ""Stock de marques"", ""shop"": ""clothes""}"
ixelles,osm:node/12210003232,Café Costume,clothing-store,shop=clothes,,,50.8224471,4.3633794,,https://cafecostume.com/fr/costume-ixelles/,,WEBSITE_PRESENT,2026-08-19T11:30:10.603970+00:00,clean,,,"{""contact:website"": ""https://cafecostume.com/fr/costume-ixelles/"", ""name"": ""Café Costume"", ""shop"": ""clothes""}"
ixelles,osm:node/12211778975,Sinsenn,restaurant,amenity=restaurant,,,50.8313496,4.3432587,,https://sinsenncuisine.be/,,WEBSITE_PRESENT,2026-08-19T11:30:10.603970+00:00,clean,,,"{""amenity"": ""restaurant"", ""contact:website"": ""https://sinsenncuisine.be/"", ""name"": ""Sinsenn""}"
ixelles,osm:node/12212854993,De Hoef 1627,restaurant,amenity=restaurant,,,50.8062555,4.3578449,+32 2 374 34 17,https://www.dehoef-1627.com/,,WEBSITE_PRESENT,2026-08-19T11:30:10.603970+00:00,clean,,,"{""amenity"": ""restaurant"", ""contact:phone"": ""+32 2 374 34 17"", ""contact:website"": ""https://www.dehoef-1627.com/"", ""name"": ""De Hoef 1627""}"
ixelles,osm:node/12213680222,Bon Université,fast-food,amenity=fast_food,,,50.8153806,4.3894149,+32 2 514 39 07,https://bonwithlove.com/,,WEBSITE_PRESENT,2026-08-19T11:30:10.603970+00:00,clean,,,"{""amenity"": ""fast_food"", ""contact:phone"": ""+32 2 514 39 07"", ""contact:website"": ""https://bonwithlove.com/"", ""name"": ""Bon Université"", ""operator"": ""Bon""}"
ixelles,osm:node/12222861503,Stella Coffee Bar,cafe,amenity=cafe,,,50.8310344,4.3561678,,https://stellacoffeebar.wixsite.com/stellacoffeebar,,WEBSITE_PRESENT,2026-08-19T11:30:10.603970+00:00,clean,,,"{""amenity"": ""cafe"", ""name"": ""Stella Coffee Bar"", ""website"": ""https://stellacoffeebar.wixsite.com/stellacoffeebar""}"
ixelles,osm:node/12223128404,Coffee Lab,cafe,amenity=cafe,,,50.8340215,4.3679905,,https://alchemistscoffee.com,,WEBSITE_PRESENT,2026-08-19T11:30:10.603970+00:00,clean,,,"{""amenity"": ""cafe"", ""name"": ""Coffee Lab"", ""website"": ""https://alchemistscoffee.com""}"
ixelles,osm:node/12224005969,Frank.,restaurant,amenity=restaurant,,,50.8329532,4.3567824,,https://www.frank.brussels/,,WEBSITE_PRESENT,2026-08-19T11:30:10.603970+00:00,clean,,,"{""amenity"": ""restaurant"", ""contact:website"": ""https://www.frank.brussels/"", ""name"": ""Frank.""}"
ixelles,osm:node/12230060661,Esquisse,jewelry-stores,shop=jewelry,,,50.8369818,4.4058474,,https://www.esquissejewels.com/,,WEBSITE_PRESENT,2026-08-19T11:30:10.603970+00:00,clean,,,"{""contact:website"": ""https://www.esquissejewels.com/"", ""name"": ""Esquisse"", ""shop"": ""jewelry""}"
ixelles,osm:node/12231385582,La Cité du Dragon,restaurant,amenity=restaurant,,,50.8004808,4.3751431,+32 2 375 80 80,https://citedudragon.be/brussels/fr/,,WEBSITE_PRESENT,2026-08-19T11:30:10.603970+00:00,clean,,,"{""amenity"": ""restaurant"", ""contact:phone"": ""+32 2 375 80 80"", ""contact:website"": ""https://citedudragon.be/brussels/fr/"", ""name"": ""La Cité du Dragon""}"
ixelles,osm:node/12238588867,Snack Grillade Rubens,restaurant,amenity=restaurant,,,50.8326649,4.4031588,,,,NO_WEBSITE,2026-08-19T11:30:10.603970+00:00,clean,,,"{""amenity"": ""restaurant"", ""name"": ""Snack Grillade Rubens""}"
ixelles,osm:node/12238588868,FreshMed,supermarkets,shop=supermarket,,,50.8322429,4.4036728,+32 2 736 05 28,,,NO_WEBSITE,2026-08-19T11:30:10.603970+00:00,clean,,,"{""contact:phone"": ""+32 2 736 05 28"", ""name"": ""FreshMed"", ""shop"": ""supermarket""}"
ixelles,osm:node/12238588870,Pharmacie du Rinsdelle,pharmacy,amenity=pharmacy,,,50.8338047,4.3962133,+32 2 736 21 01,,,NO_WEBSITE,2026-08-19T11:30:10.603970+00:00,clean,,,"{""amenity"": ""pharmacy"", ""contact:phone"": ""+32 2 736 21 01"", ""healthcare"": ""pharmacy"", ""name"": ""Pharmacie du Rinsdelle""}"
ixelles,osm:node/12238588873,Les Fontaines,bars-pubs,amenity=pub,,,50.8367275,4.396251,,,,NO_WEBSITE,2026-08-19T11:30:10.603970+00:00,clean,,,"{""amenity"": ""pub"", ""name"": ""Les Fontaines""}"
ixelles,osm:node/12238620493,Etcetera,bars-pubs,amenity=bar,,,50.8316747,4.3856828,,https://etc.cafe/,,WEBSITE_PRESENT,2026-08-19T11:30:10.603970+00:00,clean,,,"{""amenity"": ""bar"", ""contact:website"": ""https://etc.cafe/"", ""name"": ""Etcetera""}"
ixelles,osm:node/12241594667,Velvet Shop,clothing-store,shop=clothes,,,50.8151221,4.3887424,+32 2 219 51 29,https://www.velvetshop.be/,,WEBSITE_PRESENT,2026-08-19T11:30:10.603970+00:00,clean,,,"{""contact:phone"": ""+32 2 219 51 29"", ""contact:website"": ""https://www.velvetshop.be/"", ""name"": ""Velvet Shop"", ""shop"": ""clothes""}"
ixelles,osm:node/12241653090,G-Spud,restaurant,amenity=restaurant,,,50.8347288,4.3552941,+32 2 538 05 08,https://www.g-spud.com/,,WEBSITE_PRESENT,2026-08-19T11:30:10.603970+00:00,clean,,,"{""amenity"": ""restaurant"", ""contact:phone"": ""+32 2 538 05 08"", ""contact:website"": ""https://www.g-spud.com/"", ""name"": ""G-Spud""}"
ixelles,osm:node/12242055161,Renault,car-dealers,shop=car,,,50.8180695,4.3950087,,,,NO_WEBSITE,2026-08-19T11:30:10.603970+00:00,clean,,,"{""brand"": ""Renault"", ""name"": ""Renault"", ""shop"": ""car""}"
ixelles,osm:node/12242087375,Ashida Junko,beauty-salon,shop=hairdresser,,,50.8227662,4.3633425,,,,NO_WEBSITE,2026-08-19T11:30:10.603970+00:00,clean,,,"{""name"": ""Ashida Junko"", ""shop"": ""hairdresser""}"
ixelles,osm:node/12242092066,Particule,cafe,amenity=cafe,,,50.826512,4.3507489,,,,NO_WEBSITE,2026-08-19T11:30:10.603970+00:00,clean,,,"{""amenity"": ""cafe"", ""name"": ""Particule""}"
ixelles,osm:node/12242117558,Cabinet vétérinaire du Chant d'Oiseau,veterinary,amenity=veterinary,,,50.8252082,4.4158964,+32 2 675 44 47,http://www.veterinaireschantdoiseau.be,,WEBSITE_PRESENT,2026-08-19T11:30:10.603970+00:00,clean,,,"{""amenity"": ""veterinary"", ""contact:phone"": ""+32 2 675 44 47"", ""contact:website"": ""http://www.veterinaireschantdoiseau.be"", ""name"": ""Cabinet vétérinaire du Chant d'Oiseau"", ""operator"": ""Natacha Lebrun""}"
ixelles,osm:node/12253455284,Bouvy,clothing-store,shop=clothes,,,50.8356897,4.3559639,,,,NO_WEBSITE,2026-08-19T11:30:10.603970+00:00,clean,,,"{""name"": ""Bouvy"", ""shop"": ""clothes""}"
ixelles,osm:node/12253471849,Maybe,clothing-store,shop=clothes,,,50.8354402,4.3565423,,,,NO_WEBSITE,2026-08-19T11:30:10.603970+00:00,clean,,,"{""name"": ""Maybe"", ""shop"": ""clothes""}"
ixelles,osm:node/12253478190,La maison de l'or,jewelry-stores,shop=jewelry,,,50.8356749,4.3562671,,,,NO_WEBSITE,2026-08-19T11:30:10.603970+00:00,clean,,,"{""name"": ""La maison de l'or"", ""shop"": ""jewelry""}"
ixelles,osm:node/12253478655,Brunch run,fast-food,amenity=fast_food,,,50.8354864,4.3564936,,,,NO_WEBSITE,2026-08-19T11:30:10.603970+00:00,clean,,,"{""amenity"": ""fast_food"", ""name"": ""Brunch run""}"
ixelles,osm:node/12253497552,Diplomats Suits,clothing-store,shop=clothes,,,50.8359344,4.3571783,,,,NO_WEBSITE,2026-08-19T11:30:10.603970+00:00,clean,,,"{""name"": ""Diplomats Suits"", ""shop"": ""clothes""}"
ixelles,osm:node/12253512343,Crossword,clothing-store,shop=clothes,,,50.8359017,4.3572412,,,,NO_WEBSITE,2026-08-19T11:30:10.603970+00:00,clean,,,"{""name"": ""Crossword"", ""shop"": ""clothes""}"
ixelles,osm:node/12253517541,Bexley,clothing-store,shop=clothes,,,50.8355697,4.3564009,,,,NO_WEBSITE,2026-08-19T11:30:10.603970+00:00,clean,,,"{""name"": ""Bexley"", ""shop"": ""clothes""}"
ixelles,osm:node/12253517542,Joaillerie Royale,jewelry-stores,shop=jewelry,,,50.8353677,4.3566471,,,,NO_WEBSITE,2026-08-19T11:30:10.603970+00:00,clean,,,"{""name"": ""Joaillerie Royale"", ""shop"": ""jewelry""}"
ixelles,osm:node/12253523041,Little Louisa,clothing-store,shop=clothes,,,50.8360266,4.3572228,,,,NO_WEBSITE,2026-08-19T11:30:10.603970+00:00,clean,,,"{""name"": ""Little Louisa"", ""shop"": ""clothes""}"
ixelles,osm:node/12253524796,Munsters & Bostanci,jewelry-stores,shop=jewelry,,,50.8360849,4.3571648,,,,NO_WEBSITE,2026-08-19T11:30:10.603970+00:00,clean,,,"{""name"": ""Munsters & Bostanci"", ""shop"": ""jewelry""}"
ixelles,osm:node/12253528806,Afro Diamond,beauty-salon,shop=hairdresser,,,50.8354455,4.3568431,,,,NO_WEBSITE,2026-08-19T11:30:10.603970+00:00,clean,,,"{""name"": ""Afro Diamond"", ""shop"": ""hairdresser""}"
ixelles,osm:node/12265585676,Hotel Barsey by Warwick,hotel,tourism=hotel,,,50.8204182,4.3697571,+32 2 641 51 30,https://www.warwickhotels.com/hotel-barsey-by-warwick,,WEBSITE_PRESENT,2026-08-19T11:30:10.603970+00:00,clean,,,"{""brand"": ""Warwick"", ""contact:phone"": ""+32 2 641 51 30"", ""contact:website"": ""https://www.warwickhotels.com/hotel-barsey-by-warwick"", ""name"": ""Hotel Barsey by Warwick"", ""operator"": ""Warwick"", ""tourism"": ""hotel""}"
ixelles,osm:node/12271484640,Seed,restaurant,amenity=restaurant,,,50.8262605,4.3546282,,,https://www.instagram.com/seedbaracouscous,SOCIAL_ONLY,2026-08-19T11:30:10.603970+00:00,clean,,,"{""amenity"": ""restaurant"", ""contact:instagram"": ""https://www.instagram.com/seedbaracouscous"", ""name"": ""Seed""}"
ixelles,osm:node/12281656446,L’Atelier Croquant,fast-food,amenity=fast_food,,,50.838501,4.4123808,,,,NO_WEBSITE,2026-08-19T11:30:10.603970+00:00,clean,,,"{""amenity"": ""fast_food"", ""name"": ""L’Atelier Croquant""}"
ixelles,osm:node/12285911046,Brood,pastry-shops,shop=bakery,,,50.8180226,4.352897,,https://www.instagram.com/broodboulangerie,,WEBSITE_PRESENT,2026-08-19T11:30:10.603970+00:00,existing_duplicate,"source id, name/address, phone, or website matched existing listing",,"{""name"": ""Brood"", ""shop"": ""bakery"", ""website"": ""https://www.instagram.com/broodboulangerie""}"
ixelles,osm:node/12292784001,Yangguofu Malatang,restaurant,amenity=restaurant,,,50.835825,4.363919,,,,NO_WEBSITE,2026-08-19T11:30:10.603970+00:00,clean,,,"{""amenity"": ""restaurant"", ""name"": ""Yangguofu Malatang""}"
ixelles,osm:node/12293867666,Civico 6,restaurant,amenity=restaurant,,,50.8137896,4.3482545,,https://www.civico6-pizzeria.be/en/,,WEBSITE_PRESENT,2026-08-19T11:30:10.603970+00:00,clean,,,"{""amenity"": ""restaurant"", ""contact:website"": ""https://www.civico6-pizzeria.be/en/"", ""name"": ""Civico 6""}"
ixelles,osm:node/12293895143,Cygnes,cafe,amenity=cafe,,,50.8287225,4.3731323,,,,NO_WEBSITE,2026-08-19T11:30:10.603970+00:00,clean,,,"{""amenity"": ""cafe"", ""name"": ""Cygnes""}"
ixelles,osm:node/12304419236,Café Belga,cafe,amenity=cafe,,,50.8270373,4.3726001,+32 2 640 35 08,,cafebelgabrussels,SOCIAL_ONLY,2026-08-19T11:30:10.603970+00:00,clean,,,"{""amenity"": ""cafe"", ""contact:facebook"": ""cafebelgabrussels"", ""contact:phone"": ""+32 2 640 35 08"", ""name"": ""Café Belga""}"
ixelles,osm:node/12307208467,Okay City,supermarkets,shop=supermarket,,,50.8236517,4.3681675,+32 2 616 78 69,https://www.okay.be/fr/nos-magasins/okay-city-ixelles-av-louise,,WEBSITE_PRESENT,2026-08-19T11:30:10.603970+00:00,existing_duplicate,"source id, name/address, phone, or website matched existing listing",,"{""brand"": ""Okay"", ""contact:phone"": ""+32 2 616 78 69"", ""contact:website"": ""https://www.okay.be/fr/nos-magasins/okay-city-ixelles-av-louise"", ""name"": ""Okay City"", ""shop"": ""supermarket""}"
ixelles,osm:node/12309549642,Le Pilea,restaurant,amenity=restaurant,,,50.8117012,4.3572662,,https://lepilea.be,,WEBSITE_PRESENT,2026-08-19T11:30:10.603970+00:00,clean,,,"{""amenity"": ""restaurant"", ""name"": ""Le Pilea"", ""website"": ""https://lepilea.be""}"
ixelles,osm:node/12320541845,Don Antonio,restaurant,amenity=restaurant,,,50.839531,4.400814,,,,NO_WEBSITE,2026-08-19T11:30:10.603970+00:00,clean,,,"{""amenity"": ""restaurant"", ""name"": ""Don Antonio""}"
ixelles,osm:node/12325494870,Demain Sélection,clothing-store,shop=clothes,,,50.8283606,4.3632859,,https://demainselection.com,,WEBSITE_PRESENT,2026-08-19T11:30:10.603970+00:00,clean,,,"{""contact:website"": ""https://demainselection.com"", ""name"": ""Demain Sélection"", ""shop"": ""clothes""}"
ixelles,osm:node/12335442556,Cobra Jaune,cafe,amenity=cafe,,,50.8386939,4.3416099,,,,NO_WEBSITE,2026-08-19T11:30:10.603970+00:00,clean,,,"{""amenity"": ""cafe"", ""name"": ""Cobra Jaune""}"
ixelles,osm:node/12335442557,Iberia,cafe,amenity=cafe,,,50.838627,4.3416247,,,,NO_WEBSITE,2026-08-19T11:30:10.603970+00:00,clean,,,"{""amenity"": ""cafe"", ""name"": ""Iberia""}"
ixelles,osm:node/12342300278,Beverly Hills,hotel,tourism=hotel,,,50.8341914,4.3605316,+32 2 513 22 22,https://www.hotelbeverlyhills.be/,,WEBSITE_PRESENT,2026-08-19T11:30:10.603970+00:00,clean,,,"{""contact:phone"": ""+32 2 513 22 22"", ""contact:website"": ""https://www.hotelbeverlyhills.be/"", ""name"": ""Beverly Hills"", ""tourism"": ""hotel""}"
ixelles,osm:node/12345723059,Victoire Junot,real-estate-agencies,office=estate_agent,,,50.8179394,4.3525161,+32 2 375 10 20,https://www.victoire.be/fr/,https://www.instagram.com/victoire_junot/,WEBSITE_PRESENT,2026-08-19T11:30:10.603970+00:00,clean,,,"{""contact:instagram"": ""https://www.instagram.com/victoire_junot/"", ""contact:phone"": ""+32 2 375 10 20"", ""contact:website"": ""https://www.victoire.be/fr/"", ""name"": ""Victoire Junot"", ""office"": ""estate_agent""}"
ixelles,osm:node/12345730085,Sartorial,clothing-store,shop=clothes,,,50.8179752,4.3529711,,,,NO_WEBSITE,2026-08-19T11:30:10.603970+00:00,clean,,,"{""name"": ""Sartorial"", ""shop"": ""clothes""}"
ixelles,osm:node/12345759460,Blondie,clothing-store,shop=clothes,,,50.8178335,4.3527613,,,,NO_WEBSITE,2026-08-19T11:30:10.603970+00:00,clean,,,"{""name"": ""Blondie"", ""shop"": ""clothes""}"
ixelles,osm:node/12347215442,Le Logis-Floréal,real-estate-agencies,office=estate_agent,,,50.8002651,4.4152591,,https://www.lelogisfloreal.be/,,WEBSITE_PRESENT,2026-08-19T11:30:10.603970+00:00,clean,,,"{""contact:website"": ""https://www.lelogisfloreal.be/"", ""name"": ""Le Logis-Floréal"", ""office"": ""estate_agent""}"
ixelles,osm:node/12362346405,Moro,restaurant,amenity=restaurant,,,50.8222422,4.3545582,,,,NO_WEBSITE,2026-08-19T11:30:10.603970+00:00,clean,,,"{""amenity"": ""restaurant"", ""name"": ""Moro""}"
ixelles,osm:node/12377496798,The Bank,bars-pubs,amenity=pub,,,50.8256996,4.3595908,,https://www.thebank.be,,WEBSITE_PRESENT,2026-08-19T11:30:10.603970+00:00,clean,,,"{""amenity"": ""pub"", ""name"": ""The Bank"", ""website"": ""https://www.thebank.be""}"
ixelles,osm:node/12398187701,Urkunina Specialty Roasters,cafe,amenity=cafe,,,50.8363914,4.3819555,,https://urkunina.coffee,https://www.instagram.com/Urkunina.Coffee,WEBSITE_PRESENT,2026-08-19T11:30:10.603970+00:00,clean,,,"{""amenity"": ""cafe"", ""contact:instagram"": ""https://www.instagram.com/Urkunina.Coffee"", ""contact:website"": ""https://urkunina.coffee"", ""name"": ""Urkunina Specialty Roasters""}"
ixelles,osm:node/12402584601,Bernard Gavilan vintage since 1994,clothing-store,shop=clothes,,,50.8379014,4.3473478,,,,NO_WEBSITE,2026-08-19T11:30:10.603970+00:00,clean,,,"{""name"": ""Bernard Gavilan vintage since 1994"", ""shop"": ""clothes""}"
ixelles,osm:node/12447420002,Koukou,cafe,amenity=cafe,,,50.8178453,4.3802918,,,https://www.instagram.com/koukou.coffee,SOCIAL_ONLY,2026-08-19T11:30:10.603970+00:00,clean,,,"{""amenity"": ""cafe"", ""contact:instagram"": ""https://www.instagram.com/koukou.coffee"", ""name"": ""Koukou""}"
ixelles,osm:node/12460923040,Sun Hotel,hotel,tourism=hotel,,,50.8355814,4.3611227,+32 2 511 21 19,https://www.sunhotel.be/,,WEBSITE_PRESENT,2026-08-19T11:30:10.603970+00:00,clean,,,"{""contact:phone"": ""+32 2 511 21 19"", ""contact:website"": ""https://www.sunhotel.be/"", ""name"": ""Sun Hotel"", ""tourism"": ""hotel""}"
ixelles,osm:node/12476145257,Hamid Ghavami,dentist,amenity=dentist,,,50.8032399,4.4008002,,https://progenda.be/calendars/docteur-ghavami-hamid-endodontie-prothese-watermael-boitsfort,,WEBSITE_PRESENT,2026-08-19T11:30:10.603970+00:00,clean,,,"{""amenity"": ""dentist"", ""contact:website"": ""https://progenda.be/calendars/docteur-ghavami-hamid-endodontie-prothese-watermael-boitsfort"", ""healthcare"": ""dentist"", ""name"": ""Hamid Ghavami""}"
ixelles,osm:node/12484239272,Refoodgees Villa Empain,restaurant,amenity=restaurant,,,50.807454,4.3843706,,https://refoodgees.eu/,,WEBSITE_PRESENT,2026-08-19T11:30:10.603970+00:00,clean,,,"{""amenity"": ""restaurant"", ""contact:website"": ""https://refoodgees.eu/"", ""name"": ""Refoodgees Villa Empain""}"
ixelles,osm:node/12503693434,Fénix,bars-pubs,amenity=bar,,,50.8218794,4.3432276,,,,NO_WEBSITE,2026-08-19T11:30:10.603970+00:00,clean,,,"{""amenity"": ""bar"", ""name"": ""Fénix""}"
ixelles,osm:node/12512059105,Ciao,restaurant,amenity=restaurant,,,50.8375129,4.353895,,,,NO_WEBSITE,2026-08-19T11:30:10.603970+00:00,clean,,,"{""amenity"": ""restaurant"", ""name"": ""Ciao""}"
ixelles,osm:node/12513651660,Pinpin,pastry-shops,shop=bakery,,,50.837736,4.3474205,,https://www.boulangeriepinpin.be/,boulangeriepinpin,WEBSITE_PRESENT,2026-08-19T11:30:10.603970+00:00,clean,,,"{""contact:facebook"": ""boulangeriepinpin"", ""contact:instagram"": ""pinpin.bxl"", ""contact:website"": ""https://www.boulangeriepinpin.be/"", ""name"": ""Pinpin"", ""shop"": ""bakery""}"
ixelles,osm:node/12528691260,American Vintage,clothing-store,shop=clothes,,,50.8018889,4.3733878,+32 2 372 19 73,,,NO_WEBSITE,2026-08-19T11:30:10.603970+00:00,clean,,,"{""brand"": ""American Vintage"", ""contact:phone"": ""+32 2 372 19 73"", ""name"": ""American Vintage"", ""shop"": ""clothes""}"
ixelles,osm:node/12530833587,Unseen,clothing-store,shop=clothes,,,50.8376612,4.3473298,,,,NO_WEBSITE,2026-08-19T11:30:10.603970+00:00,clean,,,"{""name"": ""Unseen"", ""shop"": ""clothes""}"
ixelles,osm:node/12535200643,The Louise Bar,bars-pubs,amenity=bar,,,50.8344544,4.3545409,,,,NO_WEBSITE,2026-08-19T11:30:10.603970+00:00,clean,,,"{""amenity"": ""bar"", ""name"": ""The Louise Bar""}"
ixelles,osm:node/12536128610,Victoria,beauty-salon,shop=hairdresser,,,50.8301849,4.3899481,,,,NO_WEBSITE,2026-08-19T11:30:10.603970+00:00,clean,,,"{""name"": ""Victoria"", ""shop"": ""hairdresser""}"
ixelles,osm:node/12536611396,C&A,clothing-store,shop=clothes,,,50.8358838,4.3631099,,,,NO_WEBSITE,2026-08-19T11:30:10.603970+00:00,clean,,,"{""brand"": ""C&A"", ""name"": ""C&A"", ""shop"": ""clothes""}"
ixelles,osm:node/12536621948,Chaussea,shoe-stores,shop=shoes,,,50.8357915,4.3631897,+32 2 534 42 70,https://www.chaussea.com/be/fr/magasin/9972-bruxelles-ixelles,,WEBSITE_PRESENT,2026-08-19T11:30:10.603970+00:00,existing_duplicate,"source id, name/address, phone, or website matched existing listing",,"{""brand"": ""Chaussea"", ""contact:phone"": ""+32 2 534 42 70"", ""contact:website"": ""https://www.chaussea.com/be/fr/magasin/9972-bruxelles-ixelles"", ""name"": ""Chaussea"", ""shop"": ""shoes""}"
ixelles,osm:node/12537864412,Lovisa,jewelry-stores,shop=jewelry,,,50.8360373,4.3632827,,,,NO_WEBSITE,2026-08-19T11:30:10.603970+00:00,clean,,,"{""brand"": ""Lovisa"", ""name"": ""Lovisa"", ""shop"": ""jewelry""}"
ixelles,osm:node/12541005110,Brazil,bars-pubs,amenity=pub,,,50.8244464,4.3435856,,,,NO_WEBSITE,2026-08-19T11:30:10.603970+00:00,clean,,,"{""amenity"": ""pub"", ""name"": ""Brazil""}"
ixelles,osm:node/12545639962,Comptoir Garcin 2,restaurant,amenity=restaurant,,,50.8340571,4.3549586,,https://www.garcin.be/,,WEBSITE_PRESENT,2026-08-19T11:30:10.603970+00:00,clean,,,"{""amenity"": ""restaurant"", ""name"": ""Comptoir Garcin 2"", ""website"": ""https://www.garcin.be/""}"
ixelles,osm:node/12545639963,Pho Lau Mi,restaurant,amenity=restaurant,,,50.8341897,4.3551218,+32 2 539 37 63,,,NO_WEBSITE,2026-08-19T11:30:10.603970+00:00,clean,,,"{""amenity"": ""restaurant"", ""contact:phone"": ""+32 2 539 37 63"", ""name"": ""Pho Lau Mi""}"
ixelles,osm:node/12546316591,Al Bacino,restaurant,amenity=restaurant,,,50.8347011,4.3552278,,,,NO_WEBSITE,2026-08-19T11:30:10.603970+00:00,clean,,,"{""amenity"": ""restaurant"", ""name"": ""Al Bacino""}"
ixelles,osm:node/12546316598,Kamen,restaurant,amenity=restaurant,,,50.8346696,4.3551525,,,,NO_WEBSITE,2026-08-19T11:30:10.603970+00:00,clean,,,"{""amenity"": ""restaurant"", ""name"": ""Kamen""}"
ixelles,osm:node/12546316599,Le Jourdan,bars-pubs,amenity=bar,,,50.8345995,4.3549848,,,,NO_WEBSITE,2026-08-19T11:30:10.603970+00:00,clean,,,"{""amenity"": ""bar"", ""name"": ""Le Jourdan""}"
ixelles,osm:node/12548617003,Chá Shi,cafe,amenity=cafe,,,50.8276273,4.3691318,,,,NO_WEBSITE,2026-08-19T11:30:10.603970+00:00,clean,,,"{""amenity"": ""cafe"", ""name"": ""Chá Shi""}"
ixelles,osm:node/12549511216,Master Frites,fast-food,amenity=fast_food,,,50.818036,4.3860509,,https://masterfrites.be/,,WEBSITE_PRESENT,2026-08-19T11:30:10.603970+00:00,clean,,,"{""amenity"": ""fast_food"", ""contact:website"": ""https://masterfrites.be/"", ""name"": ""Master Frites""}"
ixelles,osm:node/12558789532,L'Angolo,restaurant,amenity=restaurant,,,50.832722,4.3636837,+32 2 503 01 80,,,NO_WEBSITE,2026-08-19T11:30:10.603970+00:00,clean,,,"{""amenity"": ""restaurant"", ""contact:phone"": ""+32 2 503 01 80"", ""name"": ""L'Angolo""}"
ixelles,osm:node/12558790231,La petite baguette,fast-food,amenity=fast_food,,,50.834914,4.3649336,,,,NO_WEBSITE,2026-08-19T11:30:10.603970+00:00,clean,,,"{""amenity"": ""fast_food"", ""name"": ""La petite baguette""}"
ixelles,osm:node/12558834272,By Christine Beauty,beauty-salon,shop=beauty,,,50.8349172,4.365036,,,,NO_WEBSITE,2026-08-19T11:30:10.603970+00:00,clean,,,"{""name"": ""By Christine Beauty"", ""shop"": ""beauty""}"
ixelles,osm:node/12558834783,thieyp,restaurant,amenity=restaurant,,,50.8357788,4.3665205,,https://www.thieyp.be,,WEBSITE_PRESENT,2026-08-19T11:30:10.603970+00:00,clean,,,"{""amenity"": ""restaurant"", ""contact:website"": ""https://www.thieyp.be"", ""name"": ""thieyp""}"
ixelles,osm:node/12558839162,LD,beauty-salon,shop=hairdresser,,,50.8349146,4.3648362,,,,NO_WEBSITE,2026-08-19T11:30:10.603970+00:00,clean,,,"{""name"": ""LD"", ""shop"": ""hairdresser""}"
ixelles,osm:node/12558864301,ZouZou,restaurant,amenity=restaurant,,,50.8354094,4.3663902,,https://zouzoubrussels.be/,zouzoubrussels,WEBSITE_PRESENT,2026-08-19T11:30:10.603970+00:00,clean,,,"{""amenity"": ""restaurant"", ""contact:instagram"": ""zouzoubrussels"", ""contact:website"": ""https://zouzoubrussels.be/"", ""name"": ""ZouZou""}"
ixelles,osm:node/12558877187,l'Archipel,restaurant,amenity=restaurant,,,50.8358951,4.3654846,,,,NO_WEBSITE,2026-08-19T11:30:10.603970+00:00,clean,,,"{""amenity"": ""restaurant"", ""name"": ""l'Archipel""}"
ixelles,osm:node/12558889360,Django's,restaurant,amenity=restaurant,,,50.836163,4.365591,,,,NO_WEBSITE,2026-08-19T11:30:10.603970+00:00,clean,,,"{""amenity"": ""restaurant"", ""name"": ""Django's""}"
ixelles,osm:node/12558911628,Rcoop Beauty,beauty-salon,shop=hairdresser,,,50.8361291,4.3657764,,,,NO_WEBSITE,2026-08-19T11:30:10.603970+00:00,clean,,,"{""name"": ""Rcoop Beauty"", ""shop"": ""hairdresser""}"
ixelles,osm:node/12559097695,L'Athénée,bars-pubs,amenity=pub,,,50.8350978,4.3664377,,,,NO_WEBSITE,2026-08-19T11:30:10.603970+00:00,clean,,,"{""amenity"": ""pub"", ""name"": ""L'Athénée""}"
ixelles,osm:node/12561234930,Hotel Louise Bruxelles,hotel,tourism=hotel,,,50.8268223,4.3649265,,https://www.hotellouise.be/,,WEBSITE_PRESENT,2026-08-19T11:30:10.603970+00:00,clean,,,"{""contact:website"": ""https://www.hotellouise.be/"", ""name"": ""Hotel Louise Bruxelles"", ""tourism"": ""hotel""}"
ixelles,osm:node/12568071404,Le New Chattouille,cafe,amenity=cafe,,,50.82709,4.3558317,,https://lenewchattouille.be,,WEBSITE_PRESENT,2026-08-19T11:30:10.603970+00:00,clean,,,"{""amenity"": ""cafe"", ""contact:website"": ""https://lenewchattouille.be"", ""name"": ""Le New Chattouille""}"
ixelles,osm:node/12568899171,Darjeeling Garden,cafe,amenity=cafe,,,50.8269882,4.3618391,,,,NO_WEBSITE,2026-08-19T11:30:10.603970+00:00,clean,,,"{""amenity"": ""cafe"", ""name"": ""Darjeeling Garden""}"
ixelles,osm:node/12568927406,La Villa Emily,restaurant,amenity=restaurant,,,50.8191871,4.3697108,+32 2 318 18 58,https://www.lavillaemily.be/,,WEBSITE_PRESENT,2026-08-19T11:30:10.603970+00:00,clean,,,"{""amenity"": ""restaurant"", ""contact:phone"": ""+32 2 318 18 58"", ""contact:website"": ""https://www.lavillaemily.be/"", ""name"": ""La Villa Emily""}"
ixelles,osm:node/12570568776,Patricia,clothing-store,shop=clothes,,,50.8376048,4.3472731,,,,NO_WEBSITE,2026-08-19T11:30:10.603970+00:00,clean,,,"{""name"": ""Patricia"", ""shop"": ""clothes""}"
ixelles,osm:node/12570582506,Merguez Fripe,clothing-store,shop=clothes,,,50.8396326,4.3494818,,,,NO_WEBSITE,2026-08-19T11:30:10.603970+00:00,clean,,,"{""name"": ""Merguez Fripe"", ""shop"": ""clothes""}"
ixelles,osm:node/12570613453,M Grill,fast-food,amenity=fast_food,,,50.8366733,4.3484279,,,,NO_WEBSITE,2026-08-19T11:30:10.603970+00:00,clean,,,"{""amenity"": ""fast_food"", ""name"": ""M Grill""}"
ixelles,osm:node/12570619372,My Day,fast-food,amenity=fast_food,,,50.8399984,4.3512276,,,,NO_WEBSITE,2026-08-19T11:30:10.603970+00:00,clean,,,"{""amenity"": ""fast_food"", ""name"": ""My Day""}"
ixelles,osm:node/12581434195,Loubna Aesthetics,beauty-salon,shop=beauty,,,50.8231032,4.3426967,,,,NO_WEBSITE,2026-08-19T11:30:10.603970+00:00,clean,,,"{""name"": ""Loubna Aesthetics"", ""shop"": ""beauty""}"
ixelles,osm:node/12581464188,Le Comptoir,bars-pubs,amenity=bar,,,50.8251005,4.3433549,,,,NO_WEBSITE,2026-08-19T11:30:10.603970+00:00,clean,,,"{""amenity"": ""bar"", ""name"": ""Le Comptoir""}"
ixelles,osm:node/12581469272,El Loco,cafe,amenity=cafe,,,50.8237375,4.3429621,,,,NO_WEBSITE,2026-08-19T11:30:10.603970+00:00,clean,,,"{""amenity"": ""cafe"", ""name"": ""El Loco""}"
ixelles,osm:node/12581484289,Amarantino,cafe,amenity=cafe,,,50.8241242,4.3431015,,,,NO_WEBSITE,2026-08-19T11:30:10.603970+00:00,clean,,,"{""amenity"": ""cafe"", ""name"": ""Amarantino""}"
ixelles,osm:node/12581487012,Le Time,cafe,amenity=cafe,,,50.8235381,4.3428568,,,,NO_WEBSITE,2026-08-19T11:30:10.603970+00:00,clean,,,"{""amenity"": ""cafe"", ""name"": ""Le Time""}"
ixelles,osm:node/12585520100,Kool Chou,restaurant,amenity=restaurant,,,50.8278906,4.3456374,+32 2 270 01 38,,https://www.instagram.com/kool_chou,SOCIAL_ONLY,2026-08-19T11:30:10.603970+00:00,clean,,,"{""amenity"": ""restaurant"", ""contact:instagram"": ""https://www.instagram.com/kool_chou"", ""contact:phone"": ""+32 2 270 01 38"", ""name"": ""Kool Chou""}"
ixelles,osm:node/12585636278,Bistro Bobo,restaurant,amenity=restaurant,,,50.8233606,4.4073929,,,,NO_WEBSITE,2026-08-19T11:30:10.603970+00:00,clean,,,"{""amenity"": ""restaurant"", ""name"": ""Bistro Bobo""}"
ixelles,osm:node/12585767802,Yoga Auderghem,gym,leisure=fitness_centre,,,50.8233493,4.4076418,,,,NO_WEBSITE,2026-08-19T11:30:10.603970+00:00,clean,,,"{""leisure"": ""fitness_centre"", ""name"": ""Yoga Auderghem""}"
ixelles,osm:node/12585782872,Louis Natan,beauty-salon,shop=hairdresser,,,50.8233431,4.4075374,,,,NO_WEBSITE,2026-08-19T11:30:10.603970+00:00,clean,,,"{""name"": ""Louis Natan"", ""shop"": ""hairdresser""}"
ixelles,osm:node/12595046501,Coiffure GvL,beauty-salon,shop=hairdresser,,,50.8059632,4.406218,+32 2 672 95 59,,,NO_WEBSITE,2026-08-19T11:30:10.603970+00:00,clean,,,"{""contact:phone"": ""+32 2 672 95 59"", ""name"": ""Coiffure GvL"", ""shop"": ""hairdresser""}"
ixelles,osm:node/12597952711,Bruno Michaux & Marie Thiebaut,legal-services,office=lawyer,,,50.8318587,4.4052559,+32 2 736 31 24,,,NO_WEBSITE,2026-08-19T11:30:10.603970+00:00,clean,,,"{""contact:phone"": ""+32 2 736 31 24"", ""name"": ""Bruno Michaux & Marie Thiebaut"", ""office"": ""lawyer""}"
ixelles,osm:node/12607937315,Fava,fast-food,amenity=fast_food,,,50.8335535,4.3486926,,,fava.brussels,SOCIAL_ONLY,2026-08-19T11:30:10.603970+00:00,clean,,,"{""amenity"": ""fast_food"", ""contact:facebook"": ""fava.brussels"", ""contact:instagram"": ""fava.brussels"", ""name"": ""Fava""}"
ixelles,osm:node/12608780520,Pharmacie des Fleuristes,pharmacy,amenity=pharmacy,,,50.8373217,4.343452,,https://pharmaciedesfleuristes.pharmacie.be/,,WEBSITE_PRESENT,2026-08-19T11:30:10.603970+00:00,clean,,,"{""amenity"": ""pharmacy"", ""contact:website"": ""https://pharmaciedesfleuristes.pharmacie.be/"", ""healthcare"": ""pharmacy"", ""name"": ""Pharmacie des Fleuristes""}"
ixelles,osm:node/12610306997,Bossa Nova,restaurant,amenity=restaurant,,,50.833932,4.3450291,,https://www.bossanovagrill.be/,,WEBSITE_PRESENT,2026-08-19T11:30:10.603970+00:00,clean,,,"{""amenity"": ""restaurant"", ""contact:website"": ""https://www.bossanovagrill.be/"", ""name"": ""Bossa Nova""}"
ixelles,osm:node/12610629980,Allan Sport Club,clothing-store,shop=clothes,,,50.8065367,4.3875035,+3226495379,https://www.allansport.be/,,WEBSITE_PRESENT,2026-08-19T11:30:10.603970+00:00,clean,,,"{""contact:phone"": ""+3226495379"", ""contact:website"": ""https://www.allansport.be/"", ""name"": ""Allan Sport Club"", ""shop"": ""clothes""}"
ixelles,osm:node/12610630257,Excellence Ixelles,restaurant,amenity=restaurant,,,50.8064974,4.3875098,,,,NO_WEBSITE,2026-08-19T11:30:10.603970+00:00,clean,,,"{""amenity"": ""restaurant"", ""name"": ""Excellence Ixelles""}"
ixelles,osm:node/12610660384,Pharmacie du Pesage,pharmacy,amenity=pharmacy,,,50.8067438,4.3879324,,,,NO_WEBSITE,2026-08-19T11:30:10.603970+00:00,clean,,,"{""amenity"": ""pharmacy"", ""healthcare"": ""pharmacy"", ""name"": ""Pharmacie du Pesage""}"
ixelles,osm:node/12610669839,So'Square,restaurant,amenity=restaurant,,,50.807452,4.3922113,,,,NO_WEBSITE,2026-08-19T11:30:10.603970+00:00,clean,,,"{""amenity"": ""restaurant"", ""name"": ""So'Square""}"
ixelles,osm:node/12623640074,M Stars Barbers,beauty-salon,shop=hairdresser,,,50.8211188,4.4082486,,,,NO_WEBSITE,2026-08-19T11:30:10.603970+00:00,clean,,,"{""name"": ""M Stars Barbers"", ""shop"": ""hairdresser""}"
ixelles,osm:node/12624441534,Renault,car-dealers,shop=car,,,50.8212783,4.4076991,,,,NO_WEBSITE,2026-08-19T11:30:10.603970+00:00,clean,,,"{""name"": ""Renault"", ""shop"": ""car""}"
ixelles,osm:node/12628699504,Moeder Lambic,bars-pubs,amenity=pub,,,50.823896,4.3448132,,https://www.moederlambic.com/,,WEBSITE_PRESENT,2026-08-19T11:30:10.603970+00:00,clean,,,"{""amenity"": ""pub"", ""name"": ""Moeder Lambic"", ""website"": ""https://www.moederlambic.com/""}"
ixelles,osm:node/12630417258,Neufchatel,hotel,tourism=hotel,,,50.8274302,4.3536668,+32 2 537 37 25,https://www.hotelneufchatel.be/,,WEBSITE_PRESENT,2026-08-19T11:30:10.603970+00:00,clean,,,"{""contact:phone"": ""+32 2 537 37 25"", ""contact:website"": ""https://www.hotelneufchatel.be/"", ""name"": ""Neufchatel"", ""tourism"": ""hotel""}"
ixelles,osm:node/12640367641,Shilla Sushi,restaurant,amenity=restaurant,,,50.8048329,4.3720292,+32 2 374 04 88,https://shillasushi.com/,,WEBSITE_PRESENT,2026-08-19T11:30:10.603970+00:00,clean,,,"{""amenity"": ""restaurant"", ""contact:phone"": ""+32 2 374 04 88"", ""contact:website"": ""https://shillasushi.com/"", ""name"": ""Shilla Sushi""}"
ixelles,osm:node/12656788485,Recyclerie 1170,clothing-store,shop=clothes,,,50.8063422,4.4061179,,,,NO_WEBSITE,2026-08-19T11:30:10.603970+00:00,clean,,,"{""name"": ""Recyclerie 1170"", ""shop"": ""clothes""}"
ixelles,osm:node/12686731379,Blaes,beauty-salon,shop=hairdresser,,,50.8347067,4.3437642,+32472248130,,,NO_WEBSITE,2026-08-19T11:30:10.603970+00:00,clean,,,"{""contact:phone"": ""+32472248130"", ""name"": ""Blaes"", ""shop"": ""hairdresser""}"
ixelles,osm:node/12688655222,Style Coiff,beauty-salon,shop=hairdresser,,,50.8358799,4.3448936,,,,NO_WEBSITE,2026-08-19T11:30:10.603970+00:00,clean,,,"{""name"": ""Style Coiff"", ""shop"": ""hairdresser""}"
ixelles,osm:node/12718985279,Gâteau,pastry-shops,shop=bakery,,,50.8364513,4.3896512,+32 2 218 84 08,https://www.gateau.brussels/,,WEBSITE_PRESENT,2026-08-19T11:30:10.603970+00:00,clean,,,"{""contact:phone"": ""+32 2 218 84 08"", ""contact:website"": ""https://www.gateau.brussels/"", ""name"": ""Gâteau"", ""shop"": ""bakery""}"
ixelles,osm:node/12732003450,Nervia Battery Center,,shop=car_parts,,,50.821788,4.4051831,,https://www.nerviabatterycenter.be/,,WEBSITE_PRESENT,2026-08-19T11:30:10.603970+00:00,clean,,no confident canonical category mapping,"{""contact:website"": ""https://www.nerviabatterycenter.be/"", ""name"": ""Nervia Battery Center"", ""shop"": ""car_parts""}"
ixelles,osm:node/12732007653,Ninki,restaurant,amenity=restaurant,,,50.8219857,4.4052408,,,,NO_WEBSITE,2026-08-19T11:30:10.603970+00:00,clean,,,"{""amenity"": ""restaurant"", ""name"": ""Ninki""}"
ixelles,osm:node/12735500069,Tokyo Roll,restaurant,amenity=restaurant,,,50.8247106,4.3998295,+32 2 733 49 09,https://www.tokyoroll.be/,,WEBSITE_PRESENT,2026-08-19T11:30:10.603970+00:00,clean,,,"{""amenity"": ""restaurant"", ""contact:phone"": ""+32 2 733 49 09"", ""contact:website"": ""https://www.tokyoroll.be/"", ""name"": ""Tokyo Roll""}"
ixelles,osm:node/12735500072,Bureau immobilier belge,real-estate-agencies,office=estate_agent,,,50.8247975,4.3996847,,,,NO_WEBSITE,2026-08-19T11:30:10.603970+00:00,clean,,,"{""name"": ""Bureau immobilier belge"", ""office"": ""estate_agent""}"
ixelles,osm:node/12740755712,Meltino café,cafe,amenity=cafe,,,50.8251383,4.3487829,,,,NO_WEBSITE,2026-08-19T11:30:10.603970+00:00,clean,,,"{""amenity"": ""cafe"", ""name"": ""Meltino café""}"
ixelles,osm:node/12743868590,Blush,clothing-store,shop=clothes,,,50.8244472,4.3475846,,,,NO_WEBSITE,2026-08-19T11:30:10.603970+00:00,clean,,,"{""name"": ""Blush"", ""shop"": ""clothes""}"
ixelles,osm:node/12744429813,Boîte à lire - Boekenbox,,amenity=public_bookcase,,,50.8385115,4.3668978,,,,NO_WEBSITE,2026-08-19T11:30:10.603970+00:00,clean,,no confident canonical category mapping,"{""amenity"": ""public_bookcase"", ""name"": ""Boîte à lire - Boekenbox""}"
ixelles,osm:node/12744956260,Ökēn,bars-pubs,amenity=bar,,,50.8374545,4.3541274,,https://oken.be/,,WEBSITE_PRESENT,2026-08-19T11:30:10.603970+00:00,clean,,,"{""amenity"": ""bar"", ""contact:website"": ""https://oken.be/"", ""name"": ""Ökēn""}"
ixelles,osm:node/12751773646,TerTer,restaurant,amenity=restaurant,,,50.825771,4.3476551,+32 2 538 61 64,https://terter.be/,https://www.instagram.com/terter_fabriek,WEBSITE_PRESENT,2026-08-19T11:30:10.603970+00:00,clean,,,"{""amenity"": ""restaurant"", ""contact:instagram"": ""https://www.instagram.com/terter_fabriek"", ""contact:phone"": ""+32 2 538 61 64"", ""contact:website"": ""https://terter.be/"", ""name"": ""TerTer""}"
ixelles,osm:node/12754332818,Muche Bistrot,cafe,amenity=cafe,,,50.8376218,4.3458336,,,,NO_WEBSITE,2026-08-19T11:30:10.603970+00:00,clean,,,"{""amenity"": ""cafe"", ""name"": ""Muche Bistrot""}"
ixelles,osm:node/12758051704,Muche,bars-pubs,amenity=bar,,,50.8376671,4.3459022,,,,NO_WEBSITE,2026-08-19T11:30:10.603970+00:00,clean,,,"{""amenity"": ""bar"", ""name"": ""Muche""}"
ixelles,osm:node/12762971802,The Wayne Café,cafe,amenity=cafe,,,50.820131,4.3682371,+32 2 241 86 68,https://thewaynecafe.com/,61572520707221,WEBSITE_PRESENT,2026-08-19T11:30:10.603970+00:00,clean,,,"{""amenity"": ""cafe"", ""contact:facebook"": ""61572520707221"", ""contact:instagram"": ""wayne.brussels"", ""contact:phone"": ""+32 2 241 86 68"", ""contact:website"": ""https://thewaynecafe.com/"", ""name"": ""The Wayne Café""}"
ixelles,osm:node/12768301869,Tapis Bar,,shop=carpet,,,50.8395172,4.3508926,,,,NO_WEBSITE,2026-08-19T11:30:10.603970+00:00,clean,,no confident canonical category mapping,"{""name"": ""Tapis Bar"", ""shop"": ""carpet""}"
ixelles,osm:node/12769790010,Dessange,beauty-salon,shop=hairdresser,,,50.8337008,4.3583416,+32 2 512 94 72,https://salon.dessange.com/fr/salon-coiffure/bruxellesbxl-place-stphanie,,WEBSITE_PRESENT,2026-08-19T11:30:10.603970+00:00,clean,,,"{""brand"": ""Dessange"", ""contact:phone"": ""+32 2 512 94 72"", ""contact:website"": ""https://salon.dessange.com/fr/salon-coiffure/bruxellesbxl-place-stphanie"", ""name"": ""Dessange"", ""shop"": ""hairdresser""}"
ixelles,osm:node/12769840308,Friterie Mamy - Frituur Mamy,fast-food,amenity=fast_food,,,50.8155988,4.4179092,,,,NO_WEBSITE,2026-08-19T11:30:10.603970+00:00,clean,,,"{""amenity"": ""fast_food"", ""name"": ""Friterie Mamy - Frituur Mamy""}"
ixelles,osm:node/12769929350,Mademoiselle Nail,beauty-salon,shop=beauty,,,50.8317657,4.3567899,,,,NO_WEBSITE,2026-08-19T11:30:10.603970+00:00,clean,,,"{""name"": ""Mademoiselle Nail"", ""shop"": ""beauty""}"
ixelles,osm:node/12772644474,Hair Size,beauty-salon,shop=hairdresser,,,50.8334184,4.3661097,,,,NO_WEBSITE,2026-08-19T11:30:10.603970+00:00,clean,,,"{""name"": ""Hair Size"", ""shop"": ""hairdresser""}"
ixelles,osm:node/12778808554,OSE architecture,creative-services,office=architect,,,50.8229995,4.3880467,,https://osearchitecture.be/,,WEBSITE_PRESENT,2026-08-19T11:30:10.603970+00:00,clean,,,"{""contact:website"": ""https://osearchitecture.be/"", ""name"": ""OSE architecture"", ""office"": ""architect""}"
ixelles,osm:node/12792321896,Kartouche,restaurant,amenity=restaurant,,,50.8276377,4.3591675,,,https://www.instagram.com/kartouche_bistrot,SOCIAL_ONLY,2026-08-19T11:30:10.603970+00:00,clean,,,"{""amenity"": ""restaurant"", ""contact:instagram"": ""https://www.instagram.com/kartouche_bistrot"", ""name"": ""Kartouche""}"
ixelles,osm:node/12805591301,Belle Lurette,restaurant,amenity=restaurant,,,50.8252658,4.3441492,,,bellelurette.bxl,SOCIAL_ONLY,2026-08-19T11:30:10.603970+00:00,clean,,,"{""amenity"": ""restaurant"", ""contact:instagram"": ""bellelurette.bxl"", ""name"": ""Belle Lurette""}"
ixelles,osm:node/12810876459,Je suis au boulot,bars-pubs,amenity=bar,,,50.8264017,4.3454671,,,,NO_WEBSITE,2026-08-19T11:30:10.603970+00:00,clean,,,"{""amenity"": ""bar"", ""name"": ""Je suis au boulot""}"
ixelles,osm:node/12819086502,OZER Concept,clothing-store,shop=clothes,,,50.8275007,4.3696828,,,,NO_WEBSITE,2026-08-19T11:30:10.603970+00:00,clean,,,"{""name"": ""OZER Concept"", ""shop"": ""clothes""}"
ixelles,osm:node/12830245606,Taverne La Chasse,bars-pubs,amenity=pub,,,50.830411,4.38991,,,,NO_WEBSITE,2026-08-19T11:30:10.603970+00:00,clean,,,"{""amenity"": ""pub"", ""name"": ""Taverne La Chasse""}"
ixelles,osm:node/12846647105,Danyberd,clothing-store,shop=clothes,,,50.8367124,4.355622,,,,NO_WEBSITE,2026-08-19T11:30:10.603970+00:00,clean,,,"{""name"": ""Danyberd"", ""shop"": ""clothes""}"
ixelles,osm:node/12860384969,AIA Beauty House,beauty-salon,shop=beauty,,,50.8309758,4.3685524,,,,NO_WEBSITE,2026-08-19T11:30:10.603970+00:00,clean,,,"{""name"": ""AIA Beauty House"", ""shop"": ""beauty""}"
ixelles,osm:node/12865774943,Catalonia Brussels,hotel,tourism=hotel,,,50.8209697,4.3532541,+32 2 340 34 00,https://www.hoteles-catalonia.com/,,WEBSITE_PRESENT,2026-08-19T11:30:10.603970+00:00,clean,,,"{""contact:phone"": ""+32 2 340 34 00"", ""contact:website"": ""https://www.hoteles-catalonia.com/"", ""name"": ""Catalonia Brussels"", ""operator"": ""Catalonia"", ""tourism"": ""hotel""}"
ixelles,osm:node/12866100884,OCADIA,physiotherapy,healthcare=physiotherapist,,,50.8216758,4.3793711,,,,NO_WEBSITE,2026-08-19T11:30:10.603970+00:00,clean,,,"{""healthcare"": ""physiotherapist"", ""name"": ""OCADIA""}"
ixelles,osm:node/12870074358,Pharmacie Van Achter,pharmacy,amenity=pharmacy,,,50.8190606,4.362187,+32 2 344 22 49,https://pharmacie-van-achter.clicandcollect.santalis.be/,,WEBSITE_PRESENT,2026-08-19T11:30:10.603970+00:00,clean,,,"{""amenity"": ""pharmacy"", ""contact:phone"": ""+32 2 344 22 49"", ""contact:website"": ""https://pharmacie-van-achter.clicandcollect.santalis.be/"", ""healthcare"": ""pharmacy"", ""name"": ""Pharmacie Van Achter""}"
ixelles,osm:node/12875548321,Midas,,shop=car_repair,,,50.8144523,4.3604992,+32 2 345 69 79,https://www.midas.be/fr/garages/bruxelles-capitale/bruxelles/bruxelles/vanderkindere_5037,,WEBSITE_PRESENT,2026-08-19T11:30:10.603970+00:00,clean,,no confident canonical category mapping,"{""brand"": ""Midas"", ""contact:phone"": ""+32 2 345 69 79"", ""contact:website"": ""https://www.midas.be/fr/garages/bruxelles-capitale/bruxelles/bruxelles/vanderkindere_5037"", ""name"": ""Midas"", ""shop"": ""car_repair""}"
ixelles,osm:node/12890383718,Familypharma,pharmacy,amenity=pharmacy,,,50.8378082,4.3472113,,https://www.familypharma.be/,,WEBSITE_PRESENT,2026-08-19T11:30:10.603970+00:00,clean,,,"{""amenity"": ""pharmacy"", ""contact:website"": ""https://www.familypharma.be/"", ""healthcare"": ""pharmacy"", ""name"": ""Familypharma""}"
ixelles,osm:node/12908930471,Trevi,real-estate-agencies,office=estate_agent,,,50.8272586,4.3644485,,,,NO_WEBSITE,2026-08-19T11:30:10.603970+00:00,clean,,,"{""name"": ""Trevi"", ""office"": ""estate_agent""}"
ixelles,osm:node/12914862558,Ondo,cafe,amenity=cafe,,,50.8373797,4.3672244,,,https://www.instagram.com/ondo.bx/,SOCIAL_ONLY,2026-08-19T11:30:10.603970+00:00,clean,,,"{""amenity"": ""cafe"", ""contact:instagram"": ""https://www.instagram.com/ondo.bx/"", ""name"": ""Ondo""}"
ixelles,osm:node/12921629132,Mains,pastry-shops,shop=bakery,,,50.8272913,4.3901069,+32 2 513 60 34,,100090492083020,SOCIAL_ONLY,2026-08-19T11:30:10.603970+00:00,clean,,,"{""contact:facebook"": ""100090492083020"", ""contact:instagram"": ""mainsbxl"", ""contact:phone"": ""+32 2 513 60 34"", ""name"": ""Mains"", ""shop"": ""bakery""}"
ixelles,osm:node/12924826110,Samourai,restaurant,amenity=restaurant,,,50.8313152,4.3603449,,https://samourai-bruxelles.com/,,WEBSITE_PRESENT,2026-08-19T11:30:10.603970+00:00,clean,,,"{""amenity"": ""restaurant"", ""contact:website"": ""https://samourai-bruxelles.com/"", ""name"": ""Samourai""}"
ixelles,osm:node/12926451892,Chaba Thai,restaurant,amenity=restaurant,,,50.839855,4.3739154,,,,NO_WEBSITE,2026-08-19T11:30:10.603970+00:00,clean,,,"{""amenity"": ""restaurant"", ""name"": ""Chaba Thai""}"
ixelles,osm:node/12953991701,La Khaïma,restaurant,amenity=restaurant,,,50.8192097,4.4149105,+32 2 675 00 04,,,NO_WEBSITE,2026-08-19T11:30:10.603970+00:00,clean,,,"{""amenity"": ""restaurant"", ""contact:phone"": ""+32 2 675 00 04"", ""name"": ""La Khaïma""}"
ixelles,osm:node/12970406512,Be Esthetic,beauty-salon,shop=beauty,,,50.8258579,4.3604982,+32 2 782 27 20,https://www.centre-be-esthetic.com/,,WEBSITE_PRESENT,2026-08-19T11:30:10.603970+00:00,clean,,,"{""contact:phone"": ""+32 2 782 27 20"", ""contact:website"": ""https://www.centre-be-esthetic.com/"", ""name"": ""Be Esthetic"", ""shop"": ""beauty""}"
ixelles,osm:node/12979436018,Créole,jewelry-stores,shop=jewelry,,,50.8367758,4.360143,,,,NO_WEBSITE,2026-08-19T11:30:10.603970+00:00,clean,,,"{""name"": ""Créole"", ""shop"": ""jewelry""}"
ixelles,osm:node/12979468168,Scott's,shoe-stores,shop=shoes,,,50.8370996,4.3597487,,,,NO_WEBSITE,2026-08-19T11:30:10.603970+00:00,clean,,,"{""name"": ""Scott's"", ""shop"": ""shoes""}"
ixelles,osm:node/12979487890,Kiwi Saint-Tropez,clothing-store,shop=clothes,,,50.8368486,4.360462,,,,NO_WEBSITE,2026-08-19T11:30:10.603970+00:00,clean,,,"{""name"": ""Kiwi Saint-Tropez"", ""shop"": ""clothes""}"
ixelles,osm:node/12979496165,Twice as nice,jewelry-stores,shop=jewelry,,,50.836977,4.3598696,,,,NO_WEBSITE,2026-08-19T11:30:10.603970+00:00,clean,,,"{""name"": ""Twice as nice"", ""shop"": ""jewelry""}"
ixelles,osm:node/12980641793,Medi Market Pharmacie,pharmacy,amenity=pharmacy,,,50.8366566,4.36236,,https://stores.medi-market.be/fr/pharmacie-pharmacy-medi-market-ixelles-elsene,,WEBSITE_PRESENT,2026-08-19T11:30:10.603970+00:00,existing_duplicate,"source id, name/address, phone, or website matched existing listing",,"{""amenity"": ""pharmacy"", ""contact:website"": ""https://stores.medi-market.be/fr/pharmacie-pharmacy-medi-market-ixelles-elsene"", ""healthcare"": ""pharmacy"", ""name"": ""Medi Market Pharmacie""}"
ixelles,osm:node/13006913165,The Avenue,restaurant,amenity=restaurant,,,50.8203682,4.3696611,,,,NO_WEBSITE,2026-08-19T11:30:10.603970+00:00,clean,,,"{""amenity"": ""restaurant"", ""name"": ""The Avenue""}"
ixelles,osm:node/13007200519,Fico,restaurant,amenity=restaurant,,,50.8229637,4.3602097,,,,NO_WEBSITE,2026-08-19T11:30:10.603970+00:00,clean,,,"{""amenity"": ""restaurant"", ""name"": ""Fico""}"
ixelles,osm:node/13007376925,Le Ketje,cafe,amenity=cafe,,,50.8346806,4.3458107,,,,NO_WEBSITE,2026-08-19T11:30:10.603970+00:00,clean,,,"{""amenity"": ""cafe"", ""name"": ""Le Ketje""}"
ixelles,osm:node/13009740467,Da Mamma,restaurant,amenity=restaurant,,,50.823149,4.3589606,+32 2 681 16 28,https://www.damamma.be/,,WEBSITE_PRESENT,2026-08-19T11:30:10.603970+00:00,clean,,,"{""amenity"": ""restaurant"", ""contact:phone"": ""+32 2 681 16 28"", ""contact:website"": ""https://www.damamma.be/"", ""name"": ""Da Mamma""}"
ixelles,osm:node/13009741522,El Vasco,restaurant,amenity=restaurant,,,50.8234302,4.3589976,,,,NO_WEBSITE,2026-08-19T11:30:10.603970+00:00,clean,,,"{""amenity"": ""restaurant"", ""name"": ""El Vasco""}"
ixelles,osm:node/13009745816,Râle-Bol,restaurant,amenity=restaurant,,,50.823946,4.3595858,,,,NO_WEBSITE,2026-08-19T11:30:10.603970+00:00,clean,,,"{""amenity"": ""restaurant"", ""name"": ""Râle-Bol""}"
ixelles,osm:node/13011586133,G Burger,fast-food,amenity=fast_food,,,50.8289094,4.3558029,,,,NO_WEBSITE,2026-08-19T11:30:10.603970+00:00,clean,,,"{""amenity"": ""fast_food"", ""name"": ""G Burger""}"
ixelles,osm:node/13011663542,Selene Creations,clothing-store,shop=clothes,,,50.8290804,4.3558566,,,,NO_WEBSITE,2026-08-19T11:30:10.603970+00:00,clean,,,"{""name"": ""Selene Creations"", ""shop"": ""clothes""}"
ixelles,osm:node/13018949598,Umi no Sachi,restaurant,amenity=restaurant,,,50.8202805,4.3856279,,,,NO_WEBSITE,2026-08-19T11:30:10.603970+00:00,clean,,,"{""amenity"": ""restaurant"", ""name"": ""Umi no Sachi""}"
ixelles,osm:node/13034262781,Roru,restaurant,amenity=restaurant,,,50.8268081,4.3628539,,,,NO_WEBSITE,2026-08-19T11:30:10.603970+00:00,clean,,,"{""amenity"": ""restaurant"", ""name"": ""Roru""}"
ixelles,osm:node/13034281764,Nada El Hoss,beauty-salon,shop=beauty,,,50.826956,4.3626851,,,,NO_WEBSITE,2026-08-19T11:30:10.603970+00:00,clean,,,"{""name"": ""Nada El Hoss"", ""shop"": ""beauty""}"
ixelles,osm:node/13034286661,Viet Nam Nails,beauty-salon,shop=beauty,,,50.8267156,4.3625988,,,,NO_WEBSITE,2026-08-19T11:30:10.603970+00:00,clean,,,"{""name"": ""Viet Nam Nails"", ""shop"": ""beauty""}"
ixelles,osm:node/13034310056,Charlotte et ses tartines,fast-food,amenity=fast_food,,,50.8268982,4.3625416,,,,NO_WEBSITE,2026-08-19T11:30:10.603970+00:00,clean,,,"{""amenity"": ""fast_food"", ""name"": ""Charlotte et ses tartines""}"
ixelles,osm:node/13034311722,You(r) Real Estate,real-estate-agencies,office=estate_agent,,,50.8269886,4.3627682,,,,NO_WEBSITE,2026-08-19T11:30:10.603970+00:00,clean,,,"{""name"": ""You(r) Real Estate"", ""office"": ""estate_agent""}"
ixelles,osm:node/13037800034,El Mekan,restaurant,amenity=restaurant,,,50.8282419,4.3424552,,https://elmekan.com/,https://www.instagram.com/elmekan.brussels/,WEBSITE_PRESENT,2026-08-19T11:30:10.603970+00:00,clean,,,"{""amenity"": ""restaurant"", ""contact:instagram"": ""https://www.instagram.com/elmekan.brussels/"", ""contact:website"": ""https://elmekan.com/"", ""name"": ""El Mekan""}"
ixelles,osm:node/13038969146,Argus Hotel Brussels,hotel,tourism=hotel,,,50.8360311,4.3581075,+32 2 514 07 70,https://www.argus-hotel-brussels.com/,,WEBSITE_PRESENT,2026-08-19T11:30:10.603970+00:00,clean,,,"{""contact:phone"": ""+32 2 514 07 70"", ""contact:website"": ""https://www.argus-hotel-brussels.com/"", ""name"": ""Argus Hotel Brussels"", ""tourism"": ""hotel""}"
ixelles,osm:node/13038996084,Vintage,hotel,tourism=hotel,,,50.8334864,4.355479,+32 2 533 99 80,https://www.vintagehotel.be/,,WEBSITE_PRESENT,2026-08-19T11:30:10.603970+00:00,clean,,,"{""contact:phone"": ""+32 2 533 99 80"", ""contact:website"": ""https://www.vintagehotel.be/"", ""name"": ""Vintage"", ""tourism"": ""hotel""}"
ixelles,osm:node/13041912401,Le Pain Quotidien,cafe,amenity=cafe,,,50.8306529,4.3608979,,,,NO_WEBSITE,2026-08-19T11:30:10.603970+00:00,clean,,,"{""amenity"": ""cafe"", ""brand"": ""Le Pain Quotidien"", ""name"": ""Le Pain Quotidien""}"
ixelles,osm:node/13048024625,Chou Sandou,restaurant,amenity=restaurant,,,50.8099365,4.402846,,,,NO_WEBSITE,2026-08-19T11:30:10.603970+00:00,clean,,,"{""amenity"": ""restaurant"", ""name"": ""Chou Sandou""}"
ixelles,osm:node/13078841815,Animo,gym,leisure=fitness_centre,,,50.8388911,4.3862103,,https://www.animo-studios.com/cinquantenaire,,WEBSITE_PRESENT,2026-08-19T11:30:10.603970+00:00,clean,,,"{""contact:website"": ""https://www.animo-studios.com/cinquantenaire"", ""leisure"": ""fitness_centre"", ""name"": ""Animo""}"
ixelles,osm:node/13095330590,Henri 1er,restaurant,amenity=restaurant,,,50.8101013,4.344563,,,,NO_WEBSITE,2026-08-19T11:30:10.603970+00:00,clean,,,"{""amenity"": ""restaurant"", ""name"": ""Henri 1er""}"
ixelles,osm:node/13097243800,Aspria,gym,leisure=fitness_centre,,,50.8324258,4.3573815,,https://www.aspria.com/en/brussels-avenue-louise,,WEBSITE_PRESENT,2026-08-19T11:30:10.603970+00:00,clean,,,"{""contact:website"": ""https://www.aspria.com/en/brussels-avenue-louise"", ""leisure"": ""fitness_centre"", ""name"": ""Aspria""}"
ixelles,osm:node/13108504702,Haute Coiffure Mixte,beauty-salon,shop=hairdresser,,,50.8092523,4.402715,+32 2 660 77 25,,,NO_WEBSITE,2026-08-19T11:30:10.603970+00:00,clean,,,"{""contact:phone"": ""+32 2 660 77 25"", ""name"": ""Haute Coiffure Mixte"", ""shop"": ""hairdresser""}"
ixelles,osm:node/13110283366,Bar Tapas 177,restaurant,amenity=restaurant,,,50.8378578,4.3493232,,https://www.bartapas177.be/,,WEBSITE_PRESENT,2026-08-19T11:30:10.603970+00:00,clean,,,"{""amenity"": ""restaurant"", ""contact:website"": ""https://www.bartapas177.be/"", ""name"": ""Bar Tapas 177""}"
ixelles,osm:node/13114855342,Schmet,restaurant,amenity=restaurant,,,50.8369934,4.3541859,,,schmet.bxl,SOCIAL_ONLY,2026-08-19T11:30:10.603970+00:00,clean,,,"{""amenity"": ""restaurant"", ""contact:instagram"": ""schmet.bxl"", ""name"": ""Schmet""}"
ixelles,osm:node/13134429086,Book-Box,,amenity=public_bookcase,,,50.8311137,4.3872925,,,,NO_WEBSITE,2026-08-19T11:30:10.603970+00:00,clean,,no confident canonical category mapping,"{""amenity"": ""public_bookcase"", ""name"": ""Book-Box""}"
ixelles,osm:node/13135241448,Solti,cafe,amenity=cafe,,,50.8260106,4.3468549,,https://solti.be,https://www.instagram.com/solti.bxl,WEBSITE_PRESENT,2026-08-19T11:30:10.603970+00:00,clean,,,"{""amenity"": ""cafe"", ""contact:instagram"": ""https://www.instagram.com/solti.bxl"", ""contact:website"": ""https://solti.be"", ""name"": ""Solti""}"
ixelles,osm:node/13159406392,Mauvais Élève,cafe,amenity=cafe,,,50.8254807,4.3480441,,,,NO_WEBSITE,2026-08-19T11:30:10.603970+00:00,clean,,,"{""amenity"": ""cafe"", ""name"": ""Mauvais Élève""}"
ixelles,osm:node/13161961361,Valérie Ballieux,legal-services,office=lawyer,,,50.8389146,4.3542999,,https://avocatballieux.be/,,WEBSITE_PRESENT,2026-08-19T11:30:10.603970+00:00,clean,,,"{""contact:website"": ""https://avocatballieux.be/"", ""name"": ""Valérie Ballieux"", ""office"": ""lawyer""}"
ixelles,osm:node/13167782234,Croustille,pastry-shops,shop=bakery,,,50.8283972,4.3936654,,,,NO_WEBSITE,2026-08-19T11:30:10.603970+00:00,clean,,,"{""name"": ""Croustille"", ""shop"": ""bakery""}"
ixelles,osm:node/13174921634,Tabi Loo,restaurant,amenity=restaurant,,,50.8354103,4.3648369,,,,NO_WEBSITE,2026-08-19T11:30:10.603970+00:00,clean,,,"{""amenity"": ""restaurant"", ""name"": ""Tabi Loo""}"
ixelles,osm:node/13188601924,Smile Corner,dentist,amenity=dentist,,,50.8133249,4.3568176,,https://smilecorner.be/,,WEBSITE_PRESENT,2026-08-19T11:30:10.603970+00:00,clean,,,"{""amenity"": ""dentist"", ""contact:website"": ""https://smilecorner.be/"", ""healthcare"": ""dentist"", ""name"": ""Smile Corner""}"
ixelles,osm:node/13205789922,Essentiel Antwerp,clothing-store,shop=clothes,,,50.8340338,4.3556408,+32 2 513 18 91,https://www.essentiel-antwerp.com/,,WEBSITE_PRESENT,2026-08-19T11:30:10.603970+00:00,existing_duplicate,"source id, name/address, phone, or website matched existing listing",,"{""brand"": ""Essentiel Antwerp"", ""contact:phone"": ""+32 2 513 18 91"", ""contact:website"": ""https://www.essentiel-antwerp.com/"", ""name"": ""Essentiel Antwerp"", ""shop"": ""clothes""}"
ixelles,osm:node/13205789923,Sisley,beauty-salon,shop=beauty,,,50.8340045,4.3555736,+32 2 253 41 12,https://www.sisley-paris.com/,,WEBSITE_PRESENT,2026-08-19T11:30:10.603970+00:00,existing_duplicate,"source id, name/address, phone, or website matched existing listing",,"{""contact:phone"": ""+32 2 253 41 12"", ""contact:website"": ""https://www.sisley-paris.com/"", ""name"": ""Sisley"", ""shop"": ""beauty""}"
ixelles,osm:node/13205789924,Orta,clothing-store,shop=clothes,,,50.83407,4.3557257,+32 2 384 94 89,https://www.orta-store.com/,,WEBSITE_PRESENT,2026-08-19T11:30:10.603970+00:00,clean,,,"{""contact:phone"": ""+32 2 384 94 89"", ""contact:website"": ""https://www.orta-store.com/"", ""name"": ""Orta"", ""shop"": ""clothes""}"
ixelles,osm:node/13205789925,Essentiel Antwerp,clothing-store,shop=clothes,Chaussée de Waterloo - Waterloosesteenweg 950A,,50.8025316,4.3732039,+32 2 372 05 84,https://www.essentiel-antwerp.com/,,WEBSITE_PRESENT,2026-08-19T11:30:10.603970+00:00,existing_duplicate,"source id, name/address, phone, or website matched existing listing",,"{""addr:housenumber"": ""950A"", ""addr:street"": ""Chaussée de Waterloo - Waterloosesteenweg"", ""brand"": ""Essentiel Antwerp"", ""contact:phone"": ""+32 2 372 05 84"", ""contact:website"": ""https://www.essentiel-antwerp.com/"", ""name"": ""Essentiel Antwerp"", ""shop"": ""clothes""}"
ixelles,osm:node/13206761970,Dogood,cafe,amenity=cafe,,,50.8274477,4.3682665,,https://www.dogoodcafe.org/,,WEBSITE_PRESENT,2026-08-19T11:30:10.603970+00:00,clean,,,"{""amenity"": ""cafe"", ""contact:website"": ""https://www.dogoodcafe.org/"", ""name"": ""Dogood""}"
ixelles,osm:node/13236025238,Café de l'Argonne,cafe,amenity=cafe,,,50.8370766,4.3403652,,,,NO_WEBSITE,2026-08-19T11:30:10.603970+00:00,clean,,,"{""amenity"": ""cafe"", ""name"": ""Café de l'Argonne""}"
ixelles,osm:node/13264705786,Jeblia Moroccan Street Food,fast-food,amenity=fast_food,,,50.8348992,4.3916387,,,,NO_WEBSITE,2026-08-19T11:30:10.603970+00:00,clean,,,"{""amenity"": ""fast_food"", ""name"": ""Jeblia Moroccan Street Food""}"
ixelles,osm:node/13265209469,Cactus Resto-Snack,fast-food,amenity=fast_food,,,50.8382607,4.4120361,,,,NO_WEBSITE,2026-08-19T11:30:10.603970+00:00,clean,,,"{""amenity"": ""fast_food"", ""name"": ""Cactus Resto-Snack""}"
ixelles,osm:node/13283290839,Chez Thèo,restaurant,amenity=restaurant,,,50.8133495,4.3818118,,https://www.ulb.be/fr/vie-sur-les-campus/alimentation-commerces-et-marches,,WEBSITE_PRESENT,2026-08-19T11:30:10.603970+00:00,clean,,,"{""amenity"": ""restaurant"", ""contact:website"": ""https://www.ulb.be/fr/vie-sur-les-campus/alimentation-commerces-et-marches"", ""name"": ""Chez Thèo""}"
ixelles,osm:node/13291360522,Shezan,restaurant,amenity=restaurant,,,50.8364549,4.3673832,,,chckntikka,SOCIAL_ONLY,2026-08-19T11:30:10.603970+00:00,clean,,,"{""amenity"": ""restaurant"", ""contact:facebook"": ""chckntikka"", ""name"": ""Shezan""}"
ixelles,osm:node/13318432237,Modifa,real-estate-agencies,office=estate_agent,,,50.8221675,4.3535356,,https://www.modifa.be/,,WEBSITE_PRESENT,2026-08-19T11:30:10.603970+00:00,clean,,,"{""contact:website"": ""https://www.modifa.be/"", ""name"": ""Modifa"", ""office"": ""estate_agent""}"
ixelles,osm:node/13318471986,Work Wear,clothing-store,shop=clothes,,,50.8251548,4.3546312,,,,NO_WEBSITE,2026-08-19T11:30:10.603970+00:00,clean,,,"{""name"": ""Work Wear"", ""shop"": ""clothes""}"
ixelles,osm:node/13318483308,Dr Lucce,beauty-salon,shop=hairdresser,,,50.8263158,4.354674,,,drlucce.salon,SOCIAL_ONLY,2026-08-19T11:30:10.603970+00:00,clean,,,"{""contact:instagram"": ""drlucce.salon"", ""name"": ""Dr Lucce"", ""shop"": ""hairdresser""}"
ixelles,osm:node/13321491290,Tapis décoration du bailli,,shop=carpet,,,50.8265399,4.3616121,,,,NO_WEBSITE,2026-08-19T11:30:10.603970+00:00,clean,,no confident canonical category mapping,"{""name"": ""Tapis décoration du bailli"", ""shop"": ""carpet""}"
ixelles,osm:node/13321500842,L'officine des dragons,bookstore,shop=books,,,50.8266126,4.3617944,,,,NO_WEBSITE,2026-08-19T11:30:10.603970+00:00,clean,,,"{""name"": ""L'officine des dragons"", ""shop"": ""books""}"
ixelles,osm:node/13321501617,Massa vintage,clothing-store,shop=clothes,,,50.8276498,4.3629848,,,,NO_WEBSITE,2026-08-19T11:30:10.603970+00:00,clean,,,"{""name"": ""Massa vintage"", ""shop"": ""clothes""}"
ixelles,osm:node/13322033418,Vivobarefoot,shoe-stores,shop=shoes,,,50.8288879,4.362744,,,,NO_WEBSITE,2026-08-19T11:30:10.603970+00:00,clean,,,"{""name"": ""Vivobarefoot"", ""shop"": ""shoes""}"
ixelles,osm:node/13327327761,Melting Pot Hair & Body,beauty-salon,shop=beauty,,,50.826108,4.3549416,,https://meltingpothb.be/,,WEBSITE_PRESENT,2026-08-19T11:30:10.603970+00:00,clean,,,"{""contact:website"": ""https://meltingpothb.be/"", ""name"": ""Melting Pot Hair & Body"", ""shop"": ""beauty""}"
ixelles,osm:node/13342342301,Tatsumi,restaurant,amenity=restaurant,,,50.8233968,4.4015217,,,,NO_WEBSITE,2026-08-19T11:30:10.603970+00:00,clean,,,"{""amenity"": ""restaurant"", ""name"": ""Tatsumi""}"
ixelles,osm:node/13344705566,Bepilates,gym,leisure=fitness_centre,,,50.8337886,4.4011187,,https://www.bepilates.be/,,WEBSITE_PRESENT,2026-08-19T11:30:10.603970+00:00,clean,,,"{""contact:website"": ""https://www.bepilates.be/"", ""leisure"": ""fitness_centre"", ""name"": ""Bepilates""}"
ixelles,osm:node/13349050082,Th. Alleene,dentist,amenity=dentist,,,50.8333241,4.3748185,+32 2 640 40 15,,,NO_WEBSITE,2026-08-19T11:30:10.603970+00:00,clean,,,"{""amenity"": ""dentist"", ""contact:phone"": ""+32 2 640 40 15"", ""healthcare"": ""dentist"", ""name"": ""Th. Alleene""}"
ixelles,osm:node/13379157559,Locks,beauty-salon,shop=hairdresser,,,50.8358149,4.3711029,,,,NO_WEBSITE,2026-08-19T11:30:10.603970+00:00,clean,,,"{""name"": ""Locks"", ""shop"": ""hairdresser""}"
ixelles,osm:node/13379157562,Afrik’ Wax,clothing-store,shop=clothes,,,50.8367325,4.3662836,,,,NO_WEBSITE,2026-08-19T11:30:10.603970+00:00,clean,,,"{""name"": ""Afrik’ Wax"", ""shop"": ""clothes""}"
ixelles,osm:node/13379157563,John Coiffure,beauty-salon,shop=hairdresser,,,50.8367597,4.3661969,,,,NO_WEBSITE,2026-08-19T11:30:10.603970+00:00,clean,,,"{""name"": ""John Coiffure"", ""shop"": ""hairdresser""}"
ixelles,osm:node/13379157564,Extention,beauty-salon,shop=beauty,,,50.8367651,4.3661243,,,,NO_WEBSITE,2026-08-19T11:30:10.603970+00:00,clean,,,"{""name"": ""Extention"", ""shop"": ""beauty""}"
ixelles,osm:node/13379157565,La maison blanche,cafe,amenity=cafe,,,50.8368144,4.3658993,,,,NO_WEBSITE,2026-08-19T11:30:10.603970+00:00,clean,,,"{""amenity"": ""cafe"", ""name"": ""La maison blanche""}"
ixelles,osm:node/13379157569,Special Beautiful,,shop=hairdresser_supply,,,50.8370082,4.3648742,,,,NO_WEBSITE,2026-08-19T11:30:10.603970+00:00,clean,,no confident canonical category mapping,"{""name"": ""Special Beautiful"", ""shop"": ""hairdresser_supply""}"
ixelles,osm:node/13379157576,Jinny's,beauty-salon,shop=hairdresser,,,50.8373066,4.3635527,,,,NO_WEBSITE,2026-08-19T11:30:10.603970+00:00,clean,,,"{""name"": ""Jinny's"", ""shop"": ""hairdresser""}"
ixelles,osm:node/13379157577,Candy Beauty,beauty-salon,shop=beauty,,,50.8373236,4.3634772,,,,NO_WEBSITE,2026-08-19T11:30:10.603970+00:00,clean,,,"{""name"": ""Candy Beauty"", ""shop"": ""beauty""}"
ixelles,osm:node/13389576615,Giuá,restaurant,amenity=restaurant,,,50.8369469,4.3795354,,https://giua-pizzerie.com/,,WEBSITE_PRESENT,2026-08-19T11:30:10.603970+00:00,clean,,,"{""amenity"": ""restaurant"", ""contact:website"": ""https://giua-pizzerie.com/"", ""name"": ""Giuá""}"
ixelles,osm:node/13418536024,Form,clothing-store,shop=clothes,,,50.8252264,4.3616183,,https://formswap.be/,,WEBSITE_PRESENT,2026-08-19T11:30:10.603970+00:00,clean,,,"{""contact:website"": ""https://formswap.be/"", ""name"": ""Form"", ""shop"": ""clothes""}"
ixelles,osm:node/13428515830,Thill-Royaux,jewelry-stores,shop=jewelry,,,50.8248459,4.3570331,,https://www.thill-royaux.com/,,WEBSITE_PRESENT,2026-08-19T11:30:10.603970+00:00,clean,,,"{""contact:website"": ""https://www.thill-royaux.com/"", ""name"": ""Thill-Royaux"", ""shop"": ""jewelry""}"
ixelles,osm:node/13436250701,Les Petits Riens,clothing-store,shop=clothes,,,50.8277623,4.3442212,,,,NO_WEBSITE,2026-08-19T11:30:10.603970+00:00,clean,,,"{""name"": ""Les Petits Riens"", ""shop"": ""clothes""}"
ixelles,osm:node/13444996789,MIR Concept Store,cafe,amenity=cafe,,,50.8361352,4.3810716,,,,NO_WEBSITE,2026-08-19T11:30:10.603970+00:00,clean,,,"{""amenity"": ""cafe"", ""name"": ""MIR Concept Store""}"
ixelles,osm:node/13457679801,VDK coiffure & barbier,beauty-salon,shop=hairdresser,,,50.8139818,4.3486536,,,,NO_WEBSITE,2026-08-19T11:30:10.603970+00:00,clean,,,"{""name"": ""VDK coiffure & barbier"", ""shop"": ""hairdresser""}"
ixelles,osm:node/13473395006,Huggys Bruxelles Legrand,restaurant,amenity=restaurant,,,50.8156658,4.3716957,+32 2 344 87 95,https://www.huggys.be/restaurants/bruxelles-1-legrand,,WEBSITE_PRESENT,2026-08-19T11:30:10.603970+00:00,clean,,,"{""amenity"": ""restaurant"", ""brand"": ""HUGGYS"", ""contact:phone"": ""+32 2 344 87 95"", ""contact:website"": ""https://www.huggys.be/restaurants/bruxelles-1-legrand"", ""name"": ""Huggys Bruxelles Legrand""}"
ixelles,osm:node/13473963149,Pizza Pasta Da Lelo,restaurant,amenity=restaurant,,,50.8088744,4.3866989,+32 2 850 46 41,https://dalelo.be/,,WEBSITE_PRESENT,2026-08-19T11:30:10.603970+00:00,clean,,,"{""amenity"": ""restaurant"", ""contact:phone"": ""+32 2 850 46 41"", ""contact:website"": ""https://dalelo.be/"", ""name"": ""Pizza Pasta Da Lelo""}"
ixelles,osm:node/13481417942,Sol Luna,jewelry-stores,shop=jewelry,,,50.8360421,4.3642215,,,,NO_WEBSITE,2026-08-19T11:30:10.603970+00:00,clean,,,"{""name"": ""Sol Luna"", ""shop"": ""jewelry""}"
ixelles,osm:node/13482755744,Pulcinella,restaurant,amenity=restaurant,,,50.811907,4.3927051,+32 2 527 24 95,https://pizza-pulcinella.com/,,WEBSITE_PRESENT,2026-08-19T11:30:10.603970+00:00,clean,,,"{""amenity"": ""restaurant"", ""contact:phone"": ""+32 2 527 24 95"", ""contact:website"": ""https://pizza-pulcinella.com/"", ""name"": ""Pulcinella""}"
ixelles,osm:node/13484500175,La Tavernetta,restaurant,amenity=restaurant,,,50.8245326,4.347967,,,,NO_WEBSITE,2026-08-19T11:30:10.603970+00:00,clean,,,"{""amenity"": ""restaurant"", ""name"": ""La Tavernetta""}"
ixelles,osm:node/13512754616,Nouvel'Hair,beauty-salon,shop=hairdresser,,,50.825366,4.3482909,,,,NO_WEBSITE,2026-08-19T11:30:10.603970+00:00,clean,,,"{""name"": ""Nouvel'Hair"", ""shop"": ""hairdresser""}"
ixelles,osm:node/13517921858,Mimi,restaurant,amenity=restaurant,,,50.8311347,4.3604268,,https://mimirestaurant.be,https://www.instagram.com/mimirestaurant106,WEBSITE_PRESENT,2026-08-19T11:30:10.603970+00:00,clean,,,"{""amenity"": ""restaurant"", ""contact:instagram"": ""https://www.instagram.com/mimirestaurant106"", ""contact:website"": ""https://mimirestaurant.be"", ""name"": ""Mimi""}"
ixelles,osm:node/13525137887,MOme,restaurant,amenity=restaurant,,,50.8287428,4.3582662,,,momebrussels,SOCIAL_ONLY,2026-08-19T11:30:10.603970+00:00,clean,,,"{""amenity"": ""restaurant"", ""contact:instagram"": ""momebrussels"", ""name"": ""MOme""}"
ixelles,osm:node/13527423829,Dessange,beauty-salon,shop=hairdresser,,,50.8279223,4.3637333,+32 2 640 50 88,https://salon.dessange.com/fr/salon-coiffure/bruxelles-avenue-louise,,WEBSITE_PRESENT,2026-08-19T11:30:10.603970+00:00,clean,,,"{""brand"": ""Dessange"", ""contact:phone"": ""+32 2 640 50 88"", ""contact:website"": ""https://salon.dessange.com/fr/salon-coiffure/bruxelles-avenue-louise"", ""name"": ""Dessange"", ""shop"": ""hairdresser""}"
ixelles,osm:node/13534588885,Zadig & Voltaire,clothing-store,shop=clothes,,,50.8330786,4.3584173,+32 2 503 58 76,https://storelocator.zadig-et-voltaire.com/eu/belgium/bruxelles/zadigvoltaire-bruxelles-255,,WEBSITE_PRESENT,2026-08-19T11:30:10.603970+00:00,existing_duplicate,"source id, name/address, phone, or website matched existing listing",,"{""brand"": ""Zadig & Voltaire"", ""contact:phone"": ""+32 2 503 58 76"", ""contact:website"": ""https://storelocator.zadig-et-voltaire.com/eu/belgium/bruxelles/zadigvoltaire-bruxelles-255"", ""name"": ""Zadig & Voltaire"", ""shop"": ""clothes""}"
ixelles,osm:node/13534632326,Bellerose,clothing-store,shop=clothes,,,50.8328012,4.3586955,+32 2 539 44 76,https://bellerose.com/pages/stores/bruxelles-louise,,WEBSITE_PRESENT,2026-08-19T11:30:10.603970+00:00,clean,,,"{""contact:phone"": ""+32 2 539 44 76"", ""contact:website"": ""https://bellerose.com/pages/stores/bruxelles-louise"", ""name"": ""Bellerose"", ""shop"": ""clothes""}"
ixelles,osm:node/13534632327,Sandro,clothing-store,shop=clothes,,,50.8329385,4.3585541,+32 2 513 10 44,https://eu.sandro-paris.com/en/boutique/bruxelles-louise-mixte,,WEBSITE_PRESENT,2026-08-19T11:30:10.603970+00:00,existing_duplicate,"source id, name/address, phone, or website matched existing listing",,"{""contact:phone"": ""+32 2 513 10 44"", ""contact:website"": ""https://eu.sandro-paris.com/en/boutique/bruxelles-louise-mixte"", ""name"": ""Sandro"", ""shop"": ""clothes""}"
ixelles,osm:node/13534632328,Claudie Pierlot,clothing-store,shop=clothes,,,50.8328825,4.3586059,+32 2 513 17 23,https://be.claudiepierlot.com/on/demandware.store/Sites-Claudie-BE-Site/en_BE/Stores-Show?storeID=1553,,WEBSITE_PRESENT,2026-08-19T11:30:10.603970+00:00,clean,,,"{""brand"": ""Claudie Pierlot"", ""contact:phone"": ""+32 2 513 17 23"", ""contact:website"": ""https://be.claudiepierlot.com/on/demandware.store/Sites-Claudie-BE-Site/en_BE/Stores-Show?storeID=1553"", ""name"": ""Claudie Pierlot"", ""shop"": ""clothes""}"
ixelles,osm:node/13534677770,Balibaris,clothing-store,shop=clothes,,,50.8326835,4.3588086,+32 2 217 59 46,https://www.balibaris.com/pages/store/balibaris-bruxelles,,WEBSITE_PRESENT,2026-08-19T11:30:10.603970+00:00,clean,,,"{""contact:phone"": ""+32 2 217 59 46"", ""contact:website"": ""https://www.balibaris.com/pages/store/balibaris-bruxelles"", ""name"": ""Balibaris"", ""shop"": ""clothes""}"
ixelles,osm:node/13534677771,Bonpoint,clothing-store,shop=clothes,,,50.8326294,4.3588597,+32 2 502 44 80,https://www.bonpoint.com/,,WEBSITE_PRESENT,2026-08-19T11:30:10.603970+00:00,clean,,,"{""contact:phone"": ""+32 2 502 44 80"", ""contact:website"": ""https://www.bonpoint.com/"", ""name"": ""Bonpoint"", ""shop"": ""clothes""}"
ixelles,osm:node/13534677772,Fusalp,clothing-store,shop=clothes,,,50.8325342,4.3589654,+32 2 882 37 77,https://be.fusalp.com/be/blogs/stores/fusalp-bruxelles,,WEBSITE_PRESENT,2026-08-19T11:30:10.603970+00:00,existing_duplicate,"source id, name/address, phone, or website matched existing listing",,"{""brand"": ""Fusalp"", ""contact:phone"": ""+32 2 882 37 77"", ""contact:website"": ""https://be.fusalp.com/be/blogs/stores/fusalp-bruxelles"", ""name"": ""Fusalp"", ""shop"": ""clothes""}"
ixelles,osm:node/13534677773,Kujten,clothing-store,shop=clothes,,,50.832485,4.3590152,+32 2 503 16 37,https://www.kujten.com/pages/boutiques/boutique-bruxelles,,WEBSITE_PRESENT,2026-08-19T11:30:10.603970+00:00,existing_duplicate,"source id, name/address, phone, or website matched existing listing",,"{""brand"": ""Kujten"", ""contact:phone"": ""+32 2 503 16 37"", ""contact:website"": ""https://www.kujten.com/pages/boutiques/boutique-bruxelles"", ""name"": ""Kujten"", ""shop"": ""clothes""}"
ixelles,osm:node/13534677774,Soeur,clothing-store,shop=clothes,,,50.8323226,4.3591773,+32 2 512 45 15,https://be.soeur.fr/pages/boutique-soeur-bruxelles,,WEBSITE_PRESENT,2026-08-19T11:30:10.603970+00:00,existing_duplicate,"source id, name/address, phone, or website matched existing listing",,"{""brand"": ""Soeur"", ""contact:phone"": ""+32 2 512 45 15"", ""contact:website"": ""https://be.soeur.fr/pages/boutique-soeur-bruxelles"", ""name"": ""Soeur"", ""shop"": ""clothes""}"
ixelles,osm:node/13534677775,IRO,clothing-store,shop=clothes,,,50.8324278,4.3590686,+32 2 502 61 21,https://www.iroparis.com/,,WEBSITE_PRESENT,2026-08-19T11:30:10.603970+00:00,clean,,,"{""contact:phone"": ""+32 2 502 61 21"", ""contact:website"": ""https://www.iroparis.com/"", ""name"": ""IRO"", ""shop"": ""clothes""}"
ixelles,osm:node/13534677776,Ba&sh,clothing-store,shop=clothes,,,50.8322722,4.3592329,+32 2 540 29 40,https://ba-sh.com/,,WEBSITE_PRESENT,2026-08-19T11:30:10.603970+00:00,existing_duplicate,"source id, name/address, phone, or website matched existing listing",,"{""brand"": ""Ba&sh"", ""contact:phone"": ""+32 2 540 29 40"", ""contact:website"": ""https://ba-sh.com/"", ""name"": ""Ba&sh"", ""shop"": ""clothes""}"
ixelles,osm:node/13534677778,Pinko,clothing-store,shop=clothes,,,50.8321455,4.3593584,+32 2 539 06 04,https://www.pinko.com/fr-be/a/storelocator/stores_belgium_bruxelles,,WEBSITE_PRESENT,2026-08-19T11:30:10.603970+00:00,clean,,,"{""brand"": ""Pinko"", ""contact:phone"": ""+32 2 539 06 04"", ""contact:website"": ""https://www.pinko.com/fr-be/a/storelocator/stores_belgium_bruxelles"", ""name"": ""Pinko"", ""shop"": ""clothes""}"
ixelles,osm:node/13541575971,Afro Delices - Chez Mamou Range 2,restaurant,amenity=restaurant,,,50.8364052,4.3640169,,,,NO_WEBSITE,2026-08-19T11:30:10.603970+00:00,clean,,,"{""amenity"": ""restaurant"", ""name"": ""Afro Delices - Chez Mamou Range 2""}"
ixelles,osm:node/13546495149,my addiction,beauty-salon,shop=beauty,,,50.827478,4.3656564,,,,NO_WEBSITE,2026-08-19T11:30:10.603970+00:00,clean,,,"{""name"": ""my addiction"", ""shop"": ""beauty""}"
ixelles,osm:node/13546531833,Gatsby,beauty-salon,shop=hairdresser,,,50.8277729,4.3678271,,,,NO_WEBSITE,2026-08-19T11:30:10.603970+00:00,clean,,,"{""name"": ""Gatsby"", ""shop"": ""hairdresser""}"
ixelles,osm:node/13546548498,Dany De Haes,beauty-salon,shop=hairdresser,,,50.8276417,4.3693592,,,,NO_WEBSITE,2026-08-19T11:30:10.603970+00:00,clean,,,"{""name"": ""Dany De Haes"", ""shop"": ""hairdresser""}"
ixelles,osm:node/13546549593,Virginia,cafe,amenity=cafe,,,50.8278356,4.3693639,,,,NO_WEBSITE,2026-08-19T11:30:10.603970+00:00,clean,,,"{""amenity"": ""cafe"", ""name"": ""Virginia""}"
ixelles,osm:node/13546567418,Blind,beauty-salon,shop=hairdresser,,,50.8275964,4.3682314,,,,NO_WEBSITE,2026-08-19T11:30:10.603970+00:00,clean,,,"{""name"": ""Blind"", ""shop"": ""hairdresser""}"
ixelles,osm:node/13546573316,Charcoal,restaurant,amenity=restaurant,,,50.8275802,4.3679421,,,,NO_WEBSITE,2026-08-19T11:30:10.603970+00:00,clean,,,"{""amenity"": ""restaurant"", ""name"": ""Charcoal""}"
ixelles,osm:node/13546573435,Brow & Glow,beauty-salon,shop=beauty,,,50.82755,4.3673888,,,,NO_WEBSITE,2026-08-19T11:30:10.603970+00:00,clean,,,"{""name"": ""Brow & Glow"", ""shop"": ""beauty""}"
ixelles,osm:node/13546578482,L'Amicale,restaurant,amenity=restaurant,,,50.8274732,4.3654817,,,,NO_WEBSITE,2026-08-19T11:30:10.603970+00:00,clean,,,"{""amenity"": ""restaurant"", ""name"": ""L'Amicale""}"
ixelles,osm:node/13546578996,Oda Sushi,restaurant,amenity=restaurant,,,50.8274729,4.3659446,,,,NO_WEBSITE,2026-08-19T11:30:10.603970+00:00,clean,,,"{""amenity"": ""restaurant"", ""name"": ""Oda Sushi""}"
ixelles,osm:node/13546587201,GAT,cafe,amenity=cafe,,,50.8277611,4.3673781,,,,NO_WEBSITE,2026-08-19T11:30:10.603970+00:00,clean,,,"{""amenity"": ""cafe"", ""name"": ""GAT""}"
ixelles,osm:node/13546588532,Skin by Zer,beauty-salon,shop=beauty,,,50.8274783,4.3652355,,,,NO_WEBSITE,2026-08-19T11:30:10.603970+00:00,clean,,,"{""name"": ""Skin by Zer"", ""shop"": ""beauty""}"
ixelles,osm:node/13546616220,Bon,fast-food,amenity=fast_food,,,50.8270398,4.3634188,,,,NO_WEBSITE,2026-08-19T11:30:10.603970+00:00,clean,,,"{""amenity"": ""fast_food"", ""name"": ""Bon""}"
ixelles,osm:node/13569829901,OdontoSmile,dentist,amenity=dentist,,,50.826545,4.3895646,+32 2 887 25 48,https://ondotosmile.be/,,WEBSITE_PRESENT,2026-08-19T11:30:10.603970+00:00,clean,,,"{""amenity"": ""dentist"", ""contact:phone"": ""+32 2 887 25 48"", ""contact:website"": ""https://ondotosmile.be/"", ""healthcare"": ""dentist"", ""name"": ""OdontoSmile""}"
ixelles,osm:node/13584504297,Faubourg 21,hotel,tourism=hotel,,,50.839418,4.364516,,https://faubourg21.com/,,WEBSITE_PRESENT,2026-08-19T11:30:10.603970+00:00,clean,,,"{""contact:website"": ""https://faubourg21.com/"", ""name"": ""Faubourg 21"", ""tourism"": ""hotel""}"
ixelles,osm:node/13591622697,Laurent Bouchat,bookstore,shop=books,,,50.8245059,4.3581907,,,https://www.instagram.com/laurentbouchat/,SOCIAL_ONLY,2026-08-19T11:30:10.603970+00:00,clean,,,"{""contact:instagram"": ""https://www.instagram.com/laurentbouchat/"", ""name"": ""Laurent Bouchat"", ""shop"": ""books""}"
ixelles,osm:node/13598231780,La petite Suisse,restaurant,amenity=restaurant,,,50.8181586,4.3845425,+32472843931,https://restaurantlapetitesuisse.com/,,WEBSITE_PRESENT,2026-08-19T11:30:10.603970+00:00,clean,,,"{""amenity"": ""restaurant"", ""name"": ""La petite Suisse"", ""phone"": ""+32472843931"", ""website"": ""https://restaurantlapetitesuisse.com/""}"
ixelles,osm:node/13602298685,Breakpoint,fast-food,amenity=fast_food,,,50.8067231,4.3710372,+32 2 374 28 20,https://www.enjoybreakpoint.be/nl/stores/ukkel,,WEBSITE_PRESENT,2026-08-19T11:30:10.603970+00:00,clean,,,"{""amenity"": ""fast_food"", ""contact:phone"": ""+32 2 374 28 20"", ""contact:website"": ""https://www.enjoybreakpoint.be/nl/stores/ukkel"", ""name"": ""Breakpoint""}"
ixelles,osm:node/13626739575,French Touch,fast-food,amenity=fast_food,,,50.8389364,4.3635389,,,,NO_WEBSITE,2026-08-19T11:30:10.603970+00:00,clean,,,"{""amenity"": ""fast_food"", ""name"": ""French Touch""}"
ixelles,osm:node/13628736288,Brussels Dental,dentist,amenity=dentist,,,50.8371127,4.3724037,,https://www.brussels-dental-center.be/,,WEBSITE_PRESENT,2026-08-19T11:30:10.603970+00:00,clean,,,"{""amenity"": ""dentist"", ""contact:website"": ""https://www.brussels-dental-center.be/"", ""healthcare"": ""dentist"", ""name"": ""Brussels Dental""}"
ixelles,osm:node/13630018150,Livia Kova,beauty-salon,shop=beauty,,,50.8374704,4.3718349,,,,NO_WEBSITE,2026-08-19T11:30:10.603970+00:00,clean,,,"{""name"": ""Livia Kova"", ""shop"": ""beauty""}"
ixelles,osm:node/13630398032,Alladin,fast-food,amenity=fast_food,,,50.8330653,4.3740447,,,,NO_WEBSITE,2026-08-19T11:30:10.603970+00:00,clean,,,"{""amenity"": ""fast_food"", ""name"": ""Alladin""}"
ixelles,osm:node/13631348702,Radisson Red Brussels,hotel,tourism=hotel,,,50.8373504,4.3722399,+32 2 626 81 11,https://www.radissonred.com/brussels,,WEBSITE_PRESENT,2026-08-19T11:30:10.603970+00:00,clean,,,"{""contact:phone"": ""+32 2 626 81 11"", ""contact:website"": ""https://www.radissonred.com/brussels"", ""name"": ""Radisson Red Brussels"", ""operator"": ""Radisson"", ""tourism"": ""hotel""}"
ixelles,osm:node/13634146014,Ô zen,beauty-salon,shop=beauty,,,50.8320084,4.3434392,,,,NO_WEBSITE,2026-08-19T11:30:10.603970+00:00,clean,,,"{""name"": ""Ô zen"", ""shop"": ""beauty""}"
ixelles,osm:node/13634224587,Chien Andalou,cafe,amenity=cafe,,,50.8319577,4.3430677,,,,NO_WEBSITE,2026-08-19T11:30:10.603970+00:00,clean,,,"{""amenity"": ""cafe"", ""name"": ""Chien Andalou""}"
ixelles,osm:node/13634224588,Tamega,cafe,amenity=cafe,,,50.8320677,4.3430009,,,,NO_WEBSITE,2026-08-19T11:30:10.603970+00:00,clean,,,"{""amenity"": ""cafe"", ""name"": ""Tamega""}"
ixelles,osm:node/13634285130,Georgie & Greg,beauty-salon,shop=hairdresser,,,50.8322809,4.343296,+32 2 537 08 24,https://www.georgiegreg.be/,,WEBSITE_PRESENT,2026-08-19T11:30:10.603970+00:00,clean,,,"{""contact:phone"": ""+32 2 537 08 24"", ""contact:website"": ""https://www.georgiegreg.be/"", ""name"": ""Georgie & Greg"", ""shop"": ""hairdresser""}"
ixelles,osm:node/13634297239,Hall Café,cafe,amenity=cafe,,,50.8326608,4.3431744,,,,NO_WEBSITE,2026-08-19T11:30:10.603970+00:00,clean,,,"{""amenity"": ""cafe"", ""name"": ""Hall Café""}"
ixelles,osm:node/13640936003,Snack Delice,fast-food,amenity=fast_food,,,50.8366803,4.3653762,,,,NO_WEBSITE,2026-08-19T11:30:10.603970+00:00,clean,,,"{""amenity"": ""fast_food"", ""name"": ""Snack Delice""}"
ixelles,osm:node/13653173807,Jeff’s Coffee,cafe,amenity=cafe,,,50.8375794,4.3959079,,,jeffscoffeee,SOCIAL_ONLY,2026-08-19T11:30:10.603970+00:00,clean,,,"{""amenity"": ""cafe"", ""contact:instagram"": ""jeffscoffeee"", ""name"": ""Jeff’s Coffee""}"
ixelles,osm:node/13662110657,Si Belle Photo Studio,creative-services,craft=photographer,,,50.833005,4.4058281,,https://www.sibellephoto.com/,sibellephotostudio,WEBSITE_PRESENT,2026-08-19T11:30:10.603970+00:00,clean,,,"{""contact:facebook"": ""sibellephotostudio"", ""contact:instagram"": ""sibellephotostudio"", ""contact:website"": ""https://www.sibellephoto.com/"", ""craft"": ""photographer"", ""name"": ""Si Belle Photo Studio""}"
ixelles,osm:node/13665491601,"La Bottega della Pizza ""Saint Gilles""",restaurant,amenity=restaurant,,,50.823539,4.351483,,,,NO_WEBSITE,2026-08-19T11:30:10.603970+00:00,clean,,,"{""amenity"": ""restaurant"", ""name"": ""La Bottega della Pizza \""Saint Gilles\""""}"
ixelles,osm:node/13668406264,Elia,cafe,amenity=cafe,,,50.8323105,4.3422386,,,,NO_WEBSITE,2026-08-19T11:30:10.603970+00:00,clean,,,"{""amenity"": ""cafe"", ""name"": ""Elia""}"
ixelles,osm:node/13668488624,Halleport,cafe,amenity=cafe,,,50.8324381,4.3450642,,,,NO_WEBSITE,2026-08-19T11:30:10.603970+00:00,clean,,,"{""amenity"": ""cafe"", ""name"": ""Halleport""}"
ixelles,osm:node/13668505421,Canelas,cafe,amenity=cafe,,,50.8325237,4.3426173,,,,NO_WEBSITE,2026-08-19T11:30:10.603970+00:00,clean,,,"{""amenity"": ""cafe"", ""name"": ""Canelas""}"
ixelles,osm:node/13684580901,Malicia Training Center,gym,leisure=fitness_centre,,,50.8238989,4.3762736,,,,NO_WEBSITE,2026-08-19T11:30:10.603970+00:00,clean,,,"{""leisure"": ""fitness_centre"", ""name"": ""Malicia Training Center""}"
ixelles,osm:node/13708893358,Beau Site Hotel,hotel,tourism=hotel,,,50.8300313,4.3639125,+32 2 640 88 89,http://www.beausitebrussels.com/,,WEBSITE_PRESENT,2026-08-19T11:30:10.603970+00:00,clean,,,"{""contact:phone"": ""+32 2 640 88 89"", ""contact:website"": ""http://www.beausitebrussels.com/"", ""name"": ""Beau Site Hotel"", ""operator"": ""Hotusa"", ""tourism"": ""hotel""}"
ixelles,osm:node/13718447701,Chouquette,restaurant,amenity=restaurant,,,50.8381524,4.3476406,,https://www.privateaser.com/lieu/56020-chouquette,chez.chouquette,WEBSITE_PRESENT,2026-08-19T11:30:10.603970+00:00,clean,,,"{""amenity"": ""restaurant"", ""contact:instagram"": ""chez.chouquette"", ""contact:website"": ""https://www.privateaser.com/lieu/56020-chouquette"", ""name"": ""Chouquette""}"
ixelles,osm:node/13722630502,Gym Muay Thaï – André Rigiani,gym,leisure=fitness_centre,,,50.8360069,4.3909685,+32 2 736 48 16,,,NO_WEBSITE,2026-08-19T11:30:10.603970+00:00,clean,,,"{""contact:phone"": ""+32 2 736 48 16"", ""leisure"": ""fitness_centre"", ""name"": ""Gym Muay Thaï – André Rigiani""}"
ixelles,osm:node/13722671901,Vela Studio,gym,leisure=fitness_centre,,,50.8255328,4.3581907,,https://www.velastudio.be/,,WEBSITE_PRESENT,2026-08-19T11:30:10.603970+00:00,clean,,,"{""contact:website"": ""https://www.velastudio.be/"", ""leisure"": ""fitness_centre"", ""name"": ""Vela Studio""}"
ixelles,osm:node/13725079586,Bon matin,cafe,amenity=cafe,,,50.8314806,4.3800295,,,lecampdebase.bxl,SOCIAL_ONLY,2026-08-19T11:30:10.603970+00:00,clean,,,"{""amenity"": ""cafe"", ""contact:instagram"": ""lecampdebase.bxl"", ""name"": ""Bon matin""}"
ixelles,osm:node/13745888881,Simont – Braun,legal-services,office=lawyer,,,50.8252161,4.3666999,,https://simontbraun.eu/,simontbraun,WEBSITE_PRESENT,2026-08-19T11:30:10.603970+00:00,clean,,,"{""contact:instagram"": ""simontbraun"", ""contact:website"": ""https://simontbraun.eu/"", ""name"": ""Simont – Braun"", ""office"": ""lawyer""}"
ixelles,osm:node/13764739701,KOMO Bowl,restaurant,amenity=restaurant,,,50.8280992,4.3601791,,https://www.komobowl.be/,,WEBSITE_PRESENT,2026-08-19T11:30:10.603970+00:00,clean,,,"{""amenity"": ""restaurant"", ""name"": ""KOMO Bowl"", ""website"": ""https://www.komobowl.be/""}"
ixelles,osm:node/13773698502,Bikette,restaurant,amenity=restaurant,,,50.826496,4.3620875,,https://www.bikette.be/,,WEBSITE_PRESENT,2026-08-19T11:30:10.603970+00:00,clean,,,"{""amenity"": ""restaurant"", ""contact:website"": ""https://www.bikette.be/"", ""name"": ""Bikette""}"
ixelles,osm:node/13777054517,Pascal Lamon,legal-services,office=lawyer,,,50.8312832,4.3885951,,,,NO_WEBSITE,2026-08-19T11:30:10.603970+00:00,clean,,,"{""name"": ""Pascal Lamon"", ""office"": ""lawyer""}"
ixelles,osm:node/13789912679,Silk,cafe,amenity=cafe,,,50.8251299,4.3542935,,https://silkbar.be,,WEBSITE_PRESENT,2026-08-19T11:30:10.603970+00:00,clean,,,"{""amenity"": ""cafe"", ""contact:website"": ""https://silkbar.be"", ""name"": ""Silk""}"
ixelles,osm:node/13798526635,Ouss Barber,beauty-salon,shop=hairdresser,,,50.8230582,4.3426838,,,,NO_WEBSITE,2026-08-19T11:30:10.603970+00:00,clean,,,"{""name"": ""Ouss Barber"", ""shop"": ""hairdresser""}"
ixelles,osm:node/13803235620,Miltsu Kitsu,restaurant,amenity=restaurant,,,50.833444,4.3657085,,,,NO_WEBSITE,2026-08-19T11:30:10.603970+00:00,clean,,,"{""amenity"": ""restaurant"", ""name"": ""Miltsu Kitsu""}"
ixelles,osm:node/13803235621,Braziliss,beauty-salon,shop=hairdresser,,,50.8334053,4.365651,,,,NO_WEBSITE,2026-08-19T11:30:10.603970+00:00,clean,,,"{""name"": ""Braziliss"", ""shop"": ""hairdresser""}"
ixelles,osm:node/13819098542,Royal Ispahan,restaurant,amenity=restaurant,,,50.8045764,4.3663341,,https://royalispahan.com,,WEBSITE_PRESENT,2026-08-19T11:30:10.603970+00:00,clean,,,"{""amenity"": ""restaurant"", ""contact:website"": ""https://royalispahan.com"", ""name"": ""Royal Ispahan""}"
ixelles,osm:node/13819639465,Studio Kanaftchian,creative-services,craft=photographer,,,50.8146249,4.3649485,,https://www.kanaftchian.com/,https://www.facebook.com/kanaftchianphotographe,WEBSITE_PRESENT,2026-08-19T11:30:10.603970+00:00,clean,,,"{""amenity"": ""studio"", ""contact:facebook"": ""https://www.facebook.com/kanaftchianphotographe"", ""contact:instagram"": ""hani.kanaftchian"", ""contact:website"": ""https://www.kanaftchian.com/"", ""craft"": ""photographer"", ""name"": ""Studio Kanaftchian"", ""operator"": ""Hani Kanaftchian""}"
ixelles,osm:node/13832990898,La Mine de Papier Images,bookstore,shop=books,,,50.823838,4.3516841,,,,NO_WEBSITE,2026-08-19T11:30:10.603970+00:00,clean,,,"{""name"": ""La Mine de Papier Images"", ""shop"": ""books""}"
ixelles,osm:node/13872300701,Molto,restaurant,amenity=restaurant,,,50.815988,4.3990903,,,,NO_WEBSITE,2026-08-19T11:30:10.603970+00:00,clean,,,"{""amenity"": ""restaurant"", ""name"": ""Molto""}"
ixelles,osm:node/13885869993,Corpus,bookstore,shop=books,,,50.8217997,4.342758,+32 2 344 09 68,https://corpusbookshop.com/,corpus.bookshop,WEBSITE_PRESENT,2026-08-19T11:30:10.603970+00:00,clean,,,"{""contact:instagram"": ""corpus.bookshop"", ""contact:phone"": ""+32 2 344 09 68"", ""contact:website"": ""https://corpusbookshop.com/"", ""name"": ""Corpus"", ""shop"": ""books""}"
ixelles,osm:node/13891717638,Red Sugar,beauty-salon,shop=beauty,,,50.8280718,4.3552281,,,,NO_WEBSITE,2026-08-19T11:30:10.603970+00:00,clean,,,"{""name"": ""Red Sugar"", ""shop"": ""beauty""}"
ixelles,osm:node/13891737175,GAP Group,creative-services,office=architect,,,50.8274044,4.3550179,,,,NO_WEBSITE,2026-08-19T11:30:10.603970+00:00,clean,,,"{""name"": ""GAP Group"", ""office"": ""architect""}"
ixelles,osm:node/13891738164,Niloufar Javaherian,dentist,amenity=dentist,,,50.8282827,4.3552975,+32 2 537 02 05,,,NO_WEBSITE,2026-08-19T11:30:10.603970+00:00,clean,,,"{""amenity"": ""dentist"", ""contact:phone"": ""+32 2 537 02 05"", ""healthcare"": ""dentist"", ""name"": ""Niloufar Javaherian""}"
ixelles,osm:node/13891760468,Centre vétérinaire Stéphanie,veterinary,amenity=veterinary,,,50.8279942,4.3551967,+32 2 887 60 60,,,NO_WEBSITE,2026-08-19T11:30:10.603970+00:00,clean,,,"{""amenity"": ""veterinary"", ""contact:phone"": ""+32 2 887 60 60"", ""name"": ""Centre vétérinaire Stéphanie""}"
ixelles,osm:node/13891766335,Jill Santos,beauty-salon,shop=hairdresser,,,50.828124,4.3552435,,,,NO_WEBSITE,2026-08-19T11:30:10.603970+00:00,clean,,,"{""name"": ""Jill Santos"", ""shop"": ""hairdresser""}"
ixelles,osm:node/13891766336,Stéphanie B,beauty-salon,shop=beauty,,,50.8281606,4.3552518,,,,NO_WEBSITE,2026-08-19T11:30:10.603970+00:00,clean,,,"{""name"": ""Stéphanie B"", ""shop"": ""beauty""}"
ixelles,osm:node/13891772971,Dolce Amaro,restaurant,amenity=restaurant,,,50.8292058,4.3555984,,https://www.dolceamaro.be/,,WEBSITE_PRESENT,2026-08-19T11:30:10.603970+00:00,clean,,,"{""amenity"": ""restaurant"", ""contact:website"": ""https://www.dolceamaro.be/"", ""name"": ""Dolce Amaro""}"
ixelles,osm:node/13892175166,Ballaro Ristorante Pizzeria,restaurant,amenity=restaurant,,,50.8086182,4.4037921,+32 2 681 22 43,https://www.pizzeriaballaro.be/,https://www.instagram.com/ballaropizzeria/,WEBSITE_PRESENT,2026-08-19T11:30:10.603970+00:00,clean,,,"{""amenity"": ""restaurant"", ""contact:instagram"": ""https://www.instagram.com/ballaropizzeria/"", ""contact:phone"": ""+32 2 681 22 43"", ""contact:website"": ""https://www.pizzeriaballaro.be/"", ""name"": ""Ballaro Ristorante Pizzeria""}"
ixelles,osm:node/13892274600,Ludovine Moon Vegan Hairstylist,beauty-salon,shop=hairdresser,,,50.8301279,4.3695724,,,https://www.facebook.com/LudivineMoonVeganHairstylist/,SOCIAL_ONLY,2026-08-19T11:30:10.603970+00:00,clean,,,"{""contact:facebook"": ""https://www.facebook.com/LudivineMoonVeganHairstylist/"", ""name"": ""Ludovine Moon Vegan Hairstylist"", ""shop"": ""hairdresser""}"
ixelles,osm:node/13895538700,Texaco,,shop=car_repair,,,50.8266096,4.4036842,,,,NO_WEBSITE,2026-08-19T11:30:10.603970+00:00,clean,,no confident canonical category mapping,"{""name"": ""Texaco"", ""shop"": ""car_repair""}"
ixelles,osm:node/13904137980,Vitum,restaurant,amenity=restaurant,,,50.8059502,4.3577313,+32 2 537 53 00,https://www.vitium.be/,,WEBSITE_PRESENT,2026-08-19T11:30:10.603970+00:00,clean,,,"{""amenity"": ""restaurant"", ""contact:phone"": ""+32 2 537 53 00"", ""contact:website"": ""https://www.vitium.be/"", ""name"": ""Vitum""}"
ixelles,osm:node/13914265550,Café Phénix,cafe,amenity=cafe,,,50.8339362,4.3681293,,,,NO_WEBSITE,2026-08-19T11:30:10.603970+00:00,clean,,,"{""amenity"": ""cafe"", ""name"": ""Café Phénix""}"
ixelles,osm:node/13914326621,Amore,restaurant,amenity=restaurant,,,50.8341598,4.3677492,,,,NO_WEBSITE,2026-08-19T11:30:10.603970+00:00,clean,,,"{""amenity"": ""restaurant"", ""name"": ""Amore""}"
ixelles,osm:node/13914423010,Zamunda,restaurant,amenity=restaurant,,,50.8340709,4.367905,,,,NO_WEBSITE,2026-08-19T11:30:10.603970+00:00,clean,,,"{""amenity"": ""restaurant"", ""name"": ""Zamunda""}"
ixelles,osm:node/13915236885,Maxance Coiffure,beauty-salon,shop=hairdresser,,,50.8268232,4.4058172,+32 2 733 13 95,https://www.maxancecoiffure.be/,,WEBSITE_PRESENT,2026-08-19T11:30:10.603970+00:00,clean,,,"{""contact:phone"": ""+32 2 733 13 95"", ""contact:website"": ""https://www.maxancecoiffure.be/"", ""name"": ""Maxance Coiffure"", ""shop"": ""hairdresser""}"
ixelles,osm:node/13926334389,Zigzag reading room,bookstore,shop=books,,,50.8397958,4.3496548,,,,NO_WEBSITE,2026-08-19T11:30:10.603970+00:00,clean,,,"{""name"": ""Zigzag reading room"", ""shop"": ""books""}"
ixelles,osm:node/13928678872,New Riviera Ya Lola,restaurant,amenity=restaurant,,,50.8374597,4.3641801,,,,NO_WEBSITE,2026-08-19T11:30:10.603970+00:00,clean,,,"{""amenity"": ""restaurant"", ""name"": ""New Riviera Ya Lola""}"
ixelles,osm:node/13928698743,Sama Beauty,beauty-salon,shop=beauty,,,50.8373969,4.3641381,,,,NO_WEBSITE,2026-08-19T11:30:10.603970+00:00,clean,,,"{""name"": ""Sama Beauty"", ""shop"": ""beauty""}"
ixelles,osm:node/13928726833,Jardin de Beauté Chez Fatim Mike,beauty-salon,shop=hairdresser,,,50.8372884,4.364102,,,,NO_WEBSITE,2026-08-19T11:30:10.603970+00:00,clean,,,"{""name"": ""Jardin de Beauté Chez Fatim Mike"", ""shop"": ""hairdresser""}"
ixelles,osm:node/13928730676,Chez Kirikou,restaurant,amenity=restaurant,,,50.8366632,4.365388,,,,NO_WEBSITE,2026-08-19T11:30:10.603970+00:00,clean,,,"{""amenity"": ""restaurant"", ""name"": ""Chez Kirikou""}"
ixelles,osm:node/13966976645,Joy Coffee,cafe,amenity=cafe,,,50.824116,4.3494591,,,,NO_WEBSITE,2026-08-19T11:30:10.603970+00:00,clean,,,"{""amenity"": ""cafe"", ""name"": ""Joy Coffee""}"
ixelles,osm:node/13971861798,Lloyd Coffee Eatery,cafe,amenity=cafe,,,50.8161535,4.3667283,+32 2 521 11 20,https://lloydcoffee.com/,,WEBSITE_PRESENT,2026-08-19T11:30:10.603970+00:00,clean,,,"{""amenity"": ""cafe"", ""contact:phone"": ""+32 2 521 11 20"", ""contact:website"": ""https://lloydcoffee.com/"", ""name"": ""Lloyd Coffee Eatery""}"
ixelles,osm:node/13975297300,Jaune,beauty-salon,shop=hairdresser,,,50.8327892,4.3690721,,,,NO_WEBSITE,2026-08-19T11:30:10.603970+00:00,clean,,,"{""name"": ""Jaune"", ""shop"": ""hairdresser""}"
ixelles,osm:node/13975306070,Jaune,beauty-salon,shop=hairdresser,,,50.8327893,4.3690722,,,,NO_WEBSITE,2026-08-19T11:30:10.603970+00:00,clean,,,"{""name"": ""Jaune"", ""shop"": ""hairdresser""}"
ixelles,osm:node/13981871813,Love Nails,beauty-salon,shop=beauty,,,50.837394,4.362373,,,,NO_WEBSITE,2026-08-19T11:30:10.603970+00:00,clean,,,"{""name"": ""Love Nails"", ""shop"": ""beauty""}"
ixelles,osm:node/13986455701,Planchette,bars-pubs,amenity=bar,,,50.8291562,4.3872088,,,,NO_WEBSITE,2026-08-19T11:30:10.603970+00:00,clean,,,"{""amenity"": ""bar"", ""name"": ""Planchette""}"
ixelles,osm:node/13986584820,Queen to be,clothing-store,shop=clothes,,,50.822554,4.3881419,+32 2 315 69 74,https://www.queentobe.be/,https://www.facebook.com/queentobe.be,WEBSITE_PRESENT,2026-08-19T11:30:10.603970+00:00,clean,,,"{""contact:facebook"": ""https://www.facebook.com/queentobe.be"", ""contact:phone"": ""+32 2 315 69 74"", ""contact:website"": ""https://www.queentobe.be/"", ""name"": ""Queen to be"", ""shop"": ""clothes""}"
ixelles,osm:node/13992714788,Toujours belle - Altijd mooi,clothing-store,shop=clothes,,,50.8162677,4.3995667,,,,NO_WEBSITE,2026-08-19T11:30:10.603970+00:00,clean,,,"{""name"": ""Toujours belle - Altijd mooi"", ""shop"": ""clothes""}"
ixelles,osm:node/13994425957,Cappuccino,pastry-shops,shop=bakery,,,50.8294325,4.3445942,,,,NO_WEBSITE,2026-08-19T11:30:10.603970+00:00,clean,,,"{""name"": ""Cappuccino"", ""shop"": ""bakery""}"
ixelles,osm:node/13999670280,Nude,beauty-salon,shop=beauty,,,50.8337879,4.365664,,,,NO_WEBSITE,2026-08-19T11:30:10.603970+00:00,clean,,,"{""name"": ""Nude"", ""shop"": ""beauty""}"
ixelles,osm:node/14024093937,Grabuge,restaurant,amenity=restaurant,,,50.8264292,4.3453974,,,https://www.instagram.com/grabuge.bx/,SOCIAL_ONLY,2026-08-19T11:30:10.603970+00:00,clean,,,"{""amenity"": ""restaurant"", ""contact:instagram"": ""https://www.instagram.com/grabuge.bx/"", ""name"": ""Grabuge""}"
ixelles,osm:node/14027101016,Rose Metal,clothing-store,shop=clothes,,,50.8164505,4.3997526,,,,NO_WEBSITE,2026-08-19T11:30:10.603970+00:00,clean,,,"{""name"": ""Rose Metal"", ""shop"": ""clothes""}"
ixelles,osm:node/14027127844,Panos,fast-food,amenity=fast_food,,,50.8186024,4.4042315,,,,NO_WEBSITE,2026-08-19T11:30:10.603970+00:00,clean,,,"{""amenity"": ""fast_food"", ""brand"": ""Panos"", ""name"": ""Panos"", ""operator"": ""Panos""}"
ixelles,osm:node/14028674357,Miss Sophie,fast-food,amenity=fast_food,,,50.8160428,4.3715821,,,,NO_WEBSITE,2026-08-19T11:30:10.603970+00:00,clean,,,"{""amenity"": ""fast_food"", ""name"": ""Miss Sophie""}"
ixelles,osm:node/14039693701,Badi.,bars-pubs,amenity=bar,,,50.8302303,4.3487266,,,,NO_WEBSITE,2026-08-19T11:30:10.603970+00:00,clean,,,"{""amenity"": ""bar"", ""name"": ""Badi.""}"
ixelles,osm:node/14059874860,Dastaan Chatelain,restaurant,amenity=restaurant,,,50.8244391,4.3589987,,,https://www.facebook.com/profile.php?id=61557690506402,SOCIAL_ONLY,2026-08-19T11:30:10.603970+00:00,clean,,,"{""amenity"": ""restaurant"", ""contact:facebook"": ""https://www.facebook.com/profile.php?id=61557690506402"", ""name"": ""Dastaan Chatelain""}"
ixelles,osm:node/14085236402,Les Délices de Magali,fast-food,amenity=fast_food,,,50.8232149,4.4081909,+32 2 265 37 63,,,NO_WEBSITE,2026-08-19T11:30:10.603970+00:00,clean,,,"{""amenity"": ""fast_food"", ""contact:phone"": ""+32 2 265 37 63"", ""name"": ""Les Délices de Magali""}"
ixelles,osm:node/14101700202,KinéFlagey,physiotherapy,healthcare=physiotherapist,,,50.8308039,4.3736824,,https://kineflagey.com/,,WEBSITE_PRESENT,2026-08-19T11:30:10.603970+00:00,clean,,,"{""contact:website"": ""https://kineflagey.com/"", ""healthcare"": ""physiotherapist"", ""name"": ""KinéFlagey""}"
ixelles,osm:node/14103057901,A57,bookstore,shop=books,,,50.8279404,4.3417244,,http://www.a57.be/,,WEBSITE_PRESENT,2026-08-19T11:30:10.603970+00:00,clean,,,"{""contact:website"": ""http://www.a57.be/"", ""name"": ""A57"", ""shop"": ""books""}"
ixelles,osm:way/31610798,Colruyt,supermarkets,shop=supermarket,,,50.8250591,4.3980153,+32 2 649 74 39,https://www.colruyt.be/fr/recherche-de-magasin/colruyt-auderghem,,WEBSITE_PRESENT,2026-08-19T11:30:10.603970+00:00,existing_duplicate,"source id, name/address, phone, or website matched existing listing",,"{""brand"": ""Colruyt"", ""contact:phone"": ""+32 2 649 74 39"", ""contact:website"": ""https://www.colruyt.be/fr/recherche-de-magasin/colruyt-auderghem"", ""name"": ""Colruyt"", ""operator"": ""Colruyt Group"", ""shop"": ""supermarket""}"
ixelles,osm:way/88289893,Maison Antoine,fast-food,amenity=fast_food,,,50.8368136,4.381477,+32 2 230 54 56,http://www.maisonantoine.be/,,WEBSITE_PRESENT,2026-08-19T11:30:10.603970+00:00,clean,,,"{""amenity"": ""fast_food"", ""contact:phone"": ""+32 2 230 54 56"", ""contact:website"": ""http://www.maisonantoine.be/"", ""name"": ""Maison Antoine""}"
ixelles,osm:way/110605914,Manos Stephanie,hotel,tourism=hotel,,,50.8315987,4.3567972,+32 2 539 02 50,https://www.manosstephanie.com/,,WEBSITE_PRESENT,2026-08-19T11:30:10.603970+00:00,clean,,,"{""contact:phone"": ""+32 2 539 02 50"", ""contact:website"": ""https://www.manosstephanie.com/"", ""name"": ""Manos Stephanie"", ""operator"": ""Manos"", ""tourism"": ""hotel""}"
ixelles,osm:way/110605995,Ibis Styles Brussels Centre Stéphanie,hotel,tourism=hotel,,,50.829857,4.3563678,+32 2 612 81 30,https://all.accor.com/hotel/9401/index.en.shtml,,WEBSITE_PRESENT,2026-08-19T11:30:10.603970+00:00,existing_duplicate,"source id, name/address, phone, or website matched existing listing",,"{""brand"": ""Ibis Styles"", ""contact:phone"": ""+32 2 612 81 30"", ""contact:website"": ""https://all.accor.com/hotel/9401/index.en.shtml"", ""name"": ""Ibis Styles Brussels Centre Stéphanie"", ""operator"": ""Accor"", ""tourism"": ""hotel""}"
ixelles,osm:way/110704421,Thon Hotel Bristol Stephanie,hotel,tourism=hotel,,,50.8312605,4.3585642,+32 2 543 33 11,https://www.thonhotels.com/bristolstephanie,,WEBSITE_PRESENT,2026-08-19T11:30:10.603970+00:00,clean,,,"{""contact:phone"": ""+32 2 543 33 11"", ""contact:website"": ""https://www.thonhotels.com/bristolstephanie"", ""name"": ""Thon Hotel Bristol Stephanie"", ""operator"": ""Thon Hotels"", ""tourism"": ""hotel""}"
ixelles,osm:way/110704505,Izan Avenue Louise,hotel,tourism=hotel,Rue Blanche - Blanchestraat 4,,50.8303901,4.3592598,+32 2 535 95 00,https://www.izanhoteles.es/,,WEBSITE_PRESENT,2026-08-19T11:30:10.603970+00:00,clean,,,"{""addr:housenumber"": ""4"", ""addr:street"": ""Rue Blanche - Blanchestraat"", ""contact:phone"": ""+32 2 535 95 00"", ""name"": ""Izan Avenue Louise"", ""operator"": ""Izán"", ""tourism"": ""hotel"", ""website"": ""https://www.izanhoteles.es/""}"
ixelles,osm:way/130669715,Chalet Robinson,restaurant,amenity=restaurant,,,50.8044102,4.3807314,+32 2 372 92 92,https://www.chaletrobinson.be,,WEBSITE_PRESENT,2026-08-19T11:30:10.603970+00:00,clean,,,"{""amenity"": ""restaurant"", ""contact:phone"": ""+32 2 372 92 92"", ""contact:website"": ""https://www.chaletrobinson.be"", ""name"": ""Chalet Robinson""}"
ixelles,osm:way/134497214,Tavernier,bars-pubs,amenity=bar,,,50.8164957,4.3887268,+32 475 24 15 23,http://www.le-tavernier.be/,,WEBSITE_PRESENT,2026-08-19T11:30:10.603970+00:00,clean,,,"{""amenity"": ""bar"", ""contact:phone"": ""+32 475 24 15 23"", ""contact:website"": ""http://www.le-tavernier.be/"", ""name"": ""Tavernier""}"
ixelles,osm:way/137241383,B&B Hotel,hotel,tourism=hotel,,,50.828076,4.3648565,+32 2 645 61 11,https://www.hotel-bb.com/en/hotel/brussels-centre-louise,,WEBSITE_PRESENT,2026-08-19T11:30:10.603970+00:00,existing_duplicate,"source id, name/address, phone, or website matched existing listing",,"{""contact:phone"": ""+32 2 645 61 11"", ""contact:website"": ""https://www.hotel-bb.com/en/hotel/brussels-centre-louise"", ""name"": ""B&B Hotel"", ""tourism"": ""hotel""}"
ixelles,osm:way/138419357,Stanhope Hotel Brussels by Thon Hotels,hotel,tourism=hotel,,,50.8397427,4.3675366,+32 2 506 91 11,https://www.thonhotels.com/our-hotels/belgium/brussels/stanhope-hotel-brussels/,,WEBSITE_PRESENT,2026-08-19T11:30:10.603970+00:00,clean,,,"{""brand"": ""Thon Hotels"", ""contact:phone"": ""+32 2 506 91 11"", ""contact:website"": ""https://www.thonhotels.com/our-hotels/belgium/brussels/stanhope-hotel-brussels/"", ""name"": ""Stanhope Hotel Brussels by Thon Hotels"", ""operator"": ""Thon Hotels"", ""tourism"": ""hotel""}"
ixelles,osm:way/158830961,Zoom Hotel,hotel,tourism=hotel,Rue de la Concorde - Eendrachtsstraat 59,,50.832449,4.3597353,+32 2 515 00 60,https://zoomhotel.be,,WEBSITE_PRESENT,2026-08-19T11:30:10.603970+00:00,clean,,,"{""addr:housenumber"": ""59"", ""addr:street"": ""Rue de la Concorde - Eendrachtsstraat"", ""contact:phone"": ""+32 2 515 00 60"", ""contact:website"": ""https://zoomhotel.be"", ""name"": ""Zoom Hotel"", ""tourism"": ""hotel""}"
ixelles,osm:way/158916614,Hygge Hotel,hotel,tourism=hotel,,,50.8348881,4.3594093,+32 2 274 28 00,https://www.hyggehotel.be/,,WEBSITE_PRESENT,2026-08-19T11:30:10.603970+00:00,clean,,,"{""contact:phone"": ""+32 2 274 28 00"", ""contact:website"": ""https://www.hyggehotel.be/"", ""name"": ""Hygge Hotel"", ""operator"": ""Winvest"", ""tourism"": ""hotel""}"
ixelles,osm:way/227791608,Odette en Ville,hotel,tourism=hotel,Rue du Châtelain - Kasteleinsstraat 25,,50.8259663,4.3628235,+32 2 640 26 26,https://www.odetteenville.be/,,WEBSITE_PRESENT,2026-08-19T11:30:10.603970+00:00,clean,,,"{""addr:housenumber"": ""25"", ""addr:street"": ""Rue du Châtelain - Kasteleinsstraat"", ""contact:phone"": ""+32 2 640 26 26"", ""contact:website"": ""https://www.odetteenville.be/"", ""name"": ""Odette en Ville"", ""tourism"": ""hotel""}"
ixelles,osm:way/238324000,Le Châtelain Boutique Hotel,hotel,tourism=hotel,,,50.82629,4.3635402,+32 2 646 00 55,https://www.le-chatelain.com,,WEBSITE_PRESENT,2026-08-19T11:30:10.603970+00:00,clean,,,"{""contact:phone"": ""+32 2 646 00 55"", ""contact:website"": ""https://www.le-chatelain.com"", ""name"": ""Le Châtelain Boutique Hotel"", ""tourism"": ""hotel""}"
ixelles,osm:way/267219368,Intermarché,supermarkets,shop=supermarket,,,50.8315389,4.3418775,,https://www.intermarche.be/magasins/intermarche-saint-gilles/,,WEBSITE_PRESENT,2026-08-19T11:30:10.603970+00:00,existing_duplicate,"source id, name/address, phone, or website matched existing listing",,"{""brand"": ""Intermarché"", ""contact:website"": ""https://www.intermarche.be/magasins/intermarche-saint-gilles/"", ""name"": ""Intermarché"", ""shop"": ""supermarket""}"
ixelles,osm:way/336944230,NH Stephanie,hotel,tourism=hotel,,,50.8335682,4.3546129,+32 2 537 42 50,https://www.nh-hotels.com/hotel/nh-brussels-stephanie,,WEBSITE_PRESENT,2026-08-19T11:30:10.603970+00:00,existing_duplicate,"source id, name/address, phone, or website matched existing listing",,"{""contact:phone"": ""+32 2 537 42 50"", ""contact:website"": ""https://www.nh-hotels.com/hotel/nh-brussels-stephanie"", ""name"": ""NH Stephanie"", ""operator"": ""NH"", ""tourism"": ""hotel""}"
ixelles,osm:way/543184939,Frit' Flagey,fast-food,amenity=fast_food,,,50.8283463,4.3724191,,,,NO_WEBSITE,2026-08-19T11:30:10.603970+00:00,clean,,,"{""amenity"": ""fast_food"", ""name"": ""Frit' Flagey""}"
ixelles,osm:way/663209870,Brasserie Signature,restaurant,amenity=restaurant,,,50.8370632,4.3808833,,,,NO_WEBSITE,2026-08-19T11:30:10.603970+00:00,clean,,,"{""amenity"": ""restaurant"", ""name"": ""Brasserie Signature""}"
ixelles,osm:way/663802024,Antas,restaurant,amenity=restaurant,,,50.8365529,4.3821229,,,,NO_WEBSITE,2026-08-19T11:30:10.603970+00:00,clean,,,"{""amenity"": ""restaurant"", ""name"": ""Antas""}"
ixelles,osm:way/671224635,Pharmacie du Triomphe,pharmacy,amenity=pharmacy,,,50.8163067,4.3990909,,,,NO_WEBSITE,2026-08-19T11:30:10.603970+00:00,clean,,,"{""amenity"": ""pharmacy"", ""healthcare"": ""pharmacy"", ""name"": ""Pharmacie du Triomphe""}"
ixelles,osm:way/972353997,Colruyt,supermarkets,shop=supermarket,,,50.8340395,4.3800416,+32 2 647 25 82,https://www.colruyt.be/fr/recherche-de-magasin/colruyt-etterbeek,,WEBSITE_PRESENT,2026-08-19T11:30:10.603970+00:00,existing_duplicate,"source id, name/address, phone, or website matched existing listing",,"{""brand"": ""Colruyt"", ""contact:phone"": ""+32 2 647 25 82"", ""contact:website"": ""https://www.colruyt.be/fr/recherche-de-magasin/colruyt-etterbeek"", ""name"": ""Colruyt"", ""shop"": ""supermarket""}"
ixelles,osm:way/991981609,The Hotel Brussels,hotel,tourism=hotel,,,50.8373941,4.3572962,+32 2 504 11 11,https://www.thehotel-brussels.be/,,WEBSITE_PRESENT,2026-08-19T11:30:10.603970+00:00,clean,,,"{""contact:phone"": ""+32 2 504 11 11"", ""contact:website"": ""https://www.thehotel-brussels.be/"", ""name"": ""The Hotel Brussels"", ""operator"": ""Pandox AB"", ""tourism"": ""hotel""}"
ixelles,osm:way/1046453508,Standard,restaurant,amenity=restaurant,,,50.83117,4.3463089,+32 2 218 33 30,https://standardpizza.be/standard-saint-gilles-fr.html,,WEBSITE_PRESENT,2026-08-19T11:30:10.603970+00:00,existing_duplicate,"source id, name/address, phone, or website matched existing listing",,"{""amenity"": ""restaurant"", ""contact:phone"": ""+32 2 218 33 30"", ""contact:website"": ""https://standardpizza.be/standard-saint-gilles-fr.html"", ""name"": ""Standard""}"
ixelles,osm:way/1057618025,Caffe Al Dente,restaurant,amenity=restaurant,,,50.8028478,4.340572,+32 2 343 45 23,https://caffealdente.com/,,WEBSITE_PRESENT,2026-08-19T11:30:10.603970+00:00,clean,,,"{""amenity"": ""restaurant"", ""contact:phone"": ""+32 2 343 45 23"", ""contact:website"": ""https://caffealdente.com/"", ""name"": ""Caffe Al Dente""}"
ixelles,osm:way/1143932162,Steigenberger Icon Wiltcher’s,hotel,tourism=hotel,,,50.8322871,4.3576038,+32 2 542 42 42,https://www.steigenberger.com/en/hotels/all-hotels/belgium/brussels/steigenberger-wiltchers,,WEBSITE_PRESENT,2026-08-19T11:30:10.603970+00:00,clean,,,"{""brand"": ""Steigenberger"", ""contact:phone"": ""+32 2 542 42 42"", ""contact:website"": ""https://www.steigenberger.com/en/hotels/all-hotels/belgium/brussels/steigenberger-wiltchers"", ""name"": ""Steigenberger Icon Wiltcher’s"", ""operator"": ""Steigenberger"", ""tourism"": ""hotel""}"
ixelles,osm:way/1185551586,Joy,restaurant,amenity=restaurant,,,50.8213023,4.3417234,+32 2 216 19 52,https://thejoy.be/,joy.brussels,WEBSITE_PRESENT,2026-08-19T11:30:10.603970+00:00,clean,,,"{""amenity"": ""restaurant"", ""contact:instagram"": ""joy.brussels"", ""contact:phone"": ""+32 2 216 19 52"", ""contact:website"": ""https://thejoy.be/"", ""name"": ""Joy""}"
ixelles,osm:way/1199957989,Le Pain d'Antan,pastry-shops,shop=bakery,,,50.8172262,4.3663431,+32 2 882 05 11,https://lepaindantan.be/fr/nos-boutiques/bruxelles-ixelles-34,,WEBSITE_PRESENT,2026-08-19T11:30:10.603970+00:00,clean,,,"{""contact:phone"": ""+32 2 882 05 11"", ""contact:website"": ""https://lepaindantan.be/fr/nos-boutiques/bruxelles-ixelles-34"", ""name"": ""Le Pain d'Antan"", ""shop"": ""bakery""}"
